<?xml version="1.0" encoding="utf-8"?>
<COLLADA xmlns="http://www.collada.org/2005/11/COLLADASchema" version="1.4.1">
  <asset>
    <contributor>
      <author>Mixamo</author>
      <authoring_tool>COLLADA Mixamo exporter</authoring_tool>
      <comments/>
    </contributor>
    <created>2026-09-12T00:08:42Z</created>
    <modified>2026-09-12T00:08:42Z</modified>
    <revision/>
    <title/>
    <unit meter="0.010000"/>
    <up_axis>Y_UP</up_axis>
  </asset>
  <library_animations>
    <animation id="mixamorig_Hips-anim" name="mixamorig_Hips">
      <source id="mixamorig_Hips-Matrix-animation-input">
        <float_array id="mixamorig_Hips-Matrix-animation-input-array" count="46">

0.000000 0.033333 0.066667 0.100000 0.133333 0.166667 0.200000 0.233333 0.266667 0.300000 0.333333 0.366667 0.400000 0.433333 0.466667 0.500000
0.533333 0.566667 0.600000 0.633333 0.666667 0.700000 0.733333 0.766667 0.800000 0.833333 0.866667 0.900000 0.933333 0.966667 1.000000 1.033333
1.066667 1.100000 1.133333 1.166667 1.200000 1.233333 1.266667 1.300000 1.333333 1.366667 1.400000 1.433333 1.466667 1.500000</float_array>
        <technique_common>
          <accessor source="#mixamorig_Hips-Matrix-animation-input-array" count="46">
            <param name="TIME" type="float"/>
          </accessor>
        </technique_common>
      </source>
      <source id="mixamorig_Hips-Matrix-animation-output-transform">
        <float_array id="mixamorig_Hips-Matrix-animation-output-transform-array" count="736">

0.582575 -0.129404 -0.802409 -0.844606 -0.018119 0.984931 -0.171994 88.125671 0.812575 0.114738 0.571452 0.706215 0.000000 0.000000 0.000000 1.000000
0.572729 -0.153376 -0.805269 -0.488556 0.005427 0.983028 -0.183373 88.150078 0.819727 0.100652 0.563841 0.083933 0.000000 0.000000 0.000000 1.000000
0.563802 -0.177998 -0.806501 0.042946 0.029466 0.980213 -0.195738 88.128174 0.825384 0.086593 0.557891 0.129578 0.000000 0.000000 0.000000 1.000000
0.553528 -0.201891 -0.807990 0.693041 0.052931 0.976739 -0.207795 88.090782 0.831147 0.072253 0.551338 0.534981 0.000000 0.000000 0.000000 1.000000
0.539853 -0.224032 -0.811399 1.368206 0.075603 0.972941 -0.218333 88.056168 0.838357 0.056523 0.542183 1.276310 0.000000 0.000000 0.000000 1.000000
0.520215 -0.241437 -0.819197 1.953778 0.093544 0.969545 -0.226345 87.914124 0.848897 0.041117 0.526957 2.446635 0.000000 0.000000 0.000000 1.000000
0.489073 -0.250982 -0.835354 2.110357 0.103161 0.967630 -0.230327 87.516228 0.866121 0.026471 0.499133 4.503126 0.000000 0.000000 0.000000 1.000000
0.463367 -0.275058 -0.842398 1.964686 0.113975 0.961212 -0.251160 87.064743 0.878807 0.020367 0.476743 7.068896 0.000000 0.000000 0.000000 1.000000
0.443018 -0.297413 -0.845743 1.699355 0.111955 0.954338 -0.276957 86.431213 0.889495 0.028012 0.456085 9.764385 0.000000 0.000000 0.000000 1.000000
0.448718 -0.315915 -0.835972 1.759620 0.106980 0.947696 -0.300712 85.645020 0.887247 0.045502 0.459045 12.607259 0.000000 0.000000 0.000000 1.000000
0.486928 -0.324008 -0.811122 2.300499 0.098087 0.943061 -0.317829 84.886200 0.867917 0.075200 0.490984 15.691299 0.000000 0.000000 0.000000 1.000000
0.545012 -0.304546 -0.781162 3.020220 0.075390 0.945724 -0.316104 84.694351 0.835032 0.113388 0.538391 19.001205 0.000000 0.000000 0.000000 1.000000
0.625041 -0.259828 -0.736080 3.619643 0.038004 0.951987 -0.303771 84.768158 0.779667 0.161895 0.604905 22.790600 0.000000 0.000000 0.000000 1.000000
0.724860 -0.193203 -0.661249 4.084890 -0.010216 0.956747 -0.290741 84.902245 0.688820 0.217502 0.691534 27.122601 0.000000 0.000000 0.000000 1.000000
0.848465 -0.115077 -0.516590 4.517838 -0.037830 0.960392 -0.276073 84.063995 0.527898 0.253781 0.810505 32.013226 0.000000 0.000000 0.000000 1.000000
0.941646 -0.050014 -0.332867 5.081525 -0.041299 0.964262 -0.261713 82.336838 0.334061 0.260188 0.905928 36.369469 0.000000 0.000000 0.000000 1.000000
0.986590 -0.037655 -0.158814 5.491686 -0.003731 0.967567 -0.252587 80.200455 0.163174 0.249792 0.954452 39.327850 0.000000 0.000000 0.000000 1.000000
0.998956 -0.045645 0.001621 5.749339 0.044681 0.969247 -0.242000 78.162697 0.009475 0.241820 0.970275 41.764526 0.000000 0.000000 0.000000 1.000000
0.990627 -0.044593 0.129112 5.798759 0.076413 0.964390 -0.253204 76.787125 -0.113223 0.260697 0.958758 44.070938 0.000000 0.000000 0.000000 1.000000
0.974514 -0.027028 0.222694 5.720292 0.091265 0.954615 -0.283515 76.040680 -0.204924 0.296613 0.932752 46.196957 0.000000 0.000000 0.000000 1.000000
0.957649 -0.003057 0.287921 5.519550 0.100760 0.940278 -0.325154 75.659279 -0.269731 0.340395 0.900764 47.960724 0.000000 0.000000 0.000000 1.000000
0.945513 0.022802 0.324784 5.213869 0.106161 0.921435 -0.373748 75.567039 -0.307789 0.387863 0.868808 49.263348 0.000000 0.000000 0.000000 1.000000
0.938334 0.050566 0.342013 4.817624 0.107584 0.897426 -0.427845 75.662788 -0.328566 0.438257 0.836645 50.248783 0.000000 0.000000 0.000000 1.000000
0.932223 0.079127 0.353129 4.408619 0.108512 0.869783 -0.481355 75.786606 -0.345233 0.487049 0.802245 51.140106 0.000000 0.000000 0.000000 1.000000
0.927315 0.107317 0.358566 4.010162 0.108477 0.839831 -0.531898 75.917015 -0.358217 0.532134 0.767147 51.923309 0.000000 0.000000 0.000000 1.000000
0.925878 0.132247 0.353921 3.671505 0.103943 0.811437 -0.575123 76.063843 -0.363243 0.569282 0.737545 52.453484 0.000000 0.000000 0.000000 1.000000
0.936228 0.144164 0.320460 3.602091 0.080738 0.799316 -0.595462 76.309761 -0.341993 0.583362 0.736702 52.164852 0.000000 0.000000 0.000000 1.000000
0.948430 0.151757 0.278299 3.609042 0.051779 0.791991 -0.608333 76.584404 -0.312729 0.591372 0.743290 51.645786 0.000000 0.000000 0.000000 1.000000
0.961490 0.154447 0.227339 3.684954 0.018550 0.788815 -0.614351 76.876923 -0.274213 0.594910 0.755573 50.925377 0.000000 0.000000 0.000000 1.000000
0.977428 0.144871 0.153778 3.942492 -0.022872 0.796152 -0.604664 77.199631 -0.210029 0.587498 0.781495 49.704994 0.000000 0.000000 0.000000 1.000000
0.989573 0.126811 0.068299 4.252475 -0.062754 0.806404 -0.588026 77.448158 -0.129645 0.577608 0.805953 48.309761 0.000000 0.000000 0.000000 1.000000
0.994164 0.086755 -0.064126 4.682674 -0.107705 0.832273 -0.543802 77.497360 0.006193 0.547535 0.836760 46.183605 0.000000 0.000000 0.000000 1.000000
0.968773 0.064600 -0.239386 4.782681 -0.173272 0.866975 -0.467260 77.492867 0.177356 0.494147 0.851095 43.897030 0.000000 0.000000 0.000000 1.000000
0.908166 0.045133 -0.416170 4.849740 -0.217774 0.899986 -0.377624 77.789917 0.357504 0.433576 0.827165 41.335461 0.000000 0.000000 0.000000 1.000000
0.840515 0.019667 -0.541431 4.510406 -0.213141 0.930763 -0.297070 79.197258 0.498101 0.365093 0.786513 38.128368 0.000000 0.000000 0.000000 1.000000
0.787153 -0.017807 -0.616501 3.875513 -0.185893 0.946249 -0.264681 80.687943 0.588076 0.322948 0.741533 34.019058 0.000000 0.000000 0.000000 1.000000
0.753324 -0.056632 -0.655206 3.256144 -0.151585 0.954507 -0.256786 81.976517 0.639941 0.292762 0.710469 29.590246 0.000000 0.000000 0.000000 1.000000
0.721760 -0.093142 -0.685847 2.636243 -0.115834 0.960674 -0.252365 83.246407 0.682381 0.261592 0.682587 24.937868 0.000000 0.000000 0.000000 1.000000
0.692113 -0.124709 -0.710934 2.030210 -0.082128 0.964958 -0.249222 84.455399 0.717101 0.230877 0.657618 20.258520 0.000000 0.000000 0.000000 1.000000
0.665169 -0.147736 -0.731932 1.405310 -0.054920 0.967897 -0.245275 85.443451 0.744670 0.203347 0.635702 15.812532 0.000000 0.000000 0.000000 1.000000
0.635591 -0.157992 -0.755687 0.801949 -0.037206 0.971430 -0.234391 86.180901 0.771129 0.177093 0.611554 11.833746 0.000000 0.000000 0.000000 1.000000
0.618212 -0.155161 -0.770545 0.418267 -0.030905 0.974766 -0.221079 86.629028 0.785404 0.160488 0.597816 9.179929 0.000000 0.000000 0.000000 1.000000
0.606710 -0.149783 -0.780684 0.089941 -0.026950 0.977647 -0.208517 87.019592 0.794466 0.147549 0.589112 6.912253 0.000000 0.000000 0.000000 1.000000
0.598469 -0.142513 -0.788368 -0.206764 -0.025214 0.980213 -0.196333 87.349495 0.800749 0.137377 0.583034 4.891203 0.000000 0.000000 0.000000 1.000000
0.591314 -0.135471 -0.794982 -0.510358 -0.022588 0.982620 -0.184248 87.712952 0.806125 0.126905 0.577977 2.880705 0.000000 0.000000 0.000000 1.000000
0.582575 -0.129404 -0.802409 -0.844604 -0.018119 0.984931 -0.171994 88.125694 0.812575 0.114738 0.571452 0.706220 0.000000 0.000000 0.000000 1.000000</float_array>
        <technique_common>
          <accessor source="#mixamorig_Hips-Matrix-animation-output-transform-array" count="46" stride="16">
            <param type="float4x4"/>
          </accessor>
        </technique_common>
      </source>
      <source id="mixamorig_Hips-Interpolations">
        <Name_array id="mixamorig_Hips-Interpolations-array" count="46">
 LINEAR LINEAR LINEAR LINEAR LINEAR LINEAR LINEAR LINEAR LINEAR LINEAR LINEAR
LINEAR LINEAR LINEAR LINEAR LINEAR LINEAR LINEAR LINEAR LINEAR LINEAR LINEAR LINEAR
LINEAR LINEAR LINEAR LINEAR LINEAR LINEAR LINEAR LINEAR LINEAR LINEAR LINEAR LINEAR
LINEAR LINEAR LINEAR LINEAR LINEAR LINEAR LINEAR LINEAR LINEAR LINEAR LINEAR</Name_array>
        <technique_common>
          <accessor source="#mixamorig_Hips-Interpolations-array" count="46">
            <param type="name"/>
          </accessor>
        </technique_common>
      </source>
      <sampler id="mixamorig_Hips-Matrix-animation-transform">
        <input semantic="INPUT" source="#mixamorig_Hips-Matrix-animation-input"/>
        <input semantic="OUTPUT" source="#mixamorig_Hips-Matrix-animation-output-transform"/>
        <input semantic="INTERPOLATION" source="#mixamorig_Hips-Interpolations"/>
      </sampler>
      <channel source="#mixamorig_Hips-Matrix-animation-transform" target="mixamorig_Hips/matrix"/>
    </animation>
    <animation id="mixamorig_Spine-anim" name="mixamorig_Spine">
      <source id="mixamorig_Spine-Matrix-animation-input">
        <float_array id="mixamorig_Spine-Matrix-animation-input-array" count="46">

0.000000 0.033333 0.066667 0.100000 0.133333 0.166667 0.200000 0.233333 0.266667 0.300000 0.333333 0.366667 0.400000 0.433333 0.466667 0.500000
0.533333 0.566667 0.600000 0.633333 0.666667 0.700000 0.733333 0.766667 0.800000 0.833333 0.866667 0.900000 0.933333 0.966667 1.000000 1.033333
1.066667 1.100000 1.133333 1.166667 1.200000 1.233333 1.266667 1.300000 1.333333 1.366667 1.400000 1.433333 1.466667 1.500000</float_array>
        <technique_common>
          <accessor source="#mixamorig_Spine-Matrix-animation-input-array" count="46">
            <param name="TIME" type="float"/>
          </accessor>
        </technique_common>
      </source>
      <source id="mixamorig_Spine-Matrix-animation-output-transform">
        <float_array id="mixamorig_Spine-Matrix-animation-output-transform-array" count="736">

0.996749 0.041061 0.069328 0.000000 -0.043324 0.998566 0.031462 10.182400 -0.067936 -0.034363 0.997098 0.000000 0.000000 0.000000 0.000000 1.000000
0.997887 0.021900 0.061175 -0.000000 -0.024081 0.999092 0.035147 10.182400 -0.060350 -0.036546 0.997508 0.000000 0.000000 0.000000 0.000000 1.000000
0.999146 0.004104 0.041106 0.000000 -0.005391 0.999497 0.031253 10.182400 -0.040957 -0.031448 0.998666 -0.000000 0.000000 0.000000 0.000000 1.000000
0.999848 -0.011796 0.012824 0.000000 0.011554 0.999758 0.018742 10.182400 -0.013042 -0.018591 0.999742 0.000000 0.000000 0.000000 0.000000 1.000000
0.999493 -0.024461 -0.020359 0.000000 0.024533 0.999694 0.003259 10.182400 0.020273 -0.003757 0.999787 -0.000000 0.000000 0.000000 0.000000 1.000000
0.997916 -0.036035 -0.053533 0.000000 0.035566 0.999320 -0.009679 10.182400 0.053845 0.007755 0.998519 0.000000 0.000000 0.000000 0.000000 1.000000
0.995496 -0.046164 -0.082800 0.000000 0.045400 0.998907 -0.011095 10.182400 0.083222 0.007286 0.996504 0.000000 0.000000 0.000000 0.000000 1.000000
0.992213 -0.054082 -0.112198 0.000000 0.055402 0.998426 0.008676 10.182400 0.111552 -0.014824 0.993648 0.000000 0.000000 0.000000 0.000000 1.000000
0.988861 -0.060695 -0.135902 0.000000 0.065535 0.997355 0.031420 10.182400 0.133636 -0.039976 0.990224 0.000000 0.000000 0.000000 0.000000 1.000000
0.986206 -0.063555 -0.152832 0.000000 0.072649 0.995858 0.054671 10.182400 0.148725 -0.065020 0.986739 0.000000 0.000000 0.000000 0.000000 1.000000
0.985108 -0.062471 -0.160183 0.000000 0.075974 0.993927 0.079608 10.182400 0.154237 -0.090592 0.983872 0.000000 0.000000 0.000000 0.000000 1.000000
0.988638 -0.054358 -0.140144 0.000000 0.065801 0.994752 0.078355 10.182400 0.135150 -0.086686 0.987026 -0.000000 0.000000 0.000000 0.000000 1.000000
0.994930 -0.042622 -0.091091 0.000000 0.048945 0.996460 0.068346 10.182400 0.087856 -0.072458 0.993494 0.000000 0.000000 0.000000 0.000000 1.000000
0.999359 -0.030899 -0.018071 -0.000000 0.031789 0.998180 0.051250 10.182400 0.016454 -0.051792 0.998522 0.000000 0.000000 0.000000 0.000000 1.000000
0.998496 -0.014733 0.052815 0.000000 0.013437 0.999602 0.024825 10.182400 -0.053160 -0.024078 0.998296 0.000000 0.000000 0.000000 0.000000 1.000000
0.994834 0.012897 0.100696 0.000000 -0.011869 0.999871 -0.010799 10.182400 -0.100823 0.009548 0.994859 -0.000000 0.000000 0.000000 0.000000 1.000000
0.989991 0.065701 0.124907 0.000000 -0.058530 0.996466 -0.060246 10.182400 -0.128424 0.052332 0.990338 -0.000000 0.000000 0.000000 0.000000 1.000000
0.981680 0.124123 0.144559 0.000000 -0.108609 0.987902 -0.110698 10.182400 -0.156550 0.092970 0.983285 0.000000 0.000000 0.000000 0.000000 1.000000
0.968912 0.164811 0.184518 0.000000 -0.139278 0.979762 -0.143767 10.182400 -0.204478 0.113598 0.972257 0.000000 0.000000 0.000000 0.000000 1.000000
0.950713 0.189111 0.245729 0.000000 -0.152507 0.975190 -0.160456 10.182400 -0.269976 0.115072 0.955966 -0.000000 0.000000 0.000000 0.000000 1.000000
0.931804 0.212030 0.294593 0.000000 -0.166605 0.970934 -0.171842 10.182400 -0.322466 0.111042 0.940045 0.000000 0.000000 0.000000 0.000000 1.000000
0.918060 0.236809 0.317944 -0.000000 -0.186705 0.965749 -0.180196 10.182400 -0.349726 0.106069 0.930828 0.000000 0.000000 0.000000 0.000000 1.000000
0.907481 0.261099 0.329098 0.000000 -0.209309 0.960252 -0.184678 10.182400 -0.364236 0.098709 0.926061 -0.000000 0.000000 0.000000 0.000000 1.000000
0.897309 0.284784 0.337245 -0.000000 -0.232053 0.954281 -0.188411 10.182400 -0.375483 0.090805 0.922370 0.000000 0.000000 0.000000 0.000000 1.000000
0.887744 0.307284 0.342763 0.000000 -0.254285 0.948021 -0.191302 10.182400 -0.383730 0.082668 0.919737 0.000000 0.000000 0.000000 0.000000 1.000000
0.880854 0.326382 0.342887 -0.000000 -0.274651 0.942305 -0.191385 10.182400 -0.385568 0.074408 0.919674 -0.000000 0.000000 0.000000 0.000000 1.000000
0.884662 0.333263 0.326049 0.000000 -0.287640 0.940505 -0.180867 10.182400 -0.366927 0.066221 0.927890 0.000000 0.000000 0.000000 0.000000 1.000000
0.891023 0.336699 0.304487 0.000000 -0.298049 0.939818 -0.167061 10.182400 -0.342411 0.058103 0.937752 -0.000000 0.000000 0.000000 0.000000 1.000000
0.898924 0.337597 0.279220 0.000000 -0.306158 0.939957 -0.150826 10.182400 -0.313373 0.050096 0.948308 0.000000 0.000000 0.000000 0.000000 1.000000
0.910567 0.332355 0.245780 -0.000000 -0.308825 0.942200 -0.129947 10.182400 -0.274763 0.042422 0.960576 0.000000 0.000000 0.000000 0.000000 1.000000
0.921570 0.324883 0.212506 0.000000 -0.307957 0.945093 -0.109367 10.182400 -0.236370 0.035347 0.971020 0.000000 0.000000 0.000000 0.000000 1.000000
0.932240 0.315747 0.176729 -0.000000 -0.304278 0.948384 -0.089342 10.182400 -0.195816 0.029513 0.980196 0.000000 0.000000 0.000000 0.000000 1.000000
0.941763 0.303243 0.145347 0.000000 -0.294357 0.952366 -0.079703 10.182400 -0.162593 0.032277 0.986165 -0.000000 0.000000 0.000000 0.000000 1.000000
0.951683 0.288279 0.105800 0.000000 -0.281363 0.956615 -0.075644 10.182400 -0.123017 0.042221 0.991506 0.000000 0.000000 0.000000 0.000000 1.000000
0.959505 0.271916 0.073559 0.000000 -0.267357 0.961322 -0.066181 10.182400 -0.088710 0.043835 0.995093 0.000000 0.000000 0.000000 0.000000 1.000000
0.965769 0.255331 0.045780 0.000000 -0.253444 0.966383 -0.043237 10.182400 -0.055281 0.030155 0.998015 0.000000 0.000000 0.000000 0.000000 1.000000
0.970837 0.237939 0.029326 0.000000 -0.237491 0.971223 -0.017980 10.182400 -0.032761 0.010491 0.999408 0.000000 0.000000 0.000000 0.000000 1.000000
0.975445 0.219790 0.014091 0.000000 -0.219920 0.975482 0.008417 10.182400 -0.011896 -0.011310 0.999865 0.000000 0.000000 0.000000 0.000000 1.000000
0.979778 0.200062 0.003125 0.000000 -0.200064 0.979314 0.030306 10.182400 0.003003 -0.030319 0.999536 0.000000 0.000000 0.000000 0.000000 1.000000
0.983954 0.178360 0.004705 -0.000000 -0.178409 0.983226 0.037916 10.182400 0.002137 -0.038147 0.999270 -0.000000 0.000000 0.000000 0.000000 1.000000
0.987713 0.155616 0.014368 -0.000000 -0.155979 0.987331 0.029129 10.182400 -0.009653 -0.031012 0.999472 0.000000 0.000000 0.000000 0.000000 1.000000
0.990840 0.132581 0.025646 0.000000 -0.133207 0.990786 0.024485 10.182400 -0.022163 -0.027677 0.999371 0.000000 0.000000 0.000000 0.000000 1.000000
0.993299 0.109580 0.036722 -0.000000 -0.110497 0.993588 0.023945 10.182400 -0.033863 -0.027842 0.999039 0.000000 0.000000 0.000000 0.000000 1.000000
0.995157 0.085766 0.048027 0.000000 -0.087081 0.995862 0.026002 10.182400 -0.045598 -0.030058 0.998508 0.000000 0.000000 0.000000 0.000000 1.000000
0.996278 0.063003 0.058832 0.000000 -0.064793 0.997476 0.029027 10.182400 -0.056855 -0.032731 0.997846 -0.000000 0.000000 0.000000 0.000000 1.000000
0.996749 0.041060 0.069327 0.000000 -0.043324 0.998566 0.031462 10.182400 -0.067936 -0.034363 0.997098 -0.000000 0.000000 0.000000 0.000000 1.000000</float_array>
        <technique_common>
          <accessor source="#mixamorig_Spine-Matrix-animation-output-transform-array" count="46" stride="16">
            <param type="float4x4"/>
          </accessor>
        </technique_common>
      </source>
      <source id="mixamorig_Spine-Interpolations">
        <Name_array id="mixamorig_Spine-Interpolations-array" count="46">
 LINEAR LINEAR LINEAR LINEAR LINEAR LINEAR LINEAR LINEAR LINEAR LINEAR LINEAR
LINEAR LINEAR LINEAR LINEAR LINEAR LINEAR LINEAR LINEAR LINEAR LINEAR LINEAR LINEAR
LINEAR LINEAR LINEAR LINEAR LINEAR LINEAR LINEAR LINEAR LINEAR LINEAR LINEAR LINEAR
LINEAR LINEAR LINEAR LINEAR LINEAR LINEAR LINEAR LINEAR LINEAR LINEAR LINEAR</Name_array>
        <technique_common>
          <accessor source="#mixamorig_Spine-Interpolations-array" count="46">
            <param type="name"/>
          </accessor>
        </technique_common>
      </source>
      <sampler id="mixamorig_Spine-Matrix-animation-transform">
        <input semantic="INPUT" source="#mixamorig_Spine-Matrix-animation-input"/>
        <input semantic="OUTPUT" source="#mixamorig_Spine-Matrix-animation-output-transform"/>
        <input semantic="INTERPOLATION" source="#mixamorig_Spine-Interpolations"/>
      </sampler>
      <channel source="#mixamorig_Spine-Matrix-animation-transform" target="mixamorig_Spine/matrix"/>
    </animation>
    <animation id="mixamorig_Spine1-anim" name="mixamorig_Spine1">
      <source id="mixamorig_Spine1-Matrix-animation-input">
        <float_array id="mixamorig_Spine1-Matrix-animation-input-array" count="46">

0.000000 0.033333 0.066667 0.100000 0.133333 0.166667 0.200000 0.233333 0.266667 0.300000 0.333333 0.366667 0.400000 0.433333 0.466667 0.500000
0.533333 0.566667 0.600000 0.633333 0.666667 0.700000 0.733333 0.766667 0.800000 0.833333 0.866667 0.900000 0.933333 0.966667 1.000000 1.033333
1.066667 1.100000 1.133333 1.166667 1.200000 1.233333 1.266667 1.300000 1.333333 1.366667 1.400000 1.433333 1.466667 1.500000</float_array>
        <technique_common>
          <accessor source="#mixamorig_Spine1-Matrix-animation-input-array" count="46">
            <param name="TIME" type="float"/>
          </accessor>
        </technique_common>
      </source>
      <source id="mixamorig_Spine1-Matrix-animation-output-transform">
        <float_array id="mixamorig_Spine1-Matrix-animation-output-transform-array" count="736">

0.998870 -0.043761 0.018561 0.000000 0.044152 0.998800 -0.021196 10.002700 -0.017611 0.021991 0.999603 -0.000000 0.000000 0.000000 0.000000 1.000000
0.999047 -0.040321 0.016740 -0.000000 0.040497 0.999126 -0.010320 10.002700 -0.016309 0.010988 0.999807 -0.000000 0.000000 0.000000 0.000000 1.000000
0.999436 -0.031421 0.011874 0.000000 0.031359 0.999494 0.005391 10.002700 -0.012037 -0.005015 0.999915 0.000000 0.000000 0.000000 0.000000 1.000000
0.999804 -0.019192 0.004873 -0.000000 0.019139 0.999759 0.010756 10.002700 -0.005079 -0.010660 0.999930 0.000000 0.000000 0.000000 0.000000 1.000000
0.999978 -0.005769 -0.003312 -0.000000 0.005815 0.999887 0.013873 10.002700 0.003231 -0.013892 0.999898 0.000000 0.000000 0.000000 0.000000 1.000000
0.999909 0.006708 -0.011733 0.000000 -0.006513 0.999840 0.016639 10.002700 0.011843 -0.016561 0.999793 0.000000 0.000000 0.000000 0.000000 1.000000
0.999681 0.016103 -0.019448 0.000000 -0.015748 0.999709 0.018270 10.002700 0.019737 -0.017958 0.999644 0.000000 0.000000 0.000000 0.000000 1.000000
0.999397 0.020638 -0.027921 0.000000 -0.020044 0.999570 0.021389 10.002700 0.028350 -0.020816 0.999381 0.000000 0.000000 0.000000 0.000000 1.000000
0.999085 0.024291 -0.035207 0.000000 -0.023473 0.999449 0.023451 10.002700 0.035757 -0.022603 0.999105 0.000000 0.000000 0.000000 0.000000 1.000000
0.998824 0.026494 -0.040612 0.000000 -0.025474 0.999352 0.025430 10.002700 0.041259 -0.024365 0.998851 0.000000 0.000000 0.000000 0.000000 1.000000
0.998686 0.027851 -0.043027 0.000000 -0.026637 0.999238 0.028540 10.002700 0.043789 -0.027357 0.998666 0.000000 0.000000 0.000000 0.000000 1.000000
0.999031 0.023150 -0.037435 0.000000 -0.022085 0.999346 0.028624 10.002700 0.038073 -0.027770 0.998889 -0.000000 0.000000 0.000000 0.000000 1.000000
0.999618 0.013163 -0.024321 -0.000000 -0.012424 0.999464 0.030275 10.002700 0.024706 -0.029961 0.999246 0.000000 0.000000 0.000000 0.000000 1.000000
0.999987 -0.000514 -0.005147 0.000000 0.000685 0.999446 0.033273 10.002700 0.005128 -0.033277 0.999433 0.000000 0.000000 0.000000 0.000000 1.000000
0.999844 -0.011169 0.013703 -0.000000 0.010748 0.999479 0.030420 10.002700 -0.014035 -0.030268 0.999443 -0.000000 0.000000 0.000000 0.000000 1.000000
0.999505 -0.012362 0.028939 0.000000 0.011660 0.999637 0.024293 10.002700 -0.029229 -0.023944 0.999286 0.000000 0.000000 0.000000 0.000000 1.000000
0.999191 -0.007479 0.039524 -0.000000 0.006971 0.999891 0.012981 10.002700 -0.039617 -0.012695 0.999134 -0.000000 0.000000 0.000000 0.000000 1.000000
0.998786 0.000220 0.049249 0.000000 -0.000211 1.000000 -0.000201 10.002700 -0.049249 0.000190 0.998786 -0.000000 0.000000 0.000000 0.000000 1.000000
0.997962 0.008984 0.063170 0.000000 -0.008173 0.999881 -0.013075 10.002700 -0.063280 0.012532 0.997917 0.000000 0.000000 0.000000 0.000000 1.000000
0.996459 0.019383 0.081820 0.000000 -0.017270 0.999501 -0.026448 10.002700 -0.082292 0.024941 0.996296 0.000000 0.000000 0.000000 0.000000 1.000000
0.994863 0.030422 0.096547 -0.000000 -0.026827 0.998905 -0.038320 10.002700 -0.097608 0.035533 0.994590 -0.000000 0.000000 0.000000 0.000000 1.000000
0.993757 0.041208 0.103680 0.000000 -0.036463 0.998217 -0.047257 10.002700 -0.105443 0.043181 0.993487 0.000000 0.000000 0.000000 0.000000 1.000000
0.992935 0.051697 0.106802 0.000000 -0.046069 0.997450 -0.054508 10.002700 -0.109348 0.049203 0.992785 -0.000000 0.000000 0.000000 0.000000 1.000000
0.992103 0.062047 0.109006 0.000000 -0.055587 0.996568 -0.061336 10.002700 -0.112437 0.054792 0.992147 -0.000000 0.000000 0.000000 0.000000 1.000000
0.991265 0.072059 0.110460 -0.000000 -0.064842 0.995603 -0.067599 10.002700 -0.114846 0.059847 0.991579 -0.000000 0.000000 0.000000 0.000000 1.000000
0.990587 0.080985 0.110360 -0.000000 -0.073271 0.994691 -0.072256 10.002700 -0.115626 0.063489 0.991262 0.000000 0.000000 0.000000 0.000000 1.000000
0.990719 0.085931 0.105320 0.000000 -0.078689 0.994361 -0.071094 10.002700 -0.110836 0.062147 0.991894 -0.000000 0.000000 0.000000 0.000000 1.000000
0.991051 0.089626 0.098918 0.000000 -0.083102 0.994203 -0.068219 10.002700 -0.104459 0.059389 0.992754 -0.000000 0.000000 0.000000 0.000000 1.000000
0.991581 0.091703 0.091425 0.000000 -0.086067 0.994244 -0.063802 10.002700 -0.096750 0.055396 0.993766 -0.000000 0.000000 0.000000 0.000000 1.000000
0.992708 0.088897 0.081413 0.000000 -0.084518 0.994861 -0.055746 10.002700 -0.085950 0.048459 0.995120 0.000000 0.000000 0.000000 0.000000 1.000000
0.994144 0.081386 0.071089 0.000000 -0.078174 0.995838 -0.046854 10.002700 -0.074606 0.041023 0.996369 0.000000 0.000000 0.000000 0.000000 1.000000
0.996286 0.062681 0.059042 0.000000 -0.060691 0.997545 -0.034926 10.002700 -0.061086 0.031213 0.997644 0.000000 0.000000 0.000000 0.000000 1.000000
0.997535 0.049993 0.049246 -0.000000 -0.048776 0.998481 -0.025615 10.002700 -0.050451 0.023150 0.998458 0.000000 0.000000 0.000000 0.000000 1.000000
0.998373 0.042649 0.037841 -0.000000 -0.042110 0.999001 -0.014926 10.002700 -0.038439 0.013308 0.999172 0.000000 0.000000 0.000000 0.000000 1.000000
0.998950 0.036453 0.027754 0.000000 -0.036245 0.999311 -0.007991 10.002700 -0.028026 0.006976 0.999583 0.000000 0.000000 0.000000 0.000000 1.000000
0.999262 0.032481 0.020503 0.000000 -0.032418 0.999469 -0.003402 10.002700 -0.020603 0.002735 0.999784 0.000000 0.000000 0.000000 0.000000 1.000000
0.999410 0.030974 0.014876 0.000000 -0.030986 0.999520 0.000596 10.002700 -0.014850 -0.001056 0.999889 0.000000 0.000000 0.000000 0.000000 1.000000
0.999475 0.030936 0.009601 0.000000 -0.030989 0.999506 0.005325 10.002700 -0.009431 -0.005620 0.999940 0.000000 0.000000 0.000000 0.000000 1.000000
0.999494 0.031296 0.005756 -0.000000 -0.031350 0.999463 0.009559 10.002700 -0.005454 -0.009735 0.999938 -0.000000 0.000000 0.000000 0.000000 1.000000
0.999507 0.030810 0.005970 0.000000 -0.030879 0.999453 0.011834 10.002700 -0.005602 -0.012013 0.999912 0.000000 0.000000 0.000000 0.000000 1.000000
0.999576 0.027897 0.008344 0.000000 -0.027989 0.999546 0.011134 10.002700 -0.008030 -0.011363 0.999903 0.000000 0.000000 0.000000 0.000000 1.000000
0.999802 0.016886 0.010555 0.000000 -0.016951 0.999838 0.006116 10.002700 -0.010450 -0.006293 0.999926 0.000000 0.000000 0.000000 0.000000 1.000000
0.999916 0.002967 0.012623 -0.000000 -0.002964 0.999996 -0.000228 10.002700 -0.012624 0.000191 0.999920 0.000000 0.000000 0.000000 0.000000 1.000000
0.999814 -0.012613 0.014607 0.000000 0.012721 0.999893 -0.007290 10.002700 -0.014513 0.007475 0.999867 0.000000 0.000000 0.000000 0.000000 1.000000
0.999453 -0.028605 0.016566 0.000000 0.028846 0.999479 -0.014475 10.002700 -0.016144 0.014945 0.999758 -0.000000 0.000000 0.000000 0.000000 1.000000
0.998870 -0.043761 0.018560 0.000000 0.044152 0.998800 -0.021196 10.002700 -0.017611 0.021991 0.999603 -0.000000 0.000000 0.000000 0.000000 1.000000</float_array>
        <technique_common>
          <accessor source="#mixamorig_Spine1-Matrix-animation-output-transform-array" count="46" stride="16">
            <param type="float4x4"/>
          </accessor>
        </technique_common>
      </source>
      <source id="mixamorig_Spine1-Interpolations">
        <Name_array id="mixamorig_Spine1-Interpolations-array" count="46">
 LINEAR LINEAR LINEAR LINEAR LINEAR LINEAR LINEAR LINEAR LINEAR LINEAR LINEAR
LINEAR LINEAR LINEAR LINEAR LINEAR LINEAR LINEAR LINEAR LINEAR LINEAR LINEAR LINEAR
LINEAR LINEAR LINEAR LINEAR LINEAR LINEAR LINEAR LINEAR LINEAR LINEAR LINEAR LINEAR
LINEAR LINEAR LINEAR LINEAR LINEAR LINEAR LINEAR LINEAR LINEAR LINEAR LINEAR</Name_array>
        <technique_common>
          <accessor source="#mixamorig_Spine1-Interpolations-array" count="46">
            <param type="name"/>
          </accessor>
        </technique_common>
      </source>
      <sampler id="mixamorig_Spine1-Matrix-animation-transform">
        <input semantic="INPUT" source="#mixamorig_Spine1-Matrix-animation-input"/>
        <input semantic="OUTPUT" source="#mixamorig_Spine1-Matrix-animation-output-transform"/>
        <input semantic="INTERPOLATION" source="#mixamorig_Spine1-Interpolations"/>
      </sampler>
      <channel source="#mixamorig_Spine1-Matrix-animation-transform" target="mixamorig_Spine1/matrix"/>
    </animation>
    <animation id="mixamorig_Spine2-anim" name="mixamorig_Spine2">
      <source id="mixamorig_Spine2-Matrix-animation-input">
        <float_array id="mixamorig_Spine2-Matrix-animation-input-array" count="46">

0.000000 0.033333 0.066667 0.100000 0.133333 0.166667 0.200000 0.233333 0.266667 0.300000 0.333333 0.366667 0.400000 0.433333 0.466667 0.500000
0.533333 0.566667 0.600000 0.633333 0.666667 0.700000 0.733333 0.766667 0.800000 0.833333 0.866667 0.900000 0.933333 0.966667 1.000000 1.033333
1.066667 1.100000 1.133333 1.166667 1.200000 1.233333 1.266667 1.300000 1.333333 1.366667 1.400000 1.433333 1.466667 1.500000</float_array>
        <technique_common>
          <accessor source="#mixamorig_Spine2-Matrix-animation-input-array" count="46">
            <param name="TIME" type="float"/>
          </accessor>
        </technique_common>
      </source>
      <source id="mixamorig_Spine2-Matrix-animation-output-transform">
        <float_array id="mixamorig_Spine2-Matrix-animation-output-transform-array" count="736">

0.999575 -0.020934 0.020274 0.000000 0.021525 0.999336 -0.029409 9.322100 -0.019645 0.029833 0.999362 0.000000 0.000000 0.000000 0.000000 1.000000
0.999628 -0.019878 0.018651 0.000000 0.020276 0.999566 -0.021369 9.322100 -0.018218 0.021739 0.999598 -0.000000 0.000000 0.000000 0.000000 1.000000
0.999791 -0.014698 0.014234 0.000000 0.014847 0.999835 -0.010421 9.322100 -0.014079 0.010630 0.999844 0.000000 0.000000 0.000000 0.000000 1.000000
0.999959 -0.004721 0.007678 -0.000000 0.004790 0.999948 -0.008977 9.322100 -0.007635 0.009013 0.999930 0.000000 0.000000 0.000000 0.000000 1.000000
0.999981 0.006089 -0.000411 0.000000 -0.006092 0.999937 -0.009435 9.322100 0.000354 0.009438 0.999955 0.000000 0.000000 0.000000 0.000000 1.000000
0.999859 0.013921 -0.009427 0.000000 -0.014008 0.999860 -0.009194 9.322100 0.009298 0.009325 0.999913 0.000000 0.000000 0.000000 0.000000 1.000000
0.999656 0.018377 -0.018711 -0.000000 -0.018523 0.999799 -0.007629 9.322100 0.018567 0.007973 0.999796 0.000000 0.000000 0.000000 0.000000 1.000000
0.999373 0.022216 -0.027554 0.000000 -0.022351 0.999740 -0.004575 9.322100 0.027445 0.005188 0.999610 0.000000 0.000000 0.000000 0.000000 1.000000
0.999059 0.025181 -0.035303 -0.000000 -0.025286 0.999677 -0.002542 9.322100 0.035228 0.003432 0.999373 0.000000 0.000000 0.000000 0.000000 1.000000
0.998790 0.027009 -0.041098 0.000000 -0.027050 0.999634 -0.000442 9.322100 0.041071 0.001553 0.999155 -0.000000 0.000000 0.000000 0.000000 1.000000
0.998675 0.027431 -0.043546 0.000000 -0.027357 0.999623 0.002282 9.322100 0.043593 -0.001087 0.999049 -0.000000 0.000000 0.000000 0.000000 1.000000
0.999025 0.022801 -0.037815 -0.000000 -0.022636 0.999732 0.004797 9.322100 0.037915 -0.003936 0.999273 -0.000000 0.000000 0.000000 0.000000 1.000000
0.999615 0.012925 -0.024534 0.000000 -0.012764 0.999896 0.006719 9.322100 0.024618 -0.006403 0.999676 0.000000 0.000000 0.000000 0.000000 1.000000
0.999986 -0.000584 -0.005190 0.000000 0.000624 0.999971 0.007564 9.322100 0.005185 -0.007567 0.999958 0.000000 0.000000 0.000000 0.000000 1.000000
0.999843 -0.011091 0.013829 0.000000 0.011026 0.999928 0.004779 9.322100 -0.013881 -0.004626 0.999893 0.000000 0.000000 0.000000 0.000000 1.000000
0.999496 -0.012022 0.029369 0.000000 0.012056 0.999927 -0.000947 9.322100 -0.029355 0.001301 0.999568 -0.000000 0.000000 0.000000 0.000000 1.000000
0.999163 -0.006772 0.040329 0.000000 0.007249 0.999905 -0.011700 9.322100 -0.040246 0.011983 0.999118 -0.000000 0.000000 0.000000 0.000000 1.000000
0.998731 0.001430 0.050345 0.000000 -0.000204 0.999704 -0.024347 9.322100 -0.050365 0.024306 0.998435 0.000000 0.000000 0.000000 0.000000 1.000000
0.997873 0.011112 0.064234 -0.000000 -0.008764 0.999287 -0.036717 9.322100 -0.064596 0.036076 0.997259 0.000000 0.000000 0.000000 0.000000 1.000000
0.996325 0.022903 0.082534 0.000000 -0.018846 0.998592 -0.049594 9.322100 -0.083554 0.047857 0.995353 0.000000 0.000000 0.000000 0.000000 1.000000
0.994695 0.035088 0.096698 -0.000000 -0.029232 0.997690 -0.061327 9.322100 -0.098627 0.058175 0.993423 -0.000000 0.000000 0.000000 0.000000 1.000000
0.993567 0.046516 0.103250 0.000000 -0.039332 0.996732 -0.070559 9.322100 -0.106194 0.066044 0.992150 -0.000000 0.000000 0.000000 0.000000 1.000000
0.992721 0.057447 0.105850 0.000000 -0.049266 0.995708 -0.078348 9.322100 -0.109897 0.072563 0.991291 0.000000 0.000000 0.000000 0.000000 1.000000
0.991858 0.068194 0.107556 0.000000 -0.059081 0.994563 -0.085751 9.322100 -0.112819 0.078698 0.990494 -0.000000 0.000000 0.000000 0.000000 1.000000
0.990981 0.078553 0.108567 -0.000000 -0.068598 0.993340 -0.092574 9.322100 -0.115116 0.084292 0.989769 0.000000 0.000000 0.000000 0.000000 1.000000
0.990254 0.087704 0.108189 0.000000 -0.077205 0.992218 -0.097692 9.322100 -0.115915 0.088387 0.989319 0.000000 0.000000 0.000000 0.000000 1.000000
0.990369 0.092321 0.103176 0.000000 -0.082402 0.991908 -0.096587 9.322100 -0.111258 0.087155 0.989962 0.000000 0.000000 0.000000 0.000000 1.000000
0.990706 0.095514 0.096845 0.000000 -0.086468 0.991842 -0.093659 9.322100 -0.105001 0.084414 0.990883 0.000000 0.000000 0.000000 0.000000 1.000000
0.991283 0.096875 0.089290 0.000000 -0.088922 0.992043 -0.089125 9.322100 -0.097213 0.080409 0.992010 0.000000 0.000000 0.000000 0.000000 1.000000
0.992551 0.092853 0.078875 -0.000000 -0.086466 0.992968 -0.080860 9.322100 -0.085828 0.073438 0.993600 -0.000000 0.000000 0.000000 0.000000 1.000000
0.994070 0.084331 0.068646 0.000000 -0.079375 0.994243 -0.071978 9.322100 -0.074321 0.066103 0.995041 -0.000000 0.000000 0.000000 0.000000 1.000000
0.996248 0.064795 0.057368 0.000000 -0.061321 0.996290 -0.060383 9.322100 -0.061068 0.056639 0.996525 0.000000 0.000000 0.000000 0.000000 1.000000
0.997498 0.051675 0.048246 0.000000 -0.049206 0.997484 -0.051028 9.322100 -0.050762 0.048526 0.997531 0.000000 0.000000 0.000000 0.000000 1.000000
0.998336 0.043865 0.037432 0.000000 -0.042354 0.998292 -0.040244 9.322100 -0.039134 0.038592 0.998488 0.000000 0.000000 0.000000 0.000000 1.000000
0.998918 0.037352 0.027716 -0.000000 -0.036423 0.998782 -0.033287 9.322100 -0.028926 0.032241 0.999061 -0.000000 0.000000 0.000000 0.000000 1.000000
0.999235 0.033233 0.020622 0.000000 -0.032637 0.999059 -0.028564 9.322100 -0.021552 0.027869 0.999379 -0.000000 0.000000 0.000000 0.000000 1.000000
0.999389 0.031586 0.014937 -0.000000 -0.031213 0.999210 -0.024611 9.322100 -0.015702 0.024129 0.999586 -0.000000 0.000000 0.000000 0.000000 1.000000
0.999463 0.031373 0.009477 0.000000 -0.031178 0.999313 -0.020038 9.322100 -0.010100 0.019732 0.999754 -0.000000 0.000000 0.000000 0.000000 1.000000
0.999486 0.031604 0.005410 0.000000 -0.031514 0.999375 -0.015989 9.322100 -0.005912 0.015811 0.999858 0.000000 0.000000 0.000000 0.000000 1.000000
0.999502 0.031092 0.005473 0.000000 -0.031014 0.999424 -0.013812 9.322100 -0.005899 0.013636 0.999890 0.000000 0.000000 0.000000 0.000000 1.000000
0.999568 0.028310 0.007850 0.000000 -0.028195 0.999498 -0.014432 9.322100 -0.008254 0.014205 0.999865 0.000000 0.000000 0.000000 0.000000 1.000000
0.999738 0.020414 0.010376 -0.000000 -0.020236 0.999650 -0.017017 9.322100 -0.010720 0.016803 0.999801 0.000000 0.000000 0.000000 0.000000 1.000000
0.999859 0.010809 0.012867 -0.000000 -0.010551 0.999744 -0.020005 9.322100 -0.013080 0.019866 0.999717 0.000000 0.000000 0.000000 0.000000 1.000000
0.999882 0.000228 0.015338 0.000000 0.000128 0.999731 -0.023194 9.322100 -0.015340 0.023193 0.999613 -0.000000 0.000000 0.000000 0.000000 1.000000
0.999785 -0.010597 0.017802 -0.000000 0.011065 0.999590 -0.026391 9.322100 -0.017515 0.026583 0.999493 0.000000 0.000000 0.000000 0.000000 1.000000
0.999575 -0.020934 0.020274 0.000000 0.021525 0.999336 -0.029409 9.322100 -0.019645 0.029833 0.999362 0.000000 0.000000 0.000000 0.000000 1.000000</float_array>
        <technique_common>
          <accessor source="#mixamorig_Spine2-Matrix-animation-output-transform-array" count="46" stride="16">
            <param type="float4x4"/>
          </accessor>
        </technique_common>
      </source>
      <source id="mixamorig_Spine2-Interpolations">
        <Name_array id="mixamorig_Spine2-Interpolations-array" count="46">
 LINEAR LINEAR LINEAR LINEAR LINEAR LINEAR LINEAR LINEAR LINEAR LINEAR LINEAR
LINEAR LINEAR LINEAR LINEAR LINEAR LINEAR LINEAR LINEAR LINEAR LINEAR LINEAR LINEAR
LINEAR LINEAR LINEAR LINEAR LINEAR LINEAR LINEAR LINEAR LINEAR LINEAR LINEAR LINEAR
LINEAR LINEAR LINEAR LINEAR LINEAR LINEAR LINEAR LINEAR LINEAR LINEAR LINEAR</Name_array>
        <technique_common>
          <accessor source="#mixamorig_Spine2-Interpolations-array" count="46">
            <param type="name"/>
          </accessor>
        </technique_common>
      </source>
      <sampler id="mixamorig_Spine2-Matrix-animation-transform">
        <input semantic="INPUT" source="#mixamorig_Spine2-Matrix-animation-input"/>
        <input semantic="OUTPUT" source="#mixamorig_Spine2-Matrix-animation-output-transform"/>
        <input semantic="INTERPOLATION" source="#mixamorig_Spine2-Interpolations"/>
      </sampler>
      <channel source="#mixamorig_Spine2-Matrix-animation-transform" target="mixamorig_Spine2/matrix"/>
    </animation>
    <animation id="mixamorig_Neck-anim" name="mixamorig_Neck">
      <source id="mixamorig_Neck-Matrix-animation-input">
        <float_array id="mixamorig_Neck-Matrix-animation-input-array" count="46">

0.000000 0.033333 0.066667 0.100000 0.133333 0.166667 0.200000 0.233333 0.266667 0.300000 0.333333 0.366667 0.400000 0.433333 0.466667 0.500000
0.533333 0.566667 0.600000 0.633333 0.666667 0.700000 0.733333 0.766667 0.800000 0.833333 0.866667 0.900000 0.933333 0.966667 1.000000 1.033333
1.066667 1.100000 1.133333 1.166667 1.200000 1.233333 1.266667 1.300000 1.333333 1.366667 1.400000 1.433333 1.466667 1.500000</float_array>
        <technique_common>
          <accessor source="#mixamorig_Neck-Matrix-animation-input-array" count="46">
            <param name="TIME" type="float"/>
          </accessor>
        </technique_common>
      </source>
      <source id="mixamorig_Neck-Matrix-animation-output-transform">
        <float_array id="mixamorig_Neck-Matrix-animation-output-transform-array" count="736">

0.985070 0.006144 0.172047 0.000000 -0.012104 0.999362 0.033616 16.865299 -0.171731 -0.035197 0.984515 -0.000000 0.000000 0.000000 0.000000 1.000000
0.984299 0.008393 0.176310 0.000000 -0.015789 0.999051 0.040585 16.865299 -0.175802 -0.042731 0.983498 -0.000000 0.000000 0.000000 0.000000 1.000000
0.983443 0.010812 0.180892 0.000000 -0.019831 0.998645 0.048121 16.865299 -0.180127 -0.050911 0.982325 0.000000 0.000000 0.000000 0.000000 1.000000
0.982001 0.014705 0.188305 0.000000 -0.026611 0.997792 0.060856 16.865299 -0.186994 -0.064772 0.980223 -0.000000 0.000000 0.000000 0.000000 1.000000
0.980000 0.019769 0.198011 -0.000000 -0.035957 0.996266 0.078496 16.865299 -0.195720 -0.084046 0.977052 0.000000 0.000000 0.000000 0.000000 1.000000
0.977803 0.024939 0.208036 0.000000 -0.046257 0.994086 0.098249 16.865299 -0.204355 -0.105691 0.973174 0.000000 0.000000 0.000000 0.000000 1.000000
0.975656 0.029612 0.217298 0.000000 -0.056572 0.991291 0.118919 16.865299 -0.211884 -0.128317 0.968834 0.000000 0.000000 0.000000 0.000000 1.000000
0.973854 0.033184 0.224738 -0.000000 -0.065836 0.988046 0.139395 16.865299 -0.217426 -0.150546 0.964397 0.000000 0.000000 0.000000 0.000000 1.000000
0.972724 0.035050 0.229301 0.000000 -0.072877 0.984642 0.158647 16.865299 -0.220218 -0.171031 0.960340 0.000000 0.000000 0.000000 0.000000 1.000000
0.972591 0.034603 0.229935 0.000000 -0.076452 0.981474 0.175679 16.865299 -0.219597 -0.188443 0.957218 -0.000000 0.000000 0.000000 0.000000 1.000000
0.973725 0.031239 0.225574 0.000000 -0.075299 0.978996 0.189464 16.865299 -0.214917 -0.201472 0.955625 0.000000 0.000000 0.000000 0.000000 1.000000
0.979415 0.019254 0.200935 0.000000 -0.059617 0.978625 0.196820 16.865299 -0.192851 -0.204747 0.959629 0.000000 0.000000 0.000000 0.000000 1.000000
0.987771 -0.042179 0.150101 0.000000 0.011664 0.980005 0.198630 16.865299 -0.155477 -0.194450 0.968512 0.000000 0.000000 0.000000 0.000000 1.000000
0.993195 -0.049830 0.105265 -0.000000 0.029203 0.981525 0.189093 16.865299 -0.112743 -0.184732 0.976301 0.000000 0.000000 0.000000 0.000000 1.000000
0.997374 -0.049966 0.052422 0.000000 0.039859 0.983098 0.178691 16.865299 -0.060464 -0.176132 0.982508 0.000000 0.000000 0.000000 0.000000 1.000000
0.998891 -0.046844 -0.004670 0.000000 0.046965 0.984792 0.167267 16.865299 -0.003237 -0.167301 0.985901 0.000000 0.000000 0.000000 0.000000 1.000000
0.997163 -0.041791 -0.062606 0.000000 0.051092 0.986556 0.155229 16.865299 0.055277 -0.157988 0.985893 0.000000 0.000000 0.000000 0.000000 1.000000
0.992359 -0.036138 -0.117970 0.000000 0.052992 0.988300 0.143019 16.865299 0.111421 -0.148178 0.982664 0.000000 0.000000 0.000000 0.000000 1.000000
0.985390 -0.031194 -0.167430 0.000000 0.053600 0.989929 0.131025 16.865299 0.161656 -0.138085 0.977138 -0.000000 0.000000 0.000000 0.000000 1.000000
0.977763 -0.028216 -0.207805 0.000000 0.054015 0.991358 0.119546 16.865299 0.202637 -0.128112 0.970838 0.000000 0.000000 0.000000 0.000000 1.000000
0.972598 -0.028659 -0.230721 0.000000 0.055137 0.992495 0.109146 16.865299 0.225861 -0.118876 0.966879 0.000000 0.000000 0.000000 0.000000 1.000000
0.971808 -0.040517 -0.232264 0.000000 0.066360 0.992303 0.104552 16.865299 0.226240 -0.117017 0.967017 0.000000 0.000000 0.000000 0.000000 1.000000
0.970262 -0.065623 -0.232992 -0.000000 0.092267 0.990145 0.105355 16.865299 0.223782 -0.123720 0.966755 0.000000 0.000000 0.000000 0.000000 1.000000
0.967850 -0.093249 -0.233604 0.000000 0.121024 0.986811 0.107508 16.865299 0.220498 -0.132324 0.966370 0.000000 0.000000 0.000000 0.000000 1.000000
0.964955 -0.120402 -0.233162 0.000000 0.149317 0.982589 0.110559 16.865299 0.215791 -0.141500 0.966133 -0.000000 0.000000 0.000000 0.000000 1.000000
0.962931 -0.142395 -0.229102 -0.000000 0.172023 0.978365 0.114937 16.865299 0.207779 -0.150087 0.966593 -0.000000 0.000000 0.000000 0.000000 1.000000
0.966854 -0.143220 -0.211381 0.000000 0.171410 0.977665 0.121613 16.865299 0.189242 -0.153814 0.969808 -0.000000 0.000000 0.000000 0.000000 1.000000
0.972114 -0.138072 -0.189553 -0.000000 0.163943 0.978087 0.128328 16.865299 0.167681 -0.155825 0.973448 -0.000000 0.000000 0.000000 0.000000 1.000000
0.978036 -0.128697 -0.163961 0.000000 0.151314 0.979381 0.133854 16.865299 0.143354 -0.155724 0.977343 0.000000 0.000000 0.000000 0.000000 1.000000
0.985509 -0.109819 -0.129276 0.000000 0.127273 0.982560 0.135561 16.865299 0.112134 -0.150050 0.982299 -0.000000 0.000000 0.000000 0.000000 1.000000
0.991777 -0.089060 -0.091904 -0.000000 0.100908 0.985890 0.133563 16.865299 0.078712 -0.141739 0.986770 0.000000 0.000000 0.000000 0.000000 1.000000
0.996292 -0.067507 -0.053332 0.000000 0.073858 0.989044 0.127813 16.865299 0.044119 -0.131278 0.990363 -0.000000 0.000000 0.000000 0.000000 1.000000
0.998815 -0.046255 -0.015123 0.000000 0.047726 0.991792 0.118618 16.865299 0.009512 -0.119199 0.992825 -0.000000 0.000000 0.000000 0.000000 1.000000
0.999428 -0.026402 0.021132 0.000000 0.024004 0.994008 0.106635 16.865299 -0.023821 -0.106067 0.994074 0.000000 0.000000 0.000000 0.000000 1.000000
0.998507 -0.009048 0.053863 -0.000000 0.004015 0.995674 0.092829 16.865299 -0.054470 -0.092474 0.994224 0.000000 0.000000 0.000000 0.000000 1.000000
0.996658 0.004699 0.081558 0.000000 -0.011114 0.996861 0.078389 16.865299 -0.080933 -0.079034 0.993581 0.000000 0.000000 0.000000 0.000000 1.000000
0.994226 0.016402 0.106049 0.000000 -0.022790 0.997979 0.059315 16.865299 -0.104861 -0.061390 0.992590 0.000000 0.000000 0.000000 0.000000 1.000000
0.991177 0.027856 0.129585 -0.000000 -0.032413 0.998923 0.033192 16.865299 -0.128521 -0.037099 0.991013 0.000000 0.000000 0.000000 0.000000 1.000000
0.987739 0.038302 0.151344 0.000000 -0.039324 0.999219 0.003765 16.865299 -0.151082 -0.009670 0.988474 0.000000 0.000000 0.000000 0.000000 1.000000
0.984232 0.046977 0.170532 0.000000 -0.043311 0.998745 -0.025155 16.865299 -0.171500 0.017373 0.985031 0.000000 0.000000 0.000000 0.000000 1.000000
0.981040 0.053117 0.186383 0.000000 -0.044569 0.997766 -0.049761 16.865299 -0.188610 0.040510 0.981216 0.000000 0.000000 0.000000 0.000000 1.000000
0.981411 0.049647 0.185384 0.000000 -0.041873 0.998081 -0.045619 16.865299 -0.187293 0.037009 0.981607 0.000000 0.000000 0.000000 0.000000 1.000000
0.982283 0.040967 0.182873 0.000000 -0.035981 0.998887 -0.030504 16.865299 -0.183919 0.023383 0.982663 0.000000 0.000000 0.000000 0.000000 1.000000
0.983325 0.029306 0.179478 0.000000 -0.028125 0.999563 -0.009118 16.865299 -0.179667 0.003918 0.983720 0.000000 0.000000 0.000000 0.000000 1.000000
0.984274 0.016895 0.175837 0.000000 -0.019630 0.999712 0.013824 16.865299 -0.175553 -0.017058 0.984322 0.000000 0.000000 0.000000 0.000000 1.000000
0.984972 0.005972 0.172608 0.000000 -0.011949 0.999364 0.033610 16.865299 -0.172298 -0.035167 0.984417 0.000000 0.000000 0.000000 0.000000 1.000000</float_array>
        <technique_common>
          <accessor source="#mixamorig_Neck-Matrix-animation-output-transform-array" count="46" stride="16">
            <param type="float4x4"/>
          </accessor>
        </technique_common>
      </source>
      <source id="mixamorig_Neck-Interpolations">
        <Name_array id="mixamorig_Neck-Interpolations-array" count="46">
 LINEAR LINEAR LINEAR LINEAR LINEAR LINEAR LINEAR LINEAR LINEAR LINEAR LINEAR
LINEAR LINEAR LINEAR LINEAR LINEAR LINEAR LINEAR LINEAR LINEAR LINEAR LINEAR LINEAR
LINEAR LINEAR LINEAR LINEAR LINEAR LINEAR LINEAR LINEAR LINEAR LINEAR LINEAR LINEAR
LINEAR LINEAR LINEAR LINEAR LINEAR LINEAR LINEAR LINEAR LINEAR LINEAR LINEAR</Name_array>
        <technique_common>
          <accessor source="#mixamorig_Neck-Interpolations-array" count="46">
            <param type="name"/>
          </accessor>
        </technique_common>
      </source>
      <sampler id="mixamorig_Neck-Matrix-animation-transform">
        <input semantic="INPUT" source="#mixamorig_Neck-Matrix-animation-input"/>
        <input semantic="OUTPUT" source="#mixamorig_Neck-Matrix-animation-output-transform"/>
        <input semantic="INTERPOLATION" source="#mixamorig_Neck-Interpolations"/>
      </sampler>
      <channel source="#mixamorig_Neck-Matrix-animation-transform" target="mixamorig_Neck/matrix"/>
    </animation>
    <animation id="mixamorig_Head-anim" name="mixamorig_Head">
      <source id="mixamorig_Head-Matrix-animation-input">
        <float_array id="mixamorig_Head-Matrix-animation-input-array" count="46">

0.000000 0.033333 0.066667 0.100000 0.133333 0.166667 0.200000 0.233333 0.266667 0.300000 0.333333 0.366667 0.400000 0.433333 0.466667 0.500000
0.533333 0.566667 0.600000 0.633333 0.666667 0.700000 0.733333 0.766667 0.800000 0.833333 0.866667 0.900000 0.933333 0.966667 1.000000 1.033333
1.066667 1.100000 1.133333 1.166667 1.200000 1.233333 1.266667 1.300000 1.333333 1.366667 1.400000 1.433333 1.466667 1.500000</float_array>
        <technique_common>
          <accessor source="#mixamorig_Head-Matrix-animation-input-array" count="46">
            <param name="TIME" type="float"/>
          </accessor>
        </technique_common>
      </source>
      <source id="mixamorig_Head-Matrix-animation-output-transform">
        <float_array id="mixamorig_Head-Matrix-animation-output-transform-array" count="736">

0.912383 0.030253 0.408217 -0.000000 -0.063997 0.995544 0.069256 9.341900 -0.404303 -0.089313 0.910254 2.841000 0.000000 0.000000 0.000000 1.000000
0.906898 0.029757 0.420299 0.000000 -0.066754 0.995052 0.073589 9.341900 -0.416030 -0.094794 0.904397 2.841000 0.000000 0.000000 0.000000 1.000000
0.900801 0.029213 0.433249 0.000000 -0.069894 0.994479 0.078266 9.341900 -0.428571 -0.100784 0.897870 2.841000 0.000000 0.000000 0.000000 1.000000
0.890410 0.028189 0.454287 -0.000000 -0.075587 0.993379 0.086512 9.341900 -0.448840 -0.111369 0.886645 2.841000 0.000000 0.000000 0.000000 1.000000
0.875794 0.026595 0.481953 0.000000 -0.084282 0.991568 0.098438 9.341900 -0.475271 -0.126831 0.870650 2.841000 0.000000 0.000000 0.000000 1.000000
0.859365 0.024544 0.510773 -0.000000 -0.095141 0.989081 0.112546 9.341900 -0.502433 -0.145314 0.852317 2.841000 0.000000 0.000000 0.000000 1.000000
0.842678 0.022005 0.537969 -0.000000 -0.107767 0.985839 0.128483 9.341900 -0.527523 -0.166245 0.833116 2.841000 0.000000 0.000000 0.000000 1.000000
0.827617 0.018923 0.560974 -0.000000 -0.121494 0.981777 0.146126 9.341900 -0.547987 -0.189091 0.814834 2.841000 0.000000 0.000000 0.000000 1.000000
0.816319 0.015219 0.577401 0.000000 -0.135355 0.976858 0.165613 9.341900 -0.561518 -0.213347 0.799487 2.841000 0.000000 0.000000 0.000000 1.000000
0.811004 0.010807 0.584941 0.000000 -0.148049 0.971077 0.187324 9.341900 -0.565999 -0.238521 0.789147 2.841000 0.000000 0.000000 0.000000 1.000000
0.813749 0.005608 0.581189 0.000000 -0.157901 0.964477 0.211779 9.341900 -0.559356 -0.264106 0.785728 2.841000 0.000000 0.000000 0.000000 1.000000
0.840527 0.000462 0.541769 0.000000 -0.152678 0.959671 0.236055 9.341900 -0.519811 -0.281127 0.806699 2.841000 0.000000 0.000000 0.000000 1.000000
0.852035 0.025114 0.522881 -0.000000 -0.159370 0.963879 0.213398 9.341900 -0.498635 -0.265154 0.825262 2.841000 0.000000 0.000000 0.000000 1.000000
0.893728 0.016845 0.448294 -0.000000 -0.118324 0.972760 0.199341 9.341900 -0.432725 -0.231200 0.871376 2.841000 0.000000 0.000000 0.000000 1.000000
0.940332 0.008501 0.340151 0.000000 -0.087894 0.971828 0.218691 9.341900 -0.328709 -0.235539 0.914588 2.841000 0.000000 0.000000 0.000000 1.000000
0.979617 0.001599 0.200867 0.000000 -0.052715 0.966966 0.249394 9.341900 -0.193832 -0.254900 0.947341 2.841000 0.000000 0.000000 0.000000 1.000000
0.999007 -0.003452 0.044430 0.000000 -0.009230 0.959350 0.282069 9.341900 -0.043598 -0.282199 0.958365 2.841000 0.000000 0.000000 0.000000 1.000000
0.994121 -0.007109 -0.108037 -0.000000 0.040357 0.950262 0.308825 9.341900 0.100468 -0.311370 0.944963 2.841000 0.000000 0.000000 0.000000 1.000000
0.969283 -0.008561 -0.245797 0.000000 0.090776 0.941284 0.325183 9.341900 0.228581 -0.337507 0.913148 2.841000 0.000000 0.000000 0.000000 1.000000
0.932870 -0.006763 -0.360149 -0.000000 0.134236 0.934333 0.330156 9.341900 0.334266 -0.356338 0.872519 2.841000 0.000000 0.000000 0.000000 1.000000
0.903120 0.002194 -0.429384 0.000000 0.153786 0.931999 0.328220 9.341900 0.400905 -0.362455 0.841369 2.841000 0.000000 0.000000 0.000000 1.000000
0.895039 0.031513 -0.444873 -0.000000 0.134061 0.932358 0.335761 9.341900 0.425362 -0.360159 0.830272 2.841000 0.000000 0.000000 0.000000 1.000000
0.883366 0.076412 -0.462413 0.000000 0.103006 0.930845 0.350596 9.341900 0.457224 -0.357335 0.814406 2.841000 0.000000 0.000000 0.000000 1.000000
0.868478 0.124110 -0.479940 0.000000 0.071176 0.926904 0.368488 9.341900 0.490591 -0.354184 0.796162 2.841000 0.000000 0.000000 0.000000 1.000000
0.851880 0.171478 -0.494869 -0.000000 0.040656 0.920379 0.388909 9.341900 0.522156 -0.351424 0.777081 2.841000 0.000000 0.000000 0.000000 1.000000
0.837490 0.214288 -0.502683 0.000000 0.013927 0.911235 0.411651 9.341900 0.546275 -0.351754 0.760166 2.841000 0.000000 0.000000 0.000000 1.000000
0.844089 0.232312 -0.483265 -0.000000 -0.000348 0.901510 0.432759 9.341900 0.536203 -0.365118 0.761035 2.841000 0.000000 0.000000 0.000000 1.000000
0.857591 0.241715 -0.453996 0.000000 -0.012315 0.892086 0.451698 9.341900 0.514185 -0.381781 0.768021 2.841000 0.000000 0.000000 0.000000 1.000000
0.881953 0.237665 -0.407031 -0.000000 -0.024066 0.885146 0.464690 9.341900 0.470722 -0.400040 0.786377 2.841000 0.000000 0.000000 0.000000 1.000000
0.931765 0.196054 -0.305576 0.000000 -0.034747 0.885955 0.462468 9.341900 0.361395 -0.420294 0.832314 2.841000 0.000000 0.000000 0.000000 1.000000
0.974263 0.140687 -0.176120 0.000000 -0.046291 0.889539 0.454508 9.341900 0.220609 -0.434658 0.873158 2.841000 0.000000 0.000000 0.000000 1.000000
0.996113 0.079571 -0.037789 0.000000 -0.054592 0.894317 0.444091 9.341900 0.069132 -0.440302 0.895184 2.841000 0.000000 0.000000 0.000000 1.000000
0.996025 0.020997 0.086569 0.000000 -0.056678 0.899107 0.434044 9.341900 -0.068721 -0.437225 0.896723 2.841000 0.000000 0.000000 0.000000 1.000000
0.983471 -0.028199 0.178857 -0.000000 -0.051473 0.903502 0.425481 9.341900 -0.173596 -0.427655 0.887117 2.841000 0.000000 0.000000 0.000000 1.000000
0.965488 -0.067459 0.251561 0.000000 -0.044504 0.908939 0.414548 9.341900 -0.256619 -0.411436 0.874567 2.841000 0.000000 0.000000 0.000000 1.000000
0.946976 -0.094454 0.307108 -0.000000 -0.037950 0.916244 0.398819 9.341900 -0.319056 -0.389327 0.864076 2.841000 0.000000 0.000000 0.000000 1.000000
0.931450 -0.108521 0.347310 0.000000 -0.033051 0.925312 0.377763 9.341900 -0.362365 -0.363346 0.858296 2.841000 0.000000 0.000000 0.000000 1.000000
0.919826 -0.111905 0.376028 0.000000 -0.030156 0.935456 0.352155 9.341900 -0.391165 -0.335261 0.857082 2.841000 0.000000 0.000000 0.000000 1.000000
0.912452 -0.106440 0.395098 -0.000000 -0.029253 0.946135 0.322449 9.341900 -0.408137 -0.305777 0.860189 2.841000 0.000000 0.000000 0.000000 1.000000
0.908960 -0.093989 0.406150 -0.000000 -0.030385 0.956726 0.289400 9.341900 -0.415775 -0.275394 0.866770 2.841000 0.000000 0.000000 0.000000 1.000000
0.908520 -0.076398 0.410798 -0.000000 -0.033532 0.966641 0.253930 9.341900 -0.416494 -0.244476 0.875651 2.841000 0.000000 0.000000 0.000000 1.000000
0.909598 -0.055941 0.411706 0.000000 -0.038481 0.975293 0.217537 9.341900 -0.413703 -0.213714 0.884972 2.841000 0.000000 0.000000 0.000000 1.000000
0.910743 -0.034722 0.411512 0.000000 -0.044224 0.982529 0.180778 9.341900 -0.410600 -0.182840 0.893296 2.841000 0.000000 0.000000 0.000000 1.000000
0.911722 -0.013066 0.410601 0.000000 -0.050576 0.988320 0.143753 9.341900 -0.407683 -0.151829 0.900412 2.841000 0.000000 0.000000 0.000000 1.000000
0.912328 0.008701 0.409367 -0.000000 -0.057278 0.992656 0.106554 9.341900 -0.405433 -0.120660 0.906126 2.841000 0.000000 0.000000 0.000000 1.000000
0.912383 0.030253 0.408217 -0.000000 -0.063997 0.995544 0.069256 9.341900 -0.404303 -0.089313 0.910254 2.841000 0.000000 0.000000 0.000000 1.000000</float_array>
        <technique_common>
          <accessor source="#mixamorig_Head-Matrix-animation-output-transform-array" count="46" stride="16">
            <param type="float4x4"/>
          </accessor>
        </technique_common>
      </source>
      <source id="mixamorig_Head-Interpolations">
        <Name_array id="mixamorig_Head-Interpolations-array" count="46">
 LINEAR LINEAR LINEAR LINEAR LINEAR LINEAR LINEAR LINEAR LINEAR LINEAR LINEAR
LINEAR LINEAR LINEAR LINEAR LINEAR LINEAR LINEAR LINEAR LINEAR LINEAR LINEAR LINEAR
LINEAR LINEAR LINEAR LINEAR LINEAR LINEAR LINEAR LINEAR LINEAR LINEAR LINEAR LINEAR
LINEAR LINEAR LINEAR LINEAR LINEAR LINEAR LINEAR LINEAR LINEAR LINEAR LINEAR</Name_array>
        <technique_common>
          <accessor source="#mixamorig_Head-Interpolations-array" count="46">
            <param type="name"/>
          </accessor>
        </technique_common>
      </source>
      <sampler id="mixamorig_Head-Matrix-animation-transform">
        <input semantic="INPUT" source="#mixamorig_Head-Matrix-animation-input"/>
        <input semantic="OUTPUT" source="#mixamorig_Head-Matrix-animation-output-transform"/>
        <input semantic="INTERPOLATION" source="#mixamorig_Head-Interpolations"/>
      </sampler>
      <channel source="#mixamorig_Head-Matrix-animation-transform" target="mixamorig_Head/matrix"/>
    </animation>
    <animation id="mixamorig_RightShoulder-anim" name="mixamorig_RightShoulder">
      <source id="mixamorig_RightShoulder-Matrix-animation-input">
        <float_array id="mixamorig_RightShoulder-Matrix-animation-input-array" count="46">

0.000000 0.033333 0.066667 0.100000 0.133333 0.166667 0.200000 0.233333 0.266667 0.300000 0.333333 0.366667 0.400000 0.433333 0.466667 0.500000
0.533333 0.566667 0.600000 0.633333 0.666667 0.700000 0.733333 0.766667 0.800000 0.833333 0.866667 0.900000 0.933333 0.966667 1.000000 1.033333
1.066667 1.100000 1.133333 1.166667 1.200000 1.233333 1.266667 1.300000 1.333333 1.366667 1.400000 1.433333 1.466667 1.500000</float_array>
        <technique_common>
          <accessor source="#mixamorig_RightShoulder-Matrix-animation-input-array" count="46">
            <param name="TIME" type="float"/>
          </accessor>
        </technique_common>
      </source>
      <source id="mixamorig_RightShoulder-Matrix-animation-output-transform">
        <float_array id="mixamorig_RightShoulder-Matrix-animation-output-transform-array" count="736">

-0.517122 -0.850871 0.092751 -4.570000 -0.014126 -0.099866 -0.994901 11.195800 0.855795 -0.515796 0.039624 -0.806600 0.000000 0.000000 0.000000 1.000000
-0.441069 -0.896119 0.049274 -4.570000 -0.006231 -0.051844 -0.998636 11.195800 0.897451 -0.440775 0.017283 -0.806600 0.000000 0.000000 0.000000 1.000000
-0.363544 -0.931537 0.008629 -4.570000 -0.014813 -0.003482 -0.999884 11.195800 0.931459 -0.363629 -0.012533 -0.806600 0.000000 0.000000 0.000000 1.000000
-0.289549 -0.956453 -0.036853 -4.570000 -0.036066 0.049377 -0.998129 11.195800 0.956483 -0.287679 -0.048792 -0.806600 0.000000 0.000000 0.000000 1.000000
-0.223504 -0.970179 -0.093804 -4.570000 -0.065613 0.110996 -0.991653 11.195800 0.972492 -0.215484 -0.088464 -0.806600 0.000000 0.000000 0.000000 1.000000
-0.168748 -0.971340 -0.167398 -4.570000 -0.098551 0.185610 -0.977669 11.195800 0.980720 -0.148483 -0.127048 -0.806600 0.000000 0.000000 0.000000 1.000000
-0.129010 -0.955109 -0.266688 -4.570000 -0.120698 0.282060 -0.951774 11.195800 0.984270 -0.090600 -0.151668 -0.806600 0.000000 0.000000 0.000000 1.000000
-0.139278 -0.924976 -0.353582 -4.570000 -0.118058 0.370026 -0.921490 11.195800 0.983191 -0.086600 -0.160738 -0.806600 0.000000 0.000000 0.000000 1.000000
-0.185799 -0.895826 -0.403701 -4.570000 -0.094002 0.425176 -0.900216 11.195800 0.978081 -0.129310 -0.163207 -0.806600 0.000000 0.000000 0.000000 1.000000
-0.263401 -0.859260 -0.438510 -4.570000 -0.055448 0.467296 -0.882360 11.195800 0.963091 -0.208100 -0.170731 -0.806600 0.000000 0.000000 0.000000 1.000000
-0.334519 -0.833883 -0.439018 -4.570000 -0.019815 0.471977 -0.881388 11.195800 0.942181 -0.286142 -0.174409 -0.806600 0.000000 0.000000 0.000000 1.000000
-0.372909 -0.856581 -0.356662 -4.570000 -0.032958 0.396374 -0.917497 11.195800 0.927282 -0.330388 -0.176043 -0.806600 0.000000 0.000000 0.000000 1.000000
-0.368971 -0.886613 -0.278887 -4.570000 -0.045594 0.316964 -0.947341 11.195800 0.928322 -0.336825 -0.157374 -0.806600 0.000000 0.000000 0.000000 1.000000
-0.324274 -0.922238 -0.210530 -4.570000 0.015705 0.217277 -0.975984 11.195800 0.945833 -0.319793 -0.055973 -0.806600 0.000000 0.000000 0.000000 1.000000
-0.272616 -0.946199 -0.174319 -4.570000 0.187993 0.125304 -0.974145 11.195800 0.943578 -0.298338 0.143719 -0.806600 0.000000 0.000000 0.000000 1.000000
-0.168155 -0.974483 -0.148685 -4.570000 0.271221 0.099274 -0.957384 11.195800 0.947715 -0.201316 0.247607 -0.806600 0.000000 0.000000 0.000000 1.000000
-0.114792 -0.984800 -0.130351 -4.570000 0.142286 0.113566 -0.983289 11.195800 0.983147 -0.131420 0.127087 -0.806600 0.000000 0.000000 0.000000 1.000000
-0.083096 -0.987990 -0.130272 -4.570000 -0.060039 0.135450 -0.988963 11.195800 0.994731 -0.074358 -0.070574 -0.806600 0.000000 0.000000 0.000000 1.000000
0.048956 -0.983955 -0.171571 -4.570000 -0.158826 0.161922 -0.973938 11.195800 0.986092 0.074929 -0.148350 -0.806600 0.000000 0.000000 0.000000 1.000000
0.201797 -0.971564 -0.123864 -4.570000 -0.180439 0.087423 -0.979693 11.195800 0.962663 0.220049 -0.157666 -0.806600 0.000000 0.000000 0.000000 1.000000
0.303344 -0.949299 -0.082548 -4.570000 -0.177837 0.028708 -0.983641 11.195800 0.936139 0.313062 -0.160112 -0.806600 0.000000 0.000000 0.000000 1.000000
0.355999 -0.931210 -0.078182 -4.570000 -0.175925 0.015382 -0.984283 11.195800 0.917777 0.364158 -0.158347 -0.806600 0.000000 0.000000 0.000000 1.000000
0.379354 -0.921713 -0.080847 -4.570000 -0.172847 0.015244 -0.984831 11.195800 0.908963 0.387574 -0.153533 -0.806600 0.000000 0.000000 0.000000 1.000000
0.400543 -0.912326 -0.085004 -4.570000 -0.168851 0.017689 -0.985483 11.195800 0.900585 0.409082 -0.146962 -0.806600 0.000000 0.000000 0.000000 1.000000
0.412906 -0.907093 -0.081800 -4.570000 -0.165727 0.013484 -0.986079 11.195800 0.895569 0.420714 -0.144762 -0.806600 0.000000 0.000000 0.000000 1.000000
0.402230 -0.913716 -0.057740 -4.570000 -0.165821 -0.010682 -0.986098 11.195800 0.900397 0.406213 -0.155810 -0.806600 0.000000 0.000000 0.000000 1.000000
0.383298 -0.923178 -0.028729 -4.570000 -0.167496 -0.038888 -0.985105 11.195800 0.908310 0.382401 -0.169535 -0.806600 0.000000 0.000000 0.000000 1.000000
0.366729 -0.930280 -0.009431 -4.570000 -0.167598 -0.056091 -0.984259 11.195800 0.915107 0.362536 -0.176483 -0.806600 0.000000 0.000000 0.000000 1.000000
0.348519 -0.937273 0.007369 -4.570000 -0.167310 -0.069944 -0.983420 11.195800 0.922248 0.341508 -0.181192 -0.806600 0.000000 0.000000 0.000000 1.000000
0.328904 -0.944066 0.023706 -4.570000 -0.167102 -0.082887 -0.982449 11.195800 0.929462 0.319170 -0.185018 -0.806600 0.000000 0.000000 0.000000 1.000000
0.306407 -0.951021 0.040911 -4.570000 -0.166949 -0.096001 -0.981281 11.195800 0.937146 0.293841 -0.188187 -0.806600 0.000000 0.000000 0.000000 1.000000
0.278759 -0.958404 0.061281 -4.570000 -0.166946 -0.111199 -0.979675 11.195800 0.945739 0.262863 -0.190999 -0.806600 0.000000 0.000000 0.000000 1.000000
0.253624 -0.964143 0.078128 -4.570000 -0.166876 -0.123170 -0.978254 11.195800 0.952800 0.235071 -0.192132 -0.806600 0.000000 0.000000 0.000000 1.000000
0.227155 -0.969300 0.094122 -4.570000 -0.166749 -0.133934 -0.976861 11.195800 0.959477 0.206204 -0.192053 -0.806600 0.000000 0.000000 0.000000 1.000000
0.195427 -0.974312 0.111916 -4.570000 -0.167010 -0.145513 -0.975158 11.195800 0.966393 0.171881 -0.191157 -0.806600 0.000000 0.000000 0.000000 1.000000
0.161112 -0.978157 0.131345 -4.570000 -0.168294 -0.158363 -0.972933 11.195800 0.972481 0.134647 -0.190132 -0.806600 0.000000 0.000000 0.000000 1.000000
0.116895 -0.981300 0.152922 -4.570000 -0.168720 -0.171362 -0.970654 11.195800 0.978708 0.087664 -0.185596 -0.806600 0.000000 0.000000 0.000000 1.000000
0.066515 -0.982238 0.175453 -4.570000 -0.170038 -0.184429 -0.968025 11.195800 0.983190 0.034555 -0.179285 -0.806600 0.000000 0.000000 0.000000 1.000000
0.015772 -0.980383 0.196472 -4.570000 -0.171811 -0.196231 -0.965388 11.195800 0.985004 -0.018530 -0.171535 -0.806600 0.000000 0.000000 0.000000 1.000000
-0.029487 -0.976417 0.213869 -4.570000 -0.173048 -0.205745 -0.963184 11.195800 0.984472 -0.065411 -0.162900 -0.806600 0.000000 0.000000 0.000000 1.000000
-0.063497 -0.972067 0.225949 -4.570000 -0.172358 -0.212322 -0.961879 11.195800 0.982986 -0.100020 -0.154062 -0.806600 0.000000 0.000000 0.000000 1.000000
-0.139520 -0.964907 0.222461 -4.570000 -0.157390 -0.200194 -0.967032 11.195800 0.977631 -0.169933 -0.123936 -0.806600 0.000000 0.000000 0.000000 1.000000
-0.232888 -0.950278 0.206725 -4.570000 -0.133053 -0.179437 -0.974730 11.195800 0.963359 -0.254508 -0.084649 -0.806600 0.000000 0.000000 0.000000 1.000000
-0.333394 -0.925835 0.177981 -4.570000 -0.099332 -0.153236 -0.983184 11.195800 0.937540 -0.345467 -0.040877 -0.806600 0.000000 0.000000 0.000000 1.000000
-0.430966 -0.891716 0.138241 -4.570000 -0.058197 -0.125412 -0.990396 11.195800 0.900489 -0.434872 0.002153 -0.806600 0.000000 0.000000 0.000000 1.000000
-0.517122 -0.850871 0.092751 -4.570000 -0.014126 -0.099866 -0.994901 11.195800 0.855795 -0.515795 0.039624 -0.806600 0.000000 0.000000 0.000000 1.000000</float_array>
        <technique_common>
          <accessor source="#mixamorig_RightShoulder-Matrix-animation-output-transform-array" count="46" stride="16">
            <param type="float4x4"/>
          </accessor>
        </technique_common>
      </source>
      <source id="mixamorig_RightShoulder-Interpolations">
        <Name_array id="mixamorig_RightShoulder-Interpolations-array" count="46">
 LINEAR LINEAR LINEAR LINEAR LINEAR LINEAR LINEAR LINEAR LINEAR LINEAR LINEAR
LINEAR LINEAR LINEAR LINEAR LINEAR LINEAR LINEAR LINEAR LINEAR LINEAR LINEAR LINEAR
LINEAR LINEAR LINEAR LINEAR LINEAR LINEAR LINEAR LINEAR LINEAR LINEAR LINEAR LINEAR
LINEAR LINEAR LINEAR LINEAR LINEAR LINEAR LINEAR LINEAR LINEAR LINEAR LINEAR</Name_array>
        <technique_common>
          <accessor source="#mixamorig_RightShoulder-Interpolations-array" count="46">
            <param type="name"/>
          </accessor>
        </technique_common>
      </source>
      <sampler id="mixamorig_RightShoulder-Matrix-animation-transform">
        <input semantic="INPUT" source="#mixamorig_RightShoulder-Matrix-animation-input"/>
        <input semantic="OUTPUT" source="#mixamorig_RightShoulder-Matrix-animation-output-transform"/>
        <input semantic="INTERPOLATION" source="#mixamorig_RightShoulder-Interpolations"/>
      </sampler>
      <channel source="#mixamorig_RightShoulder-Matrix-animation-transform" target="mixamorig_RightShoulder/matrix"/>
    </animation>
    <animation id="mixamorig_RightArm-anim" name="mixamorig_RightArm">
      <source id="mixamorig_RightArm-Matrix-animation-input">
        <float_array id="mixamorig_RightArm-Matrix-animation-input-array" count="46">

0.000000 0.033333 0.066667 0.100000 0.133333 0.166667 0.200000 0.233333 0.266667 0.300000 0.333333 0.366667 0.400000 0.433333 0.466667 0.500000
0.533333 0.566667 0.600000 0.633333 0.666667 0.700000 0.733333 0.766667 0.800000 0.833333 0.866667 0.900000 0.933333 0.966667 1.000000 1.033333
1.066667 1.100000 1.133333 1.166667 1.200000 1.233333 1.266667 1.300000 1.333333 1.366667 1.400000 1.433333 1.466667 1.500000</float_array>
        <technique_common>
          <accessor source="#mixamorig_RightArm-Matrix-animation-input-array" count="46">
            <param name="TIME" type="float"/>
          </accessor>
        </technique_common>
      </source>
      <source id="mixamorig_RightArm-Matrix-animation-output-transform">
        <float_array id="mixamorig_RightArm-Matrix-animation-output-transform-array" count="736">

0.968645 0.117911 -0.218689 0.000000 -0.242112 0.645536 -0.724338 10.838200 0.055764 0.754573 0.653843 0.000000 0.000000 0.000000 0.000000 1.000000
0.979484 0.147063 -0.137784 0.000000 -0.201141 0.671268 -0.713401 10.838200 -0.012424 0.726479 0.687077 -0.000000 0.000000 0.000000 0.000000 1.000000
0.976121 0.209181 -0.058569 0.000000 -0.191005 0.698091 -0.690062 10.838200 -0.103461 0.684772 0.721376 0.000000 0.000000 0.000000 0.000000 1.000000
0.963745 0.266822 -0.001436 0.000000 -0.205095 0.737327 -0.643649 10.838200 -0.170681 0.620608 0.765319 -0.000000 0.000000 0.000000 0.000000 1.000000
0.954417 0.295854 0.039473 0.000000 -0.216328 0.776780 -0.591452 10.838200 -0.205645 0.555953 0.805373 0.000000 0.000000 0.000000 0.000000 1.000000
0.940116 0.321619 0.112884 -0.000000 -0.210276 0.807888 -0.550546 10.838200 -0.268263 0.493841 0.827137 -0.000000 0.000000 0.000000 0.000000 1.000000
0.908158 0.305262 0.286469 0.000000 -0.103248 0.826493 -0.553398 10.838200 -0.405696 0.472995 0.782104 0.000000 0.000000 0.000000 0.000000 1.000000
0.815016 0.299723 0.495898 0.000000 0.008024 0.849905 -0.526875 10.838200 -0.579383 0.433391 0.690281 0.000000 0.000000 0.000000 0.000000 1.000000
0.675383 0.284750 0.680275 0.000000 0.070644 0.893226 -0.444023 10.838200 -0.734075 0.347944 0.583154 0.000000 0.000000 0.000000 0.000000 1.000000
0.547192 0.222972 0.806762 -0.000000 0.107648 0.937113 -0.332011 10.838200 -0.830056 0.268520 0.488778 0.000000 0.000000 0.000000 0.000000 1.000000
0.437272 0.149028 0.886895 -0.000000 0.140195 0.962822 -0.230908 10.838200 -0.888335 0.225308 0.400123 0.000000 0.000000 0.000000 0.000000 1.000000
0.389639 0.056931 0.919206 0.000000 0.150522 0.980730 -0.124545 10.838200 -0.908584 0.186888 0.373561 -0.000000 0.000000 0.000000 0.000000 1.000000
0.387831 -0.039814 0.920870 0.000000 0.179518 0.983198 -0.033096 10.838200 -0.904080 0.178149 0.388462 0.000000 0.000000 0.000000 0.000000 1.000000
0.282856 0.009899 0.959111 0.000000 0.180013 0.981631 -0.063219 10.838200 -0.942119 0.190535 0.275878 0.000000 0.000000 0.000000 0.000000 1.000000
0.134161 0.093660 0.986523 0.000000 0.152045 0.981790 -0.113888 10.838200 -0.979226 0.165275 0.117478 -0.000000 0.000000 0.000000 0.000000 1.000000
0.082192 0.188926 0.978546 0.000000 0.218087 0.954661 -0.202633 10.838200 -0.972462 0.230062 0.037263 0.000000 0.000000 0.000000 0.000000 1.000000
-0.038580 0.308621 0.950402 -0.000000 0.224147 0.929546 -0.292750 10.838200 -0.973791 0.201736 -0.105039 -0.000000 0.000000 0.000000 0.000000 1.000000
-0.003955 0.514524 0.857467 0.000000 0.200411 0.840485 -0.503409 10.838200 -0.979704 0.169855 -0.106441 0.000000 0.000000 0.000000 0.000000 1.000000
0.304815 0.730345 0.611296 -0.000000 -0.227841 0.679122 -0.697770 10.838200 -0.924757 0.073412 0.373409 0.000000 0.000000 0.000000 0.000000 1.000000
0.177215 0.931450 0.317798 -0.000000 -0.310402 0.359326 -0.880077 10.838200 -0.933941 0.057318 0.352802 0.000000 0.000000 0.000000 0.000000 1.000000
0.247289 0.966104 0.074100 0.000000 -0.176574 0.120127 -0.976929 10.838200 -0.952717 0.228500 0.200295 0.000000 0.000000 0.000000 0.000000 1.000000
0.368505 0.929186 0.028576 -0.000000 -0.130564 0.082166 -0.988029 10.838200 -0.920411 0.360363 0.151597 -0.000000 0.000000 0.000000 0.000000 1.000000
0.391104 0.919478 0.039965 -0.000000 -0.210058 0.131458 -0.968811 10.838200 -0.896054 0.370511 0.244557 -0.000000 0.000000 0.000000 0.000000 1.000000
0.340579 0.938992 0.047964 0.000000 -0.355366 0.175787 -0.918049 10.838200 -0.870472 0.295623 0.393555 0.000000 0.000000 0.000000 0.000000 1.000000
0.322214 0.942914 0.084211 0.000000 -0.488018 0.241671 -0.838710 10.838200 -0.811182 0.229147 0.538028 0.000000 0.000000 0.000000 0.000000 1.000000
0.308926 0.938622 0.153474 -0.000000 -0.572769 0.312428 -0.757842 10.838200 -0.759277 0.146212 0.634130 -0.000000 0.000000 0.000000 0.000000 1.000000
0.312295 0.923660 0.222091 0.000000 -0.626497 0.375986 -0.682741 10.838200 -0.714124 0.074078 0.696089 -0.000000 0.000000 0.000000 0.000000 1.000000
0.334064 0.906408 0.258508 0.000000 -0.643785 0.419746 -0.639808 10.838200 -0.688435 0.047314 0.723754 0.000000 0.000000 0.000000 0.000000 1.000000
0.361990 0.890320 0.276215 -0.000000 -0.644696 0.453128 -0.615664 10.838200 -0.673299 0.044790 0.738013 0.000000 0.000000 0.000000 0.000000 1.000000
0.393062 0.876867 0.276779 0.000000 -0.642251 0.477221 -0.599811 10.838200 -0.658039 0.058001 0.750747 0.000000 0.000000 0.000000 0.000000 1.000000
0.433399 0.861506 0.264522 0.000000 -0.641523 0.501076 -0.580837 10.838200 -0.632940 0.082037 0.769842 0.000000 0.000000 0.000000 0.000000 1.000000
0.497303 0.835958 0.232088 0.000000 -0.655431 0.537275 -0.530797 10.838200 -0.568419 0.111849 0.815101 0.000000 0.000000 0.000000 0.000000 1.000000
0.560035 0.808258 0.181879 -0.000000 -0.668658 0.570595 -0.476779 10.838200 -0.489140 0.145398 0.860001 0.000000 0.000000 0.000000 0.000000 1.000000
0.620332 0.775790 0.115491 0.000000 -0.677878 0.604358 -0.418608 10.838200 -0.394550 0.181387 0.900793 0.000000 0.000000 0.000000 0.000000 1.000000
0.676666 0.735490 0.034301 -0.000000 -0.678954 0.641320 -0.357394 10.838200 -0.284858 0.218547 0.933324 0.000000 0.000000 0.000000 0.000000 1.000000
0.724631 0.683626 -0.086975 -0.000000 -0.674687 0.678056 -0.291610 10.838200 -0.140378 0.269991 0.952575 -0.000000 0.000000 0.000000 0.000000 1.000000
0.770268 0.623300 -0.134846 0.000000 -0.634671 0.728599 -0.257561 10.838200 -0.062289 0.283973 0.956807 0.000000 0.000000 0.000000 0.000000 1.000000
0.817407 0.556005 -0.150678 0.000000 -0.575957 0.783849 -0.232067 10.838200 -0.010921 0.276477 0.960959 0.000000 0.000000 0.000000 0.000000 1.000000
0.862804 0.483665 -0.147098 0.000000 -0.505280 0.834360 -0.220307 10.838200 0.016178 0.264407 0.964275 0.000000 0.000000 0.000000 0.000000 1.000000
0.901670 0.411644 -0.132437 -0.000000 -0.431924 0.872065 -0.230095 10.838200 0.020776 0.264673 0.964114 -0.000000 0.000000 0.000000 0.000000 1.000000
0.930915 0.347748 -0.111664 0.000000 -0.365205 0.890303 -0.272004 10.838200 0.004826 0.293993 0.955795 0.000000 0.000000 0.000000 0.000000 1.000000
0.946341 0.296129 -0.129407 0.000000 -0.323057 0.877441 -0.354586 10.838200 0.008544 0.377365 0.926025 0.000000 0.000000 0.000000 0.000000 1.000000
0.955968 0.247989 -0.156929 0.000000 -0.292714 0.844106 -0.449226 10.838200 0.021061 0.475381 0.879528 0.000000 0.000000 0.000000 0.000000 1.000000
0.961512 0.202246 -0.185984 0.000000 -0.272338 0.791205 -0.547564 10.838200 0.036409 0.577140 0.815833 0.000000 0.000000 0.000000 0.000000 1.000000
0.964971 0.158686 -0.208925 0.000000 -0.257702 0.722651 -0.641378 10.838200 0.049202 0.672751 0.738231 0.000000 0.000000 0.000000 0.000000 1.000000
0.968644 0.117911 -0.218689 -0.000000 -0.242112 0.645536 -0.724338 10.838200 0.055764 0.754573 0.653843 0.000000 0.000000 0.000000 0.000000 1.000000</float_array>
        <technique_common>
          <accessor source="#mixamorig_RightArm-Matrix-animation-output-transform-array" count="46" stride="16">
            <param type="float4x4"/>
          </accessor>
        </technique_common>
      </source>
      <source id="mixamorig_RightArm-Interpolations">
        <Name_array id="mixamorig_RightArm-Interpolations-array" count="46">
 LINEAR LINEAR LINEAR LINEAR LINEAR LINEAR LINEAR LINEAR LINEAR LINEAR LINEAR
LINEAR LINEAR LINEAR LINEAR LINEAR LINEAR LINEAR LINEAR LINEAR LINEAR LINEAR LINEAR
LINEAR LINEAR LINEAR LINEAR LINEAR LINEAR LINEAR LINEAR LINEAR LINEAR LINEAR LINEAR
LINEAR LINEAR LINEAR LINEAR LINEAR LINEAR LINEAR LINEAR LINEAR LINEAR LINEAR</Name_array>
        <technique_common>
          <accessor source="#mixamorig_RightArm-Interpolations-array" count="46">
            <param type="name"/>
          </accessor>
        </technique_common>
      </source>
      <sampler id="mixamorig_RightArm-Matrix-animation-transform">
        <input semantic="INPUT" source="#mixamorig_RightArm-Matrix-animation-input"/>
        <input semantic="OUTPUT" source="#mixamorig_RightArm-Matrix-animation-output-transform"/>
        <input semantic="INTERPOLATION" source="#mixamorig_RightArm-Interpolations"/>
      </sampler>
      <channel source="#mixamorig_RightArm-Matrix-animation-transform" target="mixamorig_RightArm/matrix"/>
    </animation>
    <animation id="mixamorig_RightForeArm-anim" name="mixamorig_RightForeArm">
      <source id="mixamorig_RightForeArm-Matrix-animation-input">
        <float_array id="mixamorig_RightForeArm-Matrix-animation-input-array" count="46">

0.000000 0.033333 0.066667 0.100000 0.133333 0.166667 0.200000 0.233333 0.266667 0.300000 0.333333 0.366667 0.400000 0.433333 0.466667 0.500000
0.533333 0.566667 0.600000 0.633333 0.666667 0.700000 0.733333 0.766667 0.800000 0.833333 0.866667 0.900000 0.933333 0.966667 1.000000 1.033333
1.066667 1.100000 1.133333 1.166667 1.200000 1.233333 1.266667 1.300000 1.333333 1.366667 1.400000 1.433333 1.466667 1.500000</float_array>
        <technique_common>
          <accessor source="#mixamorig_RightForeArm-Matrix-animation-input-array" count="46">
            <param name="TIME" type="float"/>
          </accessor>
        </technique_common>
      </source>
      <source id="mixamorig_RightForeArm-Matrix-animation-output-transform">
        <float_array id="mixamorig_RightForeArm-Matrix-animation-output-transform-array" count="736">

0.266616 0.963801 0.001719 0.000000 -0.960679 0.265895 -0.079967 27.841499 -0.077529 0.019669 0.996796 0.000000 0.000000 0.000000 0.000000 1.000000
0.150281 0.988131 0.031832 0.000000 -0.927005 0.152029 -0.342854 27.841499 -0.343624 0.022016 0.938849 0.000000 0.000000 0.000000 0.000000 1.000000
0.051177 0.998644 0.009568 -0.000000 -0.898557 0.050225 -0.435973 27.841499 -0.435863 0.013714 0.899909 -0.000000 0.000000 0.000000 0.000000 1.000000
-0.014630 0.999856 -0.008545 -0.000000 -0.881298 -0.016931 -0.472258 27.841499 -0.472335 0.000622 0.881419 -0.000000 0.000000 0.000000 0.000000 1.000000
-0.060609 0.997734 -0.029222 -0.000000 -0.839297 -0.066787 -0.539555 27.841499 -0.540284 -0.008176 0.841443 0.000000 0.000000 0.000000 0.000000 1.000000
-0.098730 0.993992 -0.047245 -0.000000 -0.808371 -0.107800 -0.578718 27.841499 -0.580334 -0.018946 0.814158 -0.000000 0.000000 0.000000 0.000000 1.000000
-0.136995 0.989117 -0.053660 0.000000 -0.827119 -0.144030 -0.543258 27.841499 -0.545075 -0.030041 0.837849 -0.000000 0.000000 0.000000 0.000000 1.000000
-0.154299 0.987283 -0.038253 0.000000 -0.869877 -0.154105 -0.468577 27.841499 -0.468514 -0.039026 0.882594 0.000000 0.000000 0.000000 0.000000 1.000000
-0.159683 0.986873 -0.024155 0.000000 -0.893494 -0.154891 -0.421518 27.841499 -0.419727 -0.045727 0.906498 0.000000 0.000000 0.000000 0.000000 1.000000
-0.169708 0.985055 -0.029411 0.000000 -0.887925 -0.165785 -0.429074 27.841499 -0.427537 -0.046702 0.902791 -0.000000 0.000000 0.000000 0.000000 1.000000
-0.161942 0.986249 -0.032993 0.000000 -0.863246 -0.157785 -0.479489 27.841499 -0.478101 -0.049169 0.876928 -0.000000 0.000000 0.000000 0.000000 1.000000
-0.109056 0.994020 0.005554 0.000000 -0.808311 -0.085427 -0.582525 27.841499 -0.578567 -0.068017 0.812794 0.000000 0.000000 0.000000 0.000000 1.000000
-0.071330 0.995925 0.055178 0.000000 -0.715422 -0.012536 -0.698580 27.841499 -0.695042 -0.089305 0.713401 0.000000 0.000000 0.000000 0.000000 1.000000
-0.034738 0.992465 0.117502 0.000000 -0.694511 0.060571 -0.716928 27.841499 -0.718643 -0.106511 0.687174 0.000000 0.000000 0.000000 0.000000 1.000000
-0.001938 0.984458 0.175612 0.000000 -0.707758 0.122712 -0.695716 27.841499 -0.706453 -0.125639 0.696520 -0.000000 0.000000 0.000000 0.000000 1.000000
-0.040172 0.977043 0.209219 -0.000000 -0.665721 0.129973 -0.734794 27.841499 -0.745118 -0.168799 0.645217 0.000000 0.000000 0.000000 0.000000 1.000000
-0.001603 0.927156 0.374673 0.000000 -0.636581 0.288006 -0.715414 27.841499 -0.771208 -0.239656 0.589748 0.000000 0.000000 0.000000 0.000000 1.000000
0.057981 0.814012 0.577947 0.000000 -0.526133 0.516913 -0.675266 27.841499 -0.848423 -0.264924 0.458250 -0.000000 0.000000 0.000000 0.000000 1.000000
-0.231404 0.551843 0.801200 0.000000 -0.032237 0.818751 -0.573243 27.841499 -0.972324 -0.158479 -0.171673 -0.000000 0.000000 0.000000 0.000000 1.000000
0.047871 0.324712 0.944601 -0.000000 -0.029593 0.945731 -0.323601 27.841499 -0.998415 -0.012462 0.054882 0.000000 0.000000 0.000000 0.000000 1.000000
0.349493 0.313311 0.883001 0.000000 -0.118752 0.949644 -0.289956 27.841499 -0.929383 -0.003521 0.369100 0.000000 0.000000 0.000000 0.000000 1.000000
0.737629 0.491479 0.462981 0.000000 -0.364299 0.867010 -0.339971 27.841499 -0.568498 0.082109 0.818577 0.000000 0.000000 0.000000 0.000000 1.000000
0.832761 0.551184 -0.052007 0.000000 -0.543443 0.795880 -0.266918 27.841499 -0.105730 0.250541 0.962315 0.000000 0.000000 0.000000 0.000000 1.000000
0.746654 0.472267 -0.468478 -0.000000 -0.606171 0.773097 -0.186757 27.841499 0.273980 0.423421 0.863510 0.000000 0.000000 0.000000 0.000000 1.000000
0.528364 0.410589 -0.743134 0.000000 -0.714241 0.688169 -0.127601 27.841499 0.459011 0.598197 0.656863 -0.000000 0.000000 0.000000 0.000000 1.000000
0.334763 0.357948 -0.871669 0.000000 -0.821684 0.563707 -0.084082 27.841499 0.461269 0.744384 0.482828 0.000000 0.000000 0.000000 0.000000 1.000000
0.189569 0.319001 -0.928602 0.000000 -0.893511 0.448139 -0.028457 27.841499 0.407065 0.835111 0.369984 0.000000 0.000000 0.000000 0.000000 1.000000
0.069412 0.338468 -0.938415 0.000000 -0.917346 0.391289 0.073277 27.841499 0.391993 0.855764 0.337652 0.000000 0.000000 0.000000 0.000000 1.000000
-0.015616 0.395730 -0.918234 0.000000 -0.911584 0.371684 0.175687 27.841499 0.410818 0.839791 0.354937 0.000000 0.000000 0.000000 0.000000 1.000000
-0.066574 0.473267 -0.878400 0.000000 -0.880922 0.385533 0.274484 27.841499 0.468556 0.792075 0.391245 -0.000000 0.000000 0.000000 0.000000 1.000000
-0.072709 0.572658 -0.816564 0.000000 -0.839569 0.406803 0.360049 27.841499 0.538365 0.711740 0.451208 -0.000000 0.000000 0.000000 0.000000 1.000000
-0.002387 0.693266 -0.720678 0.000000 -0.821369 0.409713 0.396849 27.841499 0.570393 0.592889 0.568449 -0.000000 0.000000 0.000000 0.000000 1.000000
0.054523 0.805077 -0.590659 0.000000 -0.811083 0.380725 0.444064 27.841499 0.582385 0.454861 0.673743 -0.000000 0.000000 0.000000 0.000000 1.000000
0.083554 0.898204 -0.431565 0.000000 -0.800637 0.318354 0.507573 27.841499 0.593295 0.303117 0.745735 0.000000 0.000000 0.000000 0.000000 1.000000
0.107071 0.961310 -0.253809 -0.000000 -0.802559 0.234248 0.548658 27.841499 0.586885 0.144952 0.796589 0.000000 0.000000 0.000000 0.000000 1.000000
0.129728 0.990664 -0.041895 0.000000 -0.811082 0.130326 0.570228 27.841499 0.570365 -0.039994 0.820417 0.000000 0.000000 0.000000 0.000000 1.000000
0.112482 0.991210 0.069642 0.000000 -0.887423 0.068679 0.455810 27.841499 0.447021 -0.113073 0.887348 -0.000000 0.000000 0.000000 0.000000 1.000000
0.053990 0.990191 0.128865 0.000000 -0.975053 0.024453 0.220620 27.841499 0.215305 -0.137562 0.966809 -0.000000 0.000000 0.000000 0.000000 1.000000
-0.012624 0.991256 0.131345 -0.000000 -0.997612 -0.003566 -0.068971 27.841499 -0.067900 -0.131902 0.988935 0.000000 0.000000 0.000000 0.000000 1.000000
-0.052727 0.993325 0.102590 0.000000 -0.945395 -0.016565 -0.325506 27.841499 -0.321633 -0.114151 0.939958 0.000000 0.000000 0.000000 0.000000 1.000000
-0.062514 0.994625 0.082536 -0.000000 -0.877841 -0.015450 -0.478703 27.841499 -0.474855 -0.102379 0.874089 -0.000000 0.000000 0.000000 0.000000 1.000000
-0.016913 0.996223 0.085171 -0.000000 -0.885812 0.024579 -0.463393 27.841499 -0.463736 -0.083283 0.882050 0.000000 0.000000 0.000000 0.000000 1.000000
0.049301 0.995068 0.086075 -0.000000 -0.916606 0.079309 -0.391847 27.841499 -0.396741 -0.059578 0.915995 0.000000 0.000000 0.000000 0.000000 1.000000
0.126347 0.989279 0.073230 0.000000 -0.947513 0.142209 -0.286348 27.841499 -0.293693 -0.033207 0.955323 -0.000000 0.000000 0.000000 0.000000 1.000000
0.202217 0.978409 0.042701 -0.000000 -0.963007 0.206585 -0.173034 27.841499 -0.178119 -0.006131 0.983990 -0.000000 0.000000 0.000000 0.000000 1.000000
0.266616 0.963801 0.001719 0.000000 -0.960679 0.265895 -0.079967 27.841499 -0.077529 0.019669 0.996796 0.000000 0.000000 0.000000 0.000000 1.000000</float_array>
        <technique_common>
          <accessor source="#mixamorig_RightForeArm-Matrix-animation-output-transform-array" count="46" stride="16">
            <param type="float4x4"/>
          </accessor>
        </technique_common>
      </source>
      <source id="mixamorig_RightForeArm-Interpolations">
        <Name_array id="mixamorig_RightForeArm-Interpolations-array" count="46">
 LINEAR LINEAR LINEAR LINEAR LINEAR LINEAR LINEAR LINEAR LINEAR LINEAR LINEAR
LINEAR LINEAR LINEAR LINEAR LINEAR LINEAR LINEAR LINEAR LINEAR LINEAR LINEAR LINEAR
LINEAR LINEAR LINEAR LINEAR LINEAR LINEAR LINEAR LINEAR LINEAR LINEAR LINEAR LINEAR
LINEAR LINEAR LINEAR LINEAR LINEAR LINEAR LINEAR LINEAR LINEAR LINEAR LINEAR</Name_array>
        <technique_common>
          <accessor source="#mixamorig_RightForeArm-Interpolations-array" count="46">
            <param type="name"/>
          </accessor>
        </technique_common>
      </source>
      <sampler id="mixamorig_RightForeArm-Matrix-animation-transform">
        <input semantic="INPUT" source="#mixamorig_RightForeArm-Matrix-animation-input"/>
        <input semantic="OUTPUT" source="#mixamorig_RightForeArm-Matrix-animation-output-transform"/>
        <input semantic="INTERPOLATION" source="#mixamorig_RightForeArm-Interpolations"/>
      </sampler>
      <channel source="#mixamorig_RightForeArm-Matrix-animation-transform" target="mixamorig_RightForeArm/matrix"/>
    </animation>
    <animation id="mixamorig_RightHand-anim" name="mixamorig_RightHand">
      <source id="mixamorig_RightHand-Matrix-animation-input">
        <float_array id="mixamorig_RightHand-Matrix-animation-input-array" count="46">

0.000000 0.033333 0.066667 0.100000 0.133333 0.166667 0.200000 0.233333 0.266667 0.300000 0.333333 0.366667 0.400000 0.433333 0.466667 0.500000
0.533333 0.566667 0.600000 0.633333 0.666667 0.700000 0.733333 0.766667 0.800000 0.833333 0.866667 0.900000 0.933333 0.966667 1.000000 1.033333
1.066667 1.100000 1.133333 1.166667 1.200000 1.233333 1.266667 1.300000 1.333333 1.366667 1.400000 1.433333 1.466667 1.500000</float_array>
        <technique_common>
          <accessor source="#mixamorig_RightHand-Matrix-animation-input-array" count="46">
            <param name="TIME" type="float"/>
          </accessor>
        </technique_common>
      </source>
      <source id="mixamorig_RightHand-Matrix-animation-output-transform">
        <float_array id="mixamorig_RightHand-Matrix-animation-output-transform-array" count="736">

0.884762 0.464485 -0.038080 0.000000 -0.464148 0.870856 -0.161792 28.328800 -0.041988 0.160822 0.986090 -0.000000 0.000000 0.000000 0.000000 1.000000
0.966561 0.236983 -0.097977 0.000000 -0.251587 0.950298 -0.183407 28.328800 0.049643 0.201923 0.978142 0.000000 0.000000 0.000000 0.000000 1.000000
0.993769 0.043959 -0.102427 -0.000000 -0.051688 0.995913 -0.074067 28.328800 0.098752 0.078900 0.991979 0.000000 0.000000 0.000000 0.000000 1.000000
0.993716 -0.065384 -0.090846 0.000000 0.065214 0.997860 -0.004845 28.328800 0.090968 -0.001110 0.995853 -0.000000 0.000000 0.000000 0.000000 1.000000
0.990260 -0.122704 -0.065799 0.000000 0.122109 0.992432 -0.013000 28.328800 0.066896 0.004839 0.997748 0.000000 0.000000 0.000000 0.000000 1.000000
0.987939 -0.150340 -0.037064 0.000000 0.148528 0.987763 -0.047570 28.328800 0.043762 0.041491 0.998180 0.000000 0.000000 0.000000 0.000000 1.000000
0.986536 -0.163216 -0.010369 0.000000 0.161767 0.983171 -0.084891 28.328800 0.024050 0.082071 0.996336 0.000000 0.000000 0.000000 0.000000 1.000000
0.986377 -0.164354 0.007000 0.000000 0.164327 0.982455 -0.088199 28.328800 0.007619 0.088148 0.996078 0.000000 0.000000 0.000000 0.000000 1.000000
0.989059 -0.147509 -0.002040 0.000000 0.147520 0.989033 0.007162 28.328800 0.000961 -0.007384 0.999972 0.000000 0.000000 0.000000 0.000000 1.000000
0.997460 -0.064033 -0.031197 0.000000 0.068018 0.986290 0.150349 28.328800 0.021142 -0.152089 0.988141 0.000000 0.000000 0.000000 0.000000 1.000000
0.995132 0.085096 -0.049705 -0.000000 -0.070933 0.968629 0.238172 28.328800 0.068413 -0.233487 0.969950 0.000000 0.000000 0.000000 0.000000 1.000000
0.945808 0.323207 -0.031380 0.000000 -0.306431 0.920320 0.243128 28.328800 0.107460 -0.220336 0.969487 0.000000 0.000000 0.000000 0.000000 1.000000
0.816808 0.576615 0.018453 -0.000000 -0.561794 0.787724 0.252742 28.328800 0.131199 -0.216808 0.967358 0.000000 0.000000 0.000000 0.000000 1.000000
0.714889 0.697196 0.053402 0.000000 -0.683925 0.681296 0.260927 28.328800 0.145535 -0.223057 0.963880 -0.000000 0.000000 0.000000 0.000000 1.000000
0.691326 0.720335 0.056441 0.000000 -0.714626 0.670131 0.200585 28.328800 0.106666 -0.179004 0.978049 0.000000 0.000000 0.000000 0.000000 1.000000
0.743030 0.667903 0.042572 -0.000000 -0.667225 0.734318 0.124853 28.328800 0.052128 -0.121174 0.991262 -0.000000 0.000000 0.000000 0.000000 1.000000
0.835864 0.542990 0.080580 0.000000 -0.547137 0.835976 0.042265 28.328800 -0.044414 -0.079416 0.995852 0.000000 0.000000 0.000000 0.000000 1.000000
0.948387 0.267708 0.169982 0.000000 -0.284922 0.954672 0.086146 28.328800 -0.139215 -0.130132 0.981675 -0.000000 0.000000 0.000000 0.000000 1.000000
0.989000 -0.143724 0.034979 0.000000 0.134316 0.971636 0.194634 28.328800 -0.061960 -0.187795 0.980252 0.000000 0.000000 0.000000 0.000000 1.000000
0.894268 -0.447018 0.021432 0.000000 0.442846 0.890802 0.101778 28.328800 -0.064588 -0.081525 0.994576 0.000000 0.000000 0.000000 0.000000 1.000000
0.872681 -0.487151 0.033334 0.000000 0.487488 0.873127 -0.002304 28.328800 -0.027982 0.018261 0.999442 0.000000 0.000000 0.000000 0.000000 1.000000
0.556294 -0.830926 0.009911 -0.000000 0.828499 0.553669 -0.083909 28.328800 0.064235 0.054889 0.996424 0.000000 0.000000 0.000000 0.000000 1.000000
0.406664 -0.911363 0.063572 0.000000 0.896708 0.384876 -0.218599 28.328800 0.174756 0.145901 0.973742 0.000000 0.000000 0.000000 0.000000 1.000000
0.450781 -0.889422 0.075664 0.000000 0.870476 0.419240 -0.257893 28.328800 0.197654 0.182117 0.963206 -0.000000 0.000000 0.000000 0.000000 1.000000
0.511525 -0.856976 0.062727 -0.000000 0.841986 0.485332 -0.235613 28.328800 0.171471 0.173337 0.969821 0.000000 0.000000 0.000000 0.000000 1.000000
0.538051 -0.841170 0.054177 -0.000000 0.833066 0.520871 -0.186262 28.328800 0.128459 0.145352 0.981005 0.000000 0.000000 0.000000 0.000000 1.000000
0.566405 -0.823092 0.041286 -0.000000 0.819632 0.557383 -0.132391 28.328800 0.085957 0.108826 0.990337 0.000000 0.000000 0.000000 0.000000 1.000000
0.609621 -0.792462 0.019126 -0.000000 0.788953 0.604228 -0.111629 28.328800 0.076905 0.083141 0.993566 0.000000 0.000000 0.000000 0.000000 1.000000
0.663135 -0.748452 -0.008448 0.000000 0.744181 0.660477 -0.099822 28.328800 0.080292 0.059909 0.994969 -0.000000 0.000000 0.000000 0.000000 1.000000
0.729844 -0.682382 -0.041022 0.000000 0.677822 0.730151 -0.086238 28.328800 0.088799 0.035135 0.995430 0.000000 0.000000 0.000000 0.000000 1.000000
0.795576 -0.602148 -0.066909 -0.000000 0.598391 0.798250 -0.068745 28.328800 0.094805 0.014655 0.995388 0.000000 0.000000 0.000000 0.000000 1.000000
0.839808 -0.541919 -0.032352 -0.000000 0.539443 0.839701 -0.062482 28.328800 0.061026 0.035021 0.997522 0.000000 0.000000 0.000000 0.000000 1.000000
0.851638 -0.524028 0.010344 -0.000000 0.523243 0.848882 -0.074939 28.328800 0.030489 0.069233 0.997134 -0.000000 0.000000 0.000000 0.000000 1.000000
0.848307 -0.528260 0.036291 0.000000 0.529220 0.843605 -0.090867 28.328800 0.017386 0.096289 0.995202 0.000000 0.000000 0.000000 0.000000 1.000000
0.841198 -0.537913 0.055092 0.000000 0.540600 0.834420 -0.107212 28.328800 0.011701 0.119969 0.992709 0.000000 0.000000 0.000000 0.000000 1.000000
0.826327 -0.558819 0.070042 0.000000 0.563146 0.818271 -0.115321 28.328800 0.007130 0.134736 0.990856 0.000000 0.000000 0.000000 0.000000 1.000000
0.846842 -0.527988 0.063935 0.000000 0.531294 0.834358 -0.146878 28.328800 0.024205 0.158351 0.987086 -0.000000 0.000000 0.000000 0.000000 1.000000
0.876756 -0.478289 0.050377 0.000000 0.478540 0.857148 -0.190517 28.328800 0.047942 0.191145 0.980390 0.000000 0.000000 0.000000 0.000000 1.000000
0.910758 -0.412122 0.025982 -0.000000 0.405966 0.882086 -0.238991 28.328800 0.075575 0.228211 0.970674 0.000000 0.000000 0.000000 0.000000 1.000000
0.943319 -0.331748 -0.009601 -0.000000 0.315463 0.905248 -0.284620 28.328800 0.103113 0.265459 0.958592 0.000000 0.000000 0.000000 0.000000 1.000000
0.969610 -0.238964 -0.052467 0.000000 0.210234 0.923490 -0.320887 28.328800 0.125133 0.300105 0.945663 -0.000000 0.000000 0.000000 0.000000 1.000000
0.991611 -0.110844 -0.066489 0.000000 0.085404 0.947976 -0.306672 28.328800 0.097023 0.298421 0.949490 0.000000 0.000000 0.000000 0.000000 1.000000
0.997266 0.031933 -0.066637 0.000000 -0.049078 0.960403 -0.274258 28.328800 0.055240 0.276778 0.959345 0.000000 0.000000 0.000000 0.000000 1.000000
0.981727 0.181271 -0.057912 0.000000 -0.189871 0.953417 -0.234405 28.328800 0.012724 0.241118 0.970412 0.000000 0.000000 0.000000 0.000000 1.000000
0.943440 0.328279 -0.046413 0.000000 -0.330862 0.923255 -0.195272 28.328800 -0.021253 0.199583 0.979650 -0.000000 0.000000 0.000000 0.000000 1.000000
0.884762 0.464485 -0.038080 0.000000 -0.464149 0.870856 -0.161792 28.328800 -0.041988 0.160822 0.986090 0.000000 0.000000 0.000000 0.000000 1.000000</float_array>
        <technique_common>
          <accessor source="#mixamorig_RightHand-Matrix-animation-output-transform-array" count="46" stride="16">
            <param type="float4x4"/>
          </accessor>
        </technique_common>
      </source>
      <source id="mixamorig_RightHand-Interpolations">
        <Name_array id="mixamorig_RightHand-Interpolations-array" count="46">
 LINEAR LINEAR LINEAR LINEAR LINEAR LINEAR LINEAR LINEAR LINEAR LINEAR LINEAR
LINEAR LINEAR LINEAR LINEAR LINEAR LINEAR LINEAR LINEAR LINEAR LINEAR LINEAR LINEAR
LINEAR LINEAR LINEAR LINEAR LINEAR LINEAR LINEAR LINEAR LINEAR LINEAR LINEAR LINEAR
LINEAR LINEAR LINEAR LINEAR LINEAR LINEAR LINEAR LINEAR LINEAR LINEAR LINEAR</Name_array>
        <technique_common>
          <accessor source="#mixamorig_RightHand-Interpolations-array" count="46">
            <param type="name"/>
          </accessor>
        </technique_common>
      </source>
      <sampler id="mixamorig_RightHand-Matrix-animation-transform">
        <input semantic="INPUT" source="#mixamorig_RightHand-Matrix-animation-input"/>
        <input semantic="OUTPUT" source="#mixamorig_RightHand-Matrix-animation-output-transform"/>
        <input semantic="INTERPOLATION" source="#mixamorig_RightHand-Interpolations"/>
      </sampler>
      <channel source="#mixamorig_RightHand-Matrix-animation-transform" target="mixamorig_RightHand/matrix"/>
    </animation>
    <animation id="mixamorig_RightHandThumb1-anim" name="mixamorig_RightHandThumb1">
      <source id="mixamorig_RightHandThumb1-Matrix-animation-input">
        <float_array id="mixamorig_RightHandThumb1-Matrix-animation-input-array" count="46">

0.000000 0.033333 0.066667 0.100000 0.133333 0.166667 0.200000 0.233333 0.266667 0.300000 0.333333 0.366667 0.400000 0.433333 0.466667 0.500000
0.533333 0.566667 0.600000 0.633333 0.666667 0.700000 0.733333 0.766667 0.800000 0.833333 0.866667 0.900000 0.933333 0.966667 1.000000 1.033333
1.066667 1.100000 1.133333 1.166667 1.200000 1.233333 1.266667 1.300000 1.333333 1.366667 1.400000 1.433333 1.466667 1.500000</float_array>
        <technique_common>
          <accessor source="#mixamorig_RightHandThumb1-Matrix-animation-input-array" count="46">
            <param name="TIME" type="float"/>
          </accessor>
        </technique_common>
      </source>
      <source id="mixamorig_RightHandThumb1-Matrix-animation-output-transform">
        <float_array id="mixamorig_RightHandThumb1-Matrix-animation-output-transform-array" count="736">

0.992212 -0.095619 0.079832 2.681900 0.120518 0.574892 -0.809305 2.464800 0.031490 0.812623 0.581938 1.574000 0.000000 0.000000 0.000000 1.000000
0.992212 -0.095618 0.079832 2.681900 0.120517 0.574892 -0.809305 2.464800 0.031490 0.812623 0.581938 1.574000 0.000000 0.000000 0.000000 1.000000
0.992212 -0.095618 0.079832 2.681900 0.120517 0.574892 -0.809305 2.464800 0.031490 0.812623 0.581938 1.574000 0.000000 0.000000 0.000000 1.000000
0.992212 -0.095618 0.079832 2.681900 0.120517 0.574892 -0.809305 2.464800 0.031490 0.812623 0.581938 1.574000 0.000000 0.000000 0.000000 1.000000
0.992212 -0.095618 0.079832 2.681900 0.120517 0.574892 -0.809305 2.464800 0.031490 0.812623 0.581938 1.574000 0.000000 0.000000 0.000000 1.000000
0.992212 -0.095618 0.079832 2.681900 0.120518 0.574892 -0.809305 2.464800 0.031489 0.812623 0.581938 1.574000 0.000000 0.000000 0.000000 1.000000
0.992212 -0.095618 0.079832 2.681900 0.120517 0.574892 -0.809305 2.464800 0.031490 0.812623 0.581938 1.574000 0.000000 0.000000 0.000000 1.000000
0.992212 -0.095618 0.079832 2.681900 0.120517 0.574892 -0.809305 2.464800 0.031490 0.812623 0.581938 1.574000 0.000000 0.000000 0.000000 1.000000
0.992212 -0.095618 0.079832 2.681900 0.120517 0.574892 -0.809305 2.464800 0.031489 0.812623 0.581938 1.574000 0.000000 0.000000 0.000000 1.000000
0.992212 -0.095618 0.079832 2.681900 0.120517 0.574892 -0.809305 2.464800 0.031490 0.812623 0.581938 1.574000 0.000000 0.000000 0.000000 1.000000
0.992212 -0.095618 0.079832 2.681900 0.120517 0.574892 -0.809305 2.464800 0.031490 0.812623 0.581938 1.574000 0.000000 0.000000 0.000000 1.000000
0.992212 -0.095618 0.079832 2.681900 0.120517 0.574892 -0.809305 2.464800 0.031490 0.812623 0.581938 1.574000 0.000000 0.000000 0.000000 1.000000
0.992212 -0.095618 0.079832 2.681900 0.120517 0.574892 -0.809305 2.464800 0.031490 0.812623 0.581938 1.574000 0.000000 0.000000 0.000000 1.000000
0.992212 -0.095619 0.079832 2.681900 0.120517 0.574892 -0.809305 2.464800 0.031490 0.812623 0.581938 1.574000 0.000000 0.000000 0.000000 1.000000
0.992212 -0.095619 0.079832 2.681900 0.120517 0.574892 -0.809305 2.464800 0.031490 0.812623 0.581938 1.574000 0.000000 0.000000 0.000000 1.000000
0.992212 -0.095618 0.079832 2.681900 0.120517 0.574892 -0.809305 2.464800 0.031490 0.812623 0.581938 1.574000 0.000000 0.000000 0.000000 1.000000
0.992212 -0.095618 0.079832 2.681900 0.120517 0.574892 -0.809305 2.464800 0.031490 0.812623 0.581938 1.574000 0.000000 0.000000 0.000000 1.000000
0.992212 -0.095618 0.079832 2.681900 0.120517 0.574892 -0.809305 2.464800 0.031490 0.812623 0.581938 1.574000 0.000000 0.000000 0.000000 1.000000
0.992212 -0.095618 0.079832 2.681900 0.120518 0.574892 -0.809305 2.464800 0.031490 0.812623 0.581938 1.574000 0.000000 0.000000 0.000000 1.000000
0.992212 -0.095618 0.079832 2.681900 0.120517 0.574892 -0.809305 2.464800 0.031489 0.812623 0.581938 1.574000 0.000000 0.000000 0.000000 1.000000
0.992212 -0.095618 0.079832 2.681900 0.120517 0.574892 -0.809305 2.464800 0.031489 0.812623 0.581938 1.574000 0.000000 0.000000 0.000000 1.000000
0.992212 -0.095618 0.079832 2.681900 0.120518 0.574892 -0.809305 2.464800 0.031490 0.812623 0.581938 1.574000 0.000000 0.000000 0.000000 1.000000
0.992212 -0.095618 0.079832 2.681900 0.120517 0.574892 -0.809305 2.464800 0.031490 0.812623 0.581938 1.574000 0.000000 0.000000 0.000000 1.000000
0.992212 -0.095618 0.079832 2.681900 0.120517 0.574892 -0.809305 2.464800 0.031489 0.812623 0.581938 1.574000 0.000000 0.000000 0.000000 1.000000
0.992212 -0.095618 0.079832 2.681900 0.120517 0.574892 -0.809305 2.464800 0.031489 0.812623 0.581938 1.574000 0.000000 0.000000 0.000000 1.000000
0.992212 -0.095618 0.079832 2.681900 0.120517 0.574892 -0.809305 2.464800 0.031490 0.812623 0.581938 1.574000 0.000000 0.000000 0.000000 1.000000
0.992212 -0.095618 0.079832 2.681900 0.120517 0.574892 -0.809305 2.464800 0.031490 0.812623 0.581938 1.574000 0.000000 0.000000 0.000000 1.000000
0.992212 -0.095618 0.079832 2.681900 0.120518 0.574892 -0.809305 2.464800 0.031490 0.812623 0.581938 1.574000 0.000000 0.000000 0.000000 1.000000
0.992212 -0.095619 0.079832 2.681900 0.120517 0.574892 -0.809305 2.464800 0.031490 0.812623 0.581938 1.574000 0.000000 0.000000 0.000000 1.000000
0.992212 -0.095618 0.079832 2.681900 0.120517 0.574892 -0.809305 2.464800 0.031490 0.812623 0.581938 1.574000 0.000000 0.000000 0.000000 1.000000
0.992212 -0.095618 0.079832 2.681900 0.120517 0.574892 -0.809305 2.464800 0.031490 0.812623 0.581938 1.574000 0.000000 0.000000 0.000000 1.000000
0.992212 -0.095618 0.079832 2.681900 0.120518 0.574892 -0.809305 2.464800 0.031489 0.812623 0.581938 1.574000 0.000000 0.000000 0.000000 1.000000
0.992212 -0.095618 0.079832 2.681900 0.120517 0.574892 -0.809305 2.464800 0.031489 0.812623 0.581938 1.574000 0.000000 0.000000 0.000000 1.000000
0.992212 -0.095618 0.079832 2.681900 0.120517 0.574892 -0.809305 2.464800 0.031490 0.812623 0.581938 1.574000 0.000000 0.000000 0.000000 1.000000
0.992212 -0.095619 0.079832 2.681900 0.120518 0.574892 -0.809305 2.464800 0.031490 0.812623 0.581938 1.574000 0.000000 0.000000 0.000000 1.000000
0.992212 -0.095618 0.079832 2.681900 0.120517 0.574892 -0.809305 2.464800 0.031490 0.812623 0.581938 1.574000 0.000000 0.000000 0.000000 1.000000
0.992212 -0.095618 0.079832 2.681900 0.120517 0.574892 -0.809305 2.464800 0.031490 0.812623 0.581938 1.574000 0.000000 0.000000 0.000000 1.000000
0.992212 -0.095618 0.079832 2.681900 0.120517 0.574892 -0.809305 2.464800 0.031490 0.812623 0.581938 1.574000 0.000000 0.000000 0.000000 1.000000
0.992212 -0.095618 0.079832 2.681900 0.120517 0.574892 -0.809305 2.464800 0.031490 0.812623 0.581938 1.574000 0.000000 0.000000 0.000000 1.000000
0.992212 -0.095618 0.079832 2.681900 0.120517 0.574892 -0.809305 2.464800 0.031490 0.812623 0.581938 1.574000 0.000000 0.000000 0.000000 1.000000
0.992212 -0.095618 0.079832 2.681900 0.120518 0.574892 -0.809305 2.464800 0.031490 0.812623 0.581938 1.574000 0.000000 0.000000 0.000000 1.000000
0.992212 -0.095619 0.079832 2.681900 0.120517 0.574892 -0.809305 2.464800 0.031490 0.812623 0.581938 1.574000 0.000000 0.000000 0.000000 1.000000
0.992212 -0.095619 0.079832 2.681900 0.120517 0.574892 -0.809305 2.464800 0.031490 0.812623 0.581938 1.574000 0.000000 0.000000 0.000000 1.000000
0.992212 -0.095618 0.079832 2.681900 0.120517 0.574892 -0.809305 2.464800 0.031490 0.812623 0.581938 1.574000 0.000000 0.000000 0.000000 1.000000
0.992212 -0.095618 0.079832 2.681900 0.120518 0.574892 -0.809305 2.464800 0.031490 0.812623 0.581938 1.574000 0.000000 0.000000 0.000000 1.000000
0.992212 -0.095618 0.079832 2.681900 0.120517 0.574892 -0.809305 2.464800 0.031489 0.812623 0.581938 1.574000 0.000000 0.000000 0.000000 1.000000</float_array>
        <technique_common>
          <accessor source="#mixamorig_RightHandThumb1-Matrix-animation-output-transform-array" count="46" stride="16">
            <param type="float4x4"/>
          </accessor>
        </technique_common>
      </source>
      <source id="mixamorig_RightHandThumb1-Interpolations">
        <Name_array id="mixamorig_RightHandThumb1-Interpolations-array" count="46">
 LINEAR LINEAR LINEAR LINEAR LINEAR LINEAR LINEAR LINEAR LINEAR LINEAR LINEAR
LINEAR LINEAR LINEAR LINEAR LINEAR LINEAR LINEAR LINEAR LINEAR LINEAR LINEAR LINEAR
LINEAR LINEAR LINEAR LINEAR LINEAR LINEAR LINEAR LINEAR LINEAR LINEAR LINEAR LINEAR
LINEAR LINEAR LINEAR LINEAR LINEAR LINEAR LINEAR LINEAR LINEAR LINEAR LINEAR</Name_array>
        <technique_common>
          <accessor source="#mixamorig_RightHandThumb1-Interpolations-array" count="46">
            <param type="name"/>
          </accessor>
        </technique_common>
      </source>
      <sampler id="mixamorig_RightHandThumb1-Matrix-animation-transform">
        <input semantic="INPUT" source="#mixamorig_RightHandThumb1-Matrix-animation-input"/>
        <input semantic="OUTPUT" source="#mixamorig_RightHandThumb1-Matrix-animation-output-transform"/>
        <input semantic="INTERPOLATION" source="#mixamorig_RightHandThumb1-Interpolations"/>
      </sampler>
      <channel source="#mixamorig_RightHandThumb1-Matrix-animation-transform" target="mixamorig_RightHandThumb1/matrix"/>
    </animation>
    <animation id="mixamorig_RightHandThumb2-anim" name="mixamorig_RightHandThumb2">
      <source id="mixamorig_RightHandThumb2-Matrix-animation-input">
        <float_array id="mixamorig_RightHandThumb2-Matrix-animation-input-array" count="46">

0.000000 0.033333 0.066667 0.100000 0.133333 0.166667 0.200000 0.233333 0.266667 0.300000 0.333333 0.366667 0.400000 0.433333 0.466667 0.500000
0.533333 0.566667 0.600000 0.633333 0.666667 0.700000 0.733333 0.766667 0.800000 0.833333 0.866667 0.900000 0.933333 0.966667 1.000000 1.033333
1.066667 1.100000 1.133333 1.166667 1.200000 1.233333 1.266667 1.300000 1.333333 1.366667 1.400000 1.433333 1.466667 1.500000</float_array>
        <technique_common>
          <accessor source="#mixamorig_RightHandThumb2-Matrix-animation-input-array" count="46">
            <param name="TIME" type="float"/>
          </accessor>
        </technique_common>
      </source>
      <source id="mixamorig_RightHandThumb2-Matrix-animation-output-transform">
        <float_array id="mixamorig_RightHandThumb2-Matrix-animation-output-transform-array" count="736">

0.947750 0.104666 -0.301356 0.000000 -0.048339 0.980855 0.188644 4.189000 0.315331 -0.164220 0.934665 0.000000 0.000000 0.000000 0.000000 1.000000
0.947750 0.104667 -0.301356 0.000000 -0.048340 0.980855 0.188644 4.189000 0.315331 -0.164220 0.934665 0.000000 0.000000 0.000000 0.000000 1.000000
0.947750 0.104667 -0.301355 -0.000000 -0.048340 0.980855 0.188644 4.189000 0.315331 -0.164220 0.934665 0.000000 0.000000 0.000000 0.000000 1.000000
0.947750 0.104667 -0.301356 0.000000 -0.048340 0.980855 0.188644 4.189000 0.315331 -0.164220 0.934665 0.000000 0.000000 0.000000 0.000000 1.000000
0.947750 0.104666 -0.301356 0.000000 -0.048339 0.980855 0.188644 4.189000 0.315331 -0.164220 0.934665 -0.000000 0.000000 0.000000 0.000000 1.000000
0.947750 0.104666 -0.301356 0.000000 -0.048339 0.980855 0.188644 4.189000 0.315331 -0.164220 0.934665 0.000000 0.000000 0.000000 0.000000 1.000000
0.947750 0.104666 -0.301356 -0.000000 -0.048339 0.980855 0.188644 4.189000 0.315331 -0.164220 0.934665 0.000000 0.000000 0.000000 0.000000 1.000000
0.947750 0.104666 -0.301356 0.000000 -0.048339 0.980855 0.188644 4.189000 0.315331 -0.164220 0.934665 -0.000000 0.000000 0.000000 0.000000 1.000000
0.947750 0.104666 -0.301356 -0.000000 -0.048339 0.980855 0.188643 4.189000 0.315331 -0.164219 0.934665 0.000000 0.000000 0.000000 0.000000 1.000000
0.947750 0.104666 -0.301356 0.000000 -0.048339 0.980855 0.188644 4.189000 0.315331 -0.164220 0.934665 -0.000000 0.000000 0.000000 0.000000 1.000000
0.947750 0.104666 -0.301356 0.000000 -0.048339 0.980855 0.188644 4.189000 0.315331 -0.164220 0.934665 0.000000 0.000000 0.000000 0.000000 1.000000
0.947750 0.104667 -0.301356 0.000000 -0.048340 0.980855 0.188644 4.189000 0.315331 -0.164220 0.934665 -0.000000 0.000000 0.000000 0.000000 1.000000
0.947750 0.104666 -0.301356 0.000000 -0.048339 0.980855 0.188644 4.189000 0.315331 -0.164220 0.934665 0.000000 0.000000 0.000000 0.000000 1.000000
0.947750 0.104666 -0.301356 0.000000 -0.048340 0.980855 0.188643 4.189000 0.315331 -0.164219 0.934665 -0.000000 0.000000 0.000000 0.000000 1.000000
0.947750 0.104666 -0.301356 0.000000 -0.048340 0.980855 0.188644 4.189000 0.315331 -0.164220 0.934665 -0.000000 0.000000 0.000000 0.000000 1.000000
0.947750 0.104667 -0.301356 0.000000 -0.048340 0.980855 0.188644 4.189000 0.315331 -0.164220 0.934665 0.000000 0.000000 0.000000 0.000000 1.000000
0.947750 0.104666 -0.301356 0.000000 -0.048339 0.980855 0.188644 4.189000 0.315331 -0.164220 0.934665 -0.000000 0.000000 0.000000 0.000000 1.000000
0.947750 0.104666 -0.301356 0.000000 -0.048340 0.980855 0.188644 4.189000 0.315331 -0.164220 0.934665 0.000000 0.000000 0.000000 0.000000 1.000000
0.947750 0.104666 -0.301356 0.000000 -0.048339 0.980855 0.188644 4.189000 0.315331 -0.164220 0.934665 0.000000 0.000000 0.000000 0.000000 1.000000
0.947750 0.104666 -0.301356 0.000000 -0.048339 0.980855 0.188643 4.189000 0.315331 -0.164219 0.934665 -0.000000 0.000000 0.000000 0.000000 1.000000
0.947750 0.104666 -0.301356 0.000000 -0.048339 0.980855 0.188644 4.189000 0.315331 -0.164220 0.934665 -0.000000 0.000000 0.000000 0.000000 1.000000
0.947750 0.104666 -0.301356 0.000000 -0.048339 0.980855 0.188644 4.189000 0.315331 -0.164220 0.934665 0.000000 0.000000 0.000000 0.000000 1.000000
0.947750 0.104666 -0.301356 0.000000 -0.048339 0.980855 0.188644 4.189000 0.315331 -0.164220 0.934665 -0.000000 0.000000 0.000000 0.000000 1.000000
0.947750 0.104666 -0.301356 0.000000 -0.048339 0.980855 0.188644 4.189000 0.315331 -0.164220 0.934665 0.000000 0.000000 0.000000 0.000000 1.000000
0.947750 0.104666 -0.301356 0.000000 -0.048339 0.980855 0.188644 4.189000 0.315331 -0.164219 0.934665 0.000000 0.000000 0.000000 0.000000 1.000000
0.947750 0.104666 -0.301356 0.000000 -0.048339 0.980855 0.188644 4.189000 0.315331 -0.164220 0.934665 0.000000 0.000000 0.000000 0.000000 1.000000
0.947750 0.104666 -0.301356 0.000000 -0.048339 0.980855 0.188644 4.189000 0.315331 -0.164219 0.934665 -0.000000 0.000000 0.000000 0.000000 1.000000
0.947750 0.104667 -0.301356 0.000000 -0.048340 0.980855 0.188644 4.189000 0.315331 -0.164220 0.934665 -0.000000 0.000000 0.000000 0.000000 1.000000
0.947750 0.104666 -0.301356 0.000000 -0.048339 0.980855 0.188644 4.189000 0.315331 -0.164220 0.934665 0.000000 0.000000 0.000000 0.000000 1.000000
0.947750 0.104667 -0.301356 0.000000 -0.048340 0.980855 0.188644 4.189000 0.315331 -0.164220 0.934665 0.000000 0.000000 0.000000 0.000000 1.000000
0.947750 0.104666 -0.301356 0.000000 -0.048339 0.980855 0.188644 4.189000 0.315331 -0.164220 0.934665 0.000000 0.000000 0.000000 0.000000 1.000000
0.947750 0.104666 -0.301356 0.000000 -0.048340 0.980855 0.188644 4.189000 0.315331 -0.164220 0.934665 0.000000 0.000000 0.000000 0.000000 1.000000
0.947750 0.104666 -0.301356 0.000000 -0.048339 0.980855 0.188644 4.189000 0.315331 -0.164220 0.934665 0.000000 0.000000 0.000000 0.000000 1.000000
0.947750 0.104666 -0.301356 0.000000 -0.048339 0.980855 0.188644 4.189000 0.315331 -0.164220 0.934665 0.000000 0.000000 0.000000 0.000000 1.000000
0.947750 0.104667 -0.301356 0.000000 -0.048340 0.980855 0.188644 4.189000 0.315331 -0.164220 0.934665 0.000000 0.000000 0.000000 0.000000 1.000000
0.947750 0.104666 -0.301356 0.000000 -0.048339 0.980855 0.188643 4.189000 0.315331 -0.164219 0.934665 -0.000000 0.000000 0.000000 0.000000 1.000000
0.947750 0.104667 -0.301356 0.000000 -0.048340 0.980855 0.188644 4.189000 0.315331 -0.164220 0.934665 -0.000000 0.000000 0.000000 0.000000 1.000000
0.947750 0.104667 -0.301355 0.000000 -0.048340 0.980855 0.188644 4.189000 0.315331 -0.164220 0.934665 0.000000 0.000000 0.000000 0.000000 1.000000
0.947750 0.104666 -0.301356 -0.000000 -0.048339 0.980855 0.188644 4.189000 0.315331 -0.164220 0.934665 0.000000 0.000000 0.000000 0.000000 1.000000
0.947750 0.104666 -0.301356 0.000000 -0.048340 0.980855 0.188644 4.189000 0.315331 -0.164220 0.934665 0.000000 0.000000 0.000000 0.000000 1.000000
0.947750 0.104666 -0.301356 0.000000 -0.048340 0.980855 0.188644 4.189000 0.315331 -0.164220 0.934665 0.000000 0.000000 0.000000 0.000000 1.000000
0.947750 0.104667 -0.301355 0.000000 -0.048340 0.980855 0.188644 4.189000 0.315330 -0.164220 0.934665 0.000000 0.000000 0.000000 0.000000 1.000000
0.947750 0.104667 -0.301356 0.000000 -0.048340 0.980855 0.188644 4.189000 0.315331 -0.164220 0.934665 0.000000 0.000000 0.000000 0.000000 1.000000
0.947750 0.104666 -0.301356 0.000000 -0.048340 0.980855 0.188644 4.189000 0.315331 -0.164220 0.934665 0.000000 0.000000 0.000000 0.000000 1.000000
0.947750 0.104667 -0.301356 0.000000 -0.048340 0.980855 0.188644 4.189000 0.315331 -0.164220 0.934665 0.000000 0.000000 0.000000 0.000000 1.000000
0.947750 0.104666 -0.301356 -0.000000 -0.048339 0.980855 0.188644 4.189000 0.315331 -0.164220 0.934665 0.000000 0.000000 0.000000 0.000000 1.000000</float_array>
        <technique_common>
          <accessor source="#mixamorig_RightHandThumb2-Matrix-animation-output-transform-array" count="46" stride="16">
            <param type="float4x4"/>
          </accessor>
        </technique_common>
      </source>
      <source id="mixamorig_RightHandThumb2-Interpolations">
        <Name_array id="mixamorig_RightHandThumb2-Interpolations-array" count="46">
 LINEAR LINEAR LINEAR LINEAR LINEAR LINEAR LINEAR LINEAR LINEAR LINEAR LINEAR
LINEAR LINEAR LINEAR LINEAR LINEAR LINEAR LINEAR LINEAR LINEAR LINEAR LINEAR LINEAR
LINEAR LINEAR LINEAR LINEAR LINEAR LINEAR LINEAR LINEAR LINEAR LINEAR LINEAR LINEAR
LINEAR LINEAR LINEAR LINEAR LINEAR LINEAR LINEAR LINEAR LINEAR LINEAR LINEAR</Name_array>
        <technique_common>
          <accessor source="#mixamorig_RightHandThumb2-Interpolations-array" count="46">
            <param type="name"/>
          </accessor>
        </technique_common>
      </source>
      <sampler id="mixamorig_RightHandThumb2-Matrix-animation-transform">
        <input semantic="INPUT" source="#mixamorig_RightHandThumb2-Matrix-animation-input"/>
        <input semantic="OUTPUT" source="#mixamorig_RightHandThumb2-Matrix-animation-output-transform"/>
        <input semantic="INTERPOLATION" source="#mixamorig_RightHandThumb2-Interpolations"/>
      </sampler>
      <channel source="#mixamorig_RightHandThumb2-Matrix-animation-transform" target="mixamorig_RightHandThumb2/matrix"/>
    </animation>
    <animation id="mixamorig_RightHandThumb3-anim" name="mixamorig_RightHandThumb3">
      <source id="mixamorig_RightHandThumb3-Matrix-animation-input">
        <float_array id="mixamorig_RightHandThumb3-Matrix-animation-input-array" count="46">

0.000000 0.033333 0.066667 0.100000 0.133333 0.166667 0.200000 0.233333 0.266667 0.300000 0.333333 0.366667 0.400000 0.433333 0.466667 0.500000
0.533333 0.566667 0.600000 0.633333 0.666667 0.700000 0.733333 0.766667 0.800000 0.833333 0.866667 0.900000 0.933333 0.966667 1.000000 1.033333
1.066667 1.100000 1.133333 1.166667 1.200000 1.233333 1.266667 1.300000 1.333333 1.366667 1.400000 1.433333 1.466667 1.500000</float_array>
        <technique_common>
          <accessor source="#mixamorig_RightHandThumb3-Matrix-animation-input-array" count="46">
            <param name="TIME" type="float"/>
          </accessor>
        </technique_common>
      </source>
      <source id="mixamorig_RightHandThumb3-Matrix-animation-output-transform">
        <float_array id="mixamorig_RightHandThumb3-Matrix-animation-output-transform-array" count="736">

0.945578 -0.227993 0.232166 -0.000000 0.141834 0.930931 0.336528 3.416300 -0.292856 -0.285284 0.912605 -0.000000 0.000000 0.000000 0.000000 1.000000
0.945578 -0.227992 0.232166 0.000000 0.141834 0.930931 0.336528 3.416300 -0.292856 -0.285285 0.912605 0.000000 0.000000 0.000000 0.000000 1.000000
0.945578 -0.227992 0.232166 0.000000 0.141834 0.930931 0.336528 3.416300 -0.292856 -0.285284 0.912605 0.000000 0.000000 0.000000 0.000000 1.000000
0.945578 -0.227993 0.232166 0.000000 0.141834 0.930931 0.336528 3.416300 -0.292856 -0.285285 0.912605 0.000000 0.000000 0.000000 0.000000 1.000000
0.945578 -0.227993 0.232166 0.000000 0.141834 0.930931 0.336528 3.416300 -0.292857 -0.285284 0.912605 0.000000 0.000000 0.000000 0.000000 1.000000
0.945578 -0.227992 0.232166 0.000000 0.141834 0.930931 0.336528 3.416300 -0.292856 -0.285285 0.912605 -0.000000 0.000000 0.000000 0.000000 1.000000
0.945578 -0.227992 0.232166 -0.000000 0.141834 0.930931 0.336528 3.416300 -0.292856 -0.285285 0.912605 0.000000 0.000000 0.000000 0.000000 1.000000
0.945578 -0.227992 0.232166 0.000000 0.141834 0.930931 0.336528 3.416300 -0.292856 -0.285285 0.912605 0.000000 0.000000 0.000000 0.000000 1.000000
0.945578 -0.227993 0.232166 -0.000000 0.141834 0.930931 0.336528 3.416300 -0.292856 -0.285285 0.912605 0.000000 0.000000 0.000000 0.000000 1.000000
0.945578 -0.227992 0.232166 -0.000000 0.141834 0.930931 0.336528 3.416300 -0.292856 -0.285285 0.912605 0.000000 0.000000 0.000000 0.000000 1.000000
0.945578 -0.227992 0.232166 0.000000 0.141834 0.930931 0.336528 3.416300 -0.292856 -0.285285 0.912605 0.000000 0.000000 0.000000 0.000000 1.000000
0.945578 -0.227993 0.232166 0.000000 0.141834 0.930931 0.336528 3.416300 -0.292856 -0.285284 0.912605 0.000000 0.000000 0.000000 0.000000 1.000000
0.945578 -0.227993 0.232166 0.000000 0.141834 0.930931 0.336528 3.416300 -0.292856 -0.285285 0.912605 -0.000000 0.000000 0.000000 0.000000 1.000000
0.945578 -0.227993 0.232166 0.000000 0.141834 0.930931 0.336528 3.416300 -0.292856 -0.285285 0.912605 -0.000000 0.000000 0.000000 0.000000 1.000000
0.945578 -0.227992 0.232166 0.000000 0.141834 0.930931 0.336528 3.416300 -0.292856 -0.285284 0.912605 -0.000000 0.000000 0.000000 0.000000 1.000000
0.945578 -0.227992 0.232166 0.000000 0.141834 0.930931 0.336528 3.416300 -0.292856 -0.285284 0.912605 0.000000 0.000000 0.000000 0.000000 1.000000
0.945578 -0.227992 0.232166 0.000000 0.141833 0.930931 0.336528 3.416300 -0.292856 -0.285285 0.912605 0.000000 0.000000 0.000000 0.000000 1.000000
0.945578 -0.227992 0.232166 0.000000 0.141834 0.930931 0.336528 3.416300 -0.292856 -0.285285 0.912605 0.000000 0.000000 0.000000 0.000000 1.000000
0.945578 -0.227993 0.232166 0.000000 0.141834 0.930931 0.336528 3.416300 -0.292856 -0.285285 0.912605 0.000000 0.000000 0.000000 0.000000 1.000000
0.945578 -0.227993 0.232166 0.000000 0.141834 0.930931 0.336528 3.416300 -0.292856 -0.285285 0.912605 -0.000000 0.000000 0.000000 0.000000 1.000000
0.945578 -0.227992 0.232166 0.000000 0.141833 0.930931 0.336528 3.416300 -0.292856 -0.285285 0.912605 0.000000 0.000000 0.000000 0.000000 1.000000
0.945578 -0.227993 0.232166 0.000000 0.141834 0.930931 0.336528 3.416300 -0.292856 -0.285285 0.912605 0.000000 0.000000 0.000000 0.000000 1.000000
0.945578 -0.227992 0.232166 0.000000 0.141834 0.930931 0.336528 3.416300 -0.292856 -0.285285 0.912605 -0.000000 0.000000 0.000000 0.000000 1.000000
0.945578 -0.227993 0.232166 -0.000000 0.141834 0.930931 0.336528 3.416300 -0.292856 -0.285285 0.912605 -0.000000 0.000000 0.000000 0.000000 1.000000
0.945578 -0.227992 0.232166 0.000000 0.141834 0.930931 0.336528 3.416300 -0.292856 -0.285284 0.912605 -0.000000 0.000000 0.000000 0.000000 1.000000
0.945578 -0.227992 0.232166 0.000000 0.141834 0.930931 0.336528 3.416300 -0.292857 -0.285285 0.912605 -0.000000 0.000000 0.000000 0.000000 1.000000
0.945578 -0.227993 0.232166 0.000000 0.141834 0.930931 0.336528 3.416300 -0.292857 -0.285284 0.912605 -0.000000 0.000000 0.000000 0.000000 1.000000
0.945578 -0.227993 0.232166 0.000000 0.141834 0.930931 0.336528 3.416300 -0.292856 -0.285284 0.912605 0.000000 0.000000 0.000000 0.000000 1.000000
0.945578 -0.227993 0.232166 0.000000 0.141834 0.930931 0.336528 3.416300 -0.292856 -0.285285 0.912605 0.000000 0.000000 0.000000 0.000000 1.000000
0.945578 -0.227992 0.232166 0.000000 0.141834 0.930931 0.336528 3.416300 -0.292856 -0.285285 0.912605 -0.000000 0.000000 0.000000 0.000000 1.000000
0.945578 -0.227993 0.232166 0.000000 0.141834 0.930931 0.336528 3.416300 -0.292856 -0.285285 0.912605 0.000000 0.000000 0.000000 0.000000 1.000000
0.945578 -0.227993 0.232166 -0.000000 0.141834 0.930931 0.336528 3.416300 -0.292856 -0.285285 0.912605 0.000000 0.000000 0.000000 0.000000 1.000000
0.945578 -0.227993 0.232166 0.000000 0.141834 0.930931 0.336528 3.416300 -0.292856 -0.285285 0.912605 0.000000 0.000000 0.000000 0.000000 1.000000
0.945578 -0.227992 0.232166 0.000000 0.141834 0.930931 0.336528 3.416300 -0.292856 -0.285285 0.912605 0.000000 0.000000 0.000000 0.000000 1.000000
0.945578 -0.227992 0.232166 0.000000 0.141834 0.930931 0.336528 3.416300 -0.292856 -0.285285 0.912605 0.000000 0.000000 0.000000 0.000000 1.000000
0.945578 -0.227992 0.232166 0.000000 0.141834 0.930931 0.336528 3.416300 -0.292856 -0.285285 0.912605 -0.000000 0.000000 0.000000 0.000000 1.000000
0.945578 -0.227992 0.232166 0.000000 0.141834 0.930931 0.336528 3.416300 -0.292856 -0.285284 0.912605 0.000000 0.000000 0.000000 0.000000 1.000000
0.945578 -0.227992 0.232166 0.000000 0.141834 0.930931 0.336528 3.416300 -0.292856 -0.285285 0.912605 0.000000 0.000000 0.000000 0.000000 1.000000
0.945578 -0.227992 0.232166 -0.000000 0.141834 0.930931 0.336528 3.416300 -0.292856 -0.285285 0.912605 0.000000 0.000000 0.000000 0.000000 1.000000
0.945578 -0.227993 0.232166 -0.000000 0.141834 0.930931 0.336528 3.416300 -0.292856 -0.285285 0.912605 0.000000 0.000000 0.000000 0.000000 1.000000
0.945578 -0.227993 0.232166 0.000000 0.141834 0.930931 0.336528 3.416300 -0.292856 -0.285285 0.912605 0.000000 0.000000 0.000000 0.000000 1.000000
0.945578 -0.227993 0.232166 0.000000 0.141834 0.930931 0.336528 3.416300 -0.292856 -0.285285 0.912605 0.000000 0.000000 0.000000 0.000000 1.000000
0.945578 -0.227992 0.232166 -0.000000 0.141834 0.930931 0.336528 3.416300 -0.292856 -0.285285 0.912605 0.000000 0.000000 0.000000 0.000000 1.000000
0.945578 -0.227993 0.232166 -0.000000 0.141834 0.930931 0.336528 3.416300 -0.292857 -0.285284 0.912605 0.000000 0.000000 0.000000 0.000000 1.000000
0.945578 -0.227993 0.232166 0.000000 0.141834 0.930931 0.336528 3.416300 -0.292856 -0.285284 0.912605 0.000000 0.000000 0.000000 0.000000 1.000000
0.945578 -0.227992 0.232166 0.000000 0.141834 0.930931 0.336528 3.416300 -0.292856 -0.285285 0.912605 0.000000 0.000000 0.000000 0.000000 1.000000</float_array>
        <technique_common>
          <accessor source="#mixamorig_RightHandThumb3-Matrix-animation-output-transform-array" count="46" stride="16">
            <param type="float4x4"/>
          </accessor>
        </technique_common>
      </source>
      <source id="mixamorig_RightHandThumb3-Interpolations">
        <Name_array id="mixamorig_RightHandThumb3-Interpolations-array" count="46">
 LINEAR LINEAR LINEAR LINEAR LINEAR LINEAR LINEAR LINEAR LINEAR LINEAR LINEAR
LINEAR LINEAR LINEAR LINEAR LINEAR LINEAR LINEAR LINEAR LINEAR LINEAR LINEAR LINEAR
LINEAR LINEAR LINEAR LINEAR LINEAR LINEAR LINEAR LINEAR LINEAR LINEAR LINEAR LINEAR
LINEAR LINEAR LINEAR LINEAR LINEAR LINEAR LINEAR LINEAR LINEAR LINEAR LINEAR</Name_array>
        <technique_common>
          <accessor source="#mixamorig_RightHandThumb3-Interpolations-array" count="46">
            <param type="name"/>
          </accessor>
        </technique_common>
      </source>
      <sampler id="mixamorig_RightHandThumb3-Matrix-animation-transform">
        <input semantic="INPUT" source="#mixamorig_RightHandThumb3-Matrix-animation-input"/>
        <input semantic="OUTPUT" source="#mixamorig_RightHandThumb3-Matrix-animation-output-transform"/>
        <input semantic="INTERPOLATION" source="#mixamorig_RightHandThumb3-Interpolations"/>
      </sampler>
      <channel source="#mixamorig_RightHandThumb3-Matrix-animation-transform" target="mixamorig_RightHandThumb3/matrix"/>
    </animation>
    <animation id="mixamorig_RightHandIndex1-anim" name="mixamorig_RightHandIndex1">
      <source id="mixamorig_RightHandIndex1-Matrix-animation-input">
        <float_array id="mixamorig_RightHandIndex1-Matrix-animation-input-array" count="46">

0.000000 0.033333 0.066667 0.100000 0.133333 0.166667 0.200000 0.233333 0.266667 0.300000 0.333333 0.366667 0.400000 0.433333 0.466667 0.500000
0.533333 0.566667 0.600000 0.633333 0.666667 0.700000 0.733333 0.766667 0.800000 0.833333 0.866667 0.900000 0.933333 0.966667 1.000000 1.033333
1.066667 1.100000 1.133333 1.166667 1.200000 1.233333 1.266667 1.300000 1.333333 1.366667 1.400000 1.433333 1.466667 1.500000</float_array>
        <technique_common>
          <accessor source="#mixamorig_RightHandIndex1-Matrix-animation-input-array" count="46">
            <param name="TIME" type="float"/>
          </accessor>
        </technique_common>
      </source>
      <source id="mixamorig_RightHandIndex1-Matrix-animation-output-transform">
        <float_array id="mixamorig_RightHandIndex1-Matrix-animation-output-transform-array" count="736">

0.998596 -0.024249 0.047093 2.259800 0.052955 0.477650 -0.876953 9.108300 -0.001229 0.878216 0.478264 0.517900 0.000000 0.000000 0.000000 1.000000
0.998596 -0.024249 0.047093 2.259800 0.052955 0.477650 -0.876953 9.108300 -0.001229 0.878216 0.478263 0.517900 0.000000 0.000000 0.000000 1.000000
0.998596 -0.024249 0.047093 2.259800 0.052955 0.477650 -0.876953 9.108300 -0.001229 0.878216 0.478263 0.517900 0.000000 0.000000 0.000000 1.000000
0.998596 -0.024248 0.047093 2.259800 0.052955 0.477650 -0.876953 9.108300 -0.001229 0.878216 0.478263 0.517900 0.000000 0.000000 0.000000 1.000000
0.998596 -0.024249 0.047093 2.259800 0.052955 0.477650 -0.876953 9.108300 -0.001229 0.878216 0.478263 0.517900 0.000000 0.000000 0.000000 1.000000
0.998596 -0.024249 0.047093 2.259800 0.052955 0.477650 -0.876953 9.108300 -0.001229 0.878216 0.478263 0.517900 0.000000 0.000000 0.000000 1.000000
0.998596 -0.024249 0.047093 2.259800 0.052955 0.477650 -0.876953 9.108300 -0.001229 0.878215 0.478264 0.517900 0.000000 0.000000 0.000000 1.000000
0.998596 -0.024249 0.047093 2.259800 0.052955 0.477650 -0.876953 9.108300 -0.001229 0.878216 0.478264 0.517900 0.000000 0.000000 0.000000 1.000000
0.998596 -0.024248 0.047093 2.259800 0.052955 0.477650 -0.876953 9.108300 -0.001229 0.878216 0.478264 0.517900 0.000000 0.000000 0.000000 1.000000
0.998596 -0.024249 0.047093 2.259800 0.052955 0.477650 -0.876953 9.108300 -0.001229 0.878216 0.478263 0.517900 0.000000 0.000000 0.000000 1.000000
0.998596 -0.024249 0.047093 2.259800 0.052955 0.477650 -0.876953 9.108300 -0.001229 0.878216 0.478263 0.517900 0.000000 0.000000 0.000000 1.000000
0.998596 -0.024249 0.047093 2.259800 0.052955 0.477650 -0.876953 9.108300 -0.001229 0.878216 0.478264 0.517900 0.000000 0.000000 0.000000 1.000000
0.998596 -0.024248 0.047093 2.259800 0.052955 0.477650 -0.876953 9.108300 -0.001229 0.878216 0.478263 0.517900 0.000000 0.000000 0.000000 1.000000
0.998596 -0.024249 0.047093 2.259800 0.052955 0.477650 -0.876953 9.108300 -0.001229 0.878216 0.478264 0.517900 0.000000 0.000000 0.000000 1.000000
0.998596 -0.024249 0.047093 2.259800 0.052955 0.477650 -0.876953 9.108300 -0.001229 0.878216 0.478264 0.517900 0.000000 0.000000 0.000000 1.000000
0.998596 -0.024249 0.047093 2.259800 0.052955 0.477650 -0.876953 9.108300 -0.001229 0.878216 0.478263 0.517900 0.000000 0.000000 0.000000 1.000000
0.998596 -0.024249 0.047093 2.259800 0.052955 0.477650 -0.876953 9.108300 -0.001229 0.878216 0.478263 0.517900 0.000000 0.000000 0.000000 1.000000
0.998596 -0.024249 0.047093 2.259800 0.052955 0.477650 -0.876953 9.108300 -0.001229 0.878216 0.478263 0.517900 0.000000 0.000000 0.000000 1.000000
0.998596 -0.024249 0.047093 2.259800 0.052955 0.477650 -0.876953 9.108300 -0.001229 0.878216 0.478264 0.517900 0.000000 0.000000 0.000000 1.000000
0.998596 -0.024249 0.047093 2.259800 0.052955 0.477650 -0.876953 9.108300 -0.001229 0.878216 0.478263 0.517900 0.000000 0.000000 0.000000 1.000000
0.998596 -0.024249 0.047093 2.259800 0.052955 0.477650 -0.876953 9.108300 -0.001229 0.878216 0.478263 0.517900 0.000000 0.000000 0.000000 1.000000
0.998596 -0.024249 0.047093 2.259800 0.052955 0.477650 -0.876953 9.108300 -0.001229 0.878216 0.478263 0.517900 0.000000 0.000000 0.000000 1.000000
0.998596 -0.024249 0.047093 2.259800 0.052955 0.477650 -0.876953 9.108300 -0.001229 0.878216 0.478263 0.517900 0.000000 0.000000 0.000000 1.000000
0.998596 -0.024248 0.047093 2.259800 0.052955 0.477650 -0.876953 9.108300 -0.001229 0.878215 0.478264 0.517900 0.000000 0.000000 0.000000 1.000000
0.998596 -0.024249 0.047093 2.259800 0.052955 0.477650 -0.876953 9.108300 -0.001229 0.878216 0.478263 0.517900 0.000000 0.000000 0.000000 1.000000
0.998596 -0.024249 0.047093 2.259800 0.052955 0.477650 -0.876953 9.108300 -0.001229 0.878216 0.478263 0.517900 0.000000 0.000000 0.000000 1.000000
0.998596 -0.024249 0.047093 2.259800 0.052955 0.477650 -0.876953 9.108300 -0.001229 0.878216 0.478263 0.517900 0.000000 0.000000 0.000000 1.000000
0.998596 -0.024249 0.047093 2.259800 0.052955 0.477650 -0.876953 9.108300 -0.001229 0.878215 0.478264 0.517900 0.000000 0.000000 0.000000 1.000000
0.998596 -0.024249 0.047093 2.259800 0.052955 0.477650 -0.876953 9.108300 -0.001229 0.878216 0.478263 0.517900 0.000000 0.000000 0.000000 1.000000
0.998596 -0.024249 0.047093 2.259800 0.052955 0.477650 -0.876953 9.108300 -0.001229 0.878216 0.478263 0.517900 0.000000 0.000000 0.000000 1.000000
0.998596 -0.024249 0.047093 2.259800 0.052955 0.477650 -0.876953 9.108300 -0.001229 0.878216 0.478263 0.517900 0.000000 0.000000 0.000000 1.000000
0.998596 -0.024249 0.047093 2.259800 0.052955 0.477650 -0.876953 9.108300 -0.001229 0.878216 0.478263 0.517900 0.000000 0.000000 0.000000 1.000000
0.998596 -0.024249 0.047093 2.259800 0.052955 0.477650 -0.876953 9.108300 -0.001229 0.878216 0.478264 0.517900 0.000000 0.000000 0.000000 1.000000
0.998596 -0.024249 0.047093 2.259800 0.052955 0.477650 -0.876953 9.108300 -0.001229 0.878215 0.478264 0.517900 0.000000 0.000000 0.000000 1.000000
0.998596 -0.024249 0.047093 2.259800 0.052955 0.477650 -0.876953 9.108300 -0.001229 0.878216 0.478263 0.517900 0.000000 0.000000 0.000000 1.000000
0.998596 -0.024249 0.047093 2.259800 0.052955 0.477650 -0.876953 9.108300 -0.001229 0.878216 0.478263 0.517900 0.000000 0.000000 0.000000 1.000000
0.998596 -0.024249 0.047093 2.259800 0.052955 0.477650 -0.876953 9.108300 -0.001229 0.878216 0.478263 0.517900 0.000000 0.000000 0.000000 1.000000
0.998596 -0.024249 0.047093 2.259800 0.052955 0.477650 -0.876953 9.108300 -0.001229 0.878216 0.478263 0.517900 0.000000 0.000000 0.000000 1.000000
0.998596 -0.024249 0.047093 2.259800 0.052955 0.477650 -0.876953 9.108300 -0.001229 0.878216 0.478263 0.517900 0.000000 0.000000 0.000000 1.000000
0.998596 -0.024249 0.047093 2.259800 0.052955 0.477650 -0.876953 9.108300 -0.001229 0.878216 0.478263 0.517900 0.000000 0.000000 0.000000 1.000000
0.998596 -0.024249 0.047093 2.259800 0.052955 0.477650 -0.876953 9.108300 -0.001229 0.878216 0.478263 0.517900 0.000000 0.000000 0.000000 1.000000
0.998596 -0.024249 0.047093 2.259800 0.052955 0.477650 -0.876953 9.108300 -0.001229 0.878216 0.478263 0.517900 0.000000 0.000000 0.000000 1.000000
0.998596 -0.024249 0.047093 2.259800 0.052955 0.477650 -0.876953 9.108300 -0.001229 0.878216 0.478263 0.517900 0.000000 0.000000 0.000000 1.000000
0.998596 -0.024249 0.047093 2.259800 0.052955 0.477649 -0.876953 9.108300 -0.001229 0.878216 0.478263 0.517900 0.000000 0.000000 0.000000 1.000000
0.998596 -0.024249 0.047093 2.259800 0.052955 0.477650 -0.876953 9.108300 -0.001229 0.878216 0.478263 0.517900 0.000000 0.000000 0.000000 1.000000
0.998596 -0.024249 0.047093 2.259800 0.052955 0.477650 -0.876953 9.108300 -0.001229 0.878216 0.478263 0.517900 0.000000 0.000000 0.000000 1.000000</float_array>
        <technique_common>
          <accessor source="#mixamorig_RightHandIndex1-Matrix-animation-output-transform-array" count="46" stride="16">
            <param type="float4x4"/>
          </accessor>
        </technique_common>
      </source>
      <source id="mixamorig_RightHandIndex1-Interpolations">
        <Name_array id="mixamorig_RightHandIndex1-Interpolations-array" count="46">
 LINEAR LINEAR LINEAR LINEAR LINEAR LINEAR LINEAR LINEAR LINEAR LINEAR LINEAR
LINEAR LINEAR LINEAR LINEAR LINEAR LINEAR LINEAR LINEAR LINEAR LINEAR LINEAR LINEAR
LINEAR LINEAR LINEAR LINEAR LINEAR LINEAR LINEAR LINEAR LINEAR LINEAR LINEAR LINEAR
LINEAR LINEAR LINEAR LINEAR LINEAR LINEAR LINEAR LINEAR LINEAR LINEAR LINEAR</Name_array>
        <technique_common>
          <accessor source="#mixamorig_RightHandIndex1-Interpolations-array" count="46">
            <param type="name"/>
          </accessor>
        </technique_common>
      </source>
      <sampler id="mixamorig_RightHandIndex1-Matrix-animation-transform">
        <input semantic="INPUT" source="#mixamorig_RightHandIndex1-Matrix-animation-input"/>
        <input semantic="OUTPUT" source="#mixamorig_RightHandIndex1-Matrix-animation-output-transform"/>
        <input semantic="INTERPOLATION" source="#mixamorig_RightHandIndex1-Interpolations"/>
      </sampler>
      <channel source="#mixamorig_RightHandIndex1-Matrix-animation-transform" target="mixamorig_RightHandIndex1/matrix"/>
    </animation>
    <animation id="mixamorig_RightHandIndex2-anim" name="mixamorig_RightHandIndex2">
      <source id="mixamorig_RightHandIndex2-Matrix-animation-input">
        <float_array id="mixamorig_RightHandIndex2-Matrix-animation-input-array" count="46">

0.000000 0.033333 0.066667 0.100000 0.133333 0.166667 0.200000 0.233333 0.266667 0.300000 0.333333 0.366667 0.400000 0.433333 0.466667 0.500000
0.533333 0.566667 0.600000 0.633333 0.666667 0.700000 0.733333 0.766667 0.800000 0.833333 0.866667 0.900000 0.933333 0.966667 1.000000 1.033333
1.066667 1.100000 1.133333 1.166667 1.200000 1.233333 1.266667 1.300000 1.333333 1.366667 1.400000 1.433333 1.466667 1.500000</float_array>
        <technique_common>
          <accessor source="#mixamorig_RightHandIndex2-Matrix-animation-input-array" count="46">
            <param name="TIME" type="float"/>
          </accessor>
        </technique_common>
      </source>
      <source id="mixamorig_RightHandIndex2-Matrix-animation-output-transform">
        <float_array id="mixamorig_RightHandIndex2-Matrix-animation-output-transform-array" count="736">

0.997060 0.030315 -0.070378 0.000000 -0.076629 0.395833 -0.915120 3.700000 0.000116 0.917822 0.396992 0.000000 0.000000 0.000000 0.000000 1.000000
0.997060 0.030315 -0.070377 -0.000000 -0.076629 0.395833 -0.915120 3.700000 0.000116 0.917822 0.396992 0.000000 0.000000 0.000000 0.000000 1.000000
0.997060 0.030315 -0.070378 0.000000 -0.076629 0.395833 -0.915120 3.700000 0.000116 0.917822 0.396992 0.000000 0.000000 0.000000 0.000000 1.000000
0.997060 0.030315 -0.070378 -0.000000 -0.076629 0.395833 -0.915120 3.700000 0.000116 0.917822 0.396992 0.000000 0.000000 0.000000 0.000000 1.000000
0.997060 0.030315 -0.070378 0.000000 -0.076629 0.395833 -0.915120 3.700000 0.000116 0.917822 0.396992 -0.000000 0.000000 0.000000 0.000000 1.000000
0.997060 0.030315 -0.070377 0.000000 -0.076629 0.395833 -0.915120 3.700000 0.000116 0.917822 0.396992 -0.000000 0.000000 0.000000 0.000000 1.000000
0.997060 0.030315 -0.070378 0.000000 -0.076629 0.395833 -0.915120 3.700000 0.000116 0.917822 0.396992 0.000000 0.000000 0.000000 0.000000 1.000000
0.997060 0.030315 -0.070378 0.000000 -0.076629 0.395833 -0.915120 3.700000 0.000116 0.917822 0.396992 0.000000 0.000000 0.000000 0.000000 1.000000
0.997060 0.030315 -0.070378 0.000000 -0.076629 0.395833 -0.915120 3.700000 0.000116 0.917822 0.396992 0.000000 0.000000 0.000000 0.000000 1.000000
0.997060 0.030315 -0.070378 -0.000000 -0.076629 0.395834 -0.915120 3.700000 0.000116 0.917822 0.396993 0.000000 0.000000 0.000000 0.000000 1.000000
0.997060 0.030315 -0.070377 0.000000 -0.076629 0.395833 -0.915120 3.700000 0.000116 0.917822 0.396992 0.000000 0.000000 0.000000 0.000000 1.000000
0.997060 0.030315 -0.070378 0.000000 -0.076629 0.395833 -0.915120 3.700000 0.000116 0.917822 0.396992 -0.000000 0.000000 0.000000 0.000000 1.000000
0.997060 0.030315 -0.070377 0.000000 -0.076629 0.395833 -0.915120 3.700000 0.000116 0.917822 0.396992 0.000000 0.000000 0.000000 0.000000 1.000000
0.997060 0.030315 -0.070378 -0.000000 -0.076629 0.395833 -0.915120 3.700000 0.000116 0.917822 0.396992 -0.000000 0.000000 0.000000 0.000000 1.000000
0.997060 0.030315 -0.070378 0.000000 -0.076629 0.395833 -0.915120 3.700000 0.000116 0.917822 0.396992 0.000000 0.000000 0.000000 0.000000 1.000000
0.997060 0.030315 -0.070378 0.000000 -0.076629 0.395833 -0.915120 3.700000 0.000116 0.917822 0.396992 0.000000 0.000000 0.000000 0.000000 1.000000
0.997060 0.030314 -0.070377 0.000000 -0.076629 0.395833 -0.915120 3.700000 0.000117 0.917822 0.396992 0.000000 0.000000 0.000000 0.000000 1.000000
0.997060 0.030315 -0.070378 0.000000 -0.076629 0.395833 -0.915120 3.700000 0.000116 0.917822 0.396992 -0.000000 0.000000 0.000000 0.000000 1.000000
0.997060 0.030315 -0.070378 0.000000 -0.076629 0.395833 -0.915120 3.700000 0.000116 0.917822 0.396992 0.000000 0.000000 0.000000 0.000000 1.000000
0.997060 0.030315 -0.070378 -0.000000 -0.076629 0.395833 -0.915120 3.700000 0.000116 0.917822 0.396992 0.000000 0.000000 0.000000 0.000000 1.000000
0.997060 0.030315 -0.070378 0.000000 -0.076629 0.395833 -0.915120 3.700000 0.000116 0.917822 0.396992 0.000000 0.000000 0.000000 0.000000 1.000000
0.997060 0.030315 -0.070377 0.000000 -0.076629 0.395833 -0.915120 3.700000 0.000116 0.917822 0.396992 0.000000 0.000000 0.000000 0.000000 1.000000
0.997060 0.030315 -0.070378 -0.000000 -0.076629 0.395833 -0.915120 3.700000 0.000116 0.917822 0.396992 0.000000 0.000000 0.000000 0.000000 1.000000
0.997060 0.030315 -0.070377 -0.000000 -0.076629 0.395833 -0.915120 3.700000 0.000116 0.917822 0.396992 0.000000 0.000000 0.000000 0.000000 1.000000
0.997060 0.030315 -0.070377 0.000000 -0.076629 0.395833 -0.915120 3.700000 0.000116 0.917822 0.396992 -0.000000 0.000000 0.000000 0.000000 1.000000
0.997060 0.030314 -0.070378 -0.000000 -0.076629 0.395833 -0.915120 3.700000 0.000116 0.917822 0.396992 0.000000 0.000000 0.000000 0.000000 1.000000
0.997060 0.030315 -0.070378 0.000000 -0.076629 0.395833 -0.915120 3.700000 0.000116 0.917822 0.396992 -0.000000 0.000000 0.000000 0.000000 1.000000
0.997060 0.030315 -0.070378 0.000000 -0.076629 0.395833 -0.915120 3.700000 0.000116 0.917822 0.396992 0.000000 0.000000 0.000000 0.000000 1.000000
0.997060 0.030315 -0.070377 -0.000000 -0.076629 0.395833 -0.915120 3.700000 0.000116 0.917822 0.396992 -0.000000 0.000000 0.000000 0.000000 1.000000
0.997060 0.030315 -0.070378 0.000000 -0.076629 0.395833 -0.915120 3.700000 0.000116 0.917822 0.396992 0.000000 0.000000 0.000000 0.000000 1.000000
0.997060 0.030315 -0.070378 0.000000 -0.076629 0.395833 -0.915120 3.700000 0.000116 0.917822 0.396992 0.000000 0.000000 0.000000 0.000000 1.000000
0.997060 0.030315 -0.070378 0.000000 -0.076629 0.395833 -0.915120 3.700000 0.000116 0.917822 0.396992 0.000000 0.000000 0.000000 0.000000 1.000000
0.997060 0.030315 -0.070378 0.000000 -0.076629 0.395833 -0.915120 3.700000 0.000116 0.917822 0.396992 -0.000000 0.000000 0.000000 0.000000 1.000000
0.997060 0.030315 -0.070378 0.000000 -0.076629 0.395833 -0.915120 3.700000 0.000116 0.917822 0.396992 0.000000 0.000000 0.000000 0.000000 1.000000
0.997060 0.030315 -0.070378 0.000000 -0.076629 0.395833 -0.915120 3.700000 0.000116 0.917822 0.396992 0.000000 0.000000 0.000000 0.000000 1.000000
0.997060 0.030315 -0.070377 0.000000 -0.076629 0.395833 -0.915120 3.700000 0.000116 0.917822 0.396992 0.000000 0.000000 0.000000 0.000000 1.000000
0.997060 0.030315 -0.070378 0.000000 -0.076629 0.395833 -0.915120 3.700000 0.000116 0.917822 0.396992 0.000000 0.000000 0.000000 0.000000 1.000000
0.997060 0.030315 -0.070378 0.000000 -0.076629 0.395833 -0.915120 3.700000 0.000116 0.917822 0.396992 0.000000 0.000000 0.000000 0.000000 1.000000
0.997060 0.030314 -0.070378 -0.000000 -0.076629 0.395833 -0.915120 3.700000 0.000116 0.917822 0.396992 0.000000 0.000000 0.000000 0.000000 1.000000
0.997060 0.030315 -0.070378 0.000000 -0.076629 0.395833 -0.915120 3.700000 0.000116 0.917822 0.396992 0.000000 0.000000 0.000000 0.000000 1.000000
0.997060 0.030315 -0.070378 -0.000000 -0.076629 0.395833 -0.915120 3.700000 0.000116 0.917822 0.396992 0.000000 0.000000 0.000000 0.000000 1.000000
0.997060 0.030315 -0.070378 -0.000000 -0.076629 0.395833 -0.915120 3.700000 0.000116 0.917822 0.396992 -0.000000 0.000000 0.000000 0.000000 1.000000
0.997060 0.030315 -0.070378 0.000000 -0.076629 0.395833 -0.915120 3.700000 0.000116 0.917822 0.396992 -0.000000 0.000000 0.000000 0.000000 1.000000
0.997060 0.030315 -0.070378 -0.000000 -0.076629 0.395833 -0.915120 3.700000 0.000116 0.917822 0.396992 0.000000 0.000000 0.000000 0.000000 1.000000
0.997060 0.030315 -0.070378 0.000000 -0.076629 0.395833 -0.915120 3.700000 0.000116 0.917822 0.396992 0.000000 0.000000 0.000000 0.000000 1.000000
0.997060 0.030315 -0.070378 -0.000000 -0.076629 0.395833 -0.915120 3.700000 0.000116 0.917822 0.396992 -0.000000 0.000000 0.000000 0.000000 1.000000</float_array>
        <technique_common>
          <accessor source="#mixamorig_RightHandIndex2-Matrix-animation-output-transform-array" count="46" stride="16">
            <param type="float4x4"/>
          </accessor>
        </technique_common>
      </source>
      <source id="mixamorig_RightHandIndex2-Interpolations">
        <Name_array id="mixamorig_RightHandIndex2-Interpolations-array" count="46">
 LINEAR LINEAR LINEAR LINEAR LINEAR LINEAR LINEAR LINEAR LINEAR LINEAR LINEAR
LINEAR LINEAR LINEAR LINEAR LINEAR LINEAR LINEAR LINEAR LINEAR LINEAR LINEAR LINEAR
LINEAR LINEAR LINEAR LINEAR LINEAR LINEAR LINEAR LINEAR LINEAR LINEAR LINEAR LINEAR
LINEAR LINEAR LINEAR LINEAR LINEAR LINEAR LINEAR LINEAR LINEAR LINEAR LINEAR</Name_array>
        <technique_common>
          <accessor source="#mixamorig_RightHandIndex2-Interpolations-array" count="46">
            <param type="name"/>
          </accessor>
        </technique_common>
      </source>
      <sampler id="mixamorig_RightHandIndex2-Matrix-animation-transform">
        <input semantic="INPUT" source="#mixamorig_RightHandIndex2-Matrix-animation-input"/>
        <input semantic="OUTPUT" source="#mixamorig_RightHandIndex2-Matrix-animation-output-transform"/>
        <input semantic="INTERPOLATION" source="#mixamorig_RightHandIndex2-Interpolations"/>
      </sampler>
      <channel source="#mixamorig_RightHandIndex2-Matrix-animation-transform" target="mixamorig_RightHandIndex2/matrix"/>
    </animation>
    <animation id="mixamorig_RightHandIndex3-anim" name="mixamorig_RightHandIndex3">
      <source id="mixamorig_RightHandIndex3-Matrix-animation-input">
        <float_array id="mixamorig_RightHandIndex3-Matrix-animation-input-array" count="46">

0.000000 0.033333 0.066667 0.100000 0.133333 0.166667 0.200000 0.233333 0.266667 0.300000 0.333333 0.366667 0.400000 0.433333 0.466667 0.500000
0.533333 0.566667 0.600000 0.633333 0.666667 0.700000 0.733333 0.766667 0.800000 0.833333 0.866667 0.900000 0.933333 0.966667 1.000000 1.033333
1.066667 1.100000 1.133333 1.166667 1.200000 1.233333 1.266667 1.300000 1.333333 1.366667 1.400000 1.433333 1.466667 1.500000</float_array>
        <technique_common>
          <accessor source="#mixamorig_RightHandIndex3-Matrix-animation-input-array" count="46">
            <param name="TIME" type="float"/>
          </accessor>
        </technique_common>
      </source>
      <source id="mixamorig_RightHandIndex3-Matrix-animation-output-transform">
        <float_array id="mixamorig_RightHandIndex3-Matrix-animation-output-transform-array" count="736">

0.999411 -0.032653 -0.010569 -0.000000 0.007495 0.508176 -0.861221 2.850000 0.033492 0.860634 0.508121 0.000000 0.000000 0.000000 0.000000 1.000000
0.999411 -0.032653 -0.010569 0.000000 0.007496 0.508175 -0.861221 2.850000 0.033492 0.860634 0.508121 0.000000 0.000000 0.000000 0.000000 1.000000
0.999411 -0.032653 -0.010569 0.000000 0.007496 0.508176 -0.861221 2.850000 0.033492 0.860634 0.508121 0.000000 0.000000 0.000000 0.000000 1.000000
0.999411 -0.032653 -0.010569 0.000000 0.007495 0.508176 -0.861221 2.850000 0.033492 0.860634 0.508121 0.000000 0.000000 0.000000 0.000000 1.000000
0.999411 -0.032653 -0.010569 0.000000 0.007495 0.508176 -0.861221 2.850000 0.033492 0.860634 0.508121 0.000000 0.000000 0.000000 0.000000 1.000000
0.999411 -0.032653 -0.010569 0.000000 0.007496 0.508176 -0.861221 2.850000 0.033492 0.860634 0.508121 -0.000000 0.000000 0.000000 0.000000 1.000000
0.999411 -0.032653 -0.010569 0.000000 0.007495 0.508176 -0.861221 2.850000 0.033492 0.860634 0.508121 -0.000000 0.000000 0.000000 0.000000 1.000000
0.999411 -0.032653 -0.010569 0.000000 0.007495 0.508176 -0.861221 2.850000 0.033492 0.860634 0.508121 0.000000 0.000000 0.000000 0.000000 1.000000
0.999411 -0.032653 -0.010569 -0.000000 0.007496 0.508175 -0.861221 2.850000 0.033492 0.860634 0.508121 -0.000000 0.000000 0.000000 0.000000 1.000000
0.999411 -0.032653 -0.010569 -0.000000 0.007496 0.508176 -0.861221 2.850000 0.033492 0.860634 0.508121 0.000000 0.000000 0.000000 0.000000 1.000000
0.999411 -0.032653 -0.010569 0.000000 0.007495 0.508176 -0.861221 2.850000 0.033492 0.860634 0.508121 0.000000 0.000000 0.000000 0.000000 1.000000
0.999411 -0.032653 -0.010569 0.000000 0.007495 0.508176 -0.861221 2.850000 0.033492 0.860634 0.508121 -0.000000 0.000000 0.000000 0.000000 1.000000
0.999411 -0.032653 -0.010569 -0.000000 0.007495 0.508176 -0.861221 2.850000 0.033492 0.860634 0.508121 0.000000 0.000000 0.000000 0.000000 1.000000
0.999411 -0.032653 -0.010569 0.000000 0.007496 0.508176 -0.861221 2.850000 0.033492 0.860634 0.508121 0.000000 0.000000 0.000000 0.000000 1.000000
0.999411 -0.032653 -0.010569 0.000000 0.007495 0.508176 -0.861221 2.850000 0.033492 0.860634 0.508121 -0.000000 0.000000 0.000000 0.000000 1.000000
0.999411 -0.032653 -0.010569 0.000000 0.007495 0.508176 -0.861221 2.850000 0.033492 0.860634 0.508121 0.000000 0.000000 0.000000 0.000000 1.000000
0.999411 -0.032652 -0.010570 0.000000 0.007495 0.508176 -0.861221 2.850000 0.033492 0.860634 0.508121 -0.000000 0.000000 0.000000 0.000000 1.000000
0.999411 -0.032653 -0.010569 0.000000 0.007495 0.508176 -0.861221 2.850000 0.033492 0.860634 0.508121 0.000000 0.000000 0.000000 0.000000 1.000000
0.999411 -0.032653 -0.010569 0.000000 0.007496 0.508175 -0.861221 2.850000 0.033492 0.860634 0.508121 -0.000000 0.000000 0.000000 0.000000 1.000000
0.999411 -0.032653 -0.010569 0.000000 0.007495 0.508176 -0.861221 2.850000 0.033492 0.860634 0.508121 -0.000000 0.000000 0.000000 0.000000 1.000000
0.999411 -0.032653 -0.010569 0.000000 0.007495 0.508176 -0.861221 2.850000 0.033492 0.860634 0.508121 0.000000 0.000000 0.000000 0.000000 1.000000
0.999411 -0.032653 -0.010569 -0.000000 0.007495 0.508176 -0.861221 2.850000 0.033492 0.860634 0.508121 -0.000000 0.000000 0.000000 0.000000 1.000000
0.999411 -0.032653 -0.010569 0.000000 0.007496 0.508176 -0.861221 2.850000 0.033492 0.860634 0.508121 -0.000000 0.000000 0.000000 0.000000 1.000000
0.999411 -0.032653 -0.010569 -0.000000 0.007495 0.508176 -0.861221 2.850000 0.033492 0.860634 0.508121 0.000000 0.000000 0.000000 0.000000 1.000000
0.999411 -0.032653 -0.010569 0.000000 0.007496 0.508176 -0.861221 2.850000 0.033492 0.860634 0.508121 0.000000 0.000000 0.000000 0.000000 1.000000
0.999411 -0.032653 -0.010569 0.000000 0.007495 0.508176 -0.861221 2.850000 0.033492 0.860634 0.508121 0.000000 0.000000 0.000000 0.000000 1.000000
0.999411 -0.032653 -0.010569 0.000000 0.007495 0.508176 -0.861221 2.850000 0.033492 0.860634 0.508121 0.000000 0.000000 0.000000 0.000000 1.000000
0.999411 -0.032653 -0.010569 0.000000 0.007495 0.508176 -0.861221 2.850000 0.033492 0.860634 0.508121 -0.000000 0.000000 0.000000 0.000000 1.000000
0.999411 -0.032653 -0.010569 0.000000 0.007495 0.508176 -0.861221 2.850000 0.033492 0.860634 0.508121 0.000000 0.000000 0.000000 0.000000 1.000000
0.999411 -0.032653 -0.010569 -0.000000 0.007495 0.508176 -0.861221 2.850000 0.033492 0.860634 0.508121 0.000000 0.000000 0.000000 0.000000 1.000000
0.999411 -0.032653 -0.010569 0.000000 0.007496 0.508175 -0.861221 2.850000 0.033492 0.860634 0.508121 0.000000 0.000000 0.000000 0.000000 1.000000
0.999411 -0.032653 -0.010569 0.000000 0.007496 0.508176 -0.861221 2.850000 0.033492 0.860634 0.508121 0.000000 0.000000 0.000000 0.000000 1.000000
0.999411 -0.032653 -0.010569 0.000000 0.007496 0.508176 -0.861221 2.850000 0.033492 0.860634 0.508121 0.000000 0.000000 0.000000 0.000000 1.000000
0.999411 -0.032653 -0.010569 0.000000 0.007495 0.508176 -0.861221 2.850000 0.033492 0.860634 0.508121 -0.000000 0.000000 0.000000 0.000000 1.000000
0.999411 -0.032653 -0.010569 0.000000 0.007495 0.508176 -0.861221 2.850000 0.033492 0.860634 0.508121 0.000000 0.000000 0.000000 0.000000 1.000000
0.999411 -0.032653 -0.010569 -0.000000 0.007495 0.508176 -0.861221 2.850000 0.033492 0.860634 0.508121 0.000000 0.000000 0.000000 0.000000 1.000000
0.999411 -0.032653 -0.010569 0.000000 0.007495 0.508176 -0.861221 2.850000 0.033492 0.860634 0.508121 0.000000 0.000000 0.000000 0.000000 1.000000
0.999411 -0.032653 -0.010569 0.000000 0.007495 0.508176 -0.861221 2.850000 0.033492 0.860634 0.508121 -0.000000 0.000000 0.000000 0.000000 1.000000
0.999411 -0.032653 -0.010569 0.000000 0.007496 0.508176 -0.861221 2.850000 0.033492 0.860634 0.508121 0.000000 0.000000 0.000000 0.000000 1.000000
0.999411 -0.032653 -0.010569 -0.000000 0.007495 0.508176 -0.861221 2.850000 0.033492 0.860634 0.508121 0.000000 0.000000 0.000000 0.000000 1.000000
0.999411 -0.032653 -0.010569 0.000000 0.007495 0.508176 -0.861221 2.850000 0.033492 0.860634 0.508121 0.000000 0.000000 0.000000 0.000000 1.000000
0.999411 -0.032653 -0.010569 0.000000 0.007496 0.508176 -0.861221 2.850000 0.033492 0.860634 0.508121 0.000000 0.000000 0.000000 0.000000 1.000000
0.999411 -0.032653 -0.010569 0.000000 0.007496 0.508176 -0.861221 2.850000 0.033492 0.860634 0.508121 0.000000 0.000000 0.000000 0.000000 1.000000
0.999411 -0.032653 -0.010569 0.000000 0.007496 0.508176 -0.861221 2.850000 0.033492 0.860634 0.508121 0.000000 0.000000 0.000000 0.000000 1.000000
0.999411 -0.032653 -0.010569 0.000000 0.007496 0.508175 -0.861221 2.850000 0.033492 0.860634 0.508121 0.000000 0.000000 0.000000 0.000000 1.000000
0.999411 -0.032653 -0.010569 0.000000 0.007496 0.508176 -0.861221 2.850000 0.033492 0.860634 0.508121 0.000000 0.000000 0.000000 0.000000 1.000000</float_array>
        <technique_common>
          <accessor source="#mixamorig_RightHandIndex3-Matrix-animation-output-transform-array" count="46" stride="16">
            <param type="float4x4"/>
          </accessor>
        </technique_common>
      </source>
      <source id="mixamorig_RightHandIndex3-Interpolations">
        <Name_array id="mixamorig_RightHandIndex3-Interpolations-array" count="46">
 LINEAR LINEAR LINEAR LINEAR LINEAR LINEAR LINEAR LINEAR LINEAR LINEAR LINEAR
LINEAR LINEAR LINEAR LINEAR LINEAR LINEAR LINEAR LINEAR LINEAR LINEAR LINEAR LINEAR
LINEAR LINEAR LINEAR LINEAR LINEAR LINEAR LINEAR LINEAR LINEAR LINEAR LINEAR LINEAR
LINEAR LINEAR LINEAR LINEAR LINEAR LINEAR LINEAR LINEAR LINEAR LINEAR LINEAR</Name_array>
        <technique_common>
          <accessor source="#mixamorig_RightHandIndex3-Interpolations-array" count="46">
            <param type="name"/>
          </accessor>
        </technique_common>
      </source>
      <sampler id="mixamorig_RightHandIndex3-Matrix-animation-transform">
        <input semantic="INPUT" source="#mixamorig_RightHandIndex3-Matrix-animation-input"/>
        <input semantic="OUTPUT" source="#mixamorig_RightHandIndex3-Matrix-animation-output-transform"/>
        <input semantic="INTERPOLATION" source="#mixamorig_RightHandIndex3-Interpolations"/>
      </sampler>
      <channel source="#mixamorig_RightHandIndex3-Matrix-animation-transform" target="mixamorig_RightHandIndex3/matrix"/>
    </animation>
    <animation id="mixamorig_RightHandMiddle1-anim" name="mixamorig_RightHandMiddle1">
      <source id="mixamorig_RightHandMiddle1-Matrix-animation-input">
        <float_array id="mixamorig_RightHandMiddle1-Matrix-animation-input-array" count="46">

0.000000 0.033333 0.066667 0.100000 0.133333 0.166667 0.200000 0.233333 0.266667 0.300000 0.333333 0.366667 0.400000 0.433333 0.466667 0.500000
0.533333 0.566667 0.600000 0.633333 0.666667 0.700000 0.733333 0.766667 0.800000 0.833333 0.866667 0.900000 0.933333 0.966667 1.000000 1.033333
1.066667 1.100000 1.133333 1.166667 1.200000 1.233333 1.266667 1.300000 1.333333 1.366667 1.400000 1.433333 1.466667 1.500000</float_array>
        <technique_common>
          <accessor source="#mixamorig_RightHandMiddle1-Matrix-animation-input-array" count="46">
            <param name="TIME" type="float"/>
          </accessor>
        </technique_common>
      </source>
      <source id="mixamorig_RightHandMiddle1-Matrix-animation-output-transform">
        <float_array id="mixamorig_RightHandMiddle1-Matrix-animation-output-transform-array" count="736">

0.999765 0.019251 0.009921 -0.000000 0.002091 0.370163 -0.928964 9.532500 -0.021556 0.928767 0.370036 0.000000 0.000000 0.000000 0.000000 1.000000
0.999765 0.019251 0.009921 0.000000 0.002091 0.370163 -0.928964 9.532500 -0.021556 0.928767 0.370036 0.000000 0.000000 0.000000 0.000000 1.000000
0.999765 0.019251 0.009921 0.000000 0.002091 0.370163 -0.928964 9.532500 -0.021556 0.928767 0.370036 0.000000 0.000000 0.000000 0.000000 1.000000
0.999765 0.019251 0.009921 0.000000 0.002091 0.370163 -0.928964 9.532500 -0.021556 0.928767 0.370036 0.000000 0.000000 0.000000 0.000000 1.000000
0.999765 0.019251 0.009921 0.000000 0.002091 0.370163 -0.928965 9.532500 -0.021556 0.928767 0.370036 0.000000 0.000000 0.000000 0.000000 1.000000
0.999765 0.019252 0.009921 0.000000 0.002091 0.370163 -0.928964 9.532500 -0.021556 0.928767 0.370036 0.000000 0.000000 0.000000 0.000000 1.000000
0.999765 0.019251 0.009921 0.000000 0.002091 0.370163 -0.928964 9.532500 -0.021556 0.928767 0.370036 -0.000000 0.000000 0.000000 0.000000 1.000000
0.999765 0.019251 0.009921 0.000000 0.002091 0.370163 -0.928964 9.532500 -0.021556 0.928767 0.370036 0.000000 0.000000 0.000000 0.000000 1.000000
0.999765 0.019251 0.009921 0.000000 0.002091 0.370163 -0.928965 9.532500 -0.021556 0.928767 0.370036 0.000000 0.000000 0.000000 0.000000 1.000000
0.999765 0.019252 0.009921 0.000000 0.002091 0.370163 -0.928965 9.532500 -0.021556 0.928767 0.370036 0.000000 0.000000 0.000000 0.000000 1.000000
0.999765 0.019251 0.009921 -0.000000 0.002091 0.370163 -0.928964 9.532500 -0.021556 0.928767 0.370036 -0.000000 0.000000 0.000000 0.000000 1.000000
0.999765 0.019252 0.009921 -0.000000 0.002091 0.370163 -0.928964 9.532500 -0.021556 0.928767 0.370036 0.000000 0.000000 0.000000 0.000000 1.000000
0.999765 0.019252 0.009921 0.000000 0.002090 0.370163 -0.928964 9.532500 -0.021557 0.928767 0.370036 0.000000 0.000000 0.000000 0.000000 1.000000
0.999765 0.019251 0.009921 0.000000 0.002091 0.370163 -0.928964 9.532500 -0.021556 0.928767 0.370036 -0.000000 0.000000 0.000000 0.000000 1.000000
0.999765 0.019251 0.009921 -0.000000 0.002090 0.370163 -0.928965 9.532500 -0.021556 0.928767 0.370036 0.000000 0.000000 0.000000 0.000000 1.000000
0.999765 0.019251 0.009921 0.000000 0.002091 0.370163 -0.928964 9.532500 -0.021556 0.928767 0.370036 0.000000 0.000000 0.000000 0.000000 1.000000
0.999765 0.019251 0.009921 0.000000 0.002091 0.370163 -0.928964 9.532500 -0.021556 0.928767 0.370036 0.000000 0.000000 0.000000 0.000000 1.000000
0.999765 0.019251 0.009921 0.000000 0.002091 0.370163 -0.928964 9.532500 -0.021556 0.928767 0.370036 0.000000 0.000000 0.000000 0.000000 1.000000
0.999765 0.019251 0.009921 0.000000 0.002091 0.370163 -0.928964 9.532500 -0.021556 0.928767 0.370036 0.000000 0.000000 0.000000 0.000000 1.000000
0.999765 0.019251 0.009921 0.000000 0.002091 0.370163 -0.928965 9.532500 -0.021556 0.928767 0.370036 -0.000000 0.000000 0.000000 0.000000 1.000000
0.999765 0.019252 0.009921 0.000000 0.002091 0.370163 -0.928965 9.532500 -0.021556 0.928767 0.370036 -0.000000 0.000000 0.000000 0.000000 1.000000
0.999765 0.019252 0.009921 0.000000 0.002091 0.370163 -0.928964 9.532500 -0.021556 0.928767 0.370036 0.000000 0.000000 0.000000 0.000000 1.000000
0.999765 0.019252 0.009921 0.000000 0.002091 0.370163 -0.928964 9.532500 -0.021556 0.928767 0.370036 -0.000000 0.000000 0.000000 0.000000 1.000000
0.999765 0.019252 0.009921 0.000000 0.002091 0.370163 -0.928964 9.532500 -0.021557 0.928767 0.370036 -0.000000 0.000000 0.000000 0.000000 1.000000
0.999765 0.019252 0.009921 0.000000 0.002091 0.370163 -0.928965 9.532500 -0.021557 0.928767 0.370036 0.000000 0.000000 0.000000 0.000000 1.000000
0.999765 0.019251 0.009921 0.000000 0.002091 0.370163 -0.928965 9.532500 -0.021556 0.928767 0.370036 0.000000 0.000000 0.000000 0.000000 1.000000
0.999765 0.019251 0.009921 0.000000 0.002091 0.370163 -0.928965 9.532500 -0.021556 0.928767 0.370036 0.000000 0.000000 0.000000 0.000000 1.000000
0.999765 0.019251 0.009921 0.000000 0.002091 0.370163 -0.928964 9.532500 -0.021556 0.928767 0.370036 -0.000000 0.000000 0.000000 0.000000 1.000000
0.999765 0.019251 0.009921 0.000000 0.002091 0.370163 -0.928964 9.532500 -0.021556 0.928767 0.370036 0.000000 0.000000 0.000000 0.000000 1.000000
0.999765 0.019251 0.009921 0.000000 0.002091 0.370163 -0.928964 9.532500 -0.021556 0.928767 0.370036 0.000000 0.000000 0.000000 0.000000 1.000000
0.999765 0.019251 0.009921 0.000000 0.002091 0.370163 -0.928964 9.532500 -0.021556 0.928767 0.370036 0.000000 0.000000 0.000000 0.000000 1.000000
0.999765 0.019251 0.009921 0.000000 0.002091 0.370163 -0.928964 9.532500 -0.021556 0.928767 0.370036 0.000000 0.000000 0.000000 0.000000 1.000000
0.999765 0.019251 0.009921 0.000000 0.002091 0.370163 -0.928965 9.532500 -0.021557 0.928767 0.370036 0.000000 0.000000 0.000000 0.000000 1.000000
0.999765 0.019251 0.009921 -0.000000 0.002091 0.370163 -0.928964 9.532500 -0.021556 0.928767 0.370036 0.000000 0.000000 0.000000 0.000000 1.000000
0.999765 0.019251 0.009921 -0.000000 0.002091 0.370163 -0.928965 9.532500 -0.021556 0.928767 0.370036 0.000000 0.000000 0.000000 0.000000 1.000000
0.999765 0.019251 0.009921 0.000000 0.002091 0.370163 -0.928965 9.532500 -0.021556 0.928767 0.370036 0.000000 0.000000 0.000000 0.000000 1.000000
0.999765 0.019251 0.009921 0.000000 0.002091 0.370163 -0.928964 9.532500 -0.021556 0.928767 0.370036 0.000000 0.000000 0.000000 0.000000 1.000000
0.999765 0.019251 0.009921 0.000000 0.002091 0.370163 -0.928965 9.532500 -0.021556 0.928767 0.370036 0.000000 0.000000 0.000000 0.000000 1.000000
0.999765 0.019251 0.009921 -0.000000 0.002091 0.370163 -0.928964 9.532500 -0.021556 0.928767 0.370036 0.000000 0.000000 0.000000 0.000000 1.000000
0.999765 0.019251 0.009921 0.000000 0.002091 0.370163 -0.928964 9.532500 -0.021556 0.928767 0.370036 -0.000000 0.000000 0.000000 0.000000 1.000000
0.999765 0.019251 0.009921 -0.000000 0.002091 0.370163 -0.928964 9.532500 -0.021556 0.928767 0.370036 0.000000 0.000000 0.000000 0.000000 1.000000
0.999765 0.019251 0.009921 0.000000 0.002091 0.370163 -0.928964 9.532500 -0.021556 0.928767 0.370036 0.000000 0.000000 0.000000 0.000000 1.000000
0.999765 0.019251 0.009921 0.000000 0.002091 0.370163 -0.928965 9.532500 -0.021556 0.928767 0.370036 0.000000 0.000000 0.000000 0.000000 1.000000
0.999765 0.019251 0.009921 0.000000 0.002091 0.370163 -0.928965 9.532500 -0.021556 0.928767 0.370036 0.000000 0.000000 0.000000 0.000000 1.000000
0.999765 0.019251 0.009921 0.000000 0.002091 0.370163 -0.928965 9.532500 -0.021556 0.928767 0.370036 0.000000 0.000000 0.000000 0.000000 1.000000
0.999765 0.019252 0.009921 0.000000 0.002091 0.370163 -0.928964 9.532500 -0.021556 0.928767 0.370036 0.000000 0.000000 0.000000 0.000000 1.000000</float_array>
        <technique_common>
          <accessor source="#mixamorig_RightHandMiddle1-Matrix-animation-output-transform-array" count="46" stride="16">
            <param type="float4x4"/>
          </accessor>
        </technique_common>
      </source>
      <source id="mixamorig_RightHandMiddle1-Interpolations">
        <Name_array id="mixamorig_RightHandMiddle1-Interpolations-array" count="46">
 LINEAR LINEAR LINEAR LINEAR LINEAR LINEAR LINEAR LINEAR LINEAR LINEAR LINEAR
LINEAR LINEAR LINEAR LINEAR LINEAR LINEAR LINEAR LINEAR LINEAR LINEAR LINEAR LINEAR
LINEAR LINEAR LINEAR LINEAR LINEAR LINEAR LINEAR LINEAR LINEAR LINEAR LINEAR LINEAR
LINEAR LINEAR LINEAR LINEAR LINEAR LINEAR LINEAR LINEAR LINEAR LINEAR LINEAR</Name_array>
        <technique_common>
          <accessor source="#mixamorig_RightHandMiddle1-Interpolations-array" count="46">
            <param type="name"/>
          </accessor>
        </technique_common>
      </source>
      <sampler id="mixamorig_RightHandMiddle1-Matrix-animation-transform">
        <input semantic="INPUT" source="#mixamorig_RightHandMiddle1-Matrix-animation-input"/>
        <input semantic="OUTPUT" source="#mixamorig_RightHandMiddle1-Matrix-animation-output-transform"/>
        <input semantic="INTERPOLATION" source="#mixamorig_RightHandMiddle1-Interpolations"/>
      </sampler>
      <channel source="#mixamorig_RightHandMiddle1-Matrix-animation-transform" target="mixamorig_RightHandMiddle1/matrix"/>
    </animation>
    <animation id="mixamorig_RightHandMiddle2-anim" name="mixamorig_RightHandMiddle2">
      <source id="mixamorig_RightHandMiddle2-Matrix-animation-input">
        <float_array id="mixamorig_RightHandMiddle2-Matrix-animation-input-array" count="46">

0.000000 0.033333 0.066667 0.100000 0.133333 0.166667 0.200000 0.233333 0.266667 0.300000 0.333333 0.366667 0.400000 0.433333 0.466667 0.500000
0.533333 0.566667 0.600000 0.633333 0.666667 0.700000 0.733333 0.766667 0.800000 0.833333 0.866667 0.900000 0.933333 0.966667 1.000000 1.033333
1.066667 1.100000 1.133333 1.166667 1.200000 1.233333 1.266667 1.300000 1.333333 1.366667 1.400000 1.433333 1.466667 1.500000</float_array>
        <technique_common>
          <accessor source="#mixamorig_RightHandMiddle2-Matrix-animation-input-array" count="46">
            <param name="TIME" type="float"/>
          </accessor>
        </technique_common>
      </source>
      <source id="mixamorig_RightHandMiddle2-Matrix-animation-output-transform">
        <float_array id="mixamorig_RightHandMiddle2-Matrix-animation-output-transform-array" count="736">

0.996341 0.009525 -0.084938 0.000000 -0.085460 0.095462 -0.991758 3.700000 -0.001338 0.995387 0.095927 -0.000000 0.000000 0.000000 0.000000 1.000000
0.996341 0.009526 -0.084938 0.000000 -0.085460 0.095462 -0.991758 3.700000 -0.001339 0.995387 0.095927 0.000000 0.000000 0.000000 0.000000 1.000000
0.996341 0.009525 -0.084938 0.000000 -0.085460 0.095462 -0.991758 3.700000 -0.001338 0.995387 0.095927 -0.000000 0.000000 0.000000 0.000000 1.000000
0.996341 0.009525 -0.084938 -0.000000 -0.085460 0.095462 -0.991758 3.700000 -0.001338 0.995387 0.095927 0.000000 0.000000 0.000000 0.000000 1.000000
0.996341 0.009526 -0.084938 0.000000 -0.085460 0.095462 -0.991758 3.700000 -0.001339 0.995387 0.095927 0.000000 0.000000 0.000000 0.000000 1.000000
0.996341 0.009525 -0.084938 0.000000 -0.085460 0.095462 -0.991758 3.700000 -0.001338 0.995387 0.095927 -0.000000 0.000000 0.000000 0.000000 1.000000
0.996341 0.009525 -0.084938 0.000000 -0.085460 0.095462 -0.991758 3.700000 -0.001338 0.995388 0.095927 0.000000 0.000000 0.000000 0.000000 1.000000
0.996341 0.009525 -0.084938 0.000000 -0.085460 0.095462 -0.991758 3.700000 -0.001338 0.995387 0.095927 0.000000 0.000000 0.000000 0.000000 1.000000
0.996341 0.009525 -0.084938 -0.000000 -0.085460 0.095463 -0.991758 3.700000 -0.001338 0.995387 0.095927 0.000000 0.000000 0.000000 0.000000 1.000000
0.996341 0.009526 -0.084938 -0.000000 -0.085460 0.095462 -0.991758 3.700000 -0.001339 0.995387 0.095927 0.000000 0.000000 0.000000 0.000000 1.000000
0.996341 0.009525 -0.084938 0.000000 -0.085460 0.095462 -0.991758 3.700000 -0.001338 0.995387 0.095927 -0.000000 0.000000 0.000000 0.000000 1.000000
0.996341 0.009525 -0.084938 0.000000 -0.085460 0.095462 -0.991758 3.700000 -0.001338 0.995387 0.095927 0.000000 0.000000 0.000000 0.000000 1.000000
0.996341 0.009525 -0.084938 -0.000000 -0.085460 0.095462 -0.991758 3.700000 -0.001339 0.995387 0.095927 0.000000 0.000000 0.000000 0.000000 1.000000
0.996341 0.009525 -0.084938 0.000000 -0.085460 0.095463 -0.991758 3.700000 -0.001338 0.995387 0.095927 0.000000 0.000000 0.000000 0.000000 1.000000
0.996341 0.009526 -0.084938 -0.000000 -0.085460 0.095462 -0.991758 3.700000 -0.001339 0.995387 0.095927 -0.000000 0.000000 0.000000 0.000000 1.000000
0.996341 0.009525 -0.084938 -0.000000 -0.085460 0.095462 -0.991758 3.700000 -0.001338 0.995387 0.095927 0.000000 0.000000 0.000000 0.000000 1.000000
0.996341 0.009525 -0.084938 0.000000 -0.085460 0.095462 -0.991758 3.700000 -0.001338 0.995387 0.095927 0.000000 0.000000 0.000000 0.000000 1.000000
0.996341 0.009525 -0.084938 0.000000 -0.085460 0.095463 -0.991758 3.700000 -0.001338 0.995387 0.095927 0.000000 0.000000 0.000000 0.000000 1.000000
0.996341 0.009525 -0.084938 0.000000 -0.085460 0.095462 -0.991758 3.700000 -0.001339 0.995387 0.095927 -0.000000 0.000000 0.000000 0.000000 1.000000
0.996341 0.009525 -0.084938 0.000000 -0.085460 0.095463 -0.991758 3.700000 -0.001338 0.995387 0.095927 0.000000 0.000000 0.000000 0.000000 1.000000
0.996341 0.009525 -0.084938 -0.000000 -0.085460 0.095462 -0.991758 3.700000 -0.001339 0.995387 0.095927 -0.000000 0.000000 0.000000 0.000000 1.000000
0.996341 0.009525 -0.084938 0.000000 -0.085460 0.095462 -0.991758 3.700000 -0.001338 0.995387 0.095927 0.000000 0.000000 0.000000 0.000000 1.000000
0.996341 0.009525 -0.084938 0.000000 -0.085460 0.095462 -0.991758 3.700000 -0.001338 0.995387 0.095927 0.000000 0.000000 0.000000 0.000000 1.000000
0.996341 0.009525 -0.084938 0.000000 -0.085460 0.095462 -0.991758 3.700000 -0.001338 0.995387 0.095927 0.000000 0.000000 0.000000 0.000000 1.000000
0.996341 0.009525 -0.084938 0.000000 -0.085460 0.095462 -0.991758 3.700000 -0.001338 0.995387 0.095927 0.000000 0.000000 0.000000 0.000000 1.000000
0.996341 0.009525 -0.084938 0.000000 -0.085460 0.095462 -0.991758 3.700000 -0.001338 0.995387 0.095927 0.000000 0.000000 0.000000 0.000000 1.000000
0.996341 0.009525 -0.084938 -0.000000 -0.085460 0.095462 -0.991758 3.700000 -0.001338 0.995387 0.095927 0.000000 0.000000 0.000000 0.000000 1.000000
0.996341 0.009525 -0.084938 0.000000 -0.085460 0.095462 -0.991758 3.700000 -0.001338 0.995387 0.095927 -0.000000 0.000000 0.000000 0.000000 1.000000
0.996341 0.009525 -0.084938 0.000000 -0.085460 0.095462 -0.991758 3.700000 -0.001338 0.995387 0.095927 0.000000 0.000000 0.000000 0.000000 1.000000
0.996341 0.009525 -0.084938 0.000000 -0.085460 0.095462 -0.991758 3.700000 -0.001338 0.995387 0.095927 0.000000 0.000000 0.000000 0.000000 1.000000
0.996341 0.009526 -0.084938 -0.000000 -0.085460 0.095462 -0.991758 3.700000 -0.001339 0.995387 0.095927 -0.000000 0.000000 0.000000 0.000000 1.000000
0.996341 0.009525 -0.084938 0.000000 -0.085460 0.095462 -0.991758 3.700000 -0.001338 0.995387 0.095927 0.000000 0.000000 0.000000 0.000000 1.000000
0.996341 0.009525 -0.084938 0.000000 -0.085460 0.095463 -0.991758 3.700000 -0.001338 0.995387 0.095927 0.000000 0.000000 0.000000 0.000000 1.000000
0.996341 0.009525 -0.084938 0.000000 -0.085460 0.095462 -0.991758 3.700000 -0.001339 0.995387 0.095927 0.000000 0.000000 0.000000 0.000000 1.000000
0.996341 0.009525 -0.084938 0.000000 -0.085460 0.095462 -0.991758 3.700000 -0.001338 0.995387 0.095927 0.000000 0.000000 0.000000 0.000000 1.000000
0.996341 0.009525 -0.084938 0.000000 -0.085460 0.095462 -0.991758 3.700000 -0.001338 0.995387 0.095927 0.000000 0.000000 0.000000 0.000000 1.000000
0.996341 0.009525 -0.084938 0.000000 -0.085460 0.095462 -0.991758 3.700000 -0.001338 0.995387 0.095927 -0.000000 0.000000 0.000000 0.000000 1.000000
0.996341 0.009525 -0.084938 0.000000 -0.085460 0.095462 -0.991758 3.700000 -0.001338 0.995387 0.095927 0.000000 0.000000 0.000000 0.000000 1.000000
0.996341 0.009525 -0.084938 -0.000000 -0.085460 0.095463 -0.991758 3.700000 -0.001338 0.995387 0.095927 0.000000 0.000000 0.000000 0.000000 1.000000
0.996341 0.009525 -0.084938 0.000000 -0.085460 0.095462 -0.991758 3.700000 -0.001338 0.995387 0.095927 0.000000 0.000000 0.000000 0.000000 1.000000
0.996341 0.009525 -0.084938 0.000000 -0.085460 0.095462 -0.991758 3.700000 -0.001338 0.995387 0.095927 0.000000 0.000000 0.000000 0.000000 1.000000
0.996341 0.009525 -0.084939 0.000000 -0.085461 0.095463 -0.991758 3.700000 -0.001338 0.995387 0.095927 -0.000000 0.000000 0.000000 0.000000 1.000000
0.996341 0.009525 -0.084938 0.000000 -0.085460 0.095462 -0.991758 3.700000 -0.001339 0.995387 0.095927 -0.000000 0.000000 0.000000 0.000000 1.000000
0.996341 0.009525 -0.084938 0.000000 -0.085460 0.095462 -0.991758 3.700000 -0.001338 0.995387 0.095927 0.000000 0.000000 0.000000 0.000000 1.000000
0.996341 0.009525 -0.084938 0.000000 -0.085460 0.095462 -0.991758 3.700000 -0.001339 0.995387 0.095927 0.000000 0.000000 0.000000 0.000000 1.000000
0.996341 0.009525 -0.084938 0.000000 -0.085460 0.095462 -0.991758 3.700000 -0.001338 0.995387 0.095927 0.000000 0.000000 0.000000 0.000000 1.000000</float_array>
        <technique_common>
          <accessor source="#mixamorig_RightHandMiddle2-Matrix-animation-output-transform-array" count="46" stride="16">
            <param type="float4x4"/>
          </accessor>
        </technique_common>
      </source>
      <source id="mixamorig_RightHandMiddle2-Interpolations">
        <Name_array id="mixamorig_RightHandMiddle2-Interpolations-array" count="46">
 LINEAR LINEAR LINEAR LINEAR LINEAR LINEAR LINEAR LINEAR LINEAR LINEAR LINEAR
LINEAR LINEAR LINEAR LINEAR LINEAR LINEAR LINEAR LINEAR LINEAR LINEAR LINEAR LINEAR
LINEAR LINEAR LINEAR LINEAR LINEAR LINEAR LINEAR LINEAR LINEAR LINEAR LINEAR LINEAR
LINEAR LINEAR LINEAR LINEAR LINEAR LINEAR LINEAR LINEAR LINEAR LINEAR LINEAR</Name_array>
        <technique_common>
          <accessor source="#mixamorig_RightHandMiddle2-Interpolations-array" count="46">
            <param type="name"/>
          </accessor>
        </technique_common>
      </source>
      <sampler id="mixamorig_RightHandMiddle2-Matrix-animation-transform">
        <input semantic="INPUT" source="#mixamorig_RightHandMiddle2-Matrix-animation-input"/>
        <input semantic="OUTPUT" source="#mixamorig_RightHandMiddle2-Matrix-animation-output-transform"/>
        <input semantic="INTERPOLATION" source="#mixamorig_RightHandMiddle2-Interpolations"/>
      </sampler>
      <channel source="#mixamorig_RightHandMiddle2-Matrix-animation-transform" target="mixamorig_RightHandMiddle2/matrix"/>
    </animation>
    <animation id="mixamorig_RightHandMiddle3-anim" name="mixamorig_RightHandMiddle3">
      <source id="mixamorig_RightHandMiddle3-Matrix-animation-input">
        <float_array id="mixamorig_RightHandMiddle3-Matrix-animation-input-array" count="46">

0.000000 0.033333 0.066667 0.100000 0.133333 0.166667 0.200000 0.233333 0.266667 0.300000 0.333333 0.366667 0.400000 0.433333 0.466667 0.500000
0.533333 0.566667 0.600000 0.633333 0.666667 0.700000 0.733333 0.766667 0.800000 0.833333 0.866667 0.900000 0.933333 0.966667 1.000000 1.033333
1.066667 1.100000 1.133333 1.166667 1.200000 1.233333 1.266667 1.300000 1.333333 1.366667 1.400000 1.433333 1.466667 1.500000</float_array>
        <technique_common>
          <accessor source="#mixamorig_RightHandMiddle3-Matrix-animation-input-array" count="46">
            <param name="TIME" type="float"/>
          </accessor>
        </technique_common>
      </source>
      <source id="mixamorig_RightHandMiddle3-Matrix-animation-output-transform">
        <float_array id="mixamorig_RightHandMiddle3-Matrix-animation-output-transform-array" count="736">

0.999600 -0.028260 -0.000912 0.000000 0.023289 0.841186 -0.540245 2.950000 0.016035 0.540007 0.841508 0.000000 0.000000 0.000000 0.000000 1.000000
0.999600 -0.028260 -0.000913 0.000000 0.023289 0.841186 -0.540244 2.950000 0.016035 0.540007 0.841508 0.000000 0.000000 0.000000 0.000000 1.000000
0.999600 -0.028260 -0.000913 0.000000 0.023288 0.841186 -0.540244 2.950000 0.016035 0.540007 0.841508 0.000000 0.000000 0.000000 0.000000 1.000000
0.999600 -0.028260 -0.000913 0.000000 0.023288 0.841186 -0.540245 2.950000 0.016035 0.540007 0.841508 0.000000 0.000000 0.000000 0.000000 1.000000
0.999600 -0.028260 -0.000912 -0.000000 0.023289 0.841186 -0.540244 2.950000 0.016035 0.540007 0.841508 0.000000 0.000000 0.000000 0.000000 1.000000
0.999600 -0.028260 -0.000913 0.000000 0.023288 0.841186 -0.540244 2.950000 0.016035 0.540007 0.841508 0.000000 0.000000 0.000000 0.000000 1.000000
0.999600 -0.028260 -0.000913 -0.000000 0.023289 0.841186 -0.540245 2.950000 0.016035 0.540007 0.841508 0.000000 0.000000 0.000000 0.000000 1.000000
0.999600 -0.028260 -0.000912 -0.000000 0.023289 0.841186 -0.540244 2.950000 0.016035 0.540007 0.841508 0.000000 0.000000 0.000000 0.000000 1.000000
0.999600 -0.028260 -0.000913 -0.000000 0.023288 0.841186 -0.540245 2.950000 0.016035 0.540007 0.841508 0.000000 0.000000 0.000000 0.000000 1.000000
0.999600 -0.028260 -0.000912 -0.000000 0.023289 0.841186 -0.540244 2.950000 0.016035 0.540007 0.841508 -0.000000 0.000000 0.000000 0.000000 1.000000
0.999600 -0.028260 -0.000913 0.000000 0.023288 0.841186 -0.540244 2.950000 0.016035 0.540007 0.841508 -0.000000 0.000000 0.000000 0.000000 1.000000
0.999600 -0.028260 -0.000912 -0.000000 0.023289 0.841186 -0.540244 2.950000 0.016035 0.540007 0.841508 -0.000000 0.000000 0.000000 0.000000 1.000000
0.999600 -0.028260 -0.000913 0.000000 0.023288 0.841186 -0.540245 2.950000 0.016035 0.540007 0.841508 -0.000000 0.000000 0.000000 0.000000 1.000000
0.999600 -0.028260 -0.000913 0.000000 0.023288 0.841186 -0.540245 2.950000 0.016035 0.540007 0.841508 0.000000 0.000000 0.000000 0.000000 1.000000
0.999600 -0.028260 -0.000912 0.000000 0.023288 0.841186 -0.540245 2.950000 0.016035 0.540007 0.841508 0.000000 0.000000 0.000000 0.000000 1.000000
0.999600 -0.028261 -0.000913 0.000000 0.023289 0.841186 -0.540245 2.950000 0.016035 0.540007 0.841508 0.000000 0.000000 0.000000 0.000000 1.000000
0.999600 -0.028260 -0.000913 0.000000 0.023288 0.841186 -0.540245 2.950000 0.016035 0.540007 0.841508 0.000000 0.000000 0.000000 0.000000 1.000000
0.999600 -0.028260 -0.000913 0.000000 0.023288 0.841186 -0.540245 2.950000 0.016035 0.540007 0.841508 -0.000000 0.000000 0.000000 0.000000 1.000000
0.999600 -0.028261 -0.000912 0.000000 0.023289 0.841186 -0.540245 2.950000 0.016035 0.540007 0.841508 0.000000 0.000000 0.000000 0.000000 1.000000
0.999600 -0.028260 -0.000912 0.000000 0.023289 0.841186 -0.540244 2.950000 0.016035 0.540007 0.841508 0.000000 0.000000 0.000000 0.000000 1.000000
0.999600 -0.028260 -0.000912 0.000000 0.023289 0.841186 -0.540245 2.950000 0.016035 0.540007 0.841508 0.000000 0.000000 0.000000 0.000000 1.000000
0.999600 -0.028260 -0.000912 0.000000 0.023288 0.841186 -0.540245 2.950000 0.016035 0.540007 0.841508 -0.000000 0.000000 0.000000 0.000000 1.000000
0.999600 -0.028260 -0.000913 -0.000000 0.023288 0.841186 -0.540244 2.950000 0.016035 0.540007 0.841508 -0.000000 0.000000 0.000000 0.000000 1.000000
0.999600 -0.028260 -0.000912 -0.000000 0.023289 0.841186 -0.540244 2.950000 0.016035 0.540007 0.841508 0.000000 0.000000 0.000000 0.000000 1.000000
0.999600 -0.028260 -0.000912 0.000000 0.023289 0.841186 -0.540245 2.950000 0.016035 0.540007 0.841508 0.000000 0.000000 0.000000 0.000000 1.000000
0.999600 -0.028260 -0.000912 0.000000 0.023289 0.841186 -0.540245 2.950000 0.016035 0.540007 0.841508 0.000000 0.000000 0.000000 0.000000 1.000000
0.999600 -0.028260 -0.000912 -0.000000 0.023288 0.841186 -0.540245 2.950000 0.016035 0.540007 0.841508 0.000000 0.000000 0.000000 0.000000 1.000000
0.999600 -0.028260 -0.000913 0.000000 0.023288 0.841186 -0.540244 2.950000 0.016035 0.540007 0.841508 0.000000 0.000000 0.000000 0.000000 1.000000
0.999600 -0.028260 -0.000913 0.000000 0.023288 0.841186 -0.540245 2.950000 0.016035 0.540007 0.841508 -0.000000 0.000000 0.000000 0.000000 1.000000
0.999600 -0.028260 -0.000913 0.000000 0.023288 0.841186 -0.540244 2.950000 0.016035 0.540007 0.841508 0.000000 0.000000 0.000000 0.000000 1.000000
0.999600 -0.028260 -0.000913 0.000000 0.023288 0.841186 -0.540244 2.950000 0.016035 0.540007 0.841508 0.000000 0.000000 0.000000 0.000000 1.000000
0.999600 -0.028260 -0.000913 0.000000 0.023288 0.841186 -0.540245 2.950000 0.016035 0.540007 0.841508 0.000000 0.000000 0.000000 0.000000 1.000000
0.999600 -0.028260 -0.000913 -0.000000 0.023288 0.841186 -0.540244 2.950000 0.016035 0.540007 0.841508 0.000000 0.000000 0.000000 0.000000 1.000000
0.999600 -0.028260 -0.000912 0.000000 0.023289 0.841186 -0.540244 2.950000 0.016035 0.540007 0.841508 0.000000 0.000000 0.000000 0.000000 1.000000
0.999600 -0.028260 -0.000913 0.000000 0.023288 0.841186 -0.540245 2.950000 0.016035 0.540007 0.841508 0.000000 0.000000 0.000000 0.000000 1.000000
0.999600 -0.028260 -0.000912 -0.000000 0.023288 0.841186 -0.540245 2.950000 0.016035 0.540007 0.841508 0.000000 0.000000 0.000000 0.000000 1.000000
0.999600 -0.028260 -0.000913 0.000000 0.023288 0.841186 -0.540244 2.950000 0.016035 0.540007 0.841508 0.000000 0.000000 0.000000 0.000000 1.000000
0.999600 -0.028260 -0.000913 0.000000 0.023288 0.841186 -0.540245 2.950000 0.016035 0.540007 0.841508 0.000000 0.000000 0.000000 0.000000 1.000000
0.999600 -0.028260 -0.000912 -0.000000 0.023289 0.841186 -0.540244 2.950000 0.016035 0.540007 0.841508 -0.000000 0.000000 0.000000 0.000000 1.000000
0.999600 -0.028260 -0.000913 0.000000 0.023288 0.841186 -0.540244 2.950000 0.016035 0.540007 0.841508 0.000000 0.000000 0.000000 0.000000 1.000000
0.999600 -0.028260 -0.000913 0.000000 0.023288 0.841186 -0.540244 2.950000 0.016035 0.540007 0.841508 0.000000 0.000000 0.000000 0.000000 1.000000
0.999600 -0.028260 -0.000912 0.000000 0.023289 0.841186 -0.540245 2.950000 0.016035 0.540007 0.841508 0.000000 0.000000 0.000000 0.000000 1.000000
0.999600 -0.028260 -0.000913 -0.000000 0.023288 0.841186 -0.540244 2.950000 0.016035 0.540007 0.841508 0.000000 0.000000 0.000000 0.000000 1.000000
0.999600 -0.028260 -0.000913 0.000000 0.023288 0.841186 -0.540245 2.950000 0.016035 0.540007 0.841508 -0.000000 0.000000 0.000000 0.000000 1.000000
0.999600 -0.028260 -0.000912 -0.000000 0.023289 0.841186 -0.540244 2.950000 0.016035 0.540007 0.841508 0.000000 0.000000 0.000000 0.000000 1.000000
0.999600 -0.028260 -0.000913 -0.000000 0.023288 0.841186 -0.540244 2.950000 0.016035 0.540007 0.841508 -0.000000 0.000000 0.000000 0.000000 1.000000</float_array>
        <technique_common>
          <accessor source="#mixamorig_RightHandMiddle3-Matrix-animation-output-transform-array" count="46" stride="16">
            <param type="float4x4"/>
          </accessor>
        </technique_common>
      </source>
      <source id="mixamorig_RightHandMiddle3-Interpolations">
        <Name_array id="mixamorig_RightHandMiddle3-Interpolations-array" count="46">
 LINEAR LINEAR LINEAR LINEAR LINEAR LINEAR LINEAR LINEAR LINEAR LINEAR LINEAR
LINEAR LINEAR LINEAR LINEAR LINEAR LINEAR LINEAR LINEAR LINEAR LINEAR LINEAR LINEAR
LINEAR LINEAR LINEAR LINEAR LINEAR LINEAR LINEAR LINEAR LINEAR LINEAR LINEAR LINEAR
LINEAR LINEAR LINEAR LINEAR LINEAR LINEAR LINEAR LINEAR LINEAR LINEAR LINEAR</Name_array>
        <technique_common>
          <accessor source="#mixamorig_RightHandMiddle3-Interpolations-array" count="46">
            <param type="name"/>
          </accessor>
        </technique_common>
      </source>
      <sampler id="mixamorig_RightHandMiddle3-Matrix-animation-transform">
        <input semantic="INPUT" source="#mixamorig_RightHandMiddle3-Matrix-animation-input"/>
        <input semantic="OUTPUT" source="#mixamorig_RightHandMiddle3-Matrix-animation-output-transform"/>
        <input semantic="INTERPOLATION" source="#mixamorig_RightHandMiddle3-Interpolations"/>
      </sampler>
      <channel source="#mixamorig_RightHandMiddle3-Matrix-animation-transform" target="mixamorig_RightHandMiddle3/matrix"/>
    </animation>
    <animation id="mixamorig_RightHandRing1-anim" name="mixamorig_RightHandRing1">
      <source id="mixamorig_RightHandRing1-Matrix-animation-input">
        <float_array id="mixamorig_RightHandRing1-Matrix-animation-input-array" count="46">

0.000000 0.033333 0.066667 0.100000 0.133333 0.166667 0.200000 0.233333 0.266667 0.300000 0.333333 0.366667 0.400000 0.433333 0.466667 0.500000
0.533333 0.566667 0.600000 0.633333 0.666667 0.700000 0.733333 0.766667 0.800000 0.833333 0.866667 0.900000 0.933333 0.966667 1.000000 1.033333
1.066667 1.100000 1.133333 1.166667 1.200000 1.233333 1.266667 1.300000 1.333333 1.366667 1.400000 1.433333 1.466667 1.500000</float_array>
        <technique_common>
          <accessor source="#mixamorig_RightHandRing1-Matrix-animation-input-array" count="46">
            <param name="TIME" type="float"/>
          </accessor>
        </technique_common>
      </source>
      <source id="mixamorig_RightHandRing1-Matrix-animation-output-transform">
        <float_array id="mixamorig_RightHandRing1-Matrix-animation-output-transform-array" count="736">

0.996641 -0.030226 0.076112 -1.865100 0.080439 0.186895 -0.979081 9.103600 0.015369 0.981915 0.188698 0.043100 0.000000 0.000000 0.000000 1.000000
0.996641 -0.030226 0.076112 -1.865100 0.080439 0.186895 -0.979081 9.103600 0.015369 0.981915 0.188698 0.043100 0.000000 0.000000 0.000000 1.000000
0.996641 -0.030226 0.076112 -1.865100 0.080439 0.186895 -0.979081 9.103600 0.015369 0.981915 0.188698 0.043100 0.000000 0.000000 0.000000 1.000000
0.996641 -0.030226 0.076112 -1.865100 0.080439 0.186895 -0.979081 9.103600 0.015369 0.981915 0.188699 0.043100 0.000000 0.000000 0.000000 1.000000
0.996641 -0.030226 0.076112 -1.865100 0.080439 0.186894 -0.979081 9.103600 0.015369 0.981915 0.188698 0.043100 0.000000 0.000000 0.000000 1.000000
0.996641 -0.030226 0.076112 -1.865100 0.080440 0.186894 -0.979081 9.103600 0.015369 0.981915 0.188698 0.043100 0.000000 0.000000 0.000000 1.000000
0.996641 -0.030226 0.076112 -1.865100 0.080439 0.186895 -0.979081 9.103600 0.015369 0.981915 0.188698 0.043100 0.000000 0.000000 0.000000 1.000000
0.996641 -0.030226 0.076112 -1.865100 0.080439 0.186894 -0.979081 9.103600 0.015369 0.981915 0.188698 0.043100 0.000000 0.000000 0.000000 1.000000
0.996641 -0.030226 0.076112 -1.865100 0.080439 0.186895 -0.979081 9.103600 0.015369 0.981915 0.188698 0.043100 0.000000 0.000000 0.000000 1.000000
0.996641 -0.030226 0.076112 -1.865100 0.080439 0.186894 -0.979081 9.103600 0.015369 0.981915 0.188698 0.043100 0.000000 0.000000 0.000000 1.000000
0.996641 -0.030226 0.076112 -1.865100 0.080439 0.186895 -0.979081 9.103600 0.015369 0.981915 0.188698 0.043100 0.000000 0.000000 0.000000 1.000000
0.996641 -0.030226 0.076112 -1.865100 0.080439 0.186895 -0.979081 9.103600 0.015369 0.981915 0.188698 0.043100 0.000000 0.000000 0.000000 1.000000
0.996641 -0.030226 0.076112 -1.865100 0.080439 0.186895 -0.979081 9.103600 0.015369 0.981915 0.188698 0.043100 0.000000 0.000000 0.000000 1.000000
0.996641 -0.030226 0.076112 -1.865100 0.080439 0.186895 -0.979081 9.103600 0.015369 0.981915 0.188698 0.043100 0.000000 0.000000 0.000000 1.000000
0.996641 -0.030226 0.076112 -1.865100 0.080439 0.186895 -0.979081 9.103600 0.015369 0.981915 0.188699 0.043100 0.000000 0.000000 0.000000 1.000000
0.996641 -0.030226 0.076112 -1.865100 0.080439 0.186895 -0.979081 9.103600 0.015369 0.981915 0.188699 0.043100 0.000000 0.000000 0.000000 1.000000
0.996641 -0.030226 0.076112 -1.865100 0.080439 0.186894 -0.979081 9.103600 0.015369 0.981915 0.188698 0.043100 0.000000 0.000000 0.000000 1.000000
0.996641 -0.030226 0.076112 -1.865100 0.080439 0.186895 -0.979081 9.103600 0.015369 0.981915 0.188698 0.043100 0.000000 0.000000 0.000000 1.000000
0.996641 -0.030226 0.076112 -1.865100 0.080439 0.186895 -0.979081 9.103600 0.015369 0.981915 0.188698 0.043100 0.000000 0.000000 0.000000 1.000000
0.996641 -0.030226 0.076112 -1.865100 0.080439 0.186895 -0.979081 9.103600 0.015369 0.981915 0.188698 0.043100 0.000000 0.000000 0.000000 1.000000
0.996641 -0.030226 0.076112 -1.865100 0.080439 0.186895 -0.979081 9.103600 0.015369 0.981915 0.188698 0.043100 0.000000 0.000000 0.000000 1.000000
0.996641 -0.030226 0.076112 -1.865100 0.080439 0.186895 -0.979081 9.103600 0.015369 0.981915 0.188698 0.043100 0.000000 0.000000 0.000000 1.000000
0.996641 -0.030226 0.076112 -1.865100 0.080439 0.186895 -0.979081 9.103600 0.015369 0.981915 0.188698 0.043100 0.000000 0.000000 0.000000 1.000000
0.996641 -0.030226 0.076112 -1.865100 0.080439 0.186895 -0.979081 9.103600 0.015369 0.981915 0.188698 0.043100 0.000000 0.000000 0.000000 1.000000
0.996641 -0.030226 0.076112 -1.865100 0.080439 0.186895 -0.979081 9.103600 0.015369 0.981915 0.188698 0.043100 0.000000 0.000000 0.000000 1.000000
0.996641 -0.030226 0.076112 -1.865100 0.080439 0.186894 -0.979081 9.103600 0.015369 0.981915 0.188698 0.043100 0.000000 0.000000 0.000000 1.000000
0.996641 -0.030226 0.076112 -1.865100 0.080439 0.186895 -0.979081 9.103600 0.015369 0.981915 0.188698 0.043100 0.000000 0.000000 0.000000 1.000000
0.996641 -0.030226 0.076112 -1.865100 0.080439 0.186895 -0.979081 9.103600 0.015369 0.981915 0.188699 0.043100 0.000000 0.000000 0.000000 1.000000
0.996641 -0.030226 0.076112 -1.865100 0.080439 0.186895 -0.979081 9.103600 0.015369 0.981915 0.188698 0.043100 0.000000 0.000000 0.000000 1.000000
0.996641 -0.030226 0.076112 -1.865100 0.080439 0.186894 -0.979081 9.103600 0.015369 0.981915 0.188698 0.043100 0.000000 0.000000 0.000000 1.000000
0.996641 -0.030226 0.076112 -1.865100 0.080439 0.186895 -0.979081 9.103600 0.015369 0.981915 0.188698 0.043100 0.000000 0.000000 0.000000 1.000000
0.996641 -0.030226 0.076112 -1.865100 0.080439 0.186895 -0.979081 9.103600 0.015369 0.981915 0.188698 0.043100 0.000000 0.000000 0.000000 1.000000
0.996641 -0.030226 0.076112 -1.865100 0.080439 0.186895 -0.979081 9.103600 0.015369 0.981915 0.188698 0.043100 0.000000 0.000000 0.000000 1.000000
0.996641 -0.030226 0.076112 -1.865100 0.080439 0.186895 -0.979081 9.103600 0.015369 0.981915 0.188698 0.043100 0.000000 0.000000 0.000000 1.000000
0.996641 -0.030226 0.076112 -1.865100 0.080439 0.186894 -0.979081 9.103600 0.015369 0.981915 0.188698 0.043100 0.000000 0.000000 0.000000 1.000000
0.996641 -0.030226 0.076112 -1.865100 0.080439 0.186895 -0.979081 9.103600 0.015369 0.981915 0.188698 0.043100 0.000000 0.000000 0.000000 1.000000
0.996641 -0.030226 0.076112 -1.865100 0.080439 0.186895 -0.979081 9.103600 0.015369 0.981915 0.188698 0.043100 0.000000 0.000000 0.000000 1.000000
0.996641 -0.030226 0.076112 -1.865100 0.080439 0.186894 -0.979081 9.103600 0.015369 0.981915 0.188698 0.043100 0.000000 0.000000 0.000000 1.000000
0.996641 -0.030226 0.076112 -1.865100 0.080439 0.186895 -0.979081 9.103600 0.015369 0.981915 0.188698 0.043100 0.000000 0.000000 0.000000 1.000000
0.996641 -0.030226 0.076112 -1.865100 0.080439 0.186895 -0.979081 9.103600 0.015369 0.981915 0.188698 0.043100 0.000000 0.000000 0.000000 1.000000
0.996641 -0.030226 0.076112 -1.865100 0.080439 0.186895 -0.979081 9.103600 0.015369 0.981915 0.188698 0.043100 0.000000 0.000000 0.000000 1.000000
0.996641 -0.030226 0.076112 -1.865100 0.080439 0.186895 -0.979081 9.103600 0.015369 0.981915 0.188698 0.043100 0.000000 0.000000 0.000000 1.000000
0.996641 -0.030226 0.076112 -1.865100 0.080439 0.186895 -0.979081 9.103600 0.015369 0.981915 0.188698 0.043100 0.000000 0.000000 0.000000 1.000000
0.996641 -0.030226 0.076112 -1.865100 0.080439 0.186895 -0.979081 9.103600 0.015369 0.981915 0.188698 0.043100 0.000000 0.000000 0.000000 1.000000
0.996641 -0.030226 0.076112 -1.865100 0.080439 0.186895 -0.979081 9.103600 0.015369 0.981915 0.188698 0.043100 0.000000 0.000000 0.000000 1.000000
0.996641 -0.030226 0.076112 -1.865100 0.080439 0.186895 -0.979081 9.103600 0.015369 0.981915 0.188698 0.043100 0.000000 0.000000 0.000000 1.000000</float_array>
        <technique_common>
          <accessor source="#mixamorig_RightHandRing1-Matrix-animation-output-transform-array" count="46" stride="16">
            <param type="float4x4"/>
          </accessor>
        </technique_common>
      </source>
      <source id="mixamorig_RightHandRing1-Interpolations">
        <Name_array id="mixamorig_RightHandRing1-Interpolations-array" count="46">
 LINEAR LINEAR LINEAR LINEAR LINEAR LINEAR LINEAR LINEAR LINEAR LINEAR LINEAR
LINEAR LINEAR LINEAR LINEAR LINEAR LINEAR LINEAR LINEAR LINEAR LINEAR LINEAR LINEAR
LINEAR LINEAR LINEAR LINEAR LINEAR LINEAR LINEAR LINEAR LINEAR LINEAR LINEAR LINEAR
LINEAR LINEAR LINEAR LINEAR LINEAR LINEAR LINEAR LINEAR LINEAR LINEAR LINEAR</Name_array>
        <technique_common>
          <accessor source="#mixamorig_RightHandRing1-Interpolations-array" count="46">
            <param type="name"/>
          </accessor>
        </technique_common>
      </source>
      <sampler id="mixamorig_RightHandRing1-Matrix-animation-transform">
        <input semantic="INPUT" source="#mixamorig_RightHandRing1-Matrix-animation-input"/>
        <input semantic="OUTPUT" source="#mixamorig_RightHandRing1-Matrix-animation-output-transform"/>
        <input semantic="INTERPOLATION" source="#mixamorig_RightHandRing1-Interpolations"/>
      </sampler>
      <channel source="#mixamorig_RightHandRing1-Matrix-animation-transform" target="mixamorig_RightHandRing1/matrix"/>
    </animation>
    <animation id="mixamorig_RightHandRing2-anim" name="mixamorig_RightHandRing2">
      <source id="mixamorig_RightHandRing2-Matrix-animation-input">
        <float_array id="mixamorig_RightHandRing2-Matrix-animation-input-array" count="46">

0.000000 0.033333 0.066667 0.100000 0.133333 0.166667 0.200000 0.233333 0.266667 0.300000 0.333333 0.366667 0.400000 0.433333 0.466667 0.500000
0.533333 0.566667 0.600000 0.633333 0.666667 0.700000 0.733333 0.766667 0.800000 0.833333 0.866667 0.900000 0.933333 0.966667 1.000000 1.033333
1.066667 1.100000 1.133333 1.166667 1.200000 1.233333 1.266667 1.300000 1.333333 1.366667 1.400000 1.433333 1.466667 1.500000</float_array>
        <technique_common>
          <accessor source="#mixamorig_RightHandRing2-Matrix-animation-input-array" count="46">
            <param name="TIME" type="float"/>
          </accessor>
        </technique_common>
      </source>
      <source id="mixamorig_RightHandRing2-Matrix-animation-output-transform">
        <float_array id="mixamorig_RightHandRing2-Matrix-animation-output-transform-array" count="736">

0.999725 0.017704 -0.015378 -0.000000 -0.019828 0.288043 -0.957412 3.379300 -0.012520 0.957454 0.288315 -0.000000 0.000000 0.000000 0.000000 1.000000
0.999725 0.017704 -0.015378 0.000000 -0.019828 0.288043 -0.957412 3.379300 -0.012521 0.957454 0.288315 -0.000000 0.000000 0.000000 0.000000 1.000000
0.999725 0.017704 -0.015378 0.000000 -0.019828 0.288043 -0.957412 3.379300 -0.012521 0.957454 0.288315 -0.000000 0.000000 0.000000 0.000000 1.000000
0.999725 0.017704 -0.015378 -0.000000 -0.019828 0.288043 -0.957412 3.379300 -0.012521 0.957454 0.288315 -0.000000 0.000000 0.000000 0.000000 1.000000
0.999725 0.017704 -0.015378 0.000000 -0.019828 0.288043 -0.957412 3.379300 -0.012520 0.957454 0.288315 0.000000 0.000000 0.000000 0.000000 1.000000
0.999725 0.017704 -0.015378 0.000000 -0.019828 0.288043 -0.957412 3.379300 -0.012520 0.957454 0.288315 0.000000 0.000000 0.000000 0.000000 1.000000
0.999725 0.017704 -0.015378 0.000000 -0.019828 0.288043 -0.957412 3.379300 -0.012520 0.957454 0.288315 0.000000 0.000000 0.000000 0.000000 1.000000
0.999725 0.017704 -0.015378 -0.000000 -0.019828 0.288043 -0.957412 3.379300 -0.012520 0.957454 0.288315 0.000000 0.000000 0.000000 0.000000 1.000000
0.999725 0.017704 -0.015378 0.000000 -0.019828 0.288043 -0.957412 3.379300 -0.012521 0.957454 0.288315 0.000000 0.000000 0.000000 0.000000 1.000000
0.999725 0.017704 -0.015378 0.000000 -0.019828 0.288043 -0.957412 3.379300 -0.012521 0.957454 0.288315 -0.000000 0.000000 0.000000 0.000000 1.000000
0.999725 0.017704 -0.015378 0.000000 -0.019828 0.288043 -0.957412 3.379300 -0.012521 0.957454 0.288315 -0.000000 0.000000 0.000000 0.000000 1.000000
0.999725 0.017704 -0.015378 0.000000 -0.019828 0.288043 -0.957412 3.379300 -0.012520 0.957454 0.288315 0.000000 0.000000 0.000000 0.000000 1.000000
0.999725 0.017704 -0.015378 0.000000 -0.019828 0.288043 -0.957412 3.379300 -0.012520 0.957454 0.288315 0.000000 0.000000 0.000000 0.000000 1.000000
0.999725 0.017704 -0.015378 0.000000 -0.019828 0.288043 -0.957412 3.379300 -0.012521 0.957454 0.288315 -0.000000 0.000000 0.000000 0.000000 1.000000
0.999725 0.017704 -0.015378 0.000000 -0.019828 0.288043 -0.957412 3.379300 -0.012520 0.957454 0.288315 0.000000 0.000000 0.000000 0.000000 1.000000
0.999725 0.017704 -0.015378 -0.000000 -0.019828 0.288043 -0.957412 3.379300 -0.012520 0.957454 0.288315 0.000000 0.000000 0.000000 0.000000 1.000000
0.999725 0.017704 -0.015378 0.000000 -0.019828 0.288044 -0.957412 3.379300 -0.012521 0.957454 0.288315 0.000000 0.000000 0.000000 0.000000 1.000000
0.999725 0.017704 -0.015378 0.000000 -0.019828 0.288043 -0.957412 3.379300 -0.012520 0.957454 0.288315 0.000000 0.000000 0.000000 0.000000 1.000000
0.999725 0.017704 -0.015378 0.000000 -0.019828 0.288043 -0.957412 3.379300 -0.012520 0.957454 0.288315 0.000000 0.000000 0.000000 0.000000 1.000000
0.999725 0.017704 -0.015378 0.000000 -0.019828 0.288043 -0.957412 3.379300 -0.012521 0.957454 0.288315 0.000000 0.000000 0.000000 0.000000 1.000000
0.999725 0.017704 -0.015378 -0.000000 -0.019828 0.288043 -0.957412 3.379300 -0.012520 0.957454 0.288315 -0.000000 0.000000 0.000000 0.000000 1.000000
0.999725 0.017704 -0.015378 0.000000 -0.019828 0.288044 -0.957412 3.379300 -0.012521 0.957454 0.288315 0.000000 0.000000 0.000000 0.000000 1.000000
0.999725 0.017704 -0.015378 0.000000 -0.019828 0.288043 -0.957412 3.379300 -0.012521 0.957454 0.288315 0.000000 0.000000 0.000000 0.000000 1.000000
0.999725 0.017704 -0.015378 0.000000 -0.019828 0.288043 -0.957412 3.379300 -0.012521 0.957454 0.288315 -0.000000 0.000000 0.000000 0.000000 1.000000
0.999725 0.017704 -0.015378 0.000000 -0.019828 0.288043 -0.957412 3.379300 -0.012520 0.957454 0.288315 0.000000 0.000000 0.000000 0.000000 1.000000
0.999725 0.017704 -0.015378 0.000000 -0.019828 0.288043 -0.957412 3.379300 -0.012521 0.957454 0.288315 -0.000000 0.000000 0.000000 0.000000 1.000000
0.999725 0.017704 -0.015378 -0.000000 -0.019828 0.288044 -0.957412 3.379300 -0.012521 0.957454 0.288315 0.000000 0.000000 0.000000 0.000000 1.000000
0.999725 0.017704 -0.015378 -0.000000 -0.019828 0.288043 -0.957412 3.379300 -0.012520 0.957454 0.288315 0.000000 0.000000 0.000000 0.000000 1.000000
0.999725 0.017704 -0.015378 0.000000 -0.019828 0.288044 -0.957412 3.379300 -0.012521 0.957454 0.288316 0.000000 0.000000 0.000000 0.000000 1.000000
0.999725 0.017704 -0.015378 0.000000 -0.019828 0.288043 -0.957412 3.379300 -0.012520 0.957454 0.288315 0.000000 0.000000 0.000000 0.000000 1.000000
0.999725 0.017704 -0.015378 0.000000 -0.019828 0.288043 -0.957412 3.379300 -0.012521 0.957454 0.288315 0.000000 0.000000 0.000000 0.000000 1.000000
0.999725 0.017704 -0.015378 0.000000 -0.019829 0.288043 -0.957412 3.379300 -0.012520 0.957454 0.288315 0.000000 0.000000 0.000000 0.000000 1.000000
0.999725 0.017704 -0.015378 0.000000 -0.019828 0.288043 -0.957412 3.379300 -0.012520 0.957454 0.288315 0.000000 0.000000 0.000000 0.000000 1.000000
0.999725 0.017704 -0.015378 0.000000 -0.019828 0.288043 -0.957412 3.379300 -0.012521 0.957454 0.288315 -0.000000 0.000000 0.000000 0.000000 1.000000
0.999725 0.017704 -0.015378 -0.000000 -0.019828 0.288043 -0.957412 3.379300 -0.012521 0.957454 0.288315 0.000000 0.000000 0.000000 0.000000 1.000000
0.999725 0.017704 -0.015378 -0.000000 -0.019828 0.288043 -0.957412 3.379300 -0.012521 0.957454 0.288315 0.000000 0.000000 0.000000 0.000000 1.000000
0.999725 0.017704 -0.015378 0.000000 -0.019828 0.288043 -0.957412 3.379300 -0.012521 0.957454 0.288315 0.000000 0.000000 0.000000 0.000000 1.000000
0.999725 0.017704 -0.015378 0.000000 -0.019828 0.288043 -0.957412 3.379300 -0.012521 0.957454 0.288315 0.000000 0.000000 0.000000 0.000000 1.000000
0.999725 0.017704 -0.015378 0.000000 -0.019828 0.288043 -0.957412 3.379300 -0.012521 0.957454 0.288315 0.000000 0.000000 0.000000 0.000000 1.000000
0.999725 0.017704 -0.015378 0.000000 -0.019828 0.288043 -0.957412 3.379300 -0.012520 0.957454 0.288315 0.000000 0.000000 0.000000 0.000000 1.000000
0.999725 0.017704 -0.015378 0.000000 -0.019828 0.288043 -0.957412 3.379300 -0.012520 0.957454 0.288315 0.000000 0.000000 0.000000 0.000000 1.000000
0.999725 0.017704 -0.015378 0.000000 -0.019828 0.288043 -0.957412 3.379300 -0.012520 0.957454 0.288315 0.000000 0.000000 0.000000 0.000000 1.000000
0.999725 0.017704 -0.015378 -0.000000 -0.019828 0.288043 -0.957412 3.379300 -0.012520 0.957454 0.288315 -0.000000 0.000000 0.000000 0.000000 1.000000
0.999725 0.017704 -0.015378 0.000000 -0.019828 0.288043 -0.957412 3.379300 -0.012520 0.957454 0.288315 0.000000 0.000000 0.000000 0.000000 1.000000
0.999725 0.017704 -0.015378 -0.000000 -0.019828 0.288043 -0.957412 3.379300 -0.012520 0.957454 0.288315 0.000000 0.000000 0.000000 0.000000 1.000000
0.999725 0.017704 -0.015378 -0.000000 -0.019828 0.288043 -0.957412 3.379300 -0.012520 0.957454 0.288315 0.000000 0.000000 0.000000 0.000000 1.000000</float_array>
        <technique_common>
          <accessor source="#mixamorig_RightHandRing2-Matrix-animation-output-transform-array" count="46" stride="16">
            <param type="float4x4"/>
          </accessor>
        </technique_common>
      </source>
      <source id="mixamorig_RightHandRing2-Interpolations">
        <Name_array id="mixamorig_RightHandRing2-Interpolations-array" count="46">
 LINEAR LINEAR LINEAR LINEAR LINEAR LINEAR LINEAR LINEAR LINEAR LINEAR LINEAR
LINEAR LINEAR LINEAR LINEAR LINEAR LINEAR LINEAR LINEAR LINEAR LINEAR LINEAR LINEAR
LINEAR LINEAR LINEAR LINEAR LINEAR LINEAR LINEAR LINEAR LINEAR LINEAR LINEAR LINEAR
LINEAR LINEAR LINEAR LINEAR LINEAR LINEAR LINEAR LINEAR LINEAR LINEAR LINEAR</Name_array>
        <technique_common>
          <accessor source="#mixamorig_RightHandRing2-Interpolations-array" count="46">
            <param type="name"/>
          </accessor>
        </technique_common>
      </source>
      <sampler id="mixamorig_RightHandRing2-Matrix-animation-transform">
        <input semantic="INPUT" source="#mixamorig_RightHandRing2-Matrix-animation-input"/>
        <input semantic="OUTPUT" source="#mixamorig_RightHandRing2-Matrix-animation-output-transform"/>
        <input semantic="INTERPOLATION" source="#mixamorig_RightHandRing2-Interpolations"/>
      </sampler>
      <channel source="#mixamorig_RightHandRing2-Matrix-animation-transform" target="mixamorig_RightHandRing2/matrix"/>
    </animation>
    <animation id="mixamorig_RightHandRing3-anim" name="mixamorig_RightHandRing3">
      <source id="mixamorig_RightHandRing3-Matrix-animation-input">
        <float_array id="mixamorig_RightHandRing3-Matrix-animation-input-array" count="46">

0.000000 0.033333 0.066667 0.100000 0.133333 0.166667 0.200000 0.233333 0.266667 0.300000 0.333333 0.366667 0.400000 0.433333 0.466667 0.500000
0.533333 0.566667 0.600000 0.633333 0.666667 0.700000 0.733333 0.766667 0.800000 0.833333 0.866667 0.900000 0.933333 0.966667 1.000000 1.033333
1.066667 1.100000 1.133333 1.166667 1.200000 1.233333 1.266667 1.300000 1.333333 1.366667 1.400000 1.433333 1.466667 1.500000</float_array>
        <technique_common>
          <accessor source="#mixamorig_RightHandRing3-Matrix-animation-input-array" count="46">
            <param name="TIME" type="float"/>
          </accessor>
        </technique_common>
      </source>
      <source id="mixamorig_RightHandRing3-Matrix-animation-output-transform">
        <float_array id="mixamorig_RightHandRing3-Matrix-animation-output-transform-array" count="736">

0.999780 -0.015506 0.014092 0.000000 0.020921 0.775388 -0.631138 2.889700 -0.001140 0.631295 0.775542 0.000000 0.000000 0.000000 0.000000 1.000000
0.999780 -0.015507 0.014091 0.000000 0.020922 0.775388 -0.631138 2.889700 -0.001140 0.631295 0.775542 -0.000000 0.000000 0.000000 0.000000 1.000000
0.999780 -0.015507 0.014091 0.000000 0.020922 0.775388 -0.631138 2.889700 -0.001140 0.631294 0.775542 0.000000 0.000000 0.000000 0.000000 1.000000
0.999780 -0.015506 0.014091 -0.000000 0.020922 0.775388 -0.631138 2.889700 -0.001140 0.631294 0.775542 0.000000 0.000000 0.000000 0.000000 1.000000
0.999780 -0.015506 0.014091 0.000000 0.020922 0.775388 -0.631138 2.889700 -0.001140 0.631294 0.775542 0.000000 0.000000 0.000000 0.000000 1.000000
0.999780 -0.015506 0.014092 0.000000 0.020922 0.775388 -0.631138 2.889700 -0.001140 0.631294 0.775542 0.000000 0.000000 0.000000 0.000000 1.000000
0.999780 -0.015506 0.014092 -0.000000 0.020922 0.775388 -0.631138 2.889700 -0.001140 0.631295 0.775542 0.000000 0.000000 0.000000 0.000000 1.000000
0.999780 -0.015506 0.014092 -0.000000 0.020922 0.775388 -0.631138 2.889700 -0.001140 0.631295 0.775542 0.000000 0.000000 0.000000 0.000000 1.000000
0.999780 -0.015506 0.014092 0.000000 0.020922 0.775388 -0.631138 2.889700 -0.001140 0.631295 0.775542 0.000000 0.000000 0.000000 0.000000 1.000000
0.999780 -0.015506 0.014092 0.000000 0.020922 0.775388 -0.631138 2.889700 -0.001140 0.631295 0.775542 -0.000000 0.000000 0.000000 0.000000 1.000000
0.999780 -0.015506 0.014092 0.000000 0.020922 0.775388 -0.631138 2.889700 -0.001140 0.631295 0.775542 0.000000 0.000000 0.000000 0.000000 1.000000
0.999780 -0.015507 0.014091 0.000000 0.020922 0.775388 -0.631138 2.889700 -0.001140 0.631295 0.775542 -0.000000 0.000000 0.000000 0.000000 1.000000
0.999780 -0.015506 0.014091 0.000000 0.020922 0.775388 -0.631139 2.889700 -0.001140 0.631295 0.775542 -0.000000 0.000000 0.000000 0.000000 1.000000
0.999780 -0.015506 0.014091 0.000000 0.020922 0.775388 -0.631138 2.889700 -0.001140 0.631295 0.775542 0.000000 0.000000 0.000000 0.000000 1.000000
0.999780 -0.015506 0.014092 0.000000 0.020922 0.775388 -0.631138 2.889700 -0.001140 0.631294 0.775542 0.000000 0.000000 0.000000 0.000000 1.000000
0.999780 -0.015506 0.014092 -0.000000 0.020922 0.775388 -0.631138 2.889700 -0.001140 0.631295 0.775542 0.000000 0.000000 0.000000 0.000000 1.000000
0.999780 -0.015506 0.014092 0.000000 0.020922 0.775388 -0.631138 2.889700 -0.001140 0.631295 0.775542 0.000000 0.000000 0.000000 0.000000 1.000000
0.999780 -0.015506 0.014092 0.000000 0.020922 0.775388 -0.631138 2.889700 -0.001140 0.631295 0.775542 0.000000 0.000000 0.000000 0.000000 1.000000
0.999780 -0.015506 0.014092 0.000000 0.020922 0.775388 -0.631138 2.889700 -0.001140 0.631294 0.775542 0.000000 0.000000 0.000000 0.000000 1.000000
0.999780 -0.015506 0.014092 0.000000 0.020922 0.775388 -0.631138 2.889700 -0.001140 0.631294 0.775543 0.000000 0.000000 0.000000 0.000000 1.000000
0.999780 -0.015507 0.014092 0.000000 0.020922 0.775388 -0.631138 2.889700 -0.001140 0.631295 0.775542 0.000000 0.000000 0.000000 0.000000 1.000000
0.999780 -0.015506 0.014092 0.000000 0.020922 0.775388 -0.631138 2.889700 -0.001140 0.631295 0.775542 -0.000000 0.000000 0.000000 0.000000 1.000000
0.999780 -0.015506 0.014092 0.000000 0.020922 0.775388 -0.631138 2.889700 -0.001140 0.631294 0.775542 0.000000 0.000000 0.000000 0.000000 1.000000
0.999780 -0.015506 0.014091 0.000000 0.020922 0.775388 -0.631138 2.889700 -0.001139 0.631295 0.775542 0.000000 0.000000 0.000000 0.000000 1.000000
0.999780 -0.015506 0.014091 0.000000 0.020922 0.775388 -0.631138 2.889700 -0.001140 0.631294 0.775542 0.000000 0.000000 0.000000 0.000000 1.000000
0.999780 -0.015506 0.014092 0.000000 0.020922 0.775388 -0.631138 2.889700 -0.001140 0.631295 0.775542 0.000000 0.000000 0.000000 0.000000 1.000000
0.999780 -0.015506 0.014092 0.000000 0.020922 0.775388 -0.631138 2.889700 -0.001140 0.631295 0.775542 0.000000 0.000000 0.000000 0.000000 1.000000
0.999780 -0.015506 0.014092 0.000000 0.020922 0.775388 -0.631138 2.889700 -0.001140 0.631295 0.775542 0.000000 0.000000 0.000000 0.000000 1.000000
0.999780 -0.015506 0.014092 0.000000 0.020922 0.775388 -0.631138 2.889700 -0.001140 0.631294 0.775542 0.000000 0.000000 0.000000 0.000000 1.000000
0.999780 -0.015506 0.014091 -0.000000 0.020922 0.775388 -0.631138 2.889700 -0.001140 0.631295 0.775542 0.000000 0.000000 0.000000 0.000000 1.000000
0.999780 -0.015506 0.014092 0.000000 0.020922 0.775388 -0.631138 2.889700 -0.001140 0.631295 0.775542 -0.000000 0.000000 0.000000 0.000000 1.000000
0.999780 -0.015506 0.014091 0.000000 0.020922 0.775388 -0.631138 2.889700 -0.001140 0.631294 0.775542 0.000000 0.000000 0.000000 0.000000 1.000000
0.999780 -0.015506 0.014091 0.000000 0.020922 0.775388 -0.631138 2.889700 -0.001139 0.631295 0.775542 0.000000 0.000000 0.000000 0.000000 1.000000
0.999780 -0.015506 0.014091 0.000000 0.020922 0.775388 -0.631138 2.889700 -0.001140 0.631295 0.775542 0.000000 0.000000 0.000000 0.000000 1.000000
0.999780 -0.015506 0.014091 0.000000 0.020922 0.775388 -0.631138 2.889700 -0.001140 0.631295 0.775542 -0.000000 0.000000 0.000000 0.000000 1.000000
0.999780 -0.015506 0.014092 0.000000 0.020922 0.775388 -0.631138 2.889700 -0.001140 0.631294 0.775542 -0.000000 0.000000 0.000000 0.000000 1.000000
0.999780 -0.015506 0.014092 0.000000 0.020922 0.775388 -0.631138 2.889700 -0.001140 0.631295 0.775542 -0.000000 0.000000 0.000000 0.000000 1.000000
0.999780 -0.015506 0.014092 0.000000 0.020922 0.775388 -0.631138 2.889700 -0.001140 0.631294 0.775542 0.000000 0.000000 0.000000 0.000000 1.000000
0.999780 -0.015506 0.014091 0.000000 0.020922 0.775388 -0.631138 2.889700 -0.001140 0.631294 0.775542 0.000000 0.000000 0.000000 0.000000 1.000000
0.999780 -0.015506 0.014091 -0.000000 0.020922 0.775388 -0.631138 2.889700 -0.001140 0.631295 0.775542 -0.000000 0.000000 0.000000 0.000000 1.000000
0.999780 -0.015506 0.014091 -0.000000 0.020921 0.775388 -0.631138 2.889700 -0.001140 0.631294 0.775542 -0.000000 0.000000 0.000000 0.000000 1.000000
0.999780 -0.015506 0.014092 0.000000 0.020922 0.775388 -0.631138 2.889700 -0.001140 0.631295 0.775542 0.000000 0.000000 0.000000 0.000000 1.000000
0.999780 -0.015506 0.014092 0.000000 0.020922 0.775388 -0.631138 2.889700 -0.001140 0.631295 0.775542 0.000000 0.000000 0.000000 0.000000 1.000000
0.999780 -0.015506 0.014092 0.000000 0.020922 0.775388 -0.631138 2.889700 -0.001140 0.631295 0.775542 -0.000000 0.000000 0.000000 0.000000 1.000000
0.999780 -0.015506 0.014092 0.000000 0.020922 0.775388 -0.631138 2.889700 -0.001140 0.631295 0.775542 0.000000 0.000000 0.000000 0.000000 1.000000
0.999780 -0.015506 0.014091 0.000000 0.020921 0.775388 -0.631138 2.889700 -0.001140 0.631295 0.775542 0.000000 0.000000 0.000000 0.000000 1.000000</float_array>
        <technique_common>
          <accessor source="#mixamorig_RightHandRing3-Matrix-animation-output-transform-array" count="46" stride="16">
            <param type="float4x4"/>
          </accessor>
        </technique_common>
      </source>
      <source id="mixamorig_RightHandRing3-Interpolations">
        <Name_array id="mixamorig_RightHandRing3-Interpolations-array" count="46">
 LINEAR LINEAR LINEAR LINEAR LINEAR LINEAR LINEAR LINEAR LINEAR LINEAR LINEAR
LINEAR LINEAR LINEAR LINEAR LINEAR LINEAR LINEAR LINEAR LINEAR LINEAR LINEAR LINEAR
LINEAR LINEAR LINEAR LINEAR LINEAR LINEAR LINEAR LINEAR LINEAR LINEAR LINEAR LINEAR
LINEAR LINEAR LINEAR LINEAR LINEAR LINEAR LINEAR LINEAR LINEAR LINEAR LINEAR</Name_array>
        <technique_common>
          <accessor source="#mixamorig_RightHandRing3-Interpolations-array" count="46">
            <param type="name"/>
          </accessor>
        </technique_common>
      </source>
      <sampler id="mixamorig_RightHandRing3-Matrix-animation-transform">
        <input semantic="INPUT" source="#mixamorig_RightHandRing3-Matrix-animation-input"/>
        <input semantic="OUTPUT" source="#mixamorig_RightHandRing3-Matrix-animation-output-transform"/>
        <input semantic="INTERPOLATION" source="#mixamorig_RightHandRing3-Interpolations"/>
      </sampler>
      <channel source="#mixamorig_RightHandRing3-Matrix-animation-transform" target="mixamorig_RightHandRing3/matrix"/>
    </animation>
    <animation id="mixamorig_RightHandPinky1-anim" name="mixamorig_RightHandPinky1">
      <source id="mixamorig_RightHandPinky1-Matrix-animation-input">
        <float_array id="mixamorig_RightHandPinky1-Matrix-animation-input-array" count="46">

0.000000 0.033333 0.066667 0.100000 0.133333 0.166667 0.200000 0.233333 0.266667 0.300000 0.333333 0.366667 0.400000 0.433333 0.466667 0.500000
0.533333 0.566667 0.600000 0.633333 0.666667 0.700000 0.733333 0.766667 0.800000 0.833333 0.866667 0.900000 0.933333 0.966667 1.000000 1.033333
1.066667 1.100000 1.133333 1.166667 1.200000 1.233333 1.266667 1.300000 1.333333 1.366667 1.400000 1.433333 1.466667 1.500000</float_array>
        <technique_common>
          <accessor source="#mixamorig_RightHandPinky1-Matrix-animation-input-array" count="46">
            <param name="TIME" type="float"/>
          </accessor>
        </technique_common>
      </source>
      <source id="mixamorig_RightHandPinky1-Matrix-animation-output-transform">
        <float_array id="mixamorig_RightHandPinky1-Matrix-animation-output-transform-array" count="736">

0.997630 0.068773 0.002149 -3.806300 -0.001739 0.056435 -0.998405 8.076700 -0.068785 0.996035 0.056421 0.486700 0.000000 0.000000 0.000000 1.000000
0.997630 0.068773 0.002150 -3.806300 -0.001739 0.056435 -0.998405 8.076700 -0.068785 0.996035 0.056421 0.486700 0.000000 0.000000 0.000000 1.000000
0.997630 0.068773 0.002150 -3.806300 -0.001739 0.056435 -0.998405 8.076700 -0.068785 0.996035 0.056421 0.486700 0.000000 0.000000 0.000000 1.000000
0.997630 0.068774 0.002149 -3.806300 -0.001740 0.056435 -0.998405 8.076700 -0.068785 0.996035 0.056421 0.486700 0.000000 0.000000 0.000000 1.000000
0.997630 0.068773 0.002150 -3.806300 -0.001739 0.056435 -0.998405 8.076700 -0.068785 0.996035 0.056421 0.486700 0.000000 0.000000 0.000000 1.000000
0.997630 0.068773 0.002149 -3.806300 -0.001739 0.056435 -0.998405 8.076700 -0.068785 0.996035 0.056421 0.486700 0.000000 0.000000 0.000000 1.000000
0.997630 0.068774 0.002149 -3.806300 -0.001739 0.056435 -0.998405 8.076700 -0.068785 0.996035 0.056421 0.486700 0.000000 0.000000 0.000000 1.000000
0.997630 0.068774 0.002150 -3.806300 -0.001739 0.056435 -0.998405 8.076700 -0.068785 0.996035 0.056421 0.486700 0.000000 0.000000 0.000000 1.000000
0.997630 0.068774 0.002149 -3.806300 -0.001739 0.056435 -0.998405 8.076700 -0.068785 0.996035 0.056421 0.486700 0.000000 0.000000 0.000000 1.000000
0.997630 0.068773 0.002150 -3.806300 -0.001739 0.056435 -0.998405 8.076700 -0.068785 0.996035 0.056421 0.486700 0.000000 0.000000 0.000000 1.000000
0.997630 0.068773 0.002150 -3.806300 -0.001739 0.056435 -0.998405 8.076700 -0.068785 0.996035 0.056421 0.486700 0.000000 0.000000 0.000000 1.000000
0.997630 0.068773 0.002150 -3.806300 -0.001739 0.056435 -0.998405 8.076700 -0.068785 0.996035 0.056421 0.486700 0.000000 0.000000 0.000000 1.000000
0.997630 0.068774 0.002150 -3.806300 -0.001739 0.056435 -0.998405 8.076700 -0.068785 0.996035 0.056421 0.486700 0.000000 0.000000 0.000000 1.000000
0.997630 0.068773 0.002149 -3.806300 -0.001739 0.056435 -0.998405 8.076700 -0.068785 0.996035 0.056421 0.486700 0.000000 0.000000 0.000000 1.000000
0.997630 0.068773 0.002149 -3.806300 -0.001739 0.056435 -0.998405 8.076700 -0.068785 0.996035 0.056421 0.486700 0.000000 0.000000 0.000000 1.000000
0.997630 0.068774 0.002149 -3.806300 -0.001739 0.056435 -0.998405 8.076700 -0.068785 0.996035 0.056421 0.486700 0.000000 0.000000 0.000000 1.000000
0.997630 0.068773 0.002150 -3.806300 -0.001739 0.056435 -0.998405 8.076700 -0.068785 0.996035 0.056421 0.486700 0.000000 0.000000 0.000000 1.000000
0.997630 0.068774 0.002149 -3.806300 -0.001739 0.056435 -0.998405 8.076700 -0.068785 0.996035 0.056421 0.486700 0.000000 0.000000 0.000000 1.000000
0.997630 0.068773 0.002149 -3.806300 -0.001739 0.056435 -0.998405 8.076700 -0.068785 0.996035 0.056421 0.486700 0.000000 0.000000 0.000000 1.000000
0.997630 0.068774 0.002149 -3.806300 -0.001739 0.056435 -0.998405 8.076700 -0.068785 0.996035 0.056421 0.486700 0.000000 0.000000 0.000000 1.000000
0.997630 0.068774 0.002149 -3.806300 -0.001739 0.056435 -0.998405 8.076700 -0.068785 0.996035 0.056421 0.486700 0.000000 0.000000 0.000000 1.000000
0.997630 0.068773 0.002150 -3.806300 -0.001739 0.056435 -0.998405 8.076700 -0.068785 0.996035 0.056421 0.486700 0.000000 0.000000 0.000000 1.000000
0.997630 0.068774 0.002150 -3.806300 -0.001739 0.056435 -0.998405 8.076700 -0.068785 0.996035 0.056421 0.486700 0.000000 0.000000 0.000000 1.000000
0.997630 0.068773 0.002150 -3.806300 -0.001739 0.056435 -0.998405 8.076700 -0.068785 0.996035 0.056421 0.486700 0.000000 0.000000 0.000000 1.000000
0.997630 0.068774 0.002149 -3.806300 -0.001739 0.056435 -0.998405 8.076700 -0.068785 0.996035 0.056421 0.486700 0.000000 0.000000 0.000000 1.000000
0.997630 0.068774 0.002149 -3.806300 -0.001739 0.056435 -0.998405 8.076700 -0.068785 0.996035 0.056421 0.486700 0.000000 0.000000 0.000000 1.000000
0.997630 0.068774 0.002149 -3.806300 -0.001739 0.056435 -0.998405 8.076700 -0.068785 0.996035 0.056421 0.486700 0.000000 0.000000 0.000000 1.000000
0.997630 0.068774 0.002150 -3.806300 -0.001739 0.056435 -0.998405 8.076700 -0.068785 0.996035 0.056421 0.486700 0.000000 0.000000 0.000000 1.000000
0.997630 0.068773 0.002149 -3.806300 -0.001739 0.056435 -0.998405 8.076700 -0.068785 0.996035 0.056421 0.486700 0.000000 0.000000 0.000000 1.000000
0.997630 0.068774 0.002149 -3.806300 -0.001739 0.056435 -0.998405 8.076700 -0.068785 0.996035 0.056421 0.486700 0.000000 0.000000 0.000000 1.000000
0.997630 0.068773 0.002149 -3.806300 -0.001739 0.056435 -0.998405 8.076700 -0.068785 0.996035 0.056421 0.486700 0.000000 0.000000 0.000000 1.000000
0.997630 0.068774 0.002149 -3.806300 -0.001739 0.056435 -0.998405 8.076700 -0.068785 0.996035 0.056421 0.486700 0.000000 0.000000 0.000000 1.000000
0.997630 0.068774 0.002150 -3.806300 -0.001739 0.056435 -0.998405 8.076700 -0.068785 0.996035 0.056421 0.486700 0.000000 0.000000 0.000000 1.000000
0.997630 0.068774 0.002149 -3.806300 -0.001739 0.056435 -0.998405 8.076700 -0.068785 0.996035 0.056421 0.486700 0.000000 0.000000 0.000000 1.000000
0.997630 0.068774 0.002150 -3.806300 -0.001739 0.056435 -0.998405 8.076700 -0.068785 0.996035 0.056421 0.486700 0.000000 0.000000 0.000000 1.000000
0.997630 0.068773 0.002149 -3.806300 -0.001739 0.056435 -0.998405 8.076700 -0.068785 0.996035 0.056421 0.486700 0.000000 0.000000 0.000000 1.000000
0.997630 0.068773 0.002149 -3.806300 -0.001739 0.056435 -0.998405 8.076700 -0.068785 0.996035 0.056421 0.486700 0.000000 0.000000 0.000000 1.000000
0.997630 0.068774 0.002150 -3.806300 -0.001739 0.056435 -0.998405 8.076700 -0.068785 0.996035 0.056421 0.486700 0.000000 0.000000 0.000000 1.000000
0.997630 0.068774 0.002149 -3.806300 -0.001739 0.056435 -0.998405 8.076700 -0.068785 0.996035 0.056421 0.486700 0.000000 0.000000 0.000000 1.000000
0.997630 0.068774 0.002149 -3.806300 -0.001739 0.056435 -0.998405 8.076700 -0.068785 0.996035 0.056421 0.486700 0.000000 0.000000 0.000000 1.000000
0.997630 0.068773 0.002150 -3.806300 -0.001739 0.056435 -0.998405 8.076700 -0.068785 0.996035 0.056421 0.486700 0.000000 0.000000 0.000000 1.000000
0.997630 0.068774 0.002150 -3.806300 -0.001739 0.056435 -0.998405 8.076700 -0.068785 0.996035 0.056421 0.486700 0.000000 0.000000 0.000000 1.000000
0.997630 0.068773 0.002150 -3.806300 -0.001739 0.056435 -0.998405 8.076700 -0.068785 0.996035 0.056421 0.486700 0.000000 0.000000 0.000000 1.000000
0.997630 0.068773 0.002149 -3.806300 -0.001739 0.056435 -0.998405 8.076700 -0.068785 0.996035 0.056421 0.486700 0.000000 0.000000 0.000000 1.000000
0.997630 0.068774 0.002149 -3.806300 -0.001739 0.056435 -0.998405 8.076700 -0.068785 0.996035 0.056421 0.486700 0.000000 0.000000 0.000000 1.000000
0.997630 0.068774 0.002150 -3.806300 -0.001739 0.056435 -0.998405 8.076700 -0.068785 0.996035 0.056421 0.486700 0.000000 0.000000 0.000000 1.000000</float_array>
        <technique_common>
          <accessor source="#mixamorig_RightHandPinky1-Matrix-animation-output-transform-array" count="46" stride="16">
            <param type="float4x4"/>
          </accessor>
        </technique_common>
      </source>
      <source id="mixamorig_RightHandPinky1-Interpolations">
        <Name_array id="mixamorig_RightHandPinky1-Interpolations-array" count="46">
 LINEAR LINEAR LINEAR LINEAR LINEAR LINEAR LINEAR LINEAR LINEAR LINEAR LINEAR
LINEAR LINEAR LINEAR LINEAR LINEAR LINEAR LINEAR LINEAR LINEAR LINEAR LINEAR LINEAR
LINEAR LINEAR LINEAR LINEAR LINEAR LINEAR LINEAR LINEAR LINEAR LINEAR LINEAR LINEAR
LINEAR LINEAR LINEAR LINEAR LINEAR LINEAR LINEAR LINEAR LINEAR LINEAR LINEAR</Name_array>
        <technique_common>
          <accessor source="#mixamorig_RightHandPinky1-Interpolations-array" count="46">
            <param type="name"/>
          </accessor>
        </technique_common>
      </source>
      <sampler id="mixamorig_RightHandPinky1-Matrix-animation-transform">
        <input semantic="INPUT" source="#mixamorig_RightHandPinky1-Matrix-animation-input"/>
        <input semantic="OUTPUT" source="#mixamorig_RightHandPinky1-Matrix-animation-output-transform"/>
        <input semantic="INTERPOLATION" source="#mixamorig_RightHandPinky1-Interpolations"/>
      </sampler>
      <channel source="#mixamorig_RightHandPinky1-Matrix-animation-transform" target="mixamorig_RightHandPinky1/matrix"/>
    </animation>
    <animation id="mixamorig_RightHandPinky2-anim" name="mixamorig_RightHandPinky2">
      <source id="mixamorig_RightHandPinky2-Matrix-animation-input">
        <float_array id="mixamorig_RightHandPinky2-Matrix-animation-input-array" count="46">

0.000000 0.033333 0.066667 0.100000 0.133333 0.166667 0.200000 0.233333 0.266667 0.300000 0.333333 0.366667 0.400000 0.433333 0.466667 0.500000
0.533333 0.566667 0.600000 0.633333 0.666667 0.700000 0.733333 0.766667 0.800000 0.833333 0.866667 0.900000 0.933333 0.966667 1.000000 1.033333
1.066667 1.100000 1.133333 1.166667 1.200000 1.233333 1.266667 1.300000 1.333333 1.366667 1.400000 1.433333 1.466667 1.500000</float_array>
        <technique_common>
          <accessor source="#mixamorig_RightHandPinky2-Matrix-animation-input-array" count="46">
            <param name="TIME" type="float"/>
          </accessor>
        </technique_common>
      </source>
      <source id="mixamorig_RightHandPinky2-Matrix-animation-output-transform">
        <float_array id="mixamorig_RightHandPinky2-Matrix-animation-output-transform-array" count="736">

0.999999 0.001029 -0.000548 0.000000 -0.001044 0.581908 -0.813254 3.600000 -0.000518 0.813254 0.581908 -0.000000 0.000000 0.000000 0.000000 1.000000
0.999999 0.001029 -0.000548 0.000000 -0.001045 0.581908 -0.813254 3.600000 -0.000518 0.813254 0.581908 -0.000000 0.000000 0.000000 0.000000 1.000000
0.999999 0.001029 -0.000548 0.000000 -0.001045 0.581908 -0.813254 3.600000 -0.000517 0.813254 0.581909 -0.000000 0.000000 0.000000 0.000000 1.000000
0.999999 0.001028 -0.000548 0.000000 -0.001044 0.581908 -0.813254 3.600000 -0.000517 0.813254 0.581908 -0.000000 0.000000 0.000000 0.000000 1.000000
0.999999 0.001029 -0.000548 0.000000 -0.001045 0.581908 -0.813254 3.600000 -0.000517 0.813254 0.581908 0.000000 0.000000 0.000000 0.000000 1.000000
0.999999 0.001029 -0.000548 0.000000 -0.001045 0.581908 -0.813254 3.600000 -0.000518 0.813254 0.581908 -0.000000 0.000000 0.000000 0.000000 1.000000
0.999999 0.001029 -0.000548 -0.000000 -0.001044 0.581908 -0.813254 3.600000 -0.000518 0.813254 0.581908 -0.000000 0.000000 0.000000 0.000000 1.000000
0.999999 0.001029 -0.000549 0.000000 -0.001045 0.581908 -0.813254 3.600000 -0.000517 0.813254 0.581908 0.000000 0.000000 0.000000 0.000000 1.000000
0.999999 0.001028 -0.000548 0.000000 -0.001044 0.581908 -0.813254 3.600000 -0.000517 0.813254 0.581908 0.000000 0.000000 0.000000 0.000000 1.000000
0.999999 0.001029 -0.000548 0.000000 -0.001045 0.581908 -0.813254 3.600000 -0.000517 0.813254 0.581908 0.000000 0.000000 0.000000 0.000000 1.000000
0.999999 0.001029 -0.000548 -0.000000 -0.001045 0.581908 -0.813254 3.600000 -0.000518 0.813254 0.581908 -0.000000 0.000000 0.000000 0.000000 1.000000
0.999999 0.001029 -0.000549 0.000000 -0.001045 0.581907 -0.813254 3.600000 -0.000517 0.813254 0.581908 0.000000 0.000000 0.000000 0.000000 1.000000
0.999999 0.001028 -0.000548 0.000000 -0.001044 0.581908 -0.813254 3.600000 -0.000517 0.813254 0.581908 0.000000 0.000000 0.000000 0.000000 1.000000
0.999999 0.001028 -0.000548 0.000000 -0.001044 0.581908 -0.813254 3.600000 -0.000517 0.813254 0.581908 0.000000 0.000000 0.000000 0.000000 1.000000
0.999999 0.001029 -0.000548 0.000000 -0.001044 0.581908 -0.813254 3.600000 -0.000518 0.813254 0.581909 0.000000 0.000000 0.000000 0.000000 1.000000
0.999999 0.001029 -0.000548 0.000000 -0.001044 0.581908 -0.813254 3.600000 -0.000518 0.813254 0.581909 0.000000 0.000000 0.000000 0.000000 1.000000
0.999999 0.001028 -0.000548 0.000000 -0.001044 0.581908 -0.813254 3.600000 -0.000517 0.813254 0.581909 -0.000000 0.000000 0.000000 0.000000 1.000000
0.999999 0.001029 -0.000548 0.000000 -0.001044 0.581908 -0.813254 3.600000 -0.000518 0.813254 0.581908 -0.000000 0.000000 0.000000 0.000000 1.000000
0.999999 0.001028 -0.000548 0.000000 -0.001044 0.581908 -0.813254 3.600000 -0.000517 0.813254 0.581908 -0.000000 0.000000 0.000000 0.000000 1.000000
0.999999 0.001028 -0.000548 0.000000 -0.001044 0.581908 -0.813254 3.600000 -0.000517 0.813254 0.581909 -0.000000 0.000000 0.000000 0.000000 1.000000
0.999999 0.001029 -0.000548 0.000000 -0.001044 0.581908 -0.813254 3.600000 -0.000517 0.813254 0.581908 0.000000 0.000000 0.000000 0.000000 1.000000
0.999999 0.001029 -0.000548 0.000000 -0.001045 0.581908 -0.813254 3.600000 -0.000517 0.813254 0.581908 0.000000 0.000000 0.000000 0.000000 1.000000
0.999999 0.001029 -0.000549 -0.000000 -0.001045 0.581908 -0.813254 3.600000 -0.000517 0.813254 0.581909 0.000000 0.000000 0.000000 0.000000 1.000000
0.999999 0.001028 -0.000548 0.000000 -0.001044 0.581907 -0.813254 3.600000 -0.000517 0.813254 0.581908 0.000000 0.000000 0.000000 0.000000 1.000000
0.999999 0.001028 -0.000548 -0.000000 -0.001044 0.581908 -0.813254 3.600000 -0.000517 0.813254 0.581908 0.000000 0.000000 0.000000 0.000000 1.000000
0.999999 0.001029 -0.000548 0.000000 -0.001044 0.581908 -0.813254 3.600000 -0.000517 0.813254 0.581909 -0.000000 0.000000 0.000000 0.000000 1.000000
0.999999 0.001029 -0.000548 -0.000000 -0.001044 0.581908 -0.813254 3.600000 -0.000518 0.813254 0.581908 -0.000000 0.000000 0.000000 0.000000 1.000000
0.999999 0.001028 -0.000548 0.000000 -0.001044 0.581908 -0.813254 3.600000 -0.000517 0.813254 0.581908 0.000000 0.000000 0.000000 0.000000 1.000000
0.999999 0.001029 -0.000548 0.000000 -0.001045 0.581908 -0.813254 3.600000 -0.000518 0.813254 0.581909 0.000000 0.000000 0.000000 0.000000 1.000000
0.999999 0.001029 -0.000548 0.000000 -0.001045 0.581908 -0.813254 3.600000 -0.000518 0.813254 0.581908 -0.000000 0.000000 0.000000 0.000000 1.000000
0.999999 0.001029 -0.000548 0.000000 -0.001044 0.581908 -0.813254 3.600000 -0.000518 0.813254 0.581908 -0.000000 0.000000 0.000000 0.000000 1.000000
0.999999 0.001029 -0.000548 -0.000000 -0.001044 0.581908 -0.813254 3.600000 -0.000518 0.813254 0.581908 0.000000 0.000000 0.000000 0.000000 1.000000
0.999999 0.001029 -0.000548 0.000000 -0.001045 0.581908 -0.813254 3.600000 -0.000518 0.813254 0.581908 0.000000 0.000000 0.000000 0.000000 1.000000
0.999999 0.001028 -0.000548 -0.000000 -0.001044 0.581908 -0.813254 3.600000 -0.000517 0.813254 0.581908 -0.000000 0.000000 0.000000 0.000000 1.000000
0.999999 0.001029 -0.000548 0.000000 -0.001044 0.581908 -0.813254 3.600000 -0.000518 0.813254 0.581908 0.000000 0.000000 0.000000 0.000000 1.000000
0.999999 0.001029 -0.000548 0.000000 -0.001044 0.581908 -0.813254 3.600000 -0.000518 0.813254 0.581908 -0.000000 0.000000 0.000000 0.000000 1.000000
0.999999 0.001028 -0.000548 -0.000000 -0.001044 0.581908 -0.813254 3.600000 -0.000517 0.813254 0.581908 0.000000 0.000000 0.000000 0.000000 1.000000
0.999999 0.001028 -0.000548 0.000000 -0.001044 0.581908 -0.813254 3.600000 -0.000517 0.813254 0.581908 0.000000 0.000000 0.000000 0.000000 1.000000
0.999999 0.001029 -0.000548 0.000000 -0.001044 0.581908 -0.813254 3.600000 -0.000517 0.813254 0.581908 0.000000 0.000000 0.000000 0.000000 1.000000
0.999999 0.001029 -0.000548 -0.000000 -0.001044 0.581908 -0.813254 3.600000 -0.000518 0.813254 0.581908 -0.000000 0.000000 0.000000 0.000000 1.000000
0.999999 0.001029 -0.000548 -0.000000 -0.001045 0.581908 -0.813254 3.600000 -0.000518 0.813254 0.581908 0.000000 0.000000 0.000000 0.000000 1.000000
0.999999 0.001028 -0.000548 0.000000 -0.001044 0.581908 -0.813254 3.600000 -0.000517 0.813254 0.581908 -0.000000 0.000000 0.000000 0.000000 1.000000
0.999999 0.001028 -0.000548 0.000000 -0.001044 0.581908 -0.813254 3.600000 -0.000517 0.813254 0.581908 -0.000000 0.000000 0.000000 0.000000 1.000000
0.999999 0.001029 -0.000548 0.000000 -0.001044 0.581908 -0.813254 3.600000 -0.000518 0.813254 0.581908 0.000000 0.000000 0.000000 0.000000 1.000000
0.999999 0.001029 -0.000549 -0.000000 -0.001045 0.581908 -0.813254 3.600000 -0.000517 0.813254 0.581908 -0.000000 0.000000 0.000000 0.000000 1.000000
0.999999 0.001028 -0.000548 0.000000 -0.001044 0.581908 -0.813254 3.600000 -0.000517 0.813254 0.581909 -0.000000 0.000000 0.000000 0.000000 1.000000</float_array>
        <technique_common>
          <accessor source="#mixamorig_RightHandPinky2-Matrix-animation-output-transform-array" count="46" stride="16">
            <param type="float4x4"/>
          </accessor>
        </technique_common>
      </source>
      <source id="mixamorig_RightHandPinky2-Interpolations">
        <Name_array id="mixamorig_RightHandPinky2-Interpolations-array" count="46">
 LINEAR LINEAR LINEAR LINEAR LINEAR LINEAR LINEAR LINEAR LINEAR LINEAR LINEAR
LINEAR LINEAR LINEAR LINEAR LINEAR LINEAR LINEAR LINEAR LINEAR LINEAR LINEAR LINEAR
LINEAR LINEAR LINEAR LINEAR LINEAR LINEAR LINEAR LINEAR LINEAR LINEAR LINEAR LINEAR
LINEAR LINEAR LINEAR LINEAR LINEAR LINEAR LINEAR LINEAR LINEAR LINEAR LINEAR</Name_array>
        <technique_common>
          <accessor source="#mixamorig_RightHandPinky2-Interpolations-array" count="46">
            <param type="name"/>
          </accessor>
        </technique_common>
      </source>
      <sampler id="mixamorig_RightHandPinky2-Matrix-animation-transform">
        <input semantic="INPUT" source="#mixamorig_RightHandPinky2-Matrix-animation-input"/>
        <input semantic="OUTPUT" source="#mixamorig_RightHandPinky2-Matrix-animation-output-transform"/>
        <input semantic="INTERPOLATION" source="#mixamorig_RightHandPinky2-Interpolations"/>
      </sampler>
      <channel source="#mixamorig_RightHandPinky2-Matrix-animation-transform" target="mixamorig_RightHandPinky2/matrix"/>
    </animation>
    <animation id="mixamorig_RightHandPinky3-anim" name="mixamorig_RightHandPinky3">
      <source id="mixamorig_RightHandPinky3-Matrix-animation-input">
        <float_array id="mixamorig_RightHandPinky3-Matrix-animation-input-array" count="46">

0.000000 0.033333 0.066667 0.100000 0.133333 0.166667 0.200000 0.233333 0.266667 0.300000 0.333333 0.366667 0.400000 0.433333 0.466667 0.500000
0.533333 0.566667 0.600000 0.633333 0.666667 0.700000 0.733333 0.766667 0.800000 0.833333 0.866667 0.900000 0.933333 0.966667 1.000000 1.033333
1.066667 1.100000 1.133333 1.166667 1.200000 1.233333 1.266667 1.300000 1.333333 1.366667 1.400000 1.433333 1.466667 1.500000</float_array>
        <technique_common>
          <accessor source="#mixamorig_RightHandPinky3-Matrix-animation-input-array" count="46">
            <param name="TIME" type="float"/>
          </accessor>
        </technique_common>
      </source>
      <source id="mixamorig_RightHandPinky3-Matrix-animation-output-transform">
        <float_array id="mixamorig_RightHandPinky3-Matrix-animation-output-transform-array" count="736">

1.000000 0.000535 -0.000113 0.000000 -0.000531 0.900092 -0.435700 2.100000 -0.000132 0.435700 0.900092 0.000000 0.000000 0.000000 0.000000 1.000000
1.000000 0.000535 -0.000113 0.000000 -0.000531 0.900092 -0.435700 2.100000 -0.000132 0.435700 0.900092 0.000000 0.000000 0.000000 0.000000 1.000000
1.000000 0.000535 -0.000113 0.000000 -0.000531 0.900092 -0.435700 2.100000 -0.000132 0.435700 0.900092 0.000000 0.000000 0.000000 0.000000 1.000000
1.000000 0.000536 -0.000113 0.000000 -0.000531 0.900092 -0.435700 2.100000 -0.000132 0.435700 0.900092 0.000000 0.000000 0.000000 0.000000 1.000000
1.000000 0.000535 -0.000113 0.000000 -0.000531 0.900092 -0.435700 2.100000 -0.000132 0.435700 0.900092 0.000000 0.000000 0.000000 0.000000 1.000000
1.000000 0.000535 -0.000113 0.000000 -0.000531 0.900092 -0.435699 2.100000 -0.000131 0.435699 0.900092 0.000000 0.000000 0.000000 0.000000 1.000000
1.000000 0.000535 -0.000113 0.000000 -0.000531 0.900092 -0.435700 2.100000 -0.000132 0.435700 0.900092 0.000000 0.000000 0.000000 0.000000 1.000000
1.000000 0.000535 -0.000113 0.000000 -0.000531 0.900092 -0.435700 2.100000 -0.000132 0.435700 0.900092 0.000000 0.000000 0.000000 0.000000 1.000000
1.000000 0.000535 -0.000113 -0.000000 -0.000531 0.900092 -0.435700 2.100000 -0.000131 0.435700 0.900092 0.000000 0.000000 0.000000 0.000000 1.000000
1.000000 0.000535 -0.000113 -0.000000 -0.000531 0.900092 -0.435700 2.100000 -0.000132 0.435700 0.900092 0.000000 0.000000 0.000000 0.000000 1.000000
1.000000 0.000535 -0.000113 -0.000000 -0.000531 0.900092 -0.435700 2.100000 -0.000131 0.435700 0.900092 0.000000 0.000000 0.000000 0.000000 1.000000
1.000000 0.000535 -0.000113 0.000000 -0.000531 0.900092 -0.435700 2.100000 -0.000132 0.435700 0.900092 -0.000000 0.000000 0.000000 0.000000 1.000000
1.000000 0.000536 -0.000113 0.000000 -0.000531 0.900092 -0.435700 2.100000 -0.000132 0.435700 0.900092 0.000000 0.000000 0.000000 0.000000 1.000000
1.000000 0.000535 -0.000113 0.000000 -0.000531 0.900092 -0.435700 2.100000 -0.000132 0.435700 0.900092 0.000000 0.000000 0.000000 0.000000 1.000000
1.000000 0.000535 -0.000113 -0.000000 -0.000531 0.900092 -0.435700 2.100000 -0.000132 0.435700 0.900092 0.000000 0.000000 0.000000 0.000000 1.000000
1.000000 0.000535 -0.000113 0.000000 -0.000531 0.900092 -0.435700 2.100000 -0.000132 0.435700 0.900092 0.000000 0.000000 0.000000 0.000000 1.000000
1.000000 0.000535 -0.000113 0.000000 -0.000531 0.900092 -0.435700 2.100000 -0.000132 0.435700 0.900092 0.000000 0.000000 0.000000 0.000000 1.000000
1.000000 0.000535 -0.000113 0.000000 -0.000531 0.900092 -0.435700 2.100000 -0.000131 0.435700 0.900092 -0.000000 0.000000 0.000000 0.000000 1.000000
1.000000 0.000535 -0.000113 0.000000 -0.000531 0.900092 -0.435700 2.100000 -0.000132 0.435700 0.900092 0.000000 0.000000 0.000000 0.000000 1.000000
1.000000 0.000535 -0.000113 -0.000000 -0.000531 0.900092 -0.435699 2.100000 -0.000131 0.435699 0.900092 0.000000 0.000000 0.000000 0.000000 1.000000
1.000000 0.000535 -0.000113 0.000000 -0.000531 0.900092 -0.435700 2.100000 -0.000131 0.435700 0.900092 0.000000 0.000000 0.000000 0.000000 1.000000
1.000000 0.000535 -0.000113 0.000000 -0.000531 0.900092 -0.435700 2.100000 -0.000131 0.435700 0.900092 0.000000 0.000000 0.000000 0.000000 1.000000
1.000000 0.000535 -0.000113 0.000000 -0.000531 0.900092 -0.435700 2.100000 -0.000132 0.435700 0.900092 0.000000 0.000000 0.000000 0.000000 1.000000
1.000000 0.000535 -0.000113 0.000000 -0.000531 0.900092 -0.435700 2.100000 -0.000131 0.435700 0.900092 0.000000 0.000000 0.000000 0.000000 1.000000
1.000000 0.000535 -0.000113 0.000000 -0.000531 0.900092 -0.435700 2.100000 -0.000131 0.435700 0.900092 0.000000 0.000000 0.000000 0.000000 1.000000
1.000000 0.000535 -0.000113 -0.000000 -0.000531 0.900092 -0.435700 2.100000 -0.000132 0.435700 0.900092 0.000000 0.000000 0.000000 0.000000 1.000000
1.000000 0.000535 -0.000113 0.000000 -0.000531 0.900092 -0.435700 2.100000 -0.000131 0.435700 0.900092 0.000000 0.000000 0.000000 0.000000 1.000000
1.000000 0.000535 -0.000113 0.000000 -0.000531 0.900092 -0.435700 2.100000 -0.000131 0.435700 0.900092 0.000000 0.000000 0.000000 0.000000 1.000000
1.000000 0.000535 -0.000113 0.000000 -0.000531 0.900092 -0.435700 2.100000 -0.000132 0.435700 0.900092 0.000000 0.000000 0.000000 0.000000 1.000000
1.000000 0.000535 -0.000113 0.000000 -0.000531 0.900092 -0.435700 2.100000 -0.000132 0.435700 0.900092 0.000000 0.000000 0.000000 0.000000 1.000000
1.000000 0.000535 -0.000113 0.000000 -0.000531 0.900092 -0.435700 2.100000 -0.000131 0.435700 0.900092 -0.000000 0.000000 0.000000 0.000000 1.000000
1.000000 0.000535 -0.000113 0.000000 -0.000531 0.900092 -0.435700 2.100000 -0.000132 0.435700 0.900092 0.000000 0.000000 0.000000 0.000000 1.000000
1.000000 0.000535 -0.000113 -0.000000 -0.000531 0.900092 -0.435700 2.100000 -0.000132 0.435700 0.900092 0.000000 0.000000 0.000000 0.000000 1.000000
1.000000 0.000535 -0.000113 0.000000 -0.000531 0.900092 -0.435700 2.100000 -0.000131 0.435700 0.900092 -0.000000 0.000000 0.000000 0.000000 1.000000
1.000000 0.000535 -0.000113 -0.000000 -0.000531 0.900092 -0.435700 2.100000 -0.000131 0.435700 0.900092 0.000000 0.000000 0.000000 0.000000 1.000000
1.000000 0.000535 -0.000113 0.000000 -0.000531 0.900092 -0.435699 2.100000 -0.000131 0.435699 0.900092 -0.000000 0.000000 0.000000 0.000000 1.000000
1.000000 0.000535 -0.000113 0.000000 -0.000531 0.900092 -0.435700 2.100000 -0.000132 0.435700 0.900092 -0.000000 0.000000 0.000000 0.000000 1.000000
1.000000 0.000535 -0.000113 -0.000000 -0.000531 0.900092 -0.435700 2.100000 -0.000131 0.435700 0.900092 0.000000 0.000000 0.000000 0.000000 1.000000
1.000000 0.000535 -0.000113 0.000000 -0.000531 0.900092 -0.435700 2.100000 -0.000131 0.435700 0.900092 0.000000 0.000000 0.000000 0.000000 1.000000
1.000000 0.000535 -0.000113 0.000000 -0.000531 0.900092 -0.435700 2.100000 -0.000132 0.435700 0.900092 0.000000 0.000000 0.000000 0.000000 1.000000
1.000000 0.000535 -0.000113 0.000000 -0.000531 0.900092 -0.435700 2.100000 -0.000132 0.435700 0.900092 0.000000 0.000000 0.000000 0.000000 1.000000
1.000000 0.000535 -0.000113 0.000000 -0.000531 0.900092 -0.435700 2.100000 -0.000131 0.435700 0.900092 0.000000 0.000000 0.000000 0.000000 1.000000
1.000000 0.000535 -0.000113 0.000000 -0.000531 0.900092 -0.435700 2.100000 -0.000132 0.435700 0.900092 0.000000 0.000000 0.000000 0.000000 1.000000
1.000000 0.000535 -0.000113 0.000000 -0.000531 0.900092 -0.435700 2.100000 -0.000131 0.435700 0.900092 0.000000 0.000000 0.000000 0.000000 1.000000
1.000000 0.000535 -0.000113 -0.000000 -0.000531 0.900092 -0.435700 2.100000 -0.000131 0.435700 0.900092 0.000000 0.000000 0.000000 0.000000 1.000000
1.000000 0.000535 -0.000113 -0.000000 -0.000531 0.900092 -0.435700 2.100000 -0.000131 0.435700 0.900092 0.000000 0.000000 0.000000 0.000000 1.000000</float_array>
        <technique_common>
          <accessor source="#mixamorig_RightHandPinky3-Matrix-animation-output-transform-array" count="46" stride="16">
            <param type="float4x4"/>
          </accessor>
        </technique_common>
      </source>
      <source id="mixamorig_RightHandPinky3-Interpolations">
        <Name_array id="mixamorig_RightHandPinky3-Interpolations-array" count="46">
 LINEAR LINEAR LINEAR LINEAR LINEAR LINEAR LINEAR LINEAR LINEAR LINEAR LINEAR
LINEAR LINEAR LINEAR LINEAR LINEAR LINEAR LINEAR LINEAR LINEAR LINEAR LINEAR LINEAR
LINEAR LINEAR LINEAR LINEAR LINEAR LINEAR LINEAR LINEAR LINEAR LINEAR LINEAR LINEAR
LINEAR LINEAR LINEAR LINEAR LINEAR LINEAR LINEAR LINEAR LINEAR LINEAR LINEAR</Name_array>
        <technique_common>
          <accessor source="#mixamorig_RightHandPinky3-Interpolations-array" count="46">
            <param type="name"/>
          </accessor>
        </technique_common>
      </source>
      <sampler id="mixamorig_RightHandPinky3-Matrix-animation-transform">
        <input semantic="INPUT" source="#mixamorig_RightHandPinky3-Matrix-animation-input"/>
        <input semantic="OUTPUT" source="#mixamorig_RightHandPinky3-Matrix-animation-output-transform"/>
        <input semantic="INTERPOLATION" source="#mixamorig_RightHandPinky3-Interpolations"/>
      </sampler>
      <channel source="#mixamorig_RightHandPinky3-Matrix-animation-transform" target="mixamorig_RightHandPinky3/matrix"/>
    </animation>
    <animation id="mixamorig_LeftShoulder-anim" name="mixamorig_LeftShoulder">
      <source id="mixamorig_LeftShoulder-Matrix-animation-input">
        <float_array id="mixamorig_LeftShoulder-Matrix-animation-input-array" count="46">

0.000000 0.033333 0.066667 0.100000 0.133333 0.166667 0.200000 0.233333 0.266667 0.300000 0.333333 0.366667 0.400000 0.433333 0.466667 0.500000
0.533333 0.566667 0.600000 0.633333 0.666667 0.700000 0.733333 0.766667 0.800000 0.833333 0.866667 0.900000 0.933333 0.966667 1.000000 1.033333
1.066667 1.100000 1.133333 1.166667 1.200000 1.233333 1.266667 1.300000 1.333333 1.366667 1.400000 1.433333 1.466667 1.500000</float_array>
        <technique_common>
          <accessor source="#mixamorig_LeftShoulder-Matrix-animation-input-array" count="46">
            <param name="TIME" type="float"/>
          </accessor>
        </technique_common>
      </source>
      <source id="mixamorig_LeftShoulder-Matrix-animation-output-transform">
        <float_array id="mixamorig_LeftShoulder-Matrix-animation-output-transform-array" count="736">

-0.032909 0.992345 -0.119035 4.570400 0.104268 -0.115041 -0.987873 11.195600 -0.994005 -0.044921 -0.099684 -0.806600 0.000000 0.000000 0.000000 1.000000
-0.043916 0.993243 -0.107425 4.570400 0.114425 -0.101821 -0.988200 11.195600 -0.992461 -0.055689 -0.109180 -0.806600 0.000000 0.000000 0.000000 1.000000
-0.057919 0.993703 -0.095918 4.570400 0.125129 -0.088095 -0.988222 11.195600 -0.990449 -0.069238 -0.119238 -0.806600 0.000000 0.000000 0.000000 1.000000
-0.070749 0.993891 -0.084708 4.570400 0.135131 -0.074588 -0.988016 11.195600 -0.988299 -0.081348 -0.129028 -0.806600 0.000000 0.000000 0.000000 1.000000
-0.078200 0.994202 -0.073804 4.570400 0.143384 -0.062044 -0.987720 11.195600 -0.986573 -0.087822 -0.137701 -0.806600 0.000000 0.000000 0.000000 1.000000
-0.076028 0.995109 -0.063068 4.570400 0.149022 -0.051201 -0.987508 11.195600 -0.985907 -0.084477 -0.144400 -0.806600 0.000000 0.000000 0.000000 1.000000
-0.060038 0.996592 -0.056563 4.570400 0.151250 -0.046928 -0.987381 11.195600 -0.986671 -0.067836 -0.147917 -0.806600 0.000000 0.000000 0.000000 1.000000
-0.041547 0.997765 -0.052330 4.570400 0.152267 -0.045440 -0.987294 11.195600 -0.987466 -0.048987 -0.150039 -0.806600 0.000000 0.000000 0.000000 1.000000
-0.030101 0.998284 -0.050234 4.570400 0.152727 -0.045073 -0.987240 11.195600 -0.987810 -0.037389 -0.151108 -0.806600 0.000000 0.000000 0.000000 1.000000
-0.022608 0.998481 -0.050238 4.570400 0.152425 -0.046221 -0.987234 11.195600 -0.988056 -0.029977 -0.151148 -0.806600 0.000000 0.000000 0.000000 1.000000
-0.029106 0.998156 -0.053263 4.570400 0.151519 -0.048264 -0.987275 11.195600 -0.988026 -0.036806 -0.149835 -0.806600 0.000000 0.000000 0.000000 1.000000
-0.076934 0.994973 -0.064109 4.570400 0.149548 -0.052057 -0.987383 11.195600 -0.985757 -0.085550 -0.144791 -0.806600 0.000000 0.000000 0.000000 1.000000
-0.131672 0.988110 -0.079378 4.570400 0.148387 -0.059527 -0.987136 11.195600 -0.980124 -0.141757 -0.138785 -0.806600 0.000000 0.000000 0.000000 1.000000
-0.155264 0.984704 -0.079069 4.570400 0.147240 -0.056078 -0.987510 11.195600 -0.976839 -0.164966 -0.136280 -0.806600 0.000000 0.000000 0.000000 1.000000
-0.144353 0.987637 -0.061116 4.570400 0.145337 -0.039932 -0.988576 11.195600 -0.978795 -0.151586 -0.137776 -0.806600 0.000000 0.000000 0.000000 1.000000
-0.131633 0.989744 -0.055493 4.570400 0.145670 -0.036060 -0.988676 11.195600 -0.980537 -0.138226 -0.139430 -0.806600 0.000000 0.000000 0.000000 1.000000
-0.247730 0.954712 -0.164787 4.570400 0.147865 -0.130838 -0.980315 11.195600 -0.957479 -0.267219 -0.108756 -0.806600 0.000000 0.000000 0.000000 1.000000
-0.386109 0.875589 -0.290281 4.570400 0.183706 -0.235393 -0.954381 11.195600 -0.903975 -0.421822 -0.069964 -0.806600 0.000000 0.000000 0.000000 1.000000
-0.431135 0.827691 -0.359236 4.570400 0.218492 -0.290520 -0.931590 11.195600 -0.875433 -0.480131 -0.055590 -0.806600 0.000000 0.000000 0.000000 1.000000
-0.412755 0.818156 -0.400317 4.570400 0.237207 -0.327782 -0.914490 11.195600 -0.879412 -0.472418 -0.058779 -0.806600 0.000000 0.000000 0.000000 1.000000
-0.363307 0.828774 -0.425607 4.570400 0.242485 -0.356963 -0.902097 11.195600 -0.899560 -0.430941 -0.071278 -0.806600 0.000000 0.000000 0.000000 1.000000
-0.304352 0.845377 -0.438985 4.570400 0.239259 -0.378230 -0.894258 11.195600 -0.922022 -0.377201 -0.087148 -0.806600 0.000000 0.000000 0.000000 1.000000
-0.258595 0.856750 -0.446214 4.570400 0.234629 -0.392386 -0.889372 11.195600 -0.937058 -0.334682 -0.099549 -0.806600 0.000000 0.000000 0.000000 1.000000
-0.256303 0.857148 -0.446773 4.570400 0.233913 -0.393472 -0.889080 11.195600 -0.937866 -0.332380 -0.099650 -0.806600 0.000000 0.000000 0.000000 1.000000
-0.273455 0.857702 -0.435395 4.570400 0.231994 -0.380475 -0.895219 11.195600 -0.933489 -0.345812 -0.094939 -0.806600 0.000000 0.000000 0.000000 1.000000
-0.288019 0.859765 -0.421722 4.570400 0.229007 -0.365768 -0.902092 11.195600 -0.929839 -0.356397 -0.091544 -0.806600 0.000000 0.000000 0.000000 1.000000
-0.291608 0.864687 -0.409000 4.570400 0.225607 -0.353347 -0.907881 11.195600 -0.929552 -0.357018 -0.092040 -0.806600 0.000000 0.000000 0.000000 1.000000
-0.282095 0.876404 -0.390305 4.570400 0.219834 -0.336955 -0.915497 11.195600 -0.933860 -0.344060 -0.097610 -0.806600 0.000000 0.000000 0.000000 1.000000
-0.260543 0.895525 -0.360768 4.570400 0.210970 -0.311834 -0.926418 11.195600 -0.942130 -0.317483 -0.107683 -0.806600 0.000000 0.000000 0.000000 1.000000
-0.217526 0.927806 -0.303080 4.570400 0.194356 -0.263123 -0.944982 11.195600 -0.956508 -0.264464 -0.123089 -0.806600 0.000000 0.000000 0.000000 1.000000
-0.153928 0.959074 -0.237660 4.570400 0.178582 -0.209562 -0.961349 11.195600 -0.971810 -0.190420 -0.139015 -0.806600 0.000000 0.000000 0.000000 1.000000
-0.107435 0.986619 -0.122642 4.570400 0.156297 -0.105062 -0.982107 11.195600 -0.981850 -0.124682 -0.142918 -0.806600 0.000000 0.000000 0.000000 1.000000
-0.094351 0.994537 0.044647 4.570400 0.125793 0.056397 -0.990452 11.195600 -0.987560 -0.087834 -0.130427 -0.806600 0.000000 0.000000 0.000000 1.000000
-0.106473 0.989204 0.100687 4.570400 0.112118 0.112561 -0.987299 11.195600 -0.987974 -0.093832 -0.122892 -0.806600 0.000000 0.000000 0.000000 1.000000
-0.139963 0.983694 0.112942 4.570400 0.106101 0.128308 -0.986042 11.195600 -0.984456 -0.126026 -0.122330 -0.806600 0.000000 0.000000 0.000000 1.000000
-0.161386 0.979825 0.117889 4.570400 0.103913 0.135662 -0.985291 11.195600 -0.981405 -0.146762 -0.123710 -0.806600 0.000000 0.000000 0.000000 1.000000
-0.162490 0.977657 0.133358 4.570400 0.100837 0.150900 -0.983393 11.195600 -0.981544 -0.146344 -0.123104 -0.806600 0.000000 0.000000 0.000000 1.000000
-0.157507 0.976805 0.145067 4.570400 0.098748 0.161743 -0.981880 11.195600 -0.982568 -0.140327 -0.121933 -0.806600 0.000000 0.000000 0.000000 1.000000
-0.152189 0.979151 0.134545 4.570400 0.101312 0.150869 -0.983349 11.195600 -0.983145 -0.136023 -0.122161 -0.806600 0.000000 0.000000 0.000000 1.000000
-0.143888 0.982597 0.117470 4.570400 0.105876 0.133310 -0.985403 11.195600 -0.983914 -0.129350 -0.123216 -0.806600 0.000000 0.000000 0.000000 1.000000
-0.135793 0.985918 0.097597 4.570400 0.111891 0.113141 -0.987259 11.195600 -0.984399 -0.123143 -0.125679 -0.806600 0.000000 0.000000 0.000000 1.000000
-0.130471 0.989508 0.062066 4.570400 0.118009 0.077656 -0.989971 11.195600 -0.984404 -0.121838 -0.126903 -0.806600 0.000000 0.000000 0.000000 1.000000
-0.121989 0.992364 0.018236 4.570400 0.122595 0.033298 -0.991898 11.195600 -0.984931 -0.118765 -0.125721 -0.806600 0.000000 0.000000 0.000000 1.000000
-0.099965 0.994588 -0.028328 4.570400 0.120596 -0.016150 -0.992570 11.195600 -0.987656 -0.102638 -0.118329 -0.806600 0.000000 0.000000 0.000000 1.000000
-0.067185 0.994876 -0.075548 4.570400 0.113337 -0.067619 -0.991253 11.195600 -0.991283 -0.075159 -0.108213 -0.806600 0.000000 0.000000 0.000000 1.000000
-0.032909 0.992344 -0.119036 4.570400 0.104269 -0.115042 -0.987873 11.195600 -0.994005 -0.044922 -0.099685 -0.806600 0.000000 0.000000 0.000000 1.000000</float_array>
        <technique_common>
          <accessor source="#mixamorig_LeftShoulder-Matrix-animation-output-transform-array" count="46" stride="16">
            <param type="float4x4"/>
          </accessor>
        </technique_common>
      </source>
      <source id="mixamorig_LeftShoulder-Interpolations">
        <Name_array id="mixamorig_LeftShoulder-Interpolations-array" count="46">
 LINEAR LINEAR LINEAR LINEAR LINEAR LINEAR LINEAR LINEAR LINEAR LINEAR LINEAR
LINEAR LINEAR LINEAR LINEAR LINEAR LINEAR LINEAR LINEAR LINEAR LINEAR LINEAR LINEAR
LINEAR LINEAR LINEAR LINEAR LINEAR LINEAR LINEAR LINEAR LINEAR LINEAR LINEAR LINEAR
LINEAR LINEAR LINEAR LINEAR LINEAR LINEAR LINEAR LINEAR LINEAR LINEAR LINEAR</Name_array>
        <technique_common>
          <accessor source="#mixamorig_LeftShoulder-Interpolations-array" count="46">
            <param type="name"/>
          </accessor>
        </technique_common>
      </source>
      <sampler id="mixamorig_LeftShoulder-Matrix-animation-transform">
        <input semantic="INPUT" source="#mixamorig_LeftShoulder-Matrix-animation-input"/>
        <input semantic="OUTPUT" source="#mixamorig_LeftShoulder-Matrix-animation-output-transform"/>
        <input semantic="INTERPOLATION" source="#mixamorig_LeftShoulder-Interpolations"/>
      </sampler>
      <channel source="#mixamorig_LeftShoulder-Matrix-animation-transform" target="mixamorig_LeftShoulder/matrix"/>
    </animation>
    <animation id="mixamorig_LeftArm-anim" name="mixamorig_LeftArm">
      <source id="mixamorig_LeftArm-Matrix-animation-input">
        <float_array id="mixamorig_LeftArm-Matrix-animation-input-array" count="46">

0.000000 0.033333 0.066667 0.100000 0.133333 0.166667 0.200000 0.233333 0.266667 0.300000 0.333333 0.366667 0.400000 0.433333 0.466667 0.500000
0.533333 0.566667 0.600000 0.633333 0.666667 0.700000 0.733333 0.766667 0.800000 0.833333 0.866667 0.900000 0.933333 0.966667 1.000000 1.033333
1.066667 1.100000 1.133333 1.166667 1.200000 1.233333 1.266667 1.300000 1.333333 1.366667 1.400000 1.433333 1.466667 1.500000</float_array>
        <technique_common>
          <accessor source="#mixamorig_LeftArm-Matrix-animation-input-array" count="46">
            <param name="TIME" type="float"/>
          </accessor>
        </technique_common>
      </source>
      <source id="mixamorig_LeftArm-Matrix-animation-output-transform">
        <float_array id="mixamorig_LeftArm-Matrix-animation-output-transform-array" count="736">

0.888076 -0.373962 0.267345 -0.000000 0.454973 0.631864 -0.627493 10.837700 0.065732 0.678896 0.731286 0.000000 0.000000 0.000000 0.000000 1.000000
0.883155 -0.445431 0.147068 0.000000 0.429852 0.642978 -0.633882 10.837700 0.187789 0.623034 0.759318 0.000000 0.000000 0.000000 0.000000 1.000000
0.866672 -0.498430 -0.021118 -0.000000 0.378351 0.684290 -0.623377 10.837700 0.325161 0.532273 0.781636 0.000000 0.000000 0.000000 0.000000 1.000000
0.828068 -0.527091 -0.190993 -0.000000 0.324171 0.728120 -0.603949 10.837700 0.457402 0.438196 0.773801 0.000000 0.000000 0.000000 0.000000 1.000000
0.781732 -0.526650 -0.333969 0.000000 0.274139 0.771231 -0.574500 10.837700 0.560128 0.357551 0.747271 0.000000 0.000000 0.000000 0.000000 1.000000
0.754832 -0.496281 -0.428874 0.000000 0.234717 0.814929 -0.529904 10.837700 0.612484 0.299324 0.731621 -0.000000 0.000000 0.000000 0.000000 1.000000
0.821766 -0.345910 -0.452822 0.000000 0.116057 0.879612 -0.461317 10.837700 0.557882 0.326541 0.762980 0.000000 0.000000 0.000000 0.000000 1.000000
0.877030 -0.197178 -0.438108 0.000000 0.000189 0.912040 -0.410101 10.837700 0.480435 0.359588 0.799924 -0.000000 0.000000 0.000000 0.000000 1.000000
0.912814 -0.083193 -0.399812 0.000000 -0.080613 0.923058 -0.376120 10.837700 0.400340 0.375557 0.835873 -0.000000 0.000000 0.000000 0.000000 1.000000
0.937258 0.029152 -0.347416 0.000000 -0.162513 0.918144 -0.361387 10.837700 0.308443 0.395172 0.865275 0.000000 0.000000 0.000000 0.000000 1.000000
0.948469 0.135123 -0.286616 0.000000 -0.238957 0.899043 -0.366908 10.837700 0.208102 0.416489 0.885003 -0.000000 0.000000 0.000000 0.000000 1.000000
0.950680 0.230944 -0.207056 0.000000 -0.296942 0.870540 -0.392411 10.837700 0.089626 0.434541 0.896182 0.000000 0.000000 0.000000 0.000000 1.000000
0.960075 0.246948 -0.131427 0.000000 -0.279721 0.853392 -0.439861 10.837700 0.003536 0.459062 0.888397 -0.000000 0.000000 0.000000 0.000000 1.000000
0.978657 0.190026 -0.078234 0.000000 -0.202865 0.832588 -0.515406 10.837700 -0.032803 0.520276 0.853368 0.000000 0.000000 0.000000 0.000000 1.000000
0.997803 0.060201 -0.027668 0.000000 -0.064399 0.783101 -0.618551 10.837700 -0.015570 0.618974 0.785257 0.000000 0.000000 0.000000 0.000000 1.000000
0.998451 -0.050878 0.022505 0.000000 0.052994 0.746688 -0.663060 10.837700 0.016931 0.663226 0.748227 -0.000000 0.000000 0.000000 0.000000 1.000000
0.981339 -0.184239 0.055048 0.000000 0.175646 0.742390 -0.646533 10.837700 0.078250 0.644137 0.760897 -0.000000 0.000000 0.000000 0.000000 1.000000
0.948259 -0.307781 0.077950 -0.000000 0.287122 0.726491 -0.624317 10.837700 0.135523 0.614395 0.777272 -0.000000 0.000000 0.000000 0.000000 1.000000
0.933238 -0.340235 0.115359 0.000000 0.336634 0.716004 -0.611569 10.837700 0.125480 0.609573 0.782736 0.000000 0.000000 0.000000 0.000000 1.000000
0.940593 -0.293289 0.171074 0.000000 0.335519 0.725591 -0.600786 10.837700 0.052074 0.622494 0.780890 0.000000 0.000000 0.000000 0.000000 1.000000
0.950052 -0.205797 0.234623 -0.000000 0.308238 0.736507 -0.602119 10.837700 -0.048888 0.644364 0.763154 0.000000 0.000000 0.000000 0.000000 1.000000
0.953303 -0.102735 0.284006 -0.000000 0.262850 0.745348 -0.612672 10.837700 -0.148740 0.658713 0.737546 0.000000 0.000000 0.000000 0.000000 1.000000
0.950992 -0.017406 0.308724 0.000000 0.214039 0.757614 -0.616610 10.837700 -0.223161 0.652470 0.724211 0.000000 0.000000 0.000000 0.000000 1.000000
0.953702 -0.007572 0.300657 0.000000 0.195822 0.774378 -0.601657 10.837700 -0.228267 0.632677 0.740009 0.000000 0.000000 0.000000 0.000000 1.000000
0.959595 -0.036511 0.279005 -0.000000 0.201092 0.782548 -0.589220 10.837700 -0.196822 0.621518 0.758272 0.000000 0.000000 0.000000 0.000000 1.000000
0.970047 -0.061376 0.235037 0.000000 0.195596 0.771120 -0.605901 10.837700 -0.144054 0.633725 0.760027 0.000000 0.000000 0.000000 0.000000 1.000000
0.980038 -0.096313 0.173925 0.000000 0.186854 0.745034 -0.640320 10.837700 -0.067909 0.660037 0.748158 0.000000 0.000000 0.000000 0.000000 1.000000
0.972132 -0.170705 0.160683 0.000000 0.234430 0.711905 -0.661993 10.837700 -0.001385 0.681213 0.732084 -0.000000 0.000000 0.000000 0.000000 1.000000
0.945567 -0.264744 0.189243 0.000000 0.320857 0.661346 -0.677991 10.837700 0.054339 0.701806 0.710293 0.000000 0.000000 0.000000 0.000000 1.000000
0.918841 -0.331647 0.213871 0.000000 0.379073 0.591110 -0.711964 10.837700 0.109699 0.735255 0.668854 0.000000 0.000000 0.000000 0.000000 1.000000
0.911680 -0.358980 0.199934 -0.000000 0.381597 0.559217 -0.735975 10.837700 0.152394 0.747268 0.646813 0.000000 0.000000 0.000000 0.000000 1.000000
0.913314 -0.389368 0.119371 -0.000000 0.333541 0.546961 -0.767844 10.837700 0.233682 0.741098 0.629418 0.000000 0.000000 0.000000 0.000000 1.000000
0.909629 -0.415222 -0.012852 -0.000000 0.226607 0.521882 -0.822368 10.837700 0.348172 0.745137 0.568811 0.000000 0.000000 0.000000 0.000000 1.000000
0.922702 -0.354548 -0.151383 -0.000000 0.103334 0.605767 -0.788903 10.837700 0.371407 0.712279 0.595579 0.000000 0.000000 0.000000 0.000000 1.000000
0.925585 -0.309281 -0.218259 0.000000 0.054555 0.679552 -0.731596 10.837700 0.374587 0.665248 0.645856 0.000000 0.000000 0.000000 0.000000 1.000000
0.926517 -0.289177 -0.240712 0.000000 0.041483 0.714372 -0.698536 10.837700 0.373958 0.637220 0.673874 0.000000 0.000000 0.000000 0.000000 1.000000
0.921328 -0.277411 -0.272392 0.000000 0.019050 0.731993 -0.681046 10.837700 0.388318 0.622278 0.679690 0.000000 0.000000 0.000000 0.000000 1.000000
0.911572 -0.270231 -0.309859 0.000000 -0.004787 0.746628 -0.665225 10.837700 0.411114 0.607883 0.679311 0.000000 0.000000 0.000000 0.000000 1.000000
0.898504 -0.269403 -0.346572 0.000000 -0.022446 0.760291 -0.649195 10.837700 0.438390 0.591083 0.677078 0.000000 0.000000 0.000000 0.000000 1.000000
0.886372 -0.279744 -0.368901 0.000000 -0.032740 0.756939 -0.652665 10.837700 0.461815 0.590582 0.661771 0.000000 0.000000 0.000000 0.000000 1.000000
0.878026 -0.307983 -0.366356 0.000000 -0.035293 0.721706 -0.691299 10.837700 0.477309 0.619909 0.622808 -0.000000 0.000000 0.000000 0.000000 1.000000
0.898922 -0.304807 -0.314694 0.000000 -0.025737 0.680320 -0.732464 10.837700 0.437352 0.666527 0.603709 0.000000 0.000000 0.000000 0.000000 1.000000
0.929884 -0.281908 -0.236311 -0.000000 0.003860 0.649852 -0.760051 10.837700 0.367831 0.705848 0.605375 0.000000 0.000000 0.000000 0.000000 1.000000
0.962869 -0.260578 -0.070590 -0.000000 0.116613 0.637261 -0.761774 10.837700 0.243486 0.725257 0.643985 -0.000000 0.000000 0.000000 0.000000 1.000000
0.945785 -0.289410 0.147421 0.000000 0.302575 0.620100 -0.723826 10.837700 0.118067 0.729190 0.674049 -0.000000 0.000000 0.000000 0.000000 1.000000
0.888076 -0.373962 0.267346 -0.000000 0.454973 0.631864 -0.627493 10.837700 0.065732 0.678896 0.731286 0.000000 0.000000 0.000000 0.000000 1.000000</float_array>
        <technique_common>
          <accessor source="#mixamorig_LeftArm-Matrix-animation-output-transform-array" count="46" stride="16">
            <param type="float4x4"/>
          </accessor>
        </technique_common>
      </source>
      <source id="mixamorig_LeftArm-Interpolations">
        <Name_array id="mixamorig_LeftArm-Interpolations-array" count="46">
 LINEAR LINEAR LINEAR LINEAR LINEAR LINEAR LINEAR LINEAR LINEAR LINEAR LINEAR
LINEAR LINEAR LINEAR LINEAR LINEAR LINEAR LINEAR LINEAR LINEAR LINEAR LINEAR LINEAR
LINEAR LINEAR LINEAR LINEAR LINEAR LINEAR LINEAR LINEAR LINEAR LINEAR LINEAR LINEAR
LINEAR LINEAR LINEAR LINEAR LINEAR LINEAR LINEAR LINEAR LINEAR LINEAR LINEAR</Name_array>
        <technique_common>
          <accessor source="#mixamorig_LeftArm-Interpolations-array" count="46">
            <param type="name"/>
          </accessor>
        </technique_common>
      </source>
      <sampler id="mixamorig_LeftArm-Matrix-animation-transform">
        <input semantic="INPUT" source="#mixamorig_LeftArm-Matrix-animation-input"/>
        <input semantic="OUTPUT" source="#mixamorig_LeftArm-Matrix-animation-output-transform"/>
        <input semantic="INTERPOLATION" source="#mixamorig_LeftArm-Interpolations"/>
      </sampler>
      <channel source="#mixamorig_LeftArm-Matrix-animation-transform" target="mixamorig_LeftArm/matrix"/>
    </animation>
    <animation id="mixamorig_LeftForeArm-anim" name="mixamorig_LeftForeArm">
      <source id="mixamorig_LeftForeArm-Matrix-animation-input">
        <float_array id="mixamorig_LeftForeArm-Matrix-animation-input-array" count="46">

0.000000 0.033333 0.066667 0.100000 0.133333 0.166667 0.200000 0.233333 0.266667 0.300000 0.333333 0.366667 0.400000 0.433333 0.466667 0.500000
0.533333 0.566667 0.600000 0.633333 0.666667 0.700000 0.733333 0.766667 0.800000 0.833333 0.866667 0.900000 0.933333 0.966667 1.000000 1.033333
1.066667 1.100000 1.133333 1.166667 1.200000 1.233333 1.266667 1.300000 1.333333 1.366667 1.400000 1.433333 1.466667 1.500000</float_array>
        <technique_common>
          <accessor source="#mixamorig_LeftForeArm-Matrix-animation-input-array" count="46">
            <param name="TIME" type="float"/>
          </accessor>
        </technique_common>
      </source>
      <source id="mixamorig_LeftForeArm-Matrix-animation-output-transform">
        <float_array id="mixamorig_LeftForeArm-Matrix-animation-output-transform-array" count="736">

-0.061235 -0.998000 -0.015693 -0.000000 0.849643 -0.043869 -0.525531 27.841499 0.523792 -0.045515 0.850630 0.000000 0.000000 0.000000 0.000000 1.000000
0.150465 -0.980655 -0.125203 0.000000 0.861711 0.192170 -0.469601 27.841499 0.484577 -0.037231 0.873956 -0.000000 0.000000 0.000000 0.000000 1.000000
0.399874 -0.880253 -0.255452 0.000000 0.774913 0.473521 -0.418674 27.841499 0.489500 -0.030536 0.871468 0.000000 0.000000 0.000000 0.000000 1.000000
0.605609 -0.703146 -0.372590 0.000000 0.615419 0.710678 -0.340876 27.841499 0.504477 -0.022861 0.863122 0.000000 0.000000 0.000000 0.000000 1.000000
0.751280 -0.481591 -0.451274 0.000000 0.419549 0.876321 -0.236729 27.841499 0.509467 -0.011482 0.860413 0.000000 0.000000 0.000000 0.000000 1.000000
0.849689 -0.246075 -0.466343 0.000000 0.214928 0.969249 -0.119840 27.841499 0.481492 0.001597 0.876449 0.000000 0.000000 0.000000 0.000000 1.000000
0.806099 -0.212731 -0.552223 0.000000 0.166439 0.976986 -0.133404 27.841499 0.567893 0.015625 0.822954 0.000000 0.000000 0.000000 0.000000 1.000000
0.736661 -0.147693 -0.659937 0.000000 0.090831 0.988627 -0.119863 27.841499 0.670134 0.028355 0.741698 0.000000 0.000000 0.000000 0.000000 1.000000
0.696030 -0.042832 -0.716734 0.000000 -0.003456 0.998008 -0.062997 27.841499 0.718005 0.046324 0.694495 -0.000000 0.000000 0.000000 0.000000 1.000000
0.690365 -0.000094 -0.723461 0.000000 -0.047604 0.997827 -0.045556 27.841499 0.721894 0.065890 0.688860 0.000000 0.000000 0.000000 0.000000 1.000000
0.702270 -0.040284 -0.710770 0.000000 -0.031059 0.995713 -0.087121 27.841499 0.711233 0.083258 0.698008 0.000000 0.000000 0.000000 0.000000 1.000000
0.675787 -0.368113 -0.638596 -0.000000 0.198756 0.925280 -0.323038 27.841499 0.709794 0.091380 0.698457 -0.000000 0.000000 0.000000 0.000000 1.000000
0.558254 -0.659014 -0.504036 -0.000000 0.436241 0.749910 -0.497322 27.841499 0.705724 0.057751 0.706129 0.000000 0.000000 0.000000 0.000000 1.000000
0.432577 -0.831807 -0.347813 0.000000 0.618784 0.554479 -0.556470 27.841499 0.655731 0.025495 0.754564 0.000000 0.000000 0.000000 0.000000 1.000000
0.363085 -0.901317 -0.236215 0.000000 0.756364 0.433160 -0.490190 27.841499 0.544135 -0.000684 0.838997 0.000000 0.000000 0.000000 0.000000 1.000000
0.201877 -0.971135 -0.127056 0.000000 0.883644 0.236546 -0.404005 27.841499 0.422398 -0.030713 0.905890 0.000000 0.000000 0.000000 0.000000 1.000000
0.113537 -0.989983 -0.083922 0.000000 0.951980 0.132573 -0.275970 27.841499 0.284331 -0.048559 0.957496 0.000000 0.000000 0.000000 0.000000 1.000000
0.087142 -0.993305 -0.075843 0.000000 0.980384 0.099020 -0.170419 27.841499 0.176788 -0.059505 0.982449 -0.000000 0.000000 0.000000 0.000000 1.000000
0.127910 -0.988278 -0.083335 0.000000 0.983882 0.137029 -0.114890 27.841499 0.124963 -0.067296 0.989877 0.000000 0.000000 0.000000 0.000000 1.000000
0.222968 -0.969738 -0.099463 0.000000 0.967346 0.232718 -0.100422 27.841499 0.120530 -0.073824 0.989961 -0.000000 0.000000 0.000000 0.000000 1.000000
0.350324 -0.928393 -0.123930 0.000000 0.925807 0.363287 -0.104420 27.841499 0.141965 -0.078155 0.986782 0.000000 0.000000 0.000000 0.000000 1.000000
0.439673 -0.884146 -0.158033 0.000000 0.880703 0.458922 -0.117274 27.841499 0.176213 -0.087618 0.980445 -0.000000 0.000000 0.000000 0.000000 1.000000
0.460770 -0.866208 -0.193327 0.000000 0.862676 0.488295 -0.131746 27.841499 0.208520 -0.106074 0.972249 -0.000000 0.000000 0.000000 0.000000 1.000000
0.457910 -0.866352 -0.199380 0.000000 0.863043 0.487014 -0.134068 27.841499 0.213251 -0.110682 0.970708 0.000000 0.000000 0.000000 0.000000 1.000000
0.476147 -0.865134 -0.157563 0.000000 0.861486 0.494865 -0.113798 27.841499 0.176423 -0.081554 0.980930 -0.000000 0.000000 0.000000 0.000000 1.000000
0.528256 -0.843191 -0.099874 -0.000000 0.838927 0.536453 -0.091758 27.841499 0.130948 -0.035315 0.990760 -0.000000 0.000000 0.000000 0.000000 1.000000
0.600166 -0.797532 -0.061179 0.000000 0.794520 0.603238 -0.069589 27.841499 0.092405 -0.006843 0.995698 0.000000 0.000000 0.000000 0.000000 1.000000
0.674947 -0.734461 -0.070810 0.000000 0.732548 0.678490 -0.054990 27.841499 0.088432 -0.014756 0.995973 0.000000 0.000000 0.000000 0.000000 1.000000
0.724281 -0.673379 -0.148250 0.000000 0.671521 0.737678 -0.069929 27.841499 0.156450 -0.048905 0.986474 -0.000000 0.000000 0.000000 0.000000 1.000000
0.705262 -0.676688 -0.211419 0.000000 0.671259 0.733324 -0.107927 27.841499 0.228072 -0.065800 0.971418 0.000000 0.000000 0.000000 0.000000 1.000000
0.573842 -0.781912 -0.243553 -0.000000 0.758445 0.619590 -0.202164 27.841499 0.308977 -0.068711 0.948584 0.000000 0.000000 0.000000 0.000000 1.000000
0.397300 -0.897666 -0.190654 0.000000 0.852915 0.437868 -0.284266 27.841499 0.338657 -0.049673 0.939598 0.000000 0.000000 0.000000 0.000000 1.000000
0.189834 -0.975919 -0.107448 -0.000000 0.866438 0.217993 -0.449182 27.841499 0.461788 -0.007827 0.886956 0.000000 0.000000 0.000000 0.000000 1.000000
0.037540 -0.999295 -0.000574 0.000000 0.845905 0.032083 -0.532367 27.841499 0.532010 0.019500 0.846513 0.000000 0.000000 0.000000 0.000000 1.000000
-0.017332 -0.998570 0.050582 0.000000 0.845454 -0.041644 -0.532423 27.841499 0.533768 0.033537 0.844966 0.000000 0.000000 0.000000 0.000000 1.000000
0.009317 -0.996998 0.076871 0.000000 0.846333 -0.033081 -0.531626 27.841499 0.532573 0.070011 0.843484 0.000000 0.000000 0.000000 0.000000 1.000000
0.065659 -0.992132 0.106599 0.000000 0.840472 -0.002597 -0.541849 27.841499 0.537862 0.125171 0.833688 0.000000 0.000000 0.000000 0.000000 1.000000
0.117617 -0.983146 0.139964 0.000000 0.834999 0.021619 -0.549826 27.841499 0.537533 0.181539 0.823469 -0.000000 0.000000 0.000000 0.000000 1.000000
0.151071 -0.969566 0.192664 -0.000000 0.839289 0.022830 -0.543206 27.841499 0.522276 0.243764 0.817195 0.000000 0.000000 0.000000 0.000000 1.000000
0.162633 -0.941989 0.293612 0.000000 0.840226 -0.023785 -0.541714 27.841499 0.517272 0.334801 0.787615 0.000000 0.000000 0.000000 0.000000 1.000000
0.161246 -0.904450 0.394930 0.000000 0.843829 -0.081178 -0.530437 27.841499 0.511813 0.418785 0.750111 0.000000 0.000000 0.000000 0.000000 1.000000
0.094867 -0.867654 0.488034 0.000000 0.873044 -0.163044 -0.459577 27.841499 0.478325 0.469674 0.742032 0.000000 0.000000 0.000000 0.000000 1.000000
0.003548 -0.841592 0.540103 0.000000 0.901731 -0.230788 -0.365539 27.841499 0.432283 0.488324 0.758070 0.000000 0.000000 0.000000 0.000000 1.000000
-0.068239 -0.887702 0.455333 -0.000000 0.910193 -0.242279 -0.335932 27.841499 0.408525 0.391517 0.824513 0.000000 0.000000 0.000000 0.000000 1.000000
-0.100349 -0.963248 0.249166 0.000000 0.901832 -0.193842 -0.386167 27.841499 0.420273 0.185954 0.888139 -0.000000 0.000000 0.000000 0.000000 1.000000
-0.061235 -0.998000 -0.015693 0.000000 0.849643 -0.043869 -0.525531 27.841499 0.523791 -0.045515 0.850630 0.000000 0.000000 0.000000 0.000000 1.000000</float_array>
        <technique_common>
          <accessor source="#mixamorig_LeftForeArm-Matrix-animation-output-transform-array" count="46" stride="16">
            <param type="float4x4"/>
          </accessor>
        </technique_common>
      </source>
      <source id="mixamorig_LeftForeArm-Interpolations">
        <Name_array id="mixamorig_LeftForeArm-Interpolations-array" count="46">
 LINEAR LINEAR LINEAR LINEAR LINEAR LINEAR LINEAR LINEAR LINEAR LINEAR LINEAR
LINEAR LINEAR LINEAR LINEAR LINEAR LINEAR LINEAR LINEAR LINEAR LINEAR LINEAR LINEAR
LINEAR LINEAR LINEAR LINEAR LINEAR LINEAR LINEAR LINEAR LINEAR LINEAR LINEAR LINEAR
LINEAR LINEAR LINEAR LINEAR LINEAR LINEAR LINEAR LINEAR LINEAR LINEAR LINEAR</Name_array>
        <technique_common>
          <accessor source="#mixamorig_LeftForeArm-Interpolations-array" count="46">
            <param type="name"/>
          </accessor>
        </technique_common>
      </source>
      <sampler id="mixamorig_LeftForeArm-Matrix-animation-transform">
        <input semantic="INPUT" source="#mixamorig_LeftForeArm-Matrix-animation-input"/>
        <input semantic="OUTPUT" source="#mixamorig_LeftForeArm-Matrix-animation-output-transform"/>
        <input semantic="INTERPOLATION" source="#mixamorig_LeftForeArm-Interpolations"/>
      </sampler>
      <channel source="#mixamorig_LeftForeArm-Matrix-animation-transform" target="mixamorig_LeftForeArm/matrix"/>
    </animation>
    <animation id="mixamorig_LeftHand-anim" name="mixamorig_LeftHand">
      <source id="mixamorig_LeftHand-Matrix-animation-input">
        <float_array id="mixamorig_LeftHand-Matrix-animation-input-array" count="46">

0.000000 0.033333 0.066667 0.100000 0.133333 0.166667 0.200000 0.233333 0.266667 0.300000 0.333333 0.366667 0.400000 0.433333 0.466667 0.500000
0.533333 0.566667 0.600000 0.633333 0.666667 0.700000 0.733333 0.766667 0.800000 0.833333 0.866667 0.900000 0.933333 0.966667 1.000000 1.033333
1.066667 1.100000 1.133333 1.166667 1.200000 1.233333 1.266667 1.300000 1.333333 1.366667 1.400000 1.433333 1.466667 1.500000</float_array>
        <technique_common>
          <accessor source="#mixamorig_LeftHand-Matrix-animation-input-array" count="46">
            <param name="TIME" type="float"/>
          </accessor>
        </technique_common>
      </source>
      <source id="mixamorig_LeftHand-Matrix-animation-output-transform">
        <float_array id="mixamorig_LeftHand-Matrix-animation-output-transform-array" count="736">

0.999978 -0.006545 0.000845 -0.000000 0.006583 0.998358 -0.056899 28.328800 -0.000471 0.056903 0.998380 0.000000 0.000000 0.000000 0.000000 1.000000
0.999302 -0.031498 0.020084 0.000000 0.032820 0.997055 -0.069316 28.328800 -0.017841 0.069927 0.997393 0.000000 0.000000 0.000000 0.000000 1.000000
0.991181 -0.126022 0.040982 -0.000000 0.130940 0.978945 -0.156590 28.328800 -0.020385 0.160575 0.986813 0.000000 0.000000 0.000000 0.000000 1.000000
0.972667 -0.224023 0.061101 0.000000 0.232193 0.941118 -0.245730 28.328800 -0.002454 0.253200 0.967411 0.000000 0.000000 0.000000 0.000000 1.000000
0.949611 -0.303748 0.077309 0.000000 0.312431 0.897638 -0.310857 28.328800 0.025027 0.319347 0.947307 0.000000 0.000000 0.000000 0.000000 1.000000
0.930615 -0.355688 0.086267 -0.000000 0.363313 0.869244 -0.335288 28.328800 0.044271 0.343366 0.938158 0.000000 0.000000 0.000000 0.000000 1.000000
0.936088 -0.342575 0.079886 0.000000 0.349862 0.883096 -0.312631 28.328800 0.036553 0.320599 0.946509 0.000000 0.000000 0.000000 0.000000 1.000000
0.931568 -0.354559 0.080427 0.000000 0.361934 0.883467 -0.297473 28.328800 0.034417 0.306225 0.951337 0.000000 0.000000 0.000000 0.000000 1.000000
0.933221 -0.351660 0.073717 0.000000 0.357348 0.887022 -0.292395 28.328800 0.037435 0.299212 0.953452 0.000000 0.000000 0.000000 0.000000 1.000000
0.960301 -0.276448 0.037394 0.000000 0.276920 0.928454 -0.247565 28.328800 0.033720 0.248092 0.968149 0.000000 0.000000 0.000000 0.000000 1.000000
0.983379 -0.181558 0.001853 0.000000 0.178873 0.966988 -0.181488 28.328800 0.031159 0.178803 0.983391 0.000000 0.000000 0.000000 0.000000 1.000000
0.997463 -0.070153 -0.012109 0.000000 0.068390 0.991499 -0.110690 28.328800 0.019772 0.109581 0.993781 0.000000 0.000000 0.000000 0.000000 1.000000
0.999941 -0.002447 -0.010570 -0.000000 0.001645 0.997165 -0.075234 28.328800 0.010724 0.075212 0.997110 0.000000 0.000000 0.000000 0.000000 1.000000
0.999929 -0.006162 -0.010156 0.000000 0.005532 0.998127 -0.060920 28.328800 0.010512 0.060859 0.998091 0.000000 0.000000 0.000000 0.000000 1.000000
0.999136 -0.036938 -0.019024 0.000000 0.035425 0.996590 -0.074527 28.328800 0.021712 0.073788 0.997038 -0.000000 0.000000 0.000000 0.000000 1.000000
0.998815 0.037244 -0.031326 0.000000 -0.040186 0.994252 -0.099239 28.328800 0.027449 0.100380 0.994570 0.000000 0.000000 0.000000 0.000000 1.000000
0.993880 0.103951 -0.037380 0.000000 -0.109231 0.975275 -0.192111 28.328800 0.016486 0.195018 0.980661 0.000000 0.000000 0.000000 0.000000 1.000000
0.989822 0.136628 -0.039806 -0.000000 -0.142228 0.940370 -0.308991 28.328800 -0.004785 0.311507 0.950232 0.000000 0.000000 0.000000 0.000000 1.000000
0.995995 0.082734 -0.033895 0.000000 -0.089393 0.928413 -0.360635 28.328800 0.001632 0.362220 0.932091 -0.000000 0.000000 0.000000 0.000000 1.000000
0.998852 -0.044774 -0.017040 0.000000 0.035784 0.933792 -0.356023 28.328800 0.031853 0.355004 0.934322 0.000000 0.000000 0.000000 0.000000 1.000000
0.977141 -0.212452 0.007669 0.000000 0.204331 0.928609 -0.309733 28.328800 0.058681 0.304220 0.950793 0.000000 0.000000 0.000000 0.000000 1.000000
0.936187 -0.350392 0.027903 0.000000 0.345781 0.903783 -0.252214 28.328800 0.063156 0.245768 0.967269 -0.000000 0.000000 0.000000 0.000000 1.000000
0.907535 -0.417801 0.042706 0.000000 0.416586 0.882642 -0.217715 28.328800 0.053267 0.215374 0.975078 -0.000000 0.000000 0.000000 0.000000 1.000000
0.906254 -0.419460 0.052507 0.000000 0.419916 0.878926 -0.226186 28.328800 0.048726 0.227031 0.972668 0.000000 0.000000 0.000000 0.000000 1.000000
0.917861 -0.392394 0.059650 0.000000 0.394232 0.883930 -0.251494 28.328800 0.045958 0.254353 0.966019 0.000000 0.000000 0.000000 0.000000 1.000000
0.926462 -0.370956 0.063723 0.000000 0.373823 0.887125 -0.270677 28.328800 0.043879 0.274593 0.960559 -0.000000 0.000000 0.000000 0.000000 1.000000
0.928585 -0.365659 0.063432 0.000000 0.368801 0.890126 -0.267698 28.328800 0.041423 0.271974 0.961413 0.000000 0.000000 0.000000 0.000000 1.000000
0.931211 -0.359842 0.057960 0.000000 0.362951 0.900952 -0.237807 28.328800 0.033354 0.242485 0.969582 0.000000 0.000000 0.000000 0.000000 1.000000
0.938236 -0.342503 0.049029 0.000000 0.345240 0.917386 -0.198019 28.328800 0.022843 0.202716 0.978971 -0.000000 0.000000 0.000000 0.000000 1.000000
0.939151 -0.340931 0.041975 0.000000 0.343030 0.924389 -0.166841 28.328800 0.018080 0.171087 0.985090 0.000000 0.000000 0.000000 0.000000 1.000000
0.951728 -0.305437 0.030374 0.000000 0.306175 0.937690 -0.164298 28.328800 0.021701 0.165667 0.985943 0.000000 0.000000 0.000000 0.000000 1.000000
0.973646 -0.227809 0.010802 0.000000 0.226100 0.957968 -0.176570 28.328800 0.029876 0.174359 0.984229 0.000000 0.000000 0.000000 0.000000 1.000000
0.984854 -0.173101 0.009957 0.000000 0.169379 0.948222 -0.268674 28.328800 0.037067 0.266291 0.963180 0.000000 0.000000 0.000000 0.000000 1.000000
0.987589 -0.156264 0.015821 0.000000 0.152564 0.930481 -0.333060 28.328800 0.037324 0.331340 0.942773 0.000000 0.000000 0.000000 0.000000 1.000000
0.989582 -0.143406 0.012746 0.000000 0.142130 0.958974 -0.245293 28.328800 0.022954 0.244549 0.969365 0.000000 0.000000 0.000000 0.000000 1.000000
0.991436 -0.129848 0.013894 -0.000000 0.130461 0.980106 -0.149573 28.328800 0.005804 0.150105 0.988653 0.000000 0.000000 0.000000 0.000000 1.000000
0.993122 -0.115572 0.018743 -0.000000 0.116984 0.986050 -0.118411 28.328800 -0.004797 0.119789 0.992788 0.000000 0.000000 0.000000 0.000000 1.000000
0.994719 -0.100518 0.020729 0.000000 0.102173 0.988949 -0.107426 28.328800 -0.009702 0.108977 0.993997 0.000000 0.000000 0.000000 0.000000 1.000000
0.996204 -0.084738 0.019932 0.000000 0.086325 0.991160 -0.100748 28.328800 -0.011219 0.102086 0.994712 -0.000000 0.000000 0.000000 0.000000 1.000000
0.996778 -0.078733 0.015295 0.000000 0.079805 0.992625 -0.091255 28.328800 -0.007997 0.092182 0.995710 0.000000 0.000000 0.000000 0.000000 1.000000
0.996269 -0.085939 0.007901 0.000000 0.086297 0.992885 -0.082045 28.328800 -0.000794 0.082421 0.996597 0.000000 0.000000 0.000000 0.000000 1.000000
0.997629 -0.068774 -0.002616 0.000000 0.068369 0.994689 -0.076937 28.328800 0.007894 0.076576 0.997033 0.000000 0.000000 0.000000 0.000000 1.000000
0.998452 -0.053957 -0.013534 0.000000 0.052830 0.995928 -0.073057 28.328800 0.017420 0.072229 0.997236 -0.000000 0.000000 0.000000 0.000000 1.000000
0.999546 -0.024753 -0.017150 0.000000 0.023373 0.996801 -0.076434 28.328800 0.018987 0.075998 0.996927 0.000000 0.000000 0.000000 0.000000 1.000000
0.999937 0.005885 -0.009592 0.000000 -0.006514 0.997739 -0.066893 28.328800 0.009177 0.066951 0.997714 0.000000 0.000000 0.000000 0.000000 1.000000
0.999978 -0.006545 0.000845 -0.000000 0.006582 0.998358 -0.056899 28.328800 -0.000472 0.056903 0.998380 0.000000 0.000000 0.000000 0.000000 1.000000</float_array>
        <technique_common>
          <accessor source="#mixamorig_LeftHand-Matrix-animation-output-transform-array" count="46" stride="16">
            <param type="float4x4"/>
          </accessor>
        </technique_common>
      </source>
      <source id="mixamorig_LeftHand-Interpolations">
        <Name_array id="mixamorig_LeftHand-Interpolations-array" count="46">
 LINEAR LINEAR LINEAR LINEAR LINEAR LINEAR LINEAR LINEAR LINEAR LINEAR LINEAR
LINEAR LINEAR LINEAR LINEAR LINEAR LINEAR LINEAR LINEAR LINEAR LINEAR LINEAR LINEAR
LINEAR LINEAR LINEAR LINEAR LINEAR LINEAR LINEAR LINEAR LINEAR LINEAR LINEAR LINEAR
LINEAR LINEAR LINEAR LINEAR LINEAR LINEAR LINEAR LINEAR LINEAR LINEAR LINEAR</Name_array>
        <technique_common>
          <accessor source="#mixamorig_LeftHand-Interpolations-array" count="46">
            <param type="name"/>
          </accessor>
        </technique_common>
      </source>
      <sampler id="mixamorig_LeftHand-Matrix-animation-transform">
        <input semantic="INPUT" source="#mixamorig_LeftHand-Matrix-animation-input"/>
        <input semantic="OUTPUT" source="#mixamorig_LeftHand-Matrix-animation-output-transform"/>
        <input semantic="INTERPOLATION" source="#mixamorig_LeftHand-Interpolations"/>
      </sampler>
      <channel source="#mixamorig_LeftHand-Matrix-animation-transform" target="mixamorig_LeftHand/matrix"/>
    </animation>
    <animation id="mixamorig_LeftHandThumb1-anim" name="mixamorig_LeftHandThumb1">
      <source id="mixamorig_LeftHandThumb1-Matrix-animation-input">
        <float_array id="mixamorig_LeftHandThumb1-Matrix-animation-input-array" count="46">

0.000000 0.033333 0.066667 0.100000 0.133333 0.166667 0.200000 0.233333 0.266667 0.300000 0.333333 0.366667 0.400000 0.433333 0.466667 0.500000
0.533333 0.566667 0.600000 0.633333 0.666667 0.700000 0.733333 0.766667 0.800000 0.833333 0.866667 0.900000 0.933333 0.966667 1.000000 1.033333
1.066667 1.100000 1.133333 1.166667 1.200000 1.233333 1.266667 1.300000 1.333333 1.366667 1.400000 1.433333 1.466667 1.500000</float_array>
        <technique_common>
          <accessor source="#mixamorig_LeftHandThumb1-Matrix-animation-input-array" count="46">
            <param name="TIME" type="float"/>
          </accessor>
        </technique_common>
      </source>
      <source id="mixamorig_LeftHandThumb1-Matrix-animation-output-transform">
        <float_array id="mixamorig_LeftHandThumb1-Matrix-animation-output-transform-array" count="736">

0.912520 -0.403244 0.068561 -2.681700 0.331794 0.631711 -0.700610 2.466100 0.239206 0.662069 0.710243 1.576200 0.000000 0.000000 0.000000 1.000000
0.912520 -0.403245 0.068561 -2.681700 0.331794 0.631711 -0.700610 2.466100 0.239206 0.662069 0.710243 1.576200 0.000000 0.000000 0.000000 1.000000
0.912520 -0.403245 0.068561 -2.681700 0.331794 0.631711 -0.700610 2.466100 0.239206 0.662069 0.710243 1.576200 0.000000 0.000000 0.000000 1.000000
0.912520 -0.403244 0.068561 -2.681700 0.331794 0.631711 -0.700610 2.466100 0.239206 0.662069 0.710243 1.576200 0.000000 0.000000 0.000000 1.000000
0.912520 -0.403244 0.068561 -2.681700 0.331794 0.631711 -0.700610 2.466100 0.239206 0.662069 0.710243 1.576200 0.000000 0.000000 0.000000 1.000000
0.912520 -0.403245 0.068561 -2.681700 0.331794 0.631711 -0.700610 2.466100 0.239206 0.662069 0.710243 1.576200 0.000000 0.000000 0.000000 1.000000
0.912520 -0.403245 0.068561 -2.681700 0.331794 0.631711 -0.700610 2.466100 0.239207 0.662069 0.710243 1.576200 0.000000 0.000000 0.000000 1.000000
0.912520 -0.403244 0.068561 -2.681700 0.331794 0.631711 -0.700610 2.466100 0.239206 0.662069 0.710243 1.576200 0.000000 0.000000 0.000000 1.000000
0.912520 -0.403244 0.068561 -2.681700 0.331793 0.631711 -0.700610 2.466100 0.239206 0.662069 0.710243 1.576200 0.000000 0.000000 0.000000 1.000000
0.912520 -0.403244 0.068561 -2.681700 0.331793 0.631711 -0.700610 2.466100 0.239206 0.662069 0.710243 1.576200 0.000000 0.000000 0.000000 1.000000
0.912520 -0.403244 0.068561 -2.681700 0.331794 0.631711 -0.700610 2.466100 0.239206 0.662069 0.710243 1.576200 0.000000 0.000000 0.000000 1.000000
0.912520 -0.403244 0.068561 -2.681700 0.331794 0.631711 -0.700610 2.466100 0.239206 0.662069 0.710243 1.576200 0.000000 0.000000 0.000000 1.000000
0.912520 -0.403244 0.068561 -2.681700 0.331794 0.631711 -0.700610 2.466100 0.239206 0.662069 0.710243 1.576200 0.000000 0.000000 0.000000 1.000000
0.912520 -0.403244 0.068561 -2.681700 0.331794 0.631711 -0.700610 2.466100 0.239206 0.662069 0.710243 1.576200 0.000000 0.000000 0.000000 1.000000
0.912520 -0.403244 0.068561 -2.681700 0.331794 0.631711 -0.700610 2.466100 0.239206 0.662069 0.710243 1.576200 0.000000 0.000000 0.000000 1.000000
0.912520 -0.403245 0.068561 -2.681700 0.331794 0.631711 -0.700610 2.466100 0.239207 0.662069 0.710243 1.576200 0.000000 0.000000 0.000000 1.000000
0.912520 -0.403245 0.068561 -2.681700 0.331794 0.631711 -0.700610 2.466100 0.239206 0.662069 0.710243 1.576200 0.000000 0.000000 0.000000 1.000000
0.912520 -0.403244 0.068561 -2.681700 0.331794 0.631711 -0.700610 2.466100 0.239206 0.662069 0.710243 1.576200 0.000000 0.000000 0.000000 1.000000
0.912520 -0.403244 0.068561 -2.681700 0.331793 0.631711 -0.700610 2.466100 0.239206 0.662069 0.710243 1.576200 0.000000 0.000000 0.000000 1.000000
0.912520 -0.403244 0.068561 -2.681700 0.331794 0.631711 -0.700610 2.466100 0.239206 0.662069 0.710243 1.576200 0.000000 0.000000 0.000000 1.000000
0.912520 -0.403245 0.068561 -2.681700 0.331794 0.631711 -0.700610 2.466100 0.239207 0.662069 0.710243 1.576200 0.000000 0.000000 0.000000 1.000000
0.912520 -0.403244 0.068561 -2.681700 0.331794 0.631711 -0.700610 2.466100 0.239206 0.662069 0.710243 1.576200 0.000000 0.000000 0.000000 1.000000
0.912520 -0.403245 0.068561 -2.681700 0.331794 0.631711 -0.700610 2.466100 0.239206 0.662069 0.710243 1.576200 0.000000 0.000000 0.000000 1.000000
0.912520 -0.403244 0.068561 -2.681700 0.331794 0.631711 -0.700610 2.466100 0.239206 0.662069 0.710243 1.576200 0.000000 0.000000 0.000000 1.000000
0.912520 -0.403244 0.068561 -2.681700 0.331794 0.631711 -0.700610 2.466100 0.239206 0.662069 0.710243 1.576200 0.000000 0.000000 0.000000 1.000000
0.912520 -0.403245 0.068561 -2.681700 0.331794 0.631711 -0.700610 2.466100 0.239207 0.662069 0.710243 1.576200 0.000000 0.000000 0.000000 1.000000
0.912520 -0.403245 0.068561 -2.681700 0.331794 0.631711 -0.700610 2.466100 0.239207 0.662069 0.710243 1.576200 0.000000 0.000000 0.000000 1.000000
0.912520 -0.403245 0.068561 -2.681700 0.331794 0.631711 -0.700610 2.466100 0.239207 0.662069 0.710243 1.576200 0.000000 0.000000 0.000000 1.000000
0.912520 -0.403244 0.068561 -2.681700 0.331794 0.631711 -0.700610 2.466100 0.239206 0.662069 0.710243 1.576200 0.000000 0.000000 0.000000 1.000000
0.912520 -0.403244 0.068561 -2.681700 0.331793 0.631711 -0.700610 2.466100 0.239206 0.662069 0.710243 1.576200 0.000000 0.000000 0.000000 1.000000
0.912520 -0.403244 0.068561 -2.681700 0.331794 0.631711 -0.700610 2.466100 0.239206 0.662069 0.710243 1.576200 0.000000 0.000000 0.000000 1.000000
0.912520 -0.403244 0.068561 -2.681700 0.331794 0.631711 -0.700610 2.466100 0.239206 0.662069 0.710243 1.576200 0.000000 0.000000 0.000000 1.000000
0.912520 -0.403245 0.068561 -2.681700 0.331794 0.631711 -0.700610 2.466100 0.239206 0.662069 0.710243 1.576200 0.000000 0.000000 0.000000 1.000000
0.912520 -0.403245 0.068561 -2.681700 0.331794 0.631711 -0.700610 2.466100 0.239207 0.662069 0.710243 1.576200 0.000000 0.000000 0.000000 1.000000
0.912520 -0.403245 0.068561 -2.681700 0.331794 0.631711 -0.700610 2.466100 0.239207 0.662069 0.710243 1.576200 0.000000 0.000000 0.000000 1.000000
0.912520 -0.403245 0.068561 -2.681700 0.331794 0.631711 -0.700610 2.466100 0.239207 0.662069 0.710243 1.576200 0.000000 0.000000 0.000000 1.000000
0.912520 -0.403245 0.068561 -2.681700 0.331794 0.631711 -0.700610 2.466100 0.239207 0.662069 0.710243 1.576200 0.000000 0.000000 0.000000 1.000000
0.912520 -0.403244 0.068561 -2.681700 0.331794 0.631711 -0.700610 2.466100 0.239206 0.662069 0.710243 1.576200 0.000000 0.000000 0.000000 1.000000
0.912520 -0.403244 0.068561 -2.681700 0.331794 0.631711 -0.700610 2.466100 0.239206 0.662069 0.710243 1.576200 0.000000 0.000000 0.000000 1.000000
0.912520 -0.403244 0.068561 -2.681700 0.331793 0.631711 -0.700610 2.466100 0.239207 0.662069 0.710243 1.576200 0.000000 0.000000 0.000000 1.000000
0.912520 -0.403245 0.068561 -2.681700 0.331794 0.631711 -0.700610 2.466100 0.239206 0.662069 0.710243 1.576200 0.000000 0.000000 0.000000 1.000000
0.912520 -0.403245 0.068561 -2.681700 0.331793 0.631711 -0.700610 2.466100 0.239207 0.662069 0.710243 1.576200 0.000000 0.000000 0.000000 1.000000
0.912520 -0.403244 0.068561 -2.681700 0.331794 0.631711 -0.700610 2.466100 0.239206 0.662069 0.710243 1.576200 0.000000 0.000000 0.000000 1.000000
0.912520 -0.403244 0.068561 -2.681700 0.331794 0.631711 -0.700610 2.466100 0.239206 0.662069 0.710243 1.576200 0.000000 0.000000 0.000000 1.000000
0.912520 -0.403245 0.068561 -2.681700 0.331794 0.631711 -0.700610 2.466100 0.239206 0.662069 0.710243 1.576200 0.000000 0.000000 0.000000 1.000000
0.912520 -0.403244 0.068561 -2.681700 0.331794 0.631711 -0.700610 2.466100 0.239206 0.662069 0.710243 1.576200 0.000000 0.000000 0.000000 1.000000</float_array>
        <technique_common>
          <accessor source="#mixamorig_LeftHandThumb1-Matrix-animation-output-transform-array" count="46" stride="16">
            <param type="float4x4"/>
          </accessor>
        </technique_common>
      </source>
      <source id="mixamorig_LeftHandThumb1-Interpolations">
        <Name_array id="mixamorig_LeftHandThumb1-Interpolations-array" count="46">
 LINEAR LINEAR LINEAR LINEAR LINEAR LINEAR LINEAR LINEAR LINEAR LINEAR LINEAR
LINEAR LINEAR LINEAR LINEAR LINEAR LINEAR LINEAR LINEAR LINEAR LINEAR LINEAR LINEAR
LINEAR LINEAR LINEAR LINEAR LINEAR LINEAR LINEAR LINEAR LINEAR LINEAR LINEAR LINEAR
LINEAR LINEAR LINEAR LINEAR LINEAR LINEAR LINEAR LINEAR LINEAR LINEAR LINEAR</Name_array>
        <technique_common>
          <accessor source="#mixamorig_LeftHandThumb1-Interpolations-array" count="46">
            <param type="name"/>
          </accessor>
        </technique_common>
      </source>
      <sampler id="mixamorig_LeftHandThumb1-Matrix-animation-transform">
        <input semantic="INPUT" source="#mixamorig_LeftHandThumb1-Matrix-animation-input"/>
        <input semantic="OUTPUT" source="#mixamorig_LeftHandThumb1-Matrix-animation-output-transform"/>
        <input semantic="INTERPOLATION" source="#mixamorig_LeftHandThumb1-Interpolations"/>
      </sampler>
      <channel source="#mixamorig_LeftHandThumb1-Matrix-animation-transform" target="mixamorig_LeftHandThumb1/matrix"/>
    </animation>
    <animation id="mixamorig_LeftHandThumb2-anim" name="mixamorig_LeftHandThumb2">
      <source id="mixamorig_LeftHandThumb2-Matrix-animation-input">
        <float_array id="mixamorig_LeftHandThumb2-Matrix-animation-input-array" count="46">

0.000000 0.033333 0.066667 0.100000 0.133333 0.166667 0.200000 0.233333 0.266667 0.300000 0.333333 0.366667 0.400000 0.433333 0.466667 0.500000
0.533333 0.566667 0.600000 0.633333 0.666667 0.700000 0.733333 0.766667 0.800000 0.833333 0.866667 0.900000 0.933333 0.966667 1.000000 1.033333
1.066667 1.100000 1.133333 1.166667 1.200000 1.233333 1.266667 1.300000 1.333333 1.366667 1.400000 1.433333 1.466667 1.500000</float_array>
        <technique_common>
          <accessor source="#mixamorig_LeftHandThumb2-Matrix-animation-input-array" count="46">
            <param name="TIME" type="float"/>
          </accessor>
        </technique_common>
      </source>
      <source id="mixamorig_LeftHandThumb2-Matrix-animation-output-transform">
        <float_array id="mixamorig_LeftHandThumb2-Matrix-animation-output-transform-array" count="736">

0.926662 0.298116 0.228965 -0.000000 -0.318885 0.945959 0.058930 4.187100 -0.199024 -0.127622 0.971649 0.000000 0.000000 0.000000 0.000000 1.000000
0.926661 0.298116 0.228965 -0.000000 -0.318886 0.945959 0.058930 4.187100 -0.199024 -0.127622 0.971649 0.000000 0.000000 0.000000 0.000000 1.000000
0.926662 0.298116 0.228965 -0.000000 -0.318885 0.945960 0.058930 4.187100 -0.199024 -0.127622 0.971649 0.000000 0.000000 0.000000 0.000000 1.000000
0.926662 0.298116 0.228965 -0.000000 -0.318885 0.945959 0.058930 4.187100 -0.199024 -0.127622 0.971649 0.000000 0.000000 0.000000 0.000000 1.000000
0.926662 0.298116 0.228965 0.000000 -0.318885 0.945960 0.058930 4.187100 -0.199024 -0.127622 0.971649 -0.000000 0.000000 0.000000 0.000000 1.000000
0.926661 0.298116 0.228965 0.000000 -0.318886 0.945959 0.058930 4.187100 -0.199024 -0.127622 0.971649 0.000000 0.000000 0.000000 0.000000 1.000000
0.926662 0.298116 0.228965 -0.000000 -0.318885 0.945960 0.058930 4.187100 -0.199024 -0.127622 0.971649 0.000000 0.000000 0.000000 0.000000 1.000000
0.926661 0.298117 0.228965 0.000000 -0.318886 0.945959 0.058930 4.187100 -0.199024 -0.127622 0.971649 0.000000 0.000000 0.000000 0.000000 1.000000
0.926661 0.298117 0.228965 0.000000 -0.318886 0.945959 0.058930 4.187100 -0.199024 -0.127622 0.971649 -0.000000 0.000000 0.000000 0.000000 1.000000
0.926661 0.298117 0.228965 -0.000000 -0.318886 0.945959 0.058930 4.187100 -0.199024 -0.127622 0.971649 0.000000 0.000000 0.000000 0.000000 1.000000
0.926662 0.298116 0.228965 -0.000000 -0.318886 0.945959 0.058930 4.187100 -0.199024 -0.127622 0.971649 0.000000 0.000000 0.000000 0.000000 1.000000
0.926662 0.298116 0.228965 0.000000 -0.318885 0.945959 0.058930 4.187100 -0.199024 -0.127622 0.971649 0.000000 0.000000 0.000000 0.000000 1.000000
0.926662 0.298116 0.228965 0.000000 -0.318885 0.945959 0.058930 4.187100 -0.199024 -0.127622 0.971649 0.000000 0.000000 0.000000 0.000000 1.000000
0.926662 0.298116 0.228965 0.000000 -0.318885 0.945960 0.058930 4.187100 -0.199024 -0.127622 0.971649 0.000000 0.000000 0.000000 0.000000 1.000000
0.926662 0.298116 0.228965 0.000000 -0.318885 0.945960 0.058930 4.187100 -0.199024 -0.127622 0.971649 -0.000000 0.000000 0.000000 0.000000 1.000000
0.926661 0.298116 0.228966 0.000000 -0.318886 0.945959 0.058930 4.187100 -0.199024 -0.127622 0.971649 0.000000 0.000000 0.000000 0.000000 1.000000
0.926661 0.298117 0.228965 0.000000 -0.318886 0.945959 0.058930 4.187100 -0.199024 -0.127622 0.971649 -0.000000 0.000000 0.000000 0.000000 1.000000
0.926661 0.298116 0.228965 -0.000000 -0.318886 0.945959 0.058930 4.187100 -0.199024 -0.127622 0.971649 0.000000 0.000000 0.000000 0.000000 1.000000
0.926662 0.298116 0.228965 -0.000000 -0.318885 0.945959 0.058930 4.187100 -0.199024 -0.127622 0.971649 0.000000 0.000000 0.000000 0.000000 1.000000
0.926661 0.298117 0.228965 0.000000 -0.318886 0.945959 0.058930 4.187100 -0.199024 -0.127622 0.971649 0.000000 0.000000 0.000000 0.000000 1.000000
0.926661 0.298117 0.228965 0.000000 -0.318886 0.945959 0.058930 4.187100 -0.199024 -0.127622 0.971649 -0.000000 0.000000 0.000000 0.000000 1.000000
0.926662 0.298116 0.228965 -0.000000 -0.318886 0.945959 0.058930 4.187100 -0.199024 -0.127622 0.971649 0.000000 0.000000 0.000000 0.000000 1.000000
0.926662 0.298116 0.228965 0.000000 -0.318885 0.945959 0.058930 4.187100 -0.199024 -0.127622 0.971649 0.000000 0.000000 0.000000 0.000000 1.000000
0.926662 0.298116 0.228965 0.000000 -0.318885 0.945960 0.058930 4.187100 -0.199024 -0.127622 0.971649 0.000000 0.000000 0.000000 0.000000 1.000000
0.926662 0.298116 0.228965 0.000000 -0.318885 0.945959 0.058930 4.187100 -0.199024 -0.127622 0.971649 -0.000000 0.000000 0.000000 0.000000 1.000000
0.926661 0.298116 0.228965 0.000000 -0.318886 0.945959 0.058930 4.187100 -0.199024 -0.127622 0.971649 0.000000 0.000000 0.000000 0.000000 1.000000
0.926661 0.298117 0.228965 0.000000 -0.318886 0.945959 0.058930 4.187100 -0.199024 -0.127622 0.971649 -0.000000 0.000000 0.000000 0.000000 1.000000
0.926661 0.298117 0.228965 0.000000 -0.318886 0.945959 0.058930 4.187100 -0.199024 -0.127622 0.971649 0.000000 0.000000 0.000000 0.000000 1.000000
0.926662 0.298116 0.228965 0.000000 -0.318885 0.945960 0.058930 4.187100 -0.199023 -0.127622 0.971649 -0.000000 0.000000 0.000000 0.000000 1.000000
0.926662 0.298116 0.228965 0.000000 -0.318885 0.945959 0.058930 4.187100 -0.199024 -0.127622 0.971649 -0.000000 0.000000 0.000000 0.000000 1.000000
0.926662 0.298116 0.228965 -0.000000 -0.318886 0.945959 0.058930 4.187100 -0.199024 -0.127622 0.971649 0.000000 0.000000 0.000000 0.000000 1.000000
0.926662 0.298116 0.228965 0.000000 -0.318885 0.945959 0.058930 4.187100 -0.199024 -0.127622 0.971649 0.000000 0.000000 0.000000 0.000000 1.000000
0.926661 0.298117 0.228965 0.000000 -0.318886 0.945959 0.058930 4.187100 -0.199024 -0.127621 0.971649 0.000000 0.000000 0.000000 0.000000 1.000000
0.926662 0.298117 0.228965 0.000000 -0.318886 0.945959 0.058930 4.187100 -0.199024 -0.127622 0.971649 -0.000000 0.000000 0.000000 0.000000 1.000000
0.926661 0.298117 0.228965 -0.000000 -0.318886 0.945959 0.058930 4.187100 -0.199024 -0.127622 0.971649 0.000000 0.000000 0.000000 0.000000 1.000000
0.926661 0.298117 0.228965 -0.000000 -0.318886 0.945959 0.058930 4.187100 -0.199024 -0.127622 0.971649 0.000000 0.000000 0.000000 0.000000 1.000000
0.926661 0.298116 0.228965 0.000000 -0.318886 0.945959 0.058930 4.187100 -0.199024 -0.127622 0.971649 -0.000000 0.000000 0.000000 0.000000 1.000000
0.926662 0.298116 0.228965 -0.000000 -0.318885 0.945959 0.058930 4.187100 -0.199024 -0.127622 0.971649 0.000000 0.000000 0.000000 0.000000 1.000000
0.926662 0.298116 0.228965 0.000000 -0.318885 0.945959 0.058930 4.187100 -0.199024 -0.127622 0.971649 0.000000 0.000000 0.000000 0.000000 1.000000
0.926662 0.298116 0.228965 -0.000000 -0.318885 0.945960 0.058930 4.187100 -0.199024 -0.127622 0.971649 0.000000 0.000000 0.000000 0.000000 1.000000
0.926661 0.298117 0.228965 0.000000 -0.318886 0.945959 0.058930 4.187100 -0.199024 -0.127622 0.971649 0.000000 0.000000 0.000000 0.000000 1.000000
0.926661 0.298116 0.228965 -0.000000 -0.318886 0.945959 0.058930 4.187100 -0.199024 -0.127622 0.971649 0.000000 0.000000 0.000000 0.000000 1.000000
0.926661 0.298117 0.228965 0.000000 -0.318886 0.945959 0.058930 4.187100 -0.199024 -0.127622 0.971649 0.000000 0.000000 0.000000 0.000000 1.000000
0.926662 0.298116 0.228965 0.000000 -0.318885 0.945959 0.058930 4.187100 -0.199024 -0.127622 0.971649 0.000000 0.000000 0.000000 0.000000 1.000000
0.926662 0.298116 0.228965 0.000000 -0.318886 0.945959 0.058930 4.187100 -0.199024 -0.127622 0.971649 0.000000 0.000000 0.000000 0.000000 1.000000
0.926661 0.298116 0.228965 0.000000 -0.318886 0.945959 0.058930 4.187100 -0.199024 -0.127622 0.971649 0.000000 0.000000 0.000000 0.000000 1.000000</float_array>
        <technique_common>
          <accessor source="#mixamorig_LeftHandThumb2-Matrix-animation-output-transform-array" count="46" stride="16">
            <param type="float4x4"/>
          </accessor>
        </technique_common>
      </source>
      <source id="mixamorig_LeftHandThumb2-Interpolations">
        <Name_array id="mixamorig_LeftHandThumb2-Interpolations-array" count="46">
 LINEAR LINEAR LINEAR LINEAR LINEAR LINEAR LINEAR LINEAR LINEAR LINEAR LINEAR
LINEAR LINEAR LINEAR LINEAR LINEAR LINEAR LINEAR LINEAR LINEAR LINEAR LINEAR LINEAR
LINEAR LINEAR LINEAR LINEAR LINEAR LINEAR LINEAR LINEAR LINEAR LINEAR LINEAR LINEAR
LINEAR LINEAR LINEAR LINEAR LINEAR LINEAR LINEAR LINEAR LINEAR LINEAR LINEAR</Name_array>
        <technique_common>
          <accessor source="#mixamorig_LeftHandThumb2-Interpolations-array" count="46">
            <param type="name"/>
          </accessor>
        </technique_common>
      </source>
      <sampler id="mixamorig_LeftHandThumb2-Matrix-animation-transform">
        <input semantic="INPUT" source="#mixamorig_LeftHandThumb2-Matrix-animation-input"/>
        <input semantic="OUTPUT" source="#mixamorig_LeftHandThumb2-Matrix-animation-output-transform"/>
        <input semantic="INTERPOLATION" source="#mixamorig_LeftHandThumb2-Interpolations"/>
      </sampler>
      <channel source="#mixamorig_LeftHandThumb2-Matrix-animation-transform" target="mixamorig_LeftHandThumb2/matrix"/>
    </animation>
    <animation id="mixamorig_LeftHandThumb3-anim" name="mixamorig_LeftHandThumb3">
      <source id="mixamorig_LeftHandThumb3-Matrix-animation-input">
        <float_array id="mixamorig_LeftHandThumb3-Matrix-animation-input-array" count="46">

0.000000 0.033333 0.066667 0.100000 0.133333 0.166667 0.200000 0.233333 0.266667 0.300000 0.333333 0.366667 0.400000 0.433333 0.466667 0.500000
0.533333 0.566667 0.600000 0.633333 0.666667 0.700000 0.733333 0.766667 0.800000 0.833333 0.866667 0.900000 0.933333 0.966667 1.000000 1.033333
1.066667 1.100000 1.133333 1.166667 1.200000 1.233333 1.266667 1.300000 1.333333 1.366667 1.400000 1.433333 1.466667 1.500000</float_array>
        <technique_common>
          <accessor source="#mixamorig_LeftHandThumb3-Matrix-animation-input-array" count="46">
            <param name="TIME" type="float"/>
          </accessor>
        </technique_common>
      </source>
      <source id="mixamorig_LeftHandThumb3-Matrix-animation-output-transform">
        <float_array id="mixamorig_LeftHandThumb3-Matrix-animation-output-transform-array" count="736">

0.546371 0.519253 0.657157 0.000000 -0.125648 0.826562 -0.548642 3.418400 -0.828065 0.217191 0.516852 0.000000 0.000000 0.000000 0.000000 1.000000
0.546371 0.519253 0.657157 0.000000 -0.125648 0.826562 -0.548642 3.418400 -0.828065 0.217191 0.516852 0.000000 0.000000 0.000000 0.000000 1.000000
0.546370 0.519253 0.657157 -0.000000 -0.125648 0.826562 -0.548642 3.418400 -0.828065 0.217191 0.516852 0.000000 0.000000 0.000000 0.000000 1.000000
0.546371 0.519253 0.657157 0.000000 -0.125648 0.826562 -0.548642 3.418400 -0.828065 0.217191 0.516852 0.000000 0.000000 0.000000 0.000000 1.000000
0.546371 0.519253 0.657157 0.000000 -0.125648 0.826562 -0.548642 3.418400 -0.828065 0.217191 0.516852 -0.000000 0.000000 0.000000 0.000000 1.000000
0.546371 0.519253 0.657157 0.000000 -0.125648 0.826562 -0.548642 3.418400 -0.828065 0.217191 0.516852 0.000000 0.000000 0.000000 0.000000 1.000000
0.546371 0.519253 0.657157 0.000000 -0.125648 0.826562 -0.548642 3.418400 -0.828065 0.217191 0.516852 0.000000 0.000000 0.000000 0.000000 1.000000
0.546371 0.519253 0.657157 0.000000 -0.125648 0.826562 -0.548642 3.418400 -0.828065 0.217191 0.516853 0.000000 0.000000 0.000000 0.000000 1.000000
0.546371 0.519252 0.657158 0.000000 -0.125647 0.826562 -0.548642 3.418400 -0.828065 0.217191 0.516852 0.000000 0.000000 0.000000 0.000000 1.000000
0.546371 0.519253 0.657157 0.000000 -0.125648 0.826562 -0.548642 3.418400 -0.828065 0.217191 0.516852 0.000000 0.000000 0.000000 0.000000 1.000000
0.546371 0.519253 0.657157 0.000000 -0.125648 0.826562 -0.548642 3.418400 -0.828065 0.217191 0.516853 0.000000 0.000000 0.000000 0.000000 1.000000
0.546371 0.519253 0.657157 -0.000000 -0.125648 0.826562 -0.548642 3.418400 -0.828065 0.217191 0.516852 0.000000 0.000000 0.000000 0.000000 1.000000
0.546371 0.519253 0.657157 0.000000 -0.125648 0.826562 -0.548642 3.418400 -0.828065 0.217191 0.516853 0.000000 0.000000 0.000000 0.000000 1.000000
0.546371 0.519253 0.657157 0.000000 -0.125648 0.826562 -0.548642 3.418400 -0.828065 0.217191 0.516852 0.000000 0.000000 0.000000 0.000000 1.000000
0.546370 0.519253 0.657157 -0.000000 -0.125648 0.826562 -0.548642 3.418400 -0.828065 0.217191 0.516852 0.000000 0.000000 0.000000 0.000000 1.000000
0.546371 0.519252 0.657157 -0.000000 -0.125648 0.826562 -0.548642 3.418400 -0.828065 0.217191 0.516852 -0.000000 0.000000 0.000000 0.000000 1.000000
0.546371 0.519252 0.657158 0.000000 -0.125648 0.826562 -0.548642 3.418400 -0.828065 0.217191 0.516852 0.000000 0.000000 0.000000 0.000000 1.000000
0.546371 0.519253 0.657157 0.000000 -0.125648 0.826562 -0.548642 3.418400 -0.828065 0.217191 0.516852 0.000000 0.000000 0.000000 0.000000 1.000000
0.546371 0.519252 0.657157 0.000000 -0.125648 0.826562 -0.548642 3.418400 -0.828065 0.217191 0.516853 -0.000000 0.000000 0.000000 0.000000 1.000000
0.546371 0.519252 0.657157 0.000000 -0.125648 0.826562 -0.548642 3.418400 -0.828065 0.217191 0.516853 0.000000 0.000000 0.000000 0.000000 1.000000
0.546371 0.519252 0.657157 -0.000000 -0.125648 0.826562 -0.548642 3.418400 -0.828065 0.217191 0.516852 0.000000 0.000000 0.000000 0.000000 1.000000
0.546371 0.519253 0.657157 0.000000 -0.125648 0.826562 -0.548642 3.418400 -0.828065 0.217191 0.516852 0.000000 0.000000 0.000000 0.000000 1.000000
0.546371 0.519253 0.657157 0.000000 -0.125648 0.826562 -0.548642 3.418400 -0.828065 0.217191 0.516852 -0.000000 0.000000 0.000000 0.000000 1.000000
0.546371 0.519252 0.657157 0.000000 -0.125648 0.826562 -0.548642 3.418400 -0.828065 0.217191 0.516852 0.000000 0.000000 0.000000 0.000000 1.000000
0.546371 0.519252 0.657158 0.000000 -0.125648 0.826562 -0.548642 3.418400 -0.828065 0.217191 0.516852 0.000000 0.000000 0.000000 0.000000 1.000000
0.546371 0.519252 0.657157 0.000000 -0.125648 0.826562 -0.548642 3.418400 -0.828065 0.217191 0.516853 0.000000 0.000000 0.000000 0.000000 1.000000
0.546371 0.519253 0.657157 0.000000 -0.125648 0.826562 -0.548642 3.418400 -0.828065 0.217191 0.516852 0.000000 0.000000 0.000000 0.000000 1.000000
0.546371 0.519252 0.657158 -0.000000 -0.125648 0.826562 -0.548641 3.418400 -0.828065 0.217191 0.516852 0.000000 0.000000 0.000000 0.000000 1.000000
0.546370 0.519253 0.657158 0.000000 -0.125648 0.826562 -0.548642 3.418400 -0.828065 0.217191 0.516852 0.000000 0.000000 0.000000 0.000000 1.000000
0.546371 0.519253 0.657157 0.000000 -0.125648 0.826562 -0.548642 3.418400 -0.828065 0.217192 0.516852 0.000000 0.000000 0.000000 0.000000 1.000000
0.546371 0.519253 0.657157 0.000000 -0.125648 0.826562 -0.548642 3.418400 -0.828065 0.217191 0.516852 0.000000 0.000000 0.000000 0.000000 1.000000
0.546371 0.519252 0.657158 0.000000 -0.125648 0.826562 -0.548641 3.418400 -0.828065 0.217191 0.516852 -0.000000 0.000000 0.000000 0.000000 1.000000
0.546371 0.519253 0.657157 0.000000 -0.125648 0.826562 -0.548642 3.418400 -0.828065 0.217191 0.516852 -0.000000 0.000000 0.000000 0.000000 1.000000
0.546371 0.519253 0.657157 -0.000000 -0.125648 0.826562 -0.548642 3.418400 -0.828065 0.217191 0.516853 0.000000 0.000000 0.000000 0.000000 1.000000
0.546371 0.519252 0.657158 0.000000 -0.125648 0.826562 -0.548642 3.418400 -0.828065 0.217191 0.516852 0.000000 0.000000 0.000000 0.000000 1.000000
0.546371 0.519253 0.657157 -0.000000 -0.125648 0.826562 -0.548642 3.418400 -0.828065 0.217191 0.516852 0.000000 0.000000 0.000000 0.000000 1.000000
0.546371 0.519252 0.657158 0.000000 -0.125648 0.826562 -0.548642 3.418400 -0.828065 0.217191 0.516852 0.000000 0.000000 0.000000 0.000000 1.000000
0.546371 0.519253 0.657157 0.000000 -0.125648 0.826562 -0.548642 3.418400 -0.828065 0.217191 0.516852 0.000000 0.000000 0.000000 0.000000 1.000000
0.546371 0.519252 0.657157 -0.000000 -0.125648 0.826562 -0.548642 3.418400 -0.828065 0.217191 0.516852 0.000000 0.000000 0.000000 0.000000 1.000000
0.546371 0.519253 0.657157 0.000000 -0.125648 0.826562 -0.548642 3.418400 -0.828065 0.217191 0.516852 0.000000 0.000000 0.000000 0.000000 1.000000
0.546371 0.519252 0.657158 0.000000 -0.125648 0.826562 -0.548642 3.418400 -0.828065 0.217191 0.516852 0.000000 0.000000 0.000000 0.000000 1.000000
0.546371 0.519253 0.657157 0.000000 -0.125648 0.826562 -0.548642 3.418400 -0.828065 0.217191 0.516852 -0.000000 0.000000 0.000000 0.000000 1.000000
0.546371 0.519253 0.657157 0.000000 -0.125648 0.826562 -0.548642 3.418400 -0.828065 0.217191 0.516852 0.000000 0.000000 0.000000 0.000000 1.000000
0.546371 0.519253 0.657157 0.000000 -0.125648 0.826562 -0.548642 3.418400 -0.828065 0.217191 0.516852 0.000000 0.000000 0.000000 0.000000 1.000000
0.546371 0.519252 0.657157 -0.000000 -0.125648 0.826562 -0.548642 3.418400 -0.828065 0.217191 0.516852 0.000000 0.000000 0.000000 0.000000 1.000000
0.546371 0.519253 0.657157 0.000000 -0.125648 0.826562 -0.548642 3.418400 -0.828065 0.217191 0.516852 0.000000 0.000000 0.000000 0.000000 1.000000</float_array>
        <technique_common>
          <accessor source="#mixamorig_LeftHandThumb3-Matrix-animation-output-transform-array" count="46" stride="16">
            <param type="float4x4"/>
          </accessor>
        </technique_common>
      </source>
      <source id="mixamorig_LeftHandThumb3-Interpolations">
        <Name_array id="mixamorig_LeftHandThumb3-Interpolations-array" count="46">
 LINEAR LINEAR LINEAR LINEAR LINEAR LINEAR LINEAR LINEAR LINEAR LINEAR LINEAR
LINEAR LINEAR LINEAR LINEAR LINEAR LINEAR LINEAR LINEAR LINEAR LINEAR LINEAR LINEAR
LINEAR LINEAR LINEAR LINEAR LINEAR LINEAR LINEAR LINEAR LINEAR LINEAR LINEAR LINEAR
LINEAR LINEAR LINEAR LINEAR LINEAR LINEAR LINEAR LINEAR LINEAR LINEAR LINEAR</Name_array>
        <technique_common>
          <accessor source="#mixamorig_LeftHandThumb3-Interpolations-array" count="46">
            <param type="name"/>
          </accessor>
        </technique_common>
      </source>
      <sampler id="mixamorig_LeftHandThumb3-Matrix-animation-transform">
        <input semantic="INPUT" source="#mixamorig_LeftHandThumb3-Matrix-animation-input"/>
        <input semantic="OUTPUT" source="#mixamorig_LeftHandThumb3-Matrix-animation-output-transform"/>
        <input semantic="INTERPOLATION" source="#mixamorig_LeftHandThumb3-Interpolations"/>
      </sampler>
      <channel source="#mixamorig_LeftHandThumb3-Matrix-animation-transform" target="mixamorig_LeftHandThumb3/matrix"/>
    </animation>
    <animation id="mixamorig_LeftHandIndex1-anim" name="mixamorig_LeftHandIndex1">
      <source id="mixamorig_LeftHandIndex1-Matrix-animation-input">
        <float_array id="mixamorig_LeftHandIndex1-Matrix-animation-input-array" count="46">

0.000000 0.033333 0.066667 0.100000 0.133333 0.166667 0.200000 0.233333 0.266667 0.300000 0.333333 0.366667 0.400000 0.433333 0.466667 0.500000
0.533333 0.566667 0.600000 0.633333 0.666667 0.700000 0.733333 0.766667 0.800000 0.833333 0.866667 0.900000 0.933333 0.966667 1.000000 1.033333
1.066667 1.100000 1.133333 1.166667 1.200000 1.233333 1.266667 1.300000 1.333333 1.366667 1.400000 1.433333 1.466667 1.500000</float_array>
        <technique_common>
          <accessor source="#mixamorig_LeftHandIndex1-Matrix-animation-input-array" count="46">
            <param name="TIME" type="float"/>
          </accessor>
        </technique_common>
      </source>
      <source id="mixamorig_LeftHandIndex1-Matrix-animation-output-transform">
        <float_array id="mixamorig_LeftHandIndex1-Matrix-animation-output-transform-array" count="736">

0.988739 -0.082873 0.124606 -2.259900 0.136019 0.150493 -0.979209 9.109300 0.062398 0.985131 0.160071 0.518000 0.000000 0.000000 0.000000 1.000000
0.988739 -0.082873 0.124606 -2.259900 0.136019 0.150493 -0.979209 9.109300 0.062398 0.985131 0.160071 0.518000 0.000000 0.000000 0.000000 1.000000
0.988739 -0.082873 0.124606 -2.259900 0.136019 0.150493 -0.979209 9.109300 0.062397 0.985131 0.160070 0.518000 0.000000 0.000000 0.000000 1.000000
0.988739 -0.082873 0.124606 -2.259900 0.136018 0.150493 -0.979209 9.109300 0.062398 0.985131 0.160070 0.518000 0.000000 0.000000 0.000000 1.000000
0.988739 -0.082873 0.124606 -2.259900 0.136019 0.150493 -0.979209 9.109300 0.062398 0.985131 0.160071 0.518000 0.000000 0.000000 0.000000 1.000000
0.988739 -0.082873 0.124606 -2.259900 0.136019 0.150493 -0.979209 9.109300 0.062398 0.985131 0.160071 0.518000 0.000000 0.000000 0.000000 1.000000
0.988739 -0.082873 0.124606 -2.259900 0.136019 0.150493 -0.979209 9.109300 0.062398 0.985131 0.160071 0.518000 0.000000 0.000000 0.000000 1.000000
0.988739 -0.082873 0.124606 -2.259900 0.136019 0.150493 -0.979209 9.109300 0.062398 0.985131 0.160070 0.518000 0.000000 0.000000 0.000000 1.000000
0.988739 -0.082873 0.124606 -2.259900 0.136019 0.150493 -0.979209 9.109300 0.062398 0.985131 0.160070 0.518000 0.000000 0.000000 0.000000 1.000000
0.988739 -0.082873 0.124606 -2.259900 0.136019 0.150493 -0.979209 9.109300 0.062398 0.985131 0.160070 0.518000 0.000000 0.000000 0.000000 1.000000
0.988739 -0.082873 0.124606 -2.259900 0.136019 0.150493 -0.979209 9.109300 0.062398 0.985131 0.160070 0.518000 0.000000 0.000000 0.000000 1.000000
0.988739 -0.082873 0.124606 -2.259900 0.136019 0.150493 -0.979209 9.109300 0.062398 0.985131 0.160071 0.518000 0.000000 0.000000 0.000000 1.000000
0.988739 -0.082873 0.124606 -2.259900 0.136019 0.150493 -0.979209 9.109300 0.062398 0.985131 0.160070 0.518000 0.000000 0.000000 0.000000 1.000000
0.988739 -0.082873 0.124606 -2.259900 0.136019 0.150493 -0.979209 9.109300 0.062398 0.985131 0.160071 0.518000 0.000000 0.000000 0.000000 1.000000
0.988739 -0.082873 0.124606 -2.259900 0.136019 0.150493 -0.979209 9.109300 0.062398 0.985131 0.160070 0.518000 0.000000 0.000000 0.000000 1.000000
0.988739 -0.082873 0.124606 -2.259900 0.136019 0.150493 -0.979209 9.109300 0.062398 0.985131 0.160071 0.518000 0.000000 0.000000 0.000000 1.000000
0.988739 -0.082873 0.124606 -2.259900 0.136019 0.150493 -0.979209 9.109300 0.062398 0.985131 0.160071 0.518000 0.000000 0.000000 0.000000 1.000000
0.988739 -0.082873 0.124606 -2.259900 0.136019 0.150493 -0.979209 9.109300 0.062398 0.985131 0.160071 0.518000 0.000000 0.000000 0.000000 1.000000
0.988739 -0.082873 0.124606 -2.259900 0.136019 0.150493 -0.979209 9.109300 0.062398 0.985131 0.160071 0.518000 0.000000 0.000000 0.000000 1.000000
0.988739 -0.082873 0.124606 -2.259900 0.136019 0.150493 -0.979209 9.109300 0.062398 0.985131 0.160071 0.518000 0.000000 0.000000 0.000000 1.000000
0.988739 -0.082873 0.124606 -2.259900 0.136019 0.150493 -0.979209 9.109300 0.062398 0.985131 0.160070 0.518000 0.000000 0.000000 0.000000 1.000000
0.988739 -0.082873 0.124606 -2.259900 0.136019 0.150493 -0.979209 9.109300 0.062398 0.985131 0.160070 0.518000 0.000000 0.000000 0.000000 1.000000
0.988739 -0.082873 0.124606 -2.259900 0.136019 0.150493 -0.979209 9.109300 0.062398 0.985131 0.160071 0.518000 0.000000 0.000000 0.000000 1.000000
0.988739 -0.082873 0.124606 -2.259900 0.136019 0.150493 -0.979209 9.109300 0.062398 0.985131 0.160071 0.518000 0.000000 0.000000 0.000000 1.000000
0.988739 -0.082873 0.124606 -2.259900 0.136019 0.150493 -0.979209 9.109300 0.062398 0.985131 0.160071 0.518000 0.000000 0.000000 0.000000 1.000000
0.988739 -0.082873 0.124606 -2.259900 0.136019 0.150493 -0.979209 9.109300 0.062398 0.985131 0.160071 0.518000 0.000000 0.000000 0.000000 1.000000
0.988739 -0.082873 0.124606 -2.259900 0.136019 0.150493 -0.979209 9.109300 0.062398 0.985131 0.160071 0.518000 0.000000 0.000000 0.000000 1.000000
0.988739 -0.082873 0.124606 -2.259900 0.136019 0.150493 -0.979209 9.109300 0.062398 0.985131 0.160070 0.518000 0.000000 0.000000 0.000000 1.000000
0.988739 -0.082873 0.124606 -2.259900 0.136019 0.150493 -0.979209 9.109300 0.062398 0.985131 0.160071 0.518000 0.000000 0.000000 0.000000 1.000000
0.988739 -0.082873 0.124606 -2.259900 0.136019 0.150493 -0.979209 9.109300 0.062398 0.985131 0.160071 0.518000 0.000000 0.000000 0.000000 1.000000
0.988739 -0.082873 0.124606 -2.259900 0.136019 0.150493 -0.979209 9.109300 0.062398 0.985131 0.160070 0.518000 0.000000 0.000000 0.000000 1.000000
0.988739 -0.082873 0.124606 -2.259900 0.136019 0.150493 -0.979209 9.109300 0.062398 0.985131 0.160071 0.518000 0.000000 0.000000 0.000000 1.000000
0.988739 -0.082873 0.124606 -2.259900 0.136019 0.150493 -0.979209 9.109300 0.062398 0.985131 0.160071 0.518000 0.000000 0.000000 0.000000 1.000000
0.988739 -0.082873 0.124606 -2.259900 0.136019 0.150493 -0.979209 9.109300 0.062398 0.985131 0.160071 0.518000 0.000000 0.000000 0.000000 1.000000
0.988739 -0.082873 0.124606 -2.259900 0.136019 0.150493 -0.979209 9.109300 0.062398 0.985131 0.160071 0.518000 0.000000 0.000000 0.000000 1.000000
0.988739 -0.082873 0.124606 -2.259900 0.136019 0.150493 -0.979209 9.109300 0.062398 0.985131 0.160071 0.518000 0.000000 0.000000 0.000000 1.000000
0.988739 -0.082873 0.124606 -2.259900 0.136019 0.150493 -0.979209 9.109300 0.062398 0.985131 0.160071 0.518000 0.000000 0.000000 0.000000 1.000000
0.988739 -0.082873 0.124606 -2.259900 0.136019 0.150493 -0.979209 9.109300 0.062398 0.985131 0.160071 0.518000 0.000000 0.000000 0.000000 1.000000
0.988739 -0.082873 0.124606 -2.259900 0.136019 0.150493 -0.979209 9.109300 0.062398 0.985131 0.160071 0.518000 0.000000 0.000000 0.000000 1.000000
0.988739 -0.082873 0.124606 -2.259900 0.136019 0.150493 -0.979209 9.109300 0.062398 0.985131 0.160071 0.518000 0.000000 0.000000 0.000000 1.000000
0.988739 -0.082873 0.124606 -2.259900 0.136019 0.150493 -0.979209 9.109300 0.062398 0.985131 0.160071 0.518000 0.000000 0.000000 0.000000 1.000000
0.988739 -0.082873 0.124606 -2.259900 0.136019 0.150493 -0.979209 9.109300 0.062397 0.985131 0.160071 0.518000 0.000000 0.000000 0.000000 1.000000
0.988739 -0.082873 0.124606 -2.259900 0.136019 0.150493 -0.979209 9.109300 0.062398 0.985131 0.160070 0.518000 0.000000 0.000000 0.000000 1.000000
0.988739 -0.082873 0.124606 -2.259900 0.136019 0.150493 -0.979209 9.109300 0.062398 0.985131 0.160070 0.518000 0.000000 0.000000 0.000000 1.000000
0.988739 -0.082873 0.124606 -2.259900 0.136019 0.150493 -0.979209 9.109300 0.062398 0.985131 0.160071 0.518000 0.000000 0.000000 0.000000 1.000000
0.988739 -0.082873 0.124606 -2.259900 0.136019 0.150493 -0.979209 9.109300 0.062398 0.985131 0.160071 0.518000 0.000000 0.000000 0.000000 1.000000</float_array>
        <technique_common>
          <accessor source="#mixamorig_LeftHandIndex1-Matrix-animation-output-transform-array" count="46" stride="16">
            <param type="float4x4"/>
          </accessor>
        </technique_common>
      </source>
      <source id="mixamorig_LeftHandIndex1-Interpolations">
        <Name_array id="mixamorig_LeftHandIndex1-Interpolations-array" count="46">
 LINEAR LINEAR LINEAR LINEAR LINEAR LINEAR LINEAR LINEAR LINEAR LINEAR LINEAR
LINEAR LINEAR LINEAR LINEAR LINEAR LINEAR LINEAR LINEAR LINEAR LINEAR LINEAR LINEAR
LINEAR LINEAR LINEAR LINEAR LINEAR LINEAR LINEAR LINEAR LINEAR LINEAR LINEAR LINEAR
LINEAR LINEAR LINEAR LINEAR LINEAR LINEAR LINEAR LINEAR LINEAR LINEAR LINEAR</Name_array>
        <technique_common>
          <accessor source="#mixamorig_LeftHandIndex1-Interpolations-array" count="46">
            <param type="name"/>
          </accessor>
        </technique_common>
      </source>
      <sampler id="mixamorig_LeftHandIndex1-Matrix-animation-transform">
        <input semantic="INPUT" source="#mixamorig_LeftHandIndex1-Matrix-animation-input"/>
        <input semantic="OUTPUT" source="#mixamorig_LeftHandIndex1-Matrix-animation-output-transform"/>
        <input semantic="INTERPOLATION" source="#mixamorig_LeftHandIndex1-Interpolations"/>
      </sampler>
      <channel source="#mixamorig_LeftHandIndex1-Matrix-animation-transform" target="mixamorig_LeftHandIndex1/matrix"/>
    </animation>
    <animation id="mixamorig_LeftHandIndex2-anim" name="mixamorig_LeftHandIndex2">
      <source id="mixamorig_LeftHandIndex2-Matrix-animation-input">
        <float_array id="mixamorig_LeftHandIndex2-Matrix-animation-input-array" count="46">

0.000000 0.033333 0.066667 0.100000 0.133333 0.166667 0.200000 0.233333 0.266667 0.300000 0.333333 0.366667 0.400000 0.433333 0.466667 0.500000
0.533333 0.566667 0.600000 0.633333 0.666667 0.700000 0.733333 0.766667 0.800000 0.833333 0.866667 0.900000 0.933333 0.966667 1.000000 1.033333
1.066667 1.100000 1.133333 1.166667 1.200000 1.233333 1.266667 1.300000 1.333333 1.366667 1.400000 1.433333 1.466667 1.500000</float_array>
        <technique_common>
          <accessor source="#mixamorig_LeftHandIndex2-Matrix-animation-input-array" count="46">
            <param name="TIME" type="float"/>
          </accessor>
        </technique_common>
      </source>
      <source id="mixamorig_LeftHandIndex2-Matrix-animation-output-transform">
        <float_array id="mixamorig_LeftHandIndex2-Matrix-animation-output-transform-array" count="736">

0.997068 -0.029251 0.070707 -0.000000 0.076518 0.382219 -0.920898 3.700000 -0.000089 0.923609 0.383337 0.000000 0.000000 0.000000 0.000000 1.000000
0.997068 -0.029251 0.070707 0.000000 0.076518 0.382219 -0.920898 3.700000 -0.000089 0.923609 0.383337 0.000000 0.000000 0.000000 0.000000 1.000000
0.997068 -0.029251 0.070707 0.000000 0.076518 0.382220 -0.920898 3.700000 -0.000088 0.923608 0.383337 0.000000 0.000000 0.000000 0.000000 1.000000
0.997068 -0.029250 0.070707 -0.000000 0.076518 0.382219 -0.920898 3.700000 -0.000089 0.923609 0.383337 0.000000 0.000000 0.000000 0.000000 1.000000
0.997068 -0.029251 0.070707 0.000000 0.076518 0.382219 -0.920898 3.700000 -0.000089 0.923609 0.383337 0.000000 0.000000 0.000000 0.000000 1.000000
0.997068 -0.029251 0.070707 0.000000 0.076518 0.382220 -0.920898 3.700000 -0.000089 0.923608 0.383337 0.000000 0.000000 0.000000 0.000000 1.000000
0.997068 -0.029251 0.070707 -0.000000 0.076519 0.382219 -0.920898 3.700000 -0.000089 0.923609 0.383337 0.000000 0.000000 0.000000 0.000000 1.000000
0.997068 -0.029251 0.070707 0.000000 0.076518 0.382219 -0.920898 3.700000 -0.000089 0.923609 0.383337 0.000000 0.000000 0.000000 0.000000 1.000000
0.997068 -0.029251 0.070707 -0.000000 0.076518 0.382219 -0.920898 3.700000 -0.000089 0.923609 0.383337 0.000000 0.000000 0.000000 0.000000 1.000000
0.997068 -0.029251 0.070707 -0.000000 0.076518 0.382219 -0.920898 3.700000 -0.000089 0.923609 0.383337 0.000000 0.000000 0.000000 0.000000 1.000000
0.997068 -0.029251 0.070706 0.000000 0.076518 0.382219 -0.920898 3.700000 -0.000089 0.923609 0.383337 -0.000000 0.000000 0.000000 0.000000 1.000000
0.997068 -0.029251 0.070707 -0.000000 0.076518 0.382219 -0.920898 3.700000 -0.000089 0.923609 0.383337 -0.000000 0.000000 0.000000 0.000000 1.000000
0.997068 -0.029251 0.070707 0.000000 0.076518 0.382220 -0.920898 3.700000 -0.000088 0.923608 0.383337 0.000000 0.000000 0.000000 0.000000 1.000000
0.997068 -0.029251 0.070707 0.000000 0.076518 0.382219 -0.920898 3.700000 -0.000088 0.923609 0.383337 0.000000 0.000000 0.000000 0.000000 1.000000
0.997068 -0.029250 0.070706 -0.000000 0.076518 0.382219 -0.920898 3.700000 -0.000089 0.923609 0.383337 -0.000000 0.000000 0.000000 0.000000 1.000000
0.997068 -0.029250 0.070707 0.000000 0.076518 0.382219 -0.920898 3.700000 -0.000089 0.923609 0.383337 0.000000 0.000000 0.000000 0.000000 1.000000
0.997068 -0.029251 0.070707 0.000000 0.076518 0.382219 -0.920898 3.700000 -0.000089 0.923609 0.383337 0.000000 0.000000 0.000000 0.000000 1.000000
0.997068 -0.029251 0.070707 -0.000000 0.076518 0.382219 -0.920898 3.700000 -0.000089 0.923609 0.383337 0.000000 0.000000 0.000000 0.000000 1.000000
0.997068 -0.029251 0.070707 0.000000 0.076518 0.382219 -0.920898 3.700000 -0.000089 0.923609 0.383337 0.000000 0.000000 0.000000 0.000000 1.000000
0.997068 -0.029251 0.070707 0.000000 0.076518 0.382219 -0.920898 3.700000 -0.000089 0.923609 0.383337 -0.000000 0.000000 0.000000 0.000000 1.000000
0.997068 -0.029250 0.070707 0.000000 0.076518 0.382219 -0.920898 3.700000 -0.000089 0.923609 0.383337 0.000000 0.000000 0.000000 0.000000 1.000000
0.997068 -0.029251 0.070707 0.000000 0.076518 0.382219 -0.920898 3.700000 -0.000089 0.923609 0.383337 0.000000 0.000000 0.000000 0.000000 1.000000
0.997068 -0.029251 0.070707 0.000000 0.076518 0.382219 -0.920898 3.700000 -0.000089 0.923609 0.383337 0.000000 0.000000 0.000000 0.000000 1.000000
0.997068 -0.029251 0.070707 0.000000 0.076518 0.382220 -0.920898 3.700000 -0.000089 0.923608 0.383337 0.000000 0.000000 0.000000 0.000000 1.000000
0.997068 -0.029251 0.070707 0.000000 0.076518 0.382219 -0.920898 3.700000 -0.000088 0.923609 0.383337 -0.000000 0.000000 0.000000 0.000000 1.000000
0.997068 -0.029251 0.070707 0.000000 0.076518 0.382219 -0.920898 3.700000 -0.000089 0.923609 0.383337 0.000000 0.000000 0.000000 0.000000 1.000000
0.997068 -0.029251 0.070707 0.000000 0.076518 0.382219 -0.920898 3.700000 -0.000089 0.923609 0.383337 0.000000 0.000000 0.000000 0.000000 1.000000
0.997068 -0.029251 0.070707 0.000000 0.076518 0.382220 -0.920898 3.700000 -0.000089 0.923608 0.383337 0.000000 0.000000 0.000000 0.000000 1.000000
0.997068 -0.029251 0.070707 0.000000 0.076518 0.382219 -0.920898 3.700000 -0.000089 0.923609 0.383337 0.000000 0.000000 0.000000 0.000000 1.000000
0.997068 -0.029251 0.070707 0.000000 0.076519 0.382219 -0.920898 3.700000 -0.000088 0.923609 0.383337 0.000000 0.000000 0.000000 0.000000 1.000000
0.997068 -0.029251 0.070706 0.000000 0.076518 0.382219 -0.920898 3.700000 -0.000088 0.923609 0.383337 -0.000000 0.000000 0.000000 0.000000 1.000000
0.997068 -0.029251 0.070707 0.000000 0.076518 0.382219 -0.920898 3.700000 -0.000089 0.923609 0.383337 -0.000000 0.000000 0.000000 0.000000 1.000000
0.997068 -0.029250 0.070706 0.000000 0.076518 0.382219 -0.920898 3.700000 -0.000089 0.923609 0.383337 0.000000 0.000000 0.000000 0.000000 1.000000
0.997068 -0.029251 0.070707 0.000000 0.076518 0.382219 -0.920898 3.700000 -0.000089 0.923609 0.383337 -0.000000 0.000000 0.000000 0.000000 1.000000
0.997068 -0.029251 0.070707 0.000000 0.076518 0.382219 -0.920898 3.700000 -0.000089 0.923609 0.383337 0.000000 0.000000 0.000000 0.000000 1.000000
0.997068 -0.029251 0.070707 0.000000 0.076518 0.382219 -0.920898 3.700000 -0.000088 0.923609 0.383337 0.000000 0.000000 0.000000 0.000000 1.000000
0.997068 -0.029251 0.070707 -0.000000 0.076518 0.382219 -0.920898 3.700000 -0.000089 0.923609 0.383337 0.000000 0.000000 0.000000 0.000000 1.000000
0.997068 -0.029251 0.070707 0.000000 0.076518 0.382219 -0.920898 3.700000 -0.000089 0.923609 0.383336 0.000000 0.000000 0.000000 0.000000 1.000000
0.997068 -0.029251 0.070707 0.000000 0.076519 0.382219 -0.920898 3.700000 -0.000088 0.923609 0.383337 0.000000 0.000000 0.000000 0.000000 1.000000
0.997068 -0.029251 0.070706 0.000000 0.076518 0.382219 -0.920898 3.700000 -0.000089 0.923609 0.383337 0.000000 0.000000 0.000000 0.000000 1.000000
0.997068 -0.029251 0.070707 0.000000 0.076518 0.382219 -0.920898 3.700000 -0.000089 0.923609 0.383337 -0.000000 0.000000 0.000000 0.000000 1.000000
0.997068 -0.029251 0.070707 0.000000 0.076518 0.382220 -0.920898 3.700000 -0.000089 0.923608 0.383337 -0.000000 0.000000 0.000000 0.000000 1.000000
0.997068 -0.029251 0.070707 -0.000000 0.076518 0.382219 -0.920898 3.700000 -0.000088 0.923609 0.383337 0.000000 0.000000 0.000000 0.000000 1.000000
0.997068 -0.029251 0.070707 -0.000000 0.076518 0.382219 -0.920898 3.700000 -0.000089 0.923609 0.383337 0.000000 0.000000 0.000000 0.000000 1.000000
0.997068 -0.029250 0.070707 0.000000 0.076518 0.382219 -0.920898 3.700000 -0.000089 0.923609 0.383337 0.000000 0.000000 0.000000 0.000000 1.000000
0.997068 -0.029251 0.070706 -0.000000 0.076518 0.382219 -0.920898 3.700000 -0.000089 0.923609 0.383337 0.000000 0.000000 0.000000 0.000000 1.000000</float_array>
        <technique_common>
          <accessor source="#mixamorig_LeftHandIndex2-Matrix-animation-output-transform-array" count="46" stride="16">
            <param type="float4x4"/>
          </accessor>
        </technique_common>
      </source>
      <source id="mixamorig_LeftHandIndex2-Interpolations">
        <Name_array id="mixamorig_LeftHandIndex2-Interpolations-array" count="46">
 LINEAR LINEAR LINEAR LINEAR LINEAR LINEAR LINEAR LINEAR LINEAR LINEAR LINEAR
LINEAR LINEAR LINEAR LINEAR LINEAR LINEAR LINEAR LINEAR LINEAR LINEAR LINEAR LINEAR
LINEAR LINEAR LINEAR LINEAR LINEAR LINEAR LINEAR LINEAR LINEAR LINEAR LINEAR LINEAR
LINEAR LINEAR LINEAR LINEAR LINEAR LINEAR LINEAR LINEAR LINEAR LINEAR LINEAR</Name_array>
        <technique_common>
          <accessor source="#mixamorig_LeftHandIndex2-Interpolations-array" count="46">
            <param type="name"/>
          </accessor>
        </technique_common>
      </source>
      <sampler id="mixamorig_LeftHandIndex2-Matrix-animation-transform">
        <input semantic="INPUT" source="#mixamorig_LeftHandIndex2-Matrix-animation-input"/>
        <input semantic="OUTPUT" source="#mixamorig_LeftHandIndex2-Matrix-animation-output-transform"/>
        <input semantic="INTERPOLATION" source="#mixamorig_LeftHandIndex2-Interpolations"/>
      </sampler>
      <channel source="#mixamorig_LeftHandIndex2-Matrix-animation-transform" target="mixamorig_LeftHandIndex2/matrix"/>
    </animation>
    <animation id="mixamorig_LeftHandIndex3-anim" name="mixamorig_LeftHandIndex3">
      <source id="mixamorig_LeftHandIndex3-Matrix-animation-input">
        <float_array id="mixamorig_LeftHandIndex3-Matrix-animation-input-array" count="46">

0.000000 0.033333 0.066667 0.100000 0.133333 0.166667 0.200000 0.233333 0.266667 0.300000 0.333333 0.366667 0.400000 0.433333 0.466667 0.500000
0.533333 0.566667 0.600000 0.633333 0.666667 0.700000 0.733333 0.766667 0.800000 0.833333 0.866667 0.900000 0.933333 0.966667 1.000000 1.033333
1.066667 1.100000 1.133333 1.166667 1.200000 1.233333 1.266667 1.300000 1.333333 1.366667 1.400000 1.433333 1.466667 1.500000</float_array>
        <technique_common>
          <accessor source="#mixamorig_LeftHandIndex3-Matrix-animation-input-array" count="46">
            <param name="TIME" type="float"/>
          </accessor>
        </technique_common>
      </source>
      <source id="mixamorig_LeftHandIndex3-Matrix-animation-output-transform">
        <float_array id="mixamorig_LeftHandIndex3-Matrix-animation-output-transform-array" count="736">

0.999406 0.034470 0.000038 0.000000 -0.011994 0.348779 -0.937128 2.850000 -0.032316 0.936571 0.348985 0.000000 0.000000 0.000000 0.000000 1.000000
0.999406 0.034470 0.000038 0.000000 -0.011994 0.348779 -0.937128 2.850000 -0.032316 0.936571 0.348985 0.000000 0.000000 0.000000 0.000000 1.000000
0.999406 0.034470 0.000038 0.000000 -0.011994 0.348779 -0.937128 2.850000 -0.032316 0.936571 0.348985 0.000000 0.000000 0.000000 0.000000 1.000000
0.999406 0.034470 0.000037 -0.000000 -0.011994 0.348779 -0.937128 2.850000 -0.032315 0.936571 0.348985 -0.000000 0.000000 0.000000 0.000000 1.000000
0.999406 0.034470 0.000037 -0.000000 -0.011994 0.348779 -0.937128 2.850000 -0.032316 0.936571 0.348985 -0.000000 0.000000 0.000000 0.000000 1.000000
0.999406 0.034469 0.000038 0.000000 -0.011994 0.348779 -0.937128 2.850000 -0.032315 0.936571 0.348985 0.000000 0.000000 0.000000 0.000000 1.000000
0.999406 0.034469 0.000037 0.000000 -0.011994 0.348779 -0.937128 2.850000 -0.032315 0.936571 0.348985 -0.000000 0.000000 0.000000 0.000000 1.000000
0.999406 0.034470 0.000037 0.000000 -0.011994 0.348779 -0.937128 2.850000 -0.032316 0.936571 0.348985 -0.000000 0.000000 0.000000 0.000000 1.000000
0.999406 0.034470 0.000037 0.000000 -0.011994 0.348779 -0.937128 2.850000 -0.032315 0.936571 0.348985 0.000000 0.000000 0.000000 0.000000 1.000000
0.999406 0.034470 0.000037 0.000000 -0.011995 0.348779 -0.937128 2.850000 -0.032315 0.936571 0.348985 -0.000000 0.000000 0.000000 0.000000 1.000000
0.999406 0.034470 0.000038 0.000000 -0.011994 0.348779 -0.937128 2.850000 -0.032316 0.936571 0.348985 -0.000000 0.000000 0.000000 0.000000 1.000000
0.999406 0.034470 0.000037 0.000000 -0.011994 0.348779 -0.937128 2.850000 -0.032316 0.936571 0.348985 -0.000000 0.000000 0.000000 0.000000 1.000000
0.999406 0.034470 0.000037 0.000000 -0.011994 0.348779 -0.937128 2.850000 -0.032316 0.936571 0.348985 0.000000 0.000000 0.000000 0.000000 1.000000
0.999406 0.034470 0.000038 0.000000 -0.011994 0.348779 -0.937128 2.850000 -0.032316 0.936571 0.348985 0.000000 0.000000 0.000000 0.000000 1.000000
0.999406 0.034470 0.000038 0.000000 -0.011994 0.348779 -0.937128 2.850000 -0.032316 0.936571 0.348985 0.000000 0.000000 0.000000 0.000000 1.000000
0.999406 0.034470 0.000038 0.000000 -0.011994 0.348779 -0.937128 2.850000 -0.032316 0.936571 0.348985 0.000000 0.000000 0.000000 0.000000 1.000000
0.999406 0.034470 0.000037 0.000000 -0.011994 0.348779 -0.937128 2.850000 -0.032315 0.936571 0.348985 0.000000 0.000000 0.000000 0.000000 1.000000
0.999406 0.034470 0.000037 -0.000000 -0.011994 0.348779 -0.937128 2.850000 -0.032316 0.936571 0.348985 0.000000 0.000000 0.000000 0.000000 1.000000
0.999406 0.034470 0.000037 0.000000 -0.011994 0.348779 -0.937128 2.850000 -0.032316 0.936571 0.348985 0.000000 0.000000 0.000000 0.000000 1.000000
0.999406 0.034470 0.000038 0.000000 -0.011994 0.348779 -0.937128 2.850000 -0.032316 0.936571 0.348985 -0.000000 0.000000 0.000000 0.000000 1.000000
0.999406 0.034470 0.000037 0.000000 -0.011994 0.348779 -0.937128 2.850000 -0.032316 0.936571 0.348985 0.000000 0.000000 0.000000 0.000000 1.000000
0.999406 0.034470 0.000038 0.000000 -0.011994 0.348779 -0.937128 2.850000 -0.032316 0.936571 0.348985 0.000000 0.000000 0.000000 0.000000 1.000000
0.999406 0.034470 0.000037 0.000000 -0.011994 0.348779 -0.937128 2.850000 -0.032316 0.936571 0.348985 0.000000 0.000000 0.000000 0.000000 1.000000
0.999406 0.034470 0.000038 0.000000 -0.011994 0.348779 -0.937128 2.850000 -0.032316 0.936571 0.348985 0.000000 0.000000 0.000000 0.000000 1.000000
0.999406 0.034470 0.000038 -0.000000 -0.011994 0.348779 -0.937128 2.850000 -0.032316 0.936571 0.348985 -0.000000 0.000000 0.000000 0.000000 1.000000
0.999406 0.034470 0.000037 0.000000 -0.011994 0.348779 -0.937128 2.850000 -0.032316 0.936571 0.348985 -0.000000 0.000000 0.000000 0.000000 1.000000
0.999406 0.034470 0.000038 0.000000 -0.011994 0.348779 -0.937128 2.850000 -0.032315 0.936571 0.348985 -0.000000 0.000000 0.000000 0.000000 1.000000
0.999406 0.034470 0.000037 0.000000 -0.011994 0.348779 -0.937128 2.850000 -0.032315 0.936571 0.348985 -0.000000 0.000000 0.000000 0.000000 1.000000
0.999406 0.034470 0.000038 0.000000 -0.011994 0.348779 -0.937128 2.850000 -0.032316 0.936571 0.348985 0.000000 0.000000 0.000000 0.000000 1.000000
0.999406 0.034470 0.000037 0.000000 -0.011994 0.348779 -0.937128 2.850000 -0.032316 0.936571 0.348985 0.000000 0.000000 0.000000 0.000000 1.000000
0.999406 0.034470 0.000038 -0.000000 -0.011994 0.348779 -0.937128 2.850000 -0.032316 0.936571 0.348985 -0.000000 0.000000 0.000000 0.000000 1.000000
0.999406 0.034470 0.000038 -0.000000 -0.011994 0.348779 -0.937128 2.850000 -0.032316 0.936571 0.348985 0.000000 0.000000 0.000000 0.000000 1.000000
0.999406 0.034470 0.000038 0.000000 -0.011994 0.348779 -0.937128 2.850000 -0.032316 0.936571 0.348985 -0.000000 0.000000 0.000000 0.000000 1.000000
0.999406 0.034470 0.000037 0.000000 -0.011994 0.348779 -0.937128 2.850000 -0.032316 0.936571 0.348985 0.000000 0.000000 0.000000 0.000000 1.000000
0.999406 0.034470 0.000038 0.000000 -0.011994 0.348779 -0.937128 2.850000 -0.032316 0.936571 0.348985 0.000000 0.000000 0.000000 0.000000 1.000000
0.999406 0.034470 0.000037 -0.000000 -0.011994 0.348779 -0.937128 2.850000 -0.032316 0.936571 0.348985 -0.000000 0.000000 0.000000 0.000000 1.000000
0.999406 0.034470 0.000038 0.000000 -0.011994 0.348779 -0.937128 2.850000 -0.032316 0.936571 0.348985 0.000000 0.000000 0.000000 0.000000 1.000000
0.999406 0.034470 0.000038 0.000000 -0.011994 0.348779 -0.937128 2.850000 -0.032316 0.936571 0.348985 -0.000000 0.000000 0.000000 0.000000 1.000000
0.999406 0.034470 0.000037 -0.000000 -0.011995 0.348779 -0.937128 2.850000 -0.032316 0.936571 0.348985 0.000000 0.000000 0.000000 0.000000 1.000000
0.999406 0.034470 0.000038 0.000000 -0.011994 0.348779 -0.937128 2.850000 -0.032316 0.936571 0.348985 0.000000 0.000000 0.000000 0.000000 1.000000
0.999406 0.034470 0.000037 0.000000 -0.011995 0.348779 -0.937128 2.850000 -0.032316 0.936571 0.348985 0.000000 0.000000 0.000000 0.000000 1.000000
0.999406 0.034469 0.000037 -0.000000 -0.011994 0.348779 -0.937128 2.850000 -0.032315 0.936571 0.348985 0.000000 0.000000 0.000000 0.000000 1.000000
0.999406 0.034470 0.000037 0.000000 -0.011994 0.348779 -0.937128 2.850000 -0.032315 0.936571 0.348985 0.000000 0.000000 0.000000 0.000000 1.000000
0.999406 0.034470 0.000037 0.000000 -0.011994 0.348779 -0.937128 2.850000 -0.032315 0.936571 0.348985 0.000000 0.000000 0.000000 0.000000 1.000000
0.999406 0.034470 0.000037 0.000000 -0.011994 0.348779 -0.937128 2.850000 -0.032316 0.936571 0.348985 0.000000 0.000000 0.000000 0.000000 1.000000
0.999406 0.034470 0.000038 0.000000 -0.011994 0.348779 -0.937128 2.850000 -0.032316 0.936571 0.348985 0.000000 0.000000 0.000000 0.000000 1.000000</float_array>
        <technique_common>
          <accessor source="#mixamorig_LeftHandIndex3-Matrix-animation-output-transform-array" count="46" stride="16">
            <param type="float4x4"/>
          </accessor>
        </technique_common>
      </source>
      <source id="mixamorig_LeftHandIndex3-Interpolations">
        <Name_array id="mixamorig_LeftHandIndex3-Interpolations-array" count="46">
 LINEAR LINEAR LINEAR LINEAR LINEAR LINEAR LINEAR LINEAR LINEAR LINEAR LINEAR
LINEAR LINEAR LINEAR LINEAR LINEAR LINEAR LINEAR LINEAR LINEAR LINEAR LINEAR LINEAR
LINEAR LINEAR LINEAR LINEAR LINEAR LINEAR LINEAR LINEAR LINEAR LINEAR LINEAR LINEAR
LINEAR LINEAR LINEAR LINEAR LINEAR LINEAR LINEAR LINEAR LINEAR LINEAR LINEAR</Name_array>
        <technique_common>
          <accessor source="#mixamorig_LeftHandIndex3-Interpolations-array" count="46">
            <param type="name"/>
          </accessor>
        </technique_common>
      </source>
      <sampler id="mixamorig_LeftHandIndex3-Matrix-animation-transform">
        <input semantic="INPUT" source="#mixamorig_LeftHandIndex3-Matrix-animation-input"/>
        <input semantic="OUTPUT" source="#mixamorig_LeftHandIndex3-Matrix-animation-output-transform"/>
        <input semantic="INTERPOLATION" source="#mixamorig_LeftHandIndex3-Interpolations"/>
      </sampler>
      <channel source="#mixamorig_LeftHandIndex3-Matrix-animation-transform" target="mixamorig_LeftHandIndex3/matrix"/>
    </animation>
    <animation id="mixamorig_LeftHandMiddle1-anim" name="mixamorig_LeftHandMiddle1">
      <source id="mixamorig_LeftHandMiddle1-Matrix-animation-input">
        <float_array id="mixamorig_LeftHandMiddle1-Matrix-animation-input-array" count="46">

0.000000 0.033333 0.066667 0.100000 0.133333 0.166667 0.200000 0.233333 0.266667 0.300000 0.333333 0.366667 0.400000 0.433333 0.466667 0.500000
0.533333 0.566667 0.600000 0.633333 0.666667 0.700000 0.733333 0.766667 0.800000 0.833333 0.866667 0.900000 0.933333 0.966667 1.000000 1.033333
1.066667 1.100000 1.133333 1.166667 1.200000 1.233333 1.266667 1.300000 1.333333 1.366667 1.400000 1.433333 1.466667 1.500000</float_array>
        <technique_common>
          <accessor source="#mixamorig_LeftHandMiddle1-Matrix-animation-input-array" count="46">
            <param name="TIME" type="float"/>
          </accessor>
        </technique_common>
      </source>
      <source id="mixamorig_LeftHandMiddle1-Matrix-animation-output-transform">
        <float_array id="mixamorig_LeftHandMiddle1-Matrix-animation-output-transform-array" count="736">

0.994536 -0.092945 -0.047536 0.000000 -0.042218 0.058365 -0.997402 9.533400 0.095478 0.993959 0.054123 0.000000 0.000000 0.000000 0.000000 1.000000
0.994536 -0.092945 -0.047535 -0.000000 -0.042218 0.058365 -0.997402 9.533400 0.095478 0.993959 0.054122 0.000000 0.000000 0.000000 0.000000 1.000000
0.994536 -0.092945 -0.047535 0.000000 -0.042218 0.058365 -0.997402 9.533400 0.095478 0.993959 0.054123 0.000000 0.000000 0.000000 0.000000 1.000000
0.994536 -0.092945 -0.047535 -0.000000 -0.042218 0.058366 -0.997402 9.533400 0.095478 0.993959 0.054123 0.000000 0.000000 0.000000 0.000000 1.000000
0.994536 -0.092945 -0.047535 0.000000 -0.042218 0.058366 -0.997402 9.533400 0.095478 0.993959 0.054123 -0.000000 0.000000 0.000000 0.000000 1.000000
0.994536 -0.092945 -0.047535 0.000000 -0.042218 0.058366 -0.997402 9.533400 0.095478 0.993959 0.054123 0.000000 0.000000 0.000000 0.000000 1.000000
0.994536 -0.092945 -0.047536 -0.000000 -0.042218 0.058365 -0.997402 9.533400 0.095478 0.993959 0.054122 0.000000 0.000000 0.000000 0.000000 1.000000
0.994536 -0.092945 -0.047535 -0.000000 -0.042218 0.058365 -0.997402 9.533400 0.095478 0.993959 0.054123 -0.000000 0.000000 0.000000 0.000000 1.000000
0.994536 -0.092945 -0.047536 0.000000 -0.042218 0.058365 -0.997402 9.533400 0.095478 0.993959 0.054123 -0.000000 0.000000 0.000000 0.000000 1.000000
0.994536 -0.092945 -0.047535 -0.000000 -0.042218 0.058365 -0.997402 9.533400 0.095478 0.993959 0.054123 0.000000 0.000000 0.000000 0.000000 1.000000
0.994536 -0.092945 -0.047536 0.000000 -0.042218 0.058365 -0.997402 9.533400 0.095478 0.993959 0.054123 0.000000 0.000000 0.000000 0.000000 1.000000
0.994536 -0.092945 -0.047535 0.000000 -0.042218 0.058365 -0.997402 9.533400 0.095478 0.993959 0.054123 0.000000 0.000000 0.000000 0.000000 1.000000
0.994536 -0.092945 -0.047535 0.000000 -0.042218 0.058365 -0.997402 9.533400 0.095478 0.993959 0.054123 -0.000000 0.000000 0.000000 0.000000 1.000000
0.994536 -0.092945 -0.047536 0.000000 -0.042218 0.058366 -0.997402 9.533400 0.095478 0.993959 0.054123 0.000000 0.000000 0.000000 0.000000 1.000000
0.994536 -0.092945 -0.047535 0.000000 -0.042218 0.058365 -0.997402 9.533400 0.095478 0.993959 0.054123 0.000000 0.000000 0.000000 0.000000 1.000000
0.994536 -0.092946 -0.047535 0.000000 -0.042218 0.058366 -0.997402 9.533400 0.095478 0.993959 0.054123 0.000000 0.000000 0.000000 0.000000 1.000000
0.994536 -0.092945 -0.047535 0.000000 -0.042218 0.058366 -0.997402 9.533400 0.095478 0.993959 0.054123 0.000000 0.000000 0.000000 0.000000 1.000000
0.994536 -0.092945 -0.047535 0.000000 -0.042218 0.058366 -0.997402 9.533400 0.095478 0.993959 0.054123 0.000000 0.000000 0.000000 0.000000 1.000000
0.994536 -0.092945 -0.047536 0.000000 -0.042218 0.058366 -0.997402 9.533400 0.095478 0.993959 0.054123 -0.000000 0.000000 0.000000 0.000000 1.000000
0.994536 -0.092945 -0.047535 0.000000 -0.042218 0.058366 -0.997402 9.533400 0.095478 0.993959 0.054123 0.000000 0.000000 0.000000 0.000000 1.000000
0.994536 -0.092946 -0.047535 0.000000 -0.042218 0.058366 -0.997402 9.533400 0.095479 0.993959 0.054123 -0.000000 0.000000 0.000000 0.000000 1.000000
0.994536 -0.092946 -0.047535 0.000000 -0.042218 0.058366 -0.997402 9.533400 0.095479 0.993959 0.054123 0.000000 0.000000 0.000000 0.000000 1.000000
0.994536 -0.092945 -0.047535 0.000000 -0.042218 0.058366 -0.997402 9.533400 0.095478 0.993959 0.054123 0.000000 0.000000 0.000000 0.000000 1.000000
0.994536 -0.092945 -0.047535 0.000000 -0.042218 0.058366 -0.997402 9.533400 0.095478 0.993959 0.054123 0.000000 0.000000 0.000000 0.000000 1.000000
0.994536 -0.092945 -0.047535 -0.000000 -0.042218 0.058366 -0.997402 9.533400 0.095478 0.993959 0.054123 0.000000 0.000000 0.000000 0.000000 1.000000
0.994536 -0.092945 -0.047535 0.000000 -0.042218 0.058366 -0.997402 9.533400 0.095478 0.993959 0.054123 0.000000 0.000000 0.000000 0.000000 1.000000
0.994536 -0.092945 -0.047535 0.000000 -0.042218 0.058366 -0.997402 9.533400 0.095478 0.993959 0.054123 -0.000000 0.000000 0.000000 0.000000 1.000000
0.994536 -0.092945 -0.047535 0.000000 -0.042218 0.058366 -0.997402 9.533400 0.095478 0.993959 0.054123 0.000000 0.000000 0.000000 0.000000 1.000000
0.994536 -0.092945 -0.047536 0.000000 -0.042218 0.058366 -0.997402 9.533400 0.095478 0.993959 0.054123 0.000000 0.000000 0.000000 0.000000 1.000000
0.994536 -0.092945 -0.047536 0.000000 -0.042218 0.058366 -0.997402 9.533400 0.095478 0.993959 0.054123 0.000000 0.000000 0.000000 0.000000 1.000000
0.994536 -0.092945 -0.047536 0.000000 -0.042218 0.058366 -0.997402 9.533400 0.095478 0.993959 0.054123 0.000000 0.000000 0.000000 0.000000 1.000000
0.994536 -0.092945 -0.047535 0.000000 -0.042218 0.058366 -0.997402 9.533400 0.095478 0.993959 0.054123 0.000000 0.000000 0.000000 0.000000 1.000000
0.994536 -0.092945 -0.047535 0.000000 -0.042218 0.058366 -0.997402 9.533400 0.095478 0.993959 0.054123 0.000000 0.000000 0.000000 0.000000 1.000000
0.994536 -0.092945 -0.047535 0.000000 -0.042217 0.058365 -0.997402 9.533400 0.095478 0.993959 0.054123 0.000000 0.000000 0.000000 0.000000 1.000000
0.994536 -0.092946 -0.047536 0.000000 -0.042218 0.058366 -0.997402 9.533400 0.095479 0.993959 0.054123 0.000000 0.000000 0.000000 0.000000 1.000000
0.994536 -0.092946 -0.047536 0.000000 -0.042218 0.058366 -0.997402 9.533400 0.095479 0.993959 0.054123 0.000000 0.000000 0.000000 0.000000 1.000000
0.994536 -0.092945 -0.047535 0.000000 -0.042218 0.058366 -0.997402 9.533400 0.095478 0.993959 0.054123 0.000000 0.000000 0.000000 0.000000 1.000000
0.994536 -0.092945 -0.047535 -0.000000 -0.042218 0.058366 -0.997402 9.533400 0.095478 0.993959 0.054123 0.000000 0.000000 0.000000 0.000000 1.000000
0.994536 -0.092945 -0.047535 0.000000 -0.042218 0.058366 -0.997402 9.533400 0.095478 0.993959 0.054123 0.000000 0.000000 0.000000 0.000000 1.000000
0.994536 -0.092945 -0.047536 -0.000000 -0.042218 0.058366 -0.997402 9.533400 0.095478 0.993959 0.054123 -0.000000 0.000000 0.000000 0.000000 1.000000
0.994536 -0.092946 -0.047535 -0.000000 -0.042218 0.058366 -0.997402 9.533400 0.095479 0.993959 0.054123 0.000000 0.000000 0.000000 0.000000 1.000000
0.994536 -0.092945 -0.047536 0.000000 -0.042218 0.058366 -0.997402 9.533400 0.095478 0.993959 0.054123 0.000000 0.000000 0.000000 0.000000 1.000000
0.994536 -0.092945 -0.047535 0.000000 -0.042218 0.058366 -0.997402 9.533400 0.095478 0.993959 0.054123 -0.000000 0.000000 0.000000 0.000000 1.000000
0.994536 -0.092945 -0.047535 0.000000 -0.042218 0.058366 -0.997402 9.533400 0.095478 0.993959 0.054123 0.000000 0.000000 0.000000 0.000000 1.000000
0.994536 -0.092946 -0.047536 0.000000 -0.042218 0.058365 -0.997402 9.533400 0.095478 0.993959 0.054123 0.000000 0.000000 0.000000 0.000000 1.000000
0.994536 -0.092945 -0.047535 0.000000 -0.042218 0.058365 -0.997402 9.533400 0.095478 0.993959 0.054123 -0.000000 0.000000 0.000000 0.000000 1.000000</float_array>
        <technique_common>
          <accessor source="#mixamorig_LeftHandMiddle1-Matrix-animation-output-transform-array" count="46" stride="16">
            <param type="float4x4"/>
          </accessor>
        </technique_common>
      </source>
      <source id="mixamorig_LeftHandMiddle1-Interpolations">
        <Name_array id="mixamorig_LeftHandMiddle1-Interpolations-array" count="46">
 LINEAR LINEAR LINEAR LINEAR LINEAR LINEAR LINEAR LINEAR LINEAR LINEAR LINEAR
LINEAR LINEAR LINEAR LINEAR LINEAR LINEAR LINEAR LINEAR LINEAR LINEAR LINEAR LINEAR
LINEAR LINEAR LINEAR LINEAR LINEAR LINEAR LINEAR LINEAR LINEAR LINEAR LINEAR LINEAR
LINEAR LINEAR LINEAR LINEAR LINEAR LINEAR LINEAR LINEAR LINEAR LINEAR LINEAR</Name_array>
        <technique_common>
          <accessor source="#mixamorig_LeftHandMiddle1-Interpolations-array" count="46">
            <param type="name"/>
          </accessor>
        </technique_common>
      </source>
      <sampler id="mixamorig_LeftHandMiddle1-Matrix-animation-transform">
        <input semantic="INPUT" source="#mixamorig_LeftHandMiddle1-Matrix-animation-input"/>
        <input semantic="OUTPUT" source="#mixamorig_LeftHandMiddle1-Matrix-animation-output-transform"/>
        <input semantic="INTERPOLATION" source="#mixamorig_LeftHandMiddle1-Interpolations"/>
      </sampler>
      <channel source="#mixamorig_LeftHandMiddle1-Matrix-animation-transform" target="mixamorig_LeftHandMiddle1/matrix"/>
    </animation>
    <animation id="mixamorig_LeftHandMiddle2-anim" name="mixamorig_LeftHandMiddle2">
      <source id="mixamorig_LeftHandMiddle2-Matrix-animation-input">
        <float_array id="mixamorig_LeftHandMiddle2-Matrix-animation-input-array" count="46">

0.000000 0.033333 0.066667 0.100000 0.133333 0.166667 0.200000 0.233333 0.266667 0.300000 0.333333 0.366667 0.400000 0.433333 0.466667 0.500000
0.533333 0.566667 0.600000 0.633333 0.666667 0.700000 0.733333 0.766667 0.800000 0.833333 0.866667 0.900000 0.933333 0.966667 1.000000 1.033333
1.066667 1.100000 1.133333 1.166667 1.200000 1.233333 1.266667 1.300000 1.333333 1.366667 1.400000 1.433333 1.466667 1.500000</float_array>
        <technique_common>
          <accessor source="#mixamorig_LeftHandMiddle2-Matrix-animation-input-array" count="46">
            <param name="TIME" type="float"/>
          </accessor>
        </technique_common>
      </source>
      <source id="mixamorig_LeftHandMiddle2-Matrix-animation-output-transform">
        <float_array id="mixamorig_LeftHandMiddle2-Matrix-animation-output-transform-array" count="736">

0.996349 -0.020938 0.082769 -0.000000 0.085368 0.230808 -0.969247 3.700000 0.001190 0.972774 0.231753 0.000000 0.000000 0.000000 0.000000 1.000000
0.996349 -0.020938 0.082770 0.000000 0.085369 0.230809 -0.969247 3.700000 0.001190 0.972774 0.231753 0.000000 0.000000 0.000000 0.000000 1.000000
0.996349 -0.020938 0.082769 0.000000 0.085368 0.230808 -0.969247 3.700000 0.001190 0.972774 0.231753 -0.000000 0.000000 0.000000 0.000000 1.000000
0.996349 -0.020938 0.082769 -0.000000 0.085368 0.230809 -0.969247 3.700000 0.001190 0.972774 0.231753 0.000000 0.000000 0.000000 0.000000 1.000000
0.996349 -0.020938 0.082769 0.000000 0.085368 0.230809 -0.969247 3.700000 0.001190 0.972774 0.231753 0.000000 0.000000 0.000000 0.000000 1.000000
0.996349 -0.020938 0.082770 0.000000 0.085368 0.230808 -0.969247 3.700000 0.001190 0.972774 0.231753 -0.000000 0.000000 0.000000 0.000000 1.000000
0.996349 -0.020938 0.082770 0.000000 0.085369 0.230809 -0.969247 3.700000 0.001190 0.972774 0.231753 0.000000 0.000000 0.000000 0.000000 1.000000
0.996349 -0.020938 0.082770 0.000000 0.085368 0.230809 -0.969247 3.700000 0.001190 0.972774 0.231753 -0.000000 0.000000 0.000000 0.000000 1.000000
0.996349 -0.020938 0.082770 0.000000 0.085369 0.230808 -0.969247 3.700000 0.001190 0.972774 0.231753 0.000000 0.000000 0.000000 0.000000 1.000000
0.996349 -0.020938 0.082770 0.000000 0.085368 0.230809 -0.969247 3.700000 0.001190 0.972774 0.231753 -0.000000 0.000000 0.000000 0.000000 1.000000
0.996349 -0.020938 0.082769 -0.000000 0.085368 0.230808 -0.969247 3.700000 0.001190 0.972774 0.231753 -0.000000 0.000000 0.000000 0.000000 1.000000
0.996349 -0.020938 0.082770 0.000000 0.085369 0.230809 -0.969247 3.700000 0.001190 0.972774 0.231753 0.000000 0.000000 0.000000 0.000000 1.000000
0.996349 -0.020938 0.082770 -0.000000 0.085369 0.230809 -0.969247 3.700000 0.001190 0.972774 0.231753 0.000000 0.000000 0.000000 0.000000 1.000000
0.996349 -0.020938 0.082770 0.000000 0.085369 0.230809 -0.969247 3.700000 0.001190 0.972774 0.231753 -0.000000 0.000000 0.000000 0.000000 1.000000
0.996349 -0.020938 0.082770 0.000000 0.085369 0.230809 -0.969247 3.700000 0.001190 0.972774 0.231753 0.000000 0.000000 0.000000 0.000000 1.000000
0.996349 -0.020938 0.082769 0.000000 0.085368 0.230809 -0.969247 3.700000 0.001190 0.972774 0.231753 0.000000 0.000000 0.000000 0.000000 1.000000
0.996349 -0.020938 0.082770 -0.000000 0.085369 0.230808 -0.969247 3.700000 0.001190 0.972774 0.231753 0.000000 0.000000 0.000000 0.000000 1.000000
0.996349 -0.020938 0.082770 0.000000 0.085369 0.230808 -0.969247 3.700000 0.001190 0.972774 0.231753 0.000000 0.000000 0.000000 0.000000 1.000000
0.996349 -0.020938 0.082769 -0.000000 0.085368 0.230808 -0.969247 3.700000 0.001190 0.972774 0.231753 0.000000 0.000000 0.000000 0.000000 1.000000
0.996349 -0.020938 0.082770 0.000000 0.085369 0.230808 -0.969247 3.700000 0.001190 0.972774 0.231753 0.000000 0.000000 0.000000 0.000000 1.000000
0.996349 -0.020938 0.082770 -0.000000 0.085369 0.230809 -0.969247 3.700000 0.001190 0.972774 0.231753 -0.000000 0.000000 0.000000 0.000000 1.000000
0.996349 -0.020938 0.082769 0.000000 0.085368 0.230808 -0.969247 3.700000 0.001190 0.972774 0.231753 0.000000 0.000000 0.000000 0.000000 1.000000
0.996349 -0.020938 0.082770 -0.000000 0.085369 0.230808 -0.969247 3.700000 0.001190 0.972774 0.231753 0.000000 0.000000 0.000000 0.000000 1.000000
0.996349 -0.020938 0.082770 0.000000 0.085369 0.230808 -0.969247 3.700000 0.001190 0.972774 0.231753 -0.000000 0.000000 0.000000 0.000000 1.000000
0.996349 -0.020938 0.082769 0.000000 0.085368 0.230808 -0.969247 3.700000 0.001190 0.972774 0.231753 -0.000000 0.000000 0.000000 0.000000 1.000000
0.996349 -0.020938 0.082770 0.000000 0.085369 0.230809 -0.969247 3.700000 0.001190 0.972774 0.231753 -0.000000 0.000000 0.000000 0.000000 1.000000
0.996349 -0.020938 0.082770 0.000000 0.085368 0.230809 -0.969247 3.700000 0.001190 0.972774 0.231754 -0.000000 0.000000 0.000000 0.000000 1.000000
0.996349 -0.020938 0.082770 -0.000000 0.085368 0.230809 -0.969247 3.700000 0.001190 0.972774 0.231753 0.000000 0.000000 0.000000 0.000000 1.000000
0.996349 -0.020938 0.082770 0.000000 0.085369 0.230808 -0.969247 3.700000 0.001190 0.972774 0.231753 0.000000 0.000000 0.000000 0.000000 1.000000
0.996349 -0.020938 0.082769 0.000000 0.085368 0.230809 -0.969247 3.700000 0.001190 0.972774 0.231753 0.000000 0.000000 0.000000 0.000000 1.000000
0.996349 -0.020938 0.082769 0.000000 0.085368 0.230809 -0.969247 3.700000 0.001190 0.972774 0.231753 0.000000 0.000000 0.000000 0.000000 1.000000
0.996349 -0.020938 0.082770 0.000000 0.085368 0.230808 -0.969247 3.700000 0.001190 0.972774 0.231753 0.000000 0.000000 0.000000 0.000000 1.000000
0.996349 -0.020938 0.082769 0.000000 0.085368 0.230809 -0.969247 3.700000 0.001190 0.972774 0.231753 0.000000 0.000000 0.000000 0.000000 1.000000
0.996349 -0.020938 0.082770 0.000000 0.085369 0.230809 -0.969247 3.700000 0.001190 0.972774 0.231753 0.000000 0.000000 0.000000 0.000000 1.000000
0.996349 -0.020938 0.082770 0.000000 0.085368 0.230808 -0.969247 3.700000 0.001190 0.972774 0.231753 0.000000 0.000000 0.000000 0.000000 1.000000
0.996349 -0.020937 0.082770 0.000000 0.085368 0.230808 -0.969247 3.700000 0.001190 0.972774 0.231753 0.000000 0.000000 0.000000 0.000000 1.000000
0.996349 -0.020938 0.082770 0.000000 0.085368 0.230809 -0.969247 3.700000 0.001190 0.972774 0.231753 0.000000 0.000000 0.000000 0.000000 1.000000
0.996349 -0.020938 0.082770 0.000000 0.085369 0.230809 -0.969247 3.700000 0.001190 0.972774 0.231753 0.000000 0.000000 0.000000 0.000000 1.000000
0.996349 -0.020938 0.082770 0.000000 0.085369 0.230809 -0.969247 3.700000 0.001190 0.972774 0.231753 0.000000 0.000000 0.000000 0.000000 1.000000
0.996349 -0.020938 0.082769 0.000000 0.085368 0.230809 -0.969247 3.700000 0.001190 0.972774 0.231753 0.000000 0.000000 0.000000 0.000000 1.000000
0.996349 -0.020938 0.082769 -0.000000 0.085368 0.230808 -0.969247 3.700000 0.001190 0.972774 0.231753 0.000000 0.000000 0.000000 0.000000 1.000000
0.996349 -0.020938 0.082769 0.000000 0.085368 0.230809 -0.969247 3.700000 0.001190 0.972774 0.231753 -0.000000 0.000000 0.000000 0.000000 1.000000
0.996349 -0.020938 0.082769 0.000000 0.085368 0.230808 -0.969247 3.700000 0.001190 0.972774 0.231753 -0.000000 0.000000 0.000000 0.000000 1.000000
0.996349 -0.020938 0.082770 0.000000 0.085368 0.230809 -0.969247 3.700000 0.001190 0.972774 0.231753 -0.000000 0.000000 0.000000 0.000000 1.000000
0.996349 -0.020938 0.082769 0.000000 0.085368 0.230809 -0.969247 3.700000 0.001190 0.972774 0.231753 0.000000 0.000000 0.000000 0.000000 1.000000
0.996349 -0.020938 0.082769 0.000000 0.085368 0.230808 -0.969247 3.700000 0.001190 0.972774 0.231753 0.000000 0.000000 0.000000 0.000000 1.000000</float_array>
        <technique_common>
          <accessor source="#mixamorig_LeftHandMiddle2-Matrix-animation-output-transform-array" count="46" stride="16">
            <param type="float4x4"/>
          </accessor>
        </technique_common>
      </source>
      <source id="mixamorig_LeftHandMiddle2-Interpolations">
        <Name_array id="mixamorig_LeftHandMiddle2-Interpolations-array" count="46">
 LINEAR LINEAR LINEAR LINEAR LINEAR LINEAR LINEAR LINEAR LINEAR LINEAR LINEAR
LINEAR LINEAR LINEAR LINEAR LINEAR LINEAR LINEAR LINEAR LINEAR LINEAR LINEAR LINEAR
LINEAR LINEAR LINEAR LINEAR LINEAR LINEAR LINEAR LINEAR LINEAR LINEAR LINEAR LINEAR
LINEAR LINEAR LINEAR LINEAR LINEAR LINEAR LINEAR LINEAR LINEAR LINEAR LINEAR</Name_array>
        <technique_common>
          <accessor source="#mixamorig_LeftHandMiddle2-Interpolations-array" count="46">
            <param type="name"/>
          </accessor>
        </technique_common>
      </source>
      <sampler id="mixamorig_LeftHandMiddle2-Matrix-animation-transform">
        <input semantic="INPUT" source="#mixamorig_LeftHandMiddle2-Matrix-animation-input"/>
        <input semantic="OUTPUT" source="#mixamorig_LeftHandMiddle2-Matrix-animation-output-transform"/>
        <input semantic="INTERPOLATION" source="#mixamorig_LeftHandMiddle2-Interpolations"/>
      </sampler>
      <channel source="#mixamorig_LeftHandMiddle2-Matrix-animation-transform" target="mixamorig_LeftHandMiddle2/matrix"/>
    </animation>
    <animation id="mixamorig_LeftHandMiddle3-anim" name="mixamorig_LeftHandMiddle3">
      <source id="mixamorig_LeftHandMiddle3-Matrix-animation-input">
        <float_array id="mixamorig_LeftHandMiddle3-Matrix-animation-input-array" count="46">

0.000000 0.033333 0.066667 0.100000 0.133333 0.166667 0.200000 0.233333 0.266667 0.300000 0.333333 0.366667 0.400000 0.433333 0.466667 0.500000
0.533333 0.566667 0.600000 0.633333 0.666667 0.700000 0.733333 0.766667 0.800000 0.833333 0.866667 0.900000 0.933333 0.966667 1.000000 1.033333
1.066667 1.100000 1.133333 1.166667 1.200000 1.233333 1.266667 1.300000 1.333333 1.366667 1.400000 1.433333 1.466667 1.500000</float_array>
        <technique_common>
          <accessor source="#mixamorig_LeftHandMiddle3-Matrix-animation-input-array" count="46">
            <param name="TIME" type="float"/>
          </accessor>
        </technique_common>
      </source>
      <source id="mixamorig_LeftHandMiddle3-Matrix-animation-output-transform">
        <float_array id="mixamorig_LeftHandMiddle3-Matrix-animation-output-transform-array" count="736">

0.999609 0.027924 0.001530 -0.000000 -0.009393 0.386802 -0.922115 2.950000 -0.026341 0.921740 0.386913 0.000000 0.000000 0.000000 0.000000 1.000000
0.999609 0.027923 0.001531 0.000000 -0.009393 0.386802 -0.922115 2.950000 -0.026340 0.921740 0.386913 0.000000 0.000000 0.000000 0.000000 1.000000
0.999609 0.027923 0.001531 0.000000 -0.009393 0.386802 -0.922115 2.950000 -0.026340 0.921740 0.386913 0.000000 0.000000 0.000000 0.000000 1.000000
0.999609 0.027923 0.001531 -0.000000 -0.009393 0.386802 -0.922115 2.950000 -0.026340 0.921740 0.386913 0.000000 0.000000 0.000000 0.000000 1.000000
0.999609 0.027924 0.001531 0.000000 -0.009393 0.386802 -0.922115 2.950000 -0.026341 0.921740 0.386913 0.000000 0.000000 0.000000 0.000000 1.000000
0.999609 0.027923 0.001531 -0.000000 -0.009393 0.386802 -0.922115 2.950000 -0.026341 0.921740 0.386913 0.000000 0.000000 0.000000 0.000000 1.000000
0.999609 0.027924 0.001531 0.000000 -0.009393 0.386802 -0.922115 2.950000 -0.026341 0.921740 0.386913 0.000000 0.000000 0.000000 0.000000 1.000000
0.999609 0.027923 0.001531 0.000000 -0.009393 0.386802 -0.922115 2.950000 -0.026341 0.921740 0.386913 0.000000 0.000000 0.000000 0.000000 1.000000
0.999609 0.027923 0.001531 0.000000 -0.009393 0.386802 -0.922115 2.950000 -0.026340 0.921740 0.386913 0.000000 0.000000 0.000000 0.000000 1.000000
0.999609 0.027923 0.001531 0.000000 -0.009393 0.386802 -0.922115 2.950000 -0.026341 0.921740 0.386913 0.000000 0.000000 0.000000 0.000000 1.000000
0.999609 0.027923 0.001531 0.000000 -0.009393 0.386802 -0.922115 2.950000 -0.026341 0.921740 0.386913 0.000000 0.000000 0.000000 0.000000 1.000000
0.999609 0.027923 0.001531 0.000000 -0.009393 0.386802 -0.922115 2.950000 -0.026340 0.921740 0.386913 0.000000 0.000000 0.000000 0.000000 1.000000
0.999609 0.027923 0.001531 0.000000 -0.009393 0.386802 -0.922115 2.950000 -0.026340 0.921740 0.386913 0.000000 0.000000 0.000000 0.000000 1.000000
0.999609 0.027923 0.001530 0.000000 -0.009393 0.386802 -0.922115 2.950000 -0.026340 0.921740 0.386913 0.000000 0.000000 0.000000 0.000000 1.000000
0.999609 0.027923 0.001531 0.000000 -0.009393 0.386802 -0.922115 2.950000 -0.026341 0.921740 0.386913 0.000000 0.000000 0.000000 0.000000 1.000000
0.999609 0.027923 0.001531 0.000000 -0.009393 0.386802 -0.922115 2.950000 -0.026341 0.921740 0.386913 0.000000 0.000000 0.000000 0.000000 1.000000
0.999609 0.027923 0.001531 -0.000000 -0.009393 0.386802 -0.922115 2.950000 -0.026340 0.921740 0.386913 0.000000 0.000000 0.000000 0.000000 1.000000
0.999609 0.027924 0.001531 0.000000 -0.009393 0.386802 -0.922115 2.950000 -0.026341 0.921740 0.386913 0.000000 0.000000 0.000000 0.000000 1.000000
0.999609 0.027923 0.001531 0.000000 -0.009393 0.386802 -0.922115 2.950000 -0.026341 0.921740 0.386913 0.000000 0.000000 0.000000 0.000000 1.000000
0.999609 0.027923 0.001530 0.000000 -0.009393 0.386803 -0.922115 2.950000 -0.026340 0.921740 0.386914 0.000000 0.000000 0.000000 0.000000 1.000000
0.999609 0.027924 0.001531 0.000000 -0.009393 0.386802 -0.922115 2.950000 -0.026341 0.921740 0.386913 -0.000000 0.000000 0.000000 0.000000 1.000000
0.999609 0.027923 0.001531 0.000000 -0.009393 0.386802 -0.922115 2.950000 -0.026341 0.921740 0.386913 -0.000000 0.000000 0.000000 0.000000 1.000000
0.999609 0.027923 0.001530 0.000000 -0.009393 0.386802 -0.922115 2.950000 -0.026341 0.921740 0.386913 -0.000000 0.000000 0.000000 0.000000 1.000000
0.999609 0.027923 0.001530 0.000000 -0.009393 0.386802 -0.922115 2.950000 -0.026340 0.921740 0.386913 0.000000 0.000000 0.000000 0.000000 1.000000
0.999609 0.027923 0.001531 0.000000 -0.009393 0.386802 -0.922115 2.950000 -0.026341 0.921740 0.386913 -0.000000 0.000000 0.000000 0.000000 1.000000
0.999609 0.027923 0.001530 0.000000 -0.009393 0.386802 -0.922115 2.950000 -0.026341 0.921740 0.386913 -0.000000 0.000000 0.000000 0.000000 1.000000
0.999609 0.027923 0.001531 0.000000 -0.009393 0.386802 -0.922115 2.950000 -0.026341 0.921740 0.386913 -0.000000 0.000000 0.000000 0.000000 1.000000
0.999609 0.027923 0.001530 0.000000 -0.009393 0.386802 -0.922115 2.950000 -0.026341 0.921740 0.386913 -0.000000 0.000000 0.000000 0.000000 1.000000
0.999609 0.027924 0.001530 0.000000 -0.009393 0.386802 -0.922115 2.950000 -0.026341 0.921740 0.386913 0.000000 0.000000 0.000000 0.000000 1.000000
0.999609 0.027923 0.001531 0.000000 -0.009393 0.386802 -0.922115 2.950000 -0.026341 0.921740 0.386913 0.000000 0.000000 0.000000 0.000000 1.000000
0.999609 0.027924 0.001531 0.000000 -0.009393 0.386802 -0.922115 2.950000 -0.026341 0.921740 0.386913 -0.000000 0.000000 0.000000 0.000000 1.000000
0.999609 0.027923 0.001531 0.000000 -0.009393 0.386802 -0.922115 2.950000 -0.026340 0.921740 0.386913 -0.000000 0.000000 0.000000 0.000000 1.000000
0.999609 0.027923 0.001531 0.000000 -0.009393 0.386802 -0.922115 2.950000 -0.026341 0.921740 0.386913 0.000000 0.000000 0.000000 0.000000 1.000000
0.999609 0.027923 0.001531 0.000000 -0.009393 0.386802 -0.922115 2.950000 -0.026340 0.921740 0.386913 0.000000 0.000000 0.000000 0.000000 1.000000
0.999609 0.027923 0.001531 0.000000 -0.009393 0.386802 -0.922115 2.950000 -0.026341 0.921740 0.386913 0.000000 0.000000 0.000000 0.000000 1.000000
0.999609 0.027924 0.001531 0.000000 -0.009393 0.386802 -0.922115 2.950000 -0.026341 0.921740 0.386913 -0.000000 0.000000 0.000000 0.000000 1.000000
0.999609 0.027924 0.001531 -0.000000 -0.009393 0.386802 -0.922115 2.950000 -0.026341 0.921740 0.386913 -0.000000 0.000000 0.000000 0.000000 1.000000
0.999609 0.027923 0.001531 0.000000 -0.009393 0.386802 -0.922115 2.950000 -0.026341 0.921740 0.386913 0.000000 0.000000 0.000000 0.000000 1.000000
0.999609 0.027923 0.001531 0.000000 -0.009393 0.386802 -0.922115 2.950000 -0.026340 0.921740 0.386913 0.000000 0.000000 0.000000 0.000000 1.000000
0.999609 0.027923 0.001530 0.000000 -0.009393 0.386802 -0.922115 2.950000 -0.026341 0.921740 0.386913 0.000000 0.000000 0.000000 0.000000 1.000000
0.999609 0.027924 0.001531 0.000000 -0.009393 0.386802 -0.922115 2.950000 -0.026341 0.921740 0.386913 0.000000 0.000000 0.000000 0.000000 1.000000
0.999609 0.027923 0.001531 0.000000 -0.009393 0.386802 -0.922115 2.950000 -0.026341 0.921740 0.386913 0.000000 0.000000 0.000000 0.000000 1.000000
0.999609 0.027923 0.001531 -0.000000 -0.009393 0.386802 -0.922115 2.950000 -0.026341 0.921740 0.386913 0.000000 0.000000 0.000000 0.000000 1.000000
0.999609 0.027923 0.001530 -0.000000 -0.009393 0.386802 -0.922115 2.950000 -0.026341 0.921740 0.386913 0.000000 0.000000 0.000000 0.000000 1.000000
0.999609 0.027923 0.001531 -0.000000 -0.009393 0.386802 -0.922115 2.950000 -0.026341 0.921740 0.386913 -0.000000 0.000000 0.000000 0.000000 1.000000
0.999609 0.027924 0.001531 0.000000 -0.009393 0.386802 -0.922115 2.950000 -0.026341 0.921740 0.386913 0.000000 0.000000 0.000000 0.000000 1.000000</float_array>
        <technique_common>
          <accessor source="#mixamorig_LeftHandMiddle3-Matrix-animation-output-transform-array" count="46" stride="16">
            <param type="float4x4"/>
          </accessor>
        </technique_common>
      </source>
      <source id="mixamorig_LeftHandMiddle3-Interpolations">
        <Name_array id="mixamorig_LeftHandMiddle3-Interpolations-array" count="46">
 LINEAR LINEAR LINEAR LINEAR LINEAR LINEAR LINEAR LINEAR LINEAR LINEAR LINEAR
LINEAR LINEAR LINEAR LINEAR LINEAR LINEAR LINEAR LINEAR LINEAR LINEAR LINEAR LINEAR
LINEAR LINEAR LINEAR LINEAR LINEAR LINEAR LINEAR LINEAR LINEAR LINEAR LINEAR LINEAR
LINEAR LINEAR LINEAR LINEAR LINEAR LINEAR LINEAR LINEAR LINEAR LINEAR LINEAR</Name_array>
        <technique_common>
          <accessor source="#mixamorig_LeftHandMiddle3-Interpolations-array" count="46">
            <param type="name"/>
          </accessor>
        </technique_common>
      </source>
      <sampler id="mixamorig_LeftHandMiddle3-Matrix-animation-transform">
        <input semantic="INPUT" source="#mixamorig_LeftHandMiddle3-Matrix-animation-input"/>
        <input semantic="OUTPUT" source="#mixamorig_LeftHandMiddle3-Matrix-animation-output-transform"/>
        <input semantic="INTERPOLATION" source="#mixamorig_LeftHandMiddle3-Interpolations"/>
      </sampler>
      <channel source="#mixamorig_LeftHandMiddle3-Matrix-animation-transform" target="mixamorig_LeftHandMiddle3/matrix"/>
    </animation>
    <animation id="mixamorig_LeftHandRing1-anim" name="mixamorig_LeftHandRing1">
      <source id="mixamorig_LeftHandRing1-Matrix-animation-input">
        <float_array id="mixamorig_LeftHandRing1-Matrix-animation-input-array" count="46">

0.000000 0.033333 0.066667 0.100000 0.133333 0.166667 0.200000 0.233333 0.266667 0.300000 0.333333 0.366667 0.400000 0.433333 0.466667 0.500000
0.533333 0.566667 0.600000 0.633333 0.666667 0.700000 0.733333 0.766667 0.800000 0.833333 0.866667 0.900000 0.933333 0.966667 1.000000 1.033333
1.066667 1.100000 1.133333 1.166667 1.200000 1.233333 1.266667 1.300000 1.333333 1.366667 1.400000 1.433333 1.466667 1.500000</float_array>
        <technique_common>
          <accessor source="#mixamorig_LeftHandRing1-Matrix-animation-input-array" count="46">
            <param name="TIME" type="float"/>
          </accessor>
        </technique_common>
      </source>
      <source id="mixamorig_LeftHandRing1-Matrix-animation-output-transform">
        <float_array id="mixamorig_LeftHandRing1-Matrix-animation-output-transform-array" count="736">

0.994618 -0.078614 -0.067491 1.865100 -0.068264 -0.007183 -0.997641 9.104500 0.077944 0.996879 -0.012511 0.043000 0.000000 0.000000 0.000000 1.000000
0.994618 -0.078615 -0.067491 1.865100 -0.068264 -0.007183 -0.997641 9.104500 0.077944 0.996879 -0.012511 0.043000 0.000000 0.000000 0.000000 1.000000
0.994618 -0.078614 -0.067491 1.865100 -0.068264 -0.007183 -0.997641 9.104500 0.077944 0.996879 -0.012511 0.043000 0.000000 0.000000 0.000000 1.000000
0.994618 -0.078614 -0.067491 1.865100 -0.068264 -0.007183 -0.997641 9.104500 0.077944 0.996879 -0.012511 0.043000 0.000000 0.000000 0.000000 1.000000
0.994618 -0.078614 -0.067491 1.865100 -0.068264 -0.007183 -0.997641 9.104500 0.077944 0.996879 -0.012511 0.043000 0.000000 0.000000 0.000000 1.000000
0.994618 -0.078614 -0.067491 1.865100 -0.068264 -0.007183 -0.997641 9.104500 0.077944 0.996879 -0.012511 0.043000 0.000000 0.000000 0.000000 1.000000
0.994618 -0.078614 -0.067491 1.865100 -0.068264 -0.007183 -0.997641 9.104500 0.077944 0.996879 -0.012511 0.043000 0.000000 0.000000 0.000000 1.000000
0.994618 -0.078614 -0.067491 1.865100 -0.068264 -0.007183 -0.997641 9.104500 0.077944 0.996879 -0.012511 0.043000 0.000000 0.000000 0.000000 1.000000
0.994618 -0.078614 -0.067491 1.865100 -0.068264 -0.007183 -0.997641 9.104500 0.077944 0.996879 -0.012511 0.043000 0.000000 0.000000 0.000000 1.000000
0.994618 -0.078614 -0.067491 1.865100 -0.068264 -0.007183 -0.997641 9.104500 0.077944 0.996879 -0.012511 0.043000 0.000000 0.000000 0.000000 1.000000
0.994618 -0.078614 -0.067491 1.865100 -0.068264 -0.007183 -0.997641 9.104500 0.077944 0.996879 -0.012511 0.043000 0.000000 0.000000 0.000000 1.000000
0.994618 -0.078614 -0.067491 1.865100 -0.068264 -0.007183 -0.997641 9.104500 0.077944 0.996879 -0.012511 0.043000 0.000000 0.000000 0.000000 1.000000
0.994618 -0.078614 -0.067491 1.865100 -0.068264 -0.007183 -0.997641 9.104500 0.077944 0.996879 -0.012511 0.043000 0.000000 0.000000 0.000000 1.000000
0.994618 -0.078614 -0.067491 1.865100 -0.068264 -0.007183 -0.997641 9.104500 0.077944 0.996879 -0.012511 0.043000 0.000000 0.000000 0.000000 1.000000
0.994618 -0.078614 -0.067491 1.865100 -0.068264 -0.007183 -0.997641 9.104500 0.077944 0.996879 -0.012511 0.043000 0.000000 0.000000 0.000000 1.000000
0.994618 -0.078614 -0.067491 1.865100 -0.068264 -0.007183 -0.997641 9.104500 0.077944 0.996879 -0.012511 0.043000 0.000000 0.000000 0.000000 1.000000
0.994618 -0.078614 -0.067491 1.865100 -0.068264 -0.007183 -0.997641 9.104500 0.077944 0.996879 -0.012511 0.043000 0.000000 0.000000 0.000000 1.000000
0.994618 -0.078614 -0.067491 1.865100 -0.068264 -0.007183 -0.997641 9.104500 0.077944 0.996879 -0.012511 0.043000 0.000000 0.000000 0.000000 1.000000
0.994618 -0.078614 -0.067491 1.865100 -0.068264 -0.007182 -0.997641 9.104500 0.077944 0.996879 -0.012510 0.043000 0.000000 0.000000 0.000000 1.000000
0.994618 -0.078614 -0.067491 1.865100 -0.068264 -0.007183 -0.997641 9.104500 0.077944 0.996879 -0.012511 0.043000 0.000000 0.000000 0.000000 1.000000
0.994618 -0.078614 -0.067491 1.865100 -0.068264 -0.007183 -0.997641 9.104500 0.077944 0.996879 -0.012510 0.043000 0.000000 0.000000 0.000000 1.000000
0.994618 -0.078614 -0.067491 1.865100 -0.068264 -0.007183 -0.997641 9.104500 0.077944 0.996879 -0.012511 0.043000 0.000000 0.000000 0.000000 1.000000
0.994618 -0.078614 -0.067491 1.865100 -0.068264 -0.007183 -0.997641 9.104500 0.077944 0.996879 -0.012510 0.043000 0.000000 0.000000 0.000000 1.000000
0.994618 -0.078614 -0.067491 1.865100 -0.068264 -0.007182 -0.997641 9.104500 0.077944 0.996879 -0.012510 0.043000 0.000000 0.000000 0.000000 1.000000
0.994618 -0.078614 -0.067491 1.865100 -0.068264 -0.007183 -0.997641 9.104500 0.077944 0.996879 -0.012510 0.043000 0.000000 0.000000 0.000000 1.000000
0.994618 -0.078614 -0.067491 1.865100 -0.068264 -0.007182 -0.997641 9.104500 0.077944 0.996879 -0.012510 0.043000 0.000000 0.000000 0.000000 1.000000
0.994618 -0.078614 -0.067491 1.865100 -0.068264 -0.007183 -0.997641 9.104500 0.077944 0.996879 -0.012510 0.043000 0.000000 0.000000 0.000000 1.000000
0.994618 -0.078614 -0.067491 1.865100 -0.068264 -0.007183 -0.997641 9.104500 0.077944 0.996879 -0.012511 0.043000 0.000000 0.000000 0.000000 1.000000
0.994618 -0.078614 -0.067491 1.865100 -0.068264 -0.007182 -0.997641 9.104500 0.077944 0.996879 -0.012510 0.043000 0.000000 0.000000 0.000000 1.000000
0.994618 -0.078614 -0.067491 1.865100 -0.068264 -0.007183 -0.997641 9.104500 0.077944 0.996879 -0.012511 0.043000 0.000000 0.000000 0.000000 1.000000
0.994618 -0.078614 -0.067491 1.865100 -0.068264 -0.007182 -0.997641 9.104500 0.077944 0.996879 -0.012510 0.043000 0.000000 0.000000 0.000000 1.000000
0.994618 -0.078614 -0.067491 1.865100 -0.068264 -0.007183 -0.997641 9.104500 0.077944 0.996879 -0.012510 0.043000 0.000000 0.000000 0.000000 1.000000
0.994618 -0.078614 -0.067491 1.865100 -0.068264 -0.007182 -0.997641 9.104500 0.077944 0.996879 -0.012510 0.043000 0.000000 0.000000 0.000000 1.000000
0.994618 -0.078614 -0.067491 1.865100 -0.068264 -0.007182 -0.997641 9.104500 0.077944 0.996879 -0.012510 0.043000 0.000000 0.000000 0.000000 1.000000
0.994618 -0.078614 -0.067491 1.865100 -0.068264 -0.007183 -0.997641 9.104500 0.077944 0.996879 -0.012511 0.043000 0.000000 0.000000 0.000000 1.000000
0.994618 -0.078614 -0.067491 1.865100 -0.068264 -0.007183 -0.997641 9.104500 0.077944 0.996879 -0.012511 0.043000 0.000000 0.000000 0.000000 1.000000
0.994618 -0.078614 -0.067491 1.865100 -0.068264 -0.007183 -0.997641 9.104500 0.077944 0.996879 -0.012510 0.043000 0.000000 0.000000 0.000000 1.000000
0.994618 -0.078614 -0.067491 1.865100 -0.068264 -0.007183 -0.997641 9.104500 0.077944 0.996879 -0.012510 0.043000 0.000000 0.000000 0.000000 1.000000
0.994618 -0.078614 -0.067491 1.865100 -0.068264 -0.007183 -0.997641 9.104500 0.077944 0.996879 -0.012511 0.043000 0.000000 0.000000 0.000000 1.000000
0.994618 -0.078614 -0.067491 1.865100 -0.068264 -0.007183 -0.997641 9.104500 0.077944 0.996879 -0.012511 0.043000 0.000000 0.000000 0.000000 1.000000
0.994618 -0.078614 -0.067491 1.865100 -0.068264 -0.007183 -0.997641 9.104500 0.077944 0.996879 -0.012511 0.043000 0.000000 0.000000 0.000000 1.000000
0.994618 -0.078614 -0.067491 1.865100 -0.068264 -0.007182 -0.997641 9.104500 0.077944 0.996879 -0.012510 0.043000 0.000000 0.000000 0.000000 1.000000
0.994618 -0.078614 -0.067491 1.865100 -0.068264 -0.007183 -0.997641 9.104500 0.077944 0.996879 -0.012511 0.043000 0.000000 0.000000 0.000000 1.000000
0.994618 -0.078614 -0.067491 1.865100 -0.068264 -0.007183 -0.997641 9.104500 0.077944 0.996879 -0.012511 0.043000 0.000000 0.000000 0.000000 1.000000
0.994618 -0.078614 -0.067491 1.865100 -0.068264 -0.007182 -0.997641 9.104500 0.077944 0.996879 -0.012510 0.043000 0.000000 0.000000 0.000000 1.000000
0.994618 -0.078614 -0.067491 1.865100 -0.068264 -0.007183 -0.997641 9.104500 0.077944 0.996879 -0.012511 0.043000 0.000000 0.000000 0.000000 1.000000</float_array>
        <technique_common>
          <accessor source="#mixamorig_LeftHandRing1-Matrix-animation-output-transform-array" count="46" stride="16">
            <param type="float4x4"/>
          </accessor>
        </technique_common>
      </source>
      <source id="mixamorig_LeftHandRing1-Interpolations">
        <Name_array id="mixamorig_LeftHandRing1-Interpolations-array" count="46">
 LINEAR LINEAR LINEAR LINEAR LINEAR LINEAR LINEAR LINEAR LINEAR LINEAR LINEAR
LINEAR LINEAR LINEAR LINEAR LINEAR LINEAR LINEAR LINEAR LINEAR LINEAR LINEAR LINEAR
LINEAR LINEAR LINEAR LINEAR LINEAR LINEAR LINEAR LINEAR LINEAR LINEAR LINEAR LINEAR
LINEAR LINEAR LINEAR LINEAR LINEAR LINEAR LINEAR LINEAR LINEAR LINEAR LINEAR</Name_array>
        <technique_common>
          <accessor source="#mixamorig_LeftHandRing1-Interpolations-array" count="46">
            <param type="name"/>
          </accessor>
        </technique_common>
      </source>
      <sampler id="mixamorig_LeftHandRing1-Matrix-animation-transform">
        <input semantic="INPUT" source="#mixamorig_LeftHandRing1-Matrix-animation-input"/>
        <input semantic="OUTPUT" source="#mixamorig_LeftHandRing1-Matrix-animation-output-transform"/>
        <input semantic="INTERPOLATION" source="#mixamorig_LeftHandRing1-Interpolations"/>
      </sampler>
      <channel source="#mixamorig_LeftHandRing1-Matrix-animation-transform" target="mixamorig_LeftHandRing1/matrix"/>
    </animation>
    <animation id="mixamorig_LeftHandRing2-anim" name="mixamorig_LeftHandRing2">
      <source id="mixamorig_LeftHandRing2-Matrix-animation-input">
        <float_array id="mixamorig_LeftHandRing2-Matrix-animation-input-array" count="46">

0.000000 0.033333 0.066667 0.100000 0.133333 0.166667 0.200000 0.233333 0.266667 0.300000 0.333333 0.366667 0.400000 0.433333 0.466667 0.500000
0.533333 0.566667 0.600000 0.633333 0.666667 0.700000 0.733333 0.766667 0.800000 0.833333 0.866667 0.900000 0.933333 0.966667 1.000000 1.033333
1.066667 1.100000 1.133333 1.166667 1.200000 1.233333 1.266667 1.300000 1.333333 1.366667 1.400000 1.433333 1.466667 1.500000</float_array>
        <technique_common>
          <accessor source="#mixamorig_LeftHandRing2-Matrix-animation-input-array" count="46">
            <param name="TIME" type="float"/>
          </accessor>
        </technique_common>
      </source>
      <source id="mixamorig_LeftHandRing2-Matrix-animation-output-transform">
        <float_array id="mixamorig_LeftHandRing2-Matrix-animation-output-transform-array" count="736">

0.999747 -0.022436 0.001540 -0.000000 0.011792 0.464644 -0.885419 3.150000 0.019149 0.885213 0.464791 -0.000000 0.000000 0.000000 0.000000 1.000000
0.999747 -0.022436 0.001540 0.000000 0.011791 0.464644 -0.885419 3.150000 0.019149 0.885213 0.464791 -0.000000 0.000000 0.000000 0.000000 1.000000
0.999747 -0.022436 0.001540 0.000000 0.011792 0.464644 -0.885419 3.150000 0.019150 0.885213 0.464791 -0.000000 0.000000 0.000000 0.000000 1.000000
0.999747 -0.022436 0.001541 0.000000 0.011792 0.464644 -0.885419 3.150000 0.019149 0.885213 0.464791 0.000000 0.000000 0.000000 0.000000 1.000000
0.999747 -0.022436 0.001541 0.000000 0.011792 0.464644 -0.885419 3.150000 0.019149 0.885213 0.464791 0.000000 0.000000 0.000000 0.000000 1.000000
0.999747 -0.022436 0.001541 0.000000 0.011792 0.464644 -0.885419 3.150000 0.019149 0.885213 0.464791 0.000000 0.000000 0.000000 0.000000 1.000000
0.999747 -0.022436 0.001541 0.000000 0.011792 0.464644 -0.885419 3.150000 0.019149 0.885213 0.464791 0.000000 0.000000 0.000000 0.000000 1.000000
0.999747 -0.022436 0.001541 0.000000 0.011792 0.464644 -0.885419 3.150000 0.019149 0.885213 0.464791 0.000000 0.000000 0.000000 0.000000 1.000000
0.999747 -0.022436 0.001541 0.000000 0.011792 0.464644 -0.885419 3.150000 0.019149 0.885213 0.464791 0.000000 0.000000 0.000000 0.000000 1.000000
0.999747 -0.022436 0.001541 0.000000 0.011792 0.464644 -0.885419 3.150000 0.019149 0.885213 0.464791 0.000000 0.000000 0.000000 0.000000 1.000000
0.999747 -0.022436 0.001540 0.000000 0.011792 0.464644 -0.885419 3.150000 0.019149 0.885213 0.464791 0.000000 0.000000 0.000000 0.000000 1.000000
0.999747 -0.022436 0.001541 0.000000 0.011792 0.464644 -0.885419 3.150000 0.019149 0.885213 0.464791 0.000000 0.000000 0.000000 0.000000 1.000000
0.999747 -0.022436 0.001541 0.000000 0.011792 0.464644 -0.885419 3.150000 0.019150 0.885213 0.464791 0.000000 0.000000 0.000000 0.000000 1.000000
0.999747 -0.022436 0.001541 0.000000 0.011792 0.464644 -0.885419 3.150000 0.019150 0.885213 0.464791 -0.000000 0.000000 0.000000 0.000000 1.000000
0.999747 -0.022436 0.001540 -0.000000 0.011792 0.464644 -0.885419 3.150000 0.019149 0.885213 0.464791 0.000000 0.000000 0.000000 0.000000 1.000000
0.999747 -0.022436 0.001541 0.000000 0.011792 0.464644 -0.885419 3.150000 0.019149 0.885213 0.464791 -0.000000 0.000000 0.000000 0.000000 1.000000
0.999747 -0.022436 0.001541 0.000000 0.011792 0.464644 -0.885419 3.150000 0.019149 0.885213 0.464791 0.000000 0.000000 0.000000 0.000000 1.000000
0.999747 -0.022436 0.001541 0.000000 0.011792 0.464644 -0.885419 3.150000 0.019149 0.885213 0.464791 0.000000 0.000000 0.000000 0.000000 1.000000
0.999747 -0.022436 0.001541 0.000000 0.011792 0.464644 -0.885419 3.150000 0.019149 0.885213 0.464791 -0.000000 0.000000 0.000000 0.000000 1.000000
0.999747 -0.022436 0.001541 0.000000 0.011792 0.464644 -0.885419 3.150000 0.019149 0.885213 0.464791 0.000000 0.000000 0.000000 0.000000 1.000000
0.999747 -0.022436 0.001541 0.000000 0.011792 0.464644 -0.885419 3.150000 0.019149 0.885213 0.464791 -0.000000 0.000000 0.000000 0.000000 1.000000
0.999747 -0.022436 0.001541 0.000000 0.011792 0.464644 -0.885419 3.150000 0.019149 0.885213 0.464791 -0.000000 0.000000 0.000000 0.000000 1.000000
0.999747 -0.022436 0.001541 0.000000 0.011792 0.464644 -0.885419 3.150000 0.019149 0.885213 0.464791 0.000000 0.000000 0.000000 0.000000 1.000000
0.999747 -0.022436 0.001541 0.000000 0.011792 0.464644 -0.885419 3.150000 0.019149 0.885213 0.464791 0.000000 0.000000 0.000000 0.000000 1.000000
0.999747 -0.022436 0.001541 0.000000 0.011792 0.464644 -0.885419 3.150000 0.019150 0.885213 0.464791 -0.000000 0.000000 0.000000 0.000000 1.000000
0.999747 -0.022436 0.001540 -0.000000 0.011792 0.464644 -0.885419 3.150000 0.019150 0.885213 0.464791 0.000000 0.000000 0.000000 0.000000 1.000000
0.999747 -0.022436 0.001540 0.000000 0.011791 0.464644 -0.885419 3.150000 0.019149 0.885213 0.464791 0.000000 0.000000 0.000000 0.000000 1.000000
0.999747 -0.022436 0.001541 0.000000 0.011792 0.464644 -0.885419 3.150000 0.019150 0.885213 0.464791 -0.000000 0.000000 0.000000 0.000000 1.000000
0.999747 -0.022436 0.001541 0.000000 0.011792 0.464644 -0.885419 3.150000 0.019149 0.885213 0.464791 0.000000 0.000000 0.000000 0.000000 1.000000
0.999747 -0.022436 0.001540 -0.000000 0.011792 0.464644 -0.885419 3.150000 0.019149 0.885213 0.464791 0.000000 0.000000 0.000000 0.000000 1.000000
0.999747 -0.022436 0.001541 0.000000 0.011792 0.464644 -0.885419 3.150000 0.019149 0.885213 0.464791 0.000000 0.000000 0.000000 0.000000 1.000000
0.999747 -0.022436 0.001540 0.000000 0.011792 0.464644 -0.885419 3.150000 0.019150 0.885213 0.464791 0.000000 0.000000 0.000000 0.000000 1.000000
0.999747 -0.022436 0.001541 0.000000 0.011792 0.464644 -0.885419 3.150000 0.019149 0.885213 0.464791 0.000000 0.000000 0.000000 0.000000 1.000000
0.999747 -0.022436 0.001541 0.000000 0.011792 0.464644 -0.885419 3.150000 0.019149 0.885213 0.464791 0.000000 0.000000 0.000000 0.000000 1.000000
0.999747 -0.022436 0.001541 0.000000 0.011792 0.464644 -0.885419 3.150000 0.019149 0.885213 0.464791 0.000000 0.000000 0.000000 0.000000 1.000000
0.999747 -0.022436 0.001540 0.000000 0.011791 0.464644 -0.885419 3.150000 0.019149 0.885213 0.464791 0.000000 0.000000 0.000000 0.000000 1.000000
0.999747 -0.022436 0.001541 0.000000 0.011792 0.464644 -0.885419 3.150000 0.019149 0.885213 0.464791 -0.000000 0.000000 0.000000 0.000000 1.000000
0.999747 -0.022436 0.001540 0.000000 0.011792 0.464644 -0.885419 3.150000 0.019150 0.885213 0.464791 0.000000 0.000000 0.000000 0.000000 1.000000
0.999747 -0.022436 0.001541 0.000000 0.011792 0.464644 -0.885419 3.150000 0.019149 0.885213 0.464791 0.000000 0.000000 0.000000 0.000000 1.000000
0.999747 -0.022436 0.001540 -0.000000 0.011792 0.464644 -0.885419 3.150000 0.019150 0.885213 0.464791 0.000000 0.000000 0.000000 0.000000 1.000000
0.999747 -0.022436 0.001541 0.000000 0.011792 0.464644 -0.885419 3.150000 0.019149 0.885213 0.464791 0.000000 0.000000 0.000000 0.000000 1.000000
0.999747 -0.022436 0.001540 -0.000000 0.011792 0.464644 -0.885419 3.150000 0.019150 0.885214 0.464791 0.000000 0.000000 0.000000 0.000000 1.000000
0.999747 -0.022436 0.001541 0.000000 0.011792 0.464644 -0.885419 3.150000 0.019150 0.885213 0.464791 0.000000 0.000000 0.000000 0.000000 1.000000
0.999747 -0.022436 0.001541 0.000000 0.011792 0.464644 -0.885419 3.150000 0.019149 0.885213 0.464791 -0.000000 0.000000 0.000000 0.000000 1.000000
0.999747 -0.022436 0.001541 0.000000 0.011792 0.464644 -0.885419 3.150000 0.019150 0.885213 0.464791 -0.000000 0.000000 0.000000 0.000000 1.000000
0.999747 -0.022436 0.001540 -0.000000 0.011792 0.464644 -0.885419 3.150000 0.019149 0.885213 0.464791 0.000000 0.000000 0.000000 0.000000 1.000000</float_array>
        <technique_common>
          <accessor source="#mixamorig_LeftHandRing2-Matrix-animation-output-transform-array" count="46" stride="16">
            <param type="float4x4"/>
          </accessor>
        </technique_common>
      </source>
      <source id="mixamorig_LeftHandRing2-Interpolations">
        <Name_array id="mixamorig_LeftHandRing2-Interpolations-array" count="46">
 LINEAR LINEAR LINEAR LINEAR LINEAR LINEAR LINEAR LINEAR LINEAR LINEAR LINEAR
LINEAR LINEAR LINEAR LINEAR LINEAR LINEAR LINEAR LINEAR LINEAR LINEAR LINEAR LINEAR
LINEAR LINEAR LINEAR LINEAR LINEAR LINEAR LINEAR LINEAR LINEAR LINEAR LINEAR LINEAR
LINEAR LINEAR LINEAR LINEAR LINEAR LINEAR LINEAR LINEAR LINEAR LINEAR LINEAR</Name_array>
        <technique_common>
          <accessor source="#mixamorig_LeftHandRing2-Interpolations-array" count="46">
            <param type="name"/>
          </accessor>
        </technique_common>
      </source>
      <sampler id="mixamorig_LeftHandRing2-Matrix-animation-transform">
        <input semantic="INPUT" source="#mixamorig_LeftHandRing2-Matrix-animation-input"/>
        <input semantic="OUTPUT" source="#mixamorig_LeftHandRing2-Matrix-animation-output-transform"/>
        <input semantic="INTERPOLATION" source="#mixamorig_LeftHandRing2-Interpolations"/>
      </sampler>
      <channel source="#mixamorig_LeftHandRing2-Matrix-animation-transform" target="mixamorig_LeftHandRing2/matrix"/>
    </animation>
    <animation id="mixamorig_LeftHandRing3-anim" name="mixamorig_LeftHandRing3">
      <source id="mixamorig_LeftHandRing3-Matrix-animation-input">
        <float_array id="mixamorig_LeftHandRing3-Matrix-animation-input-array" count="46">

0.000000 0.033333 0.066667 0.100000 0.133333 0.166667 0.200000 0.233333 0.266667 0.300000 0.333333 0.366667 0.400000 0.433333 0.466667 0.500000
0.533333 0.566667 0.600000 0.633333 0.666667 0.700000 0.733333 0.766667 0.800000 0.833333 0.866667 0.900000 0.933333 0.966667 1.000000 1.033333
1.066667 1.100000 1.133333 1.166667 1.200000 1.233333 1.266667 1.300000 1.333333 1.366667 1.400000 1.433333 1.466667 1.500000</float_array>
        <technique_common>
          <accessor source="#mixamorig_LeftHandRing3-Matrix-animation-input-array" count="46">
            <param name="TIME" type="float"/>
          </accessor>
        </technique_common>
      </source>
      <source id="mixamorig_LeftHandRing3-Matrix-animation-output-transform">
        <float_array id="mixamorig_LeftHandRing3-Matrix-animation-output-transform-array" count="736">

0.999784 0.004482 -0.020282 0.000000 -0.020691 0.300544 -0.953544 2.950000 0.001822 0.953757 0.300572 0.000000 0.000000 0.000000 0.000000 1.000000
0.999784 0.004482 -0.020282 -0.000000 -0.020691 0.300544 -0.953544 2.950000 0.001822 0.953757 0.300572 0.000000 0.000000 0.000000 0.000000 1.000000
0.999784 0.004482 -0.020283 0.000000 -0.020692 0.300544 -0.953544 2.950000 0.001822 0.953757 0.300572 -0.000000 0.000000 0.000000 0.000000 1.000000
0.999784 0.004481 -0.020282 0.000000 -0.020691 0.300544 -0.953543 2.950000 0.001823 0.953757 0.300572 0.000000 0.000000 0.000000 0.000000 1.000000
0.999784 0.004482 -0.020282 0.000000 -0.020692 0.300544 -0.953543 2.950000 0.001822 0.953757 0.300572 -0.000000 0.000000 0.000000 0.000000 1.000000
0.999784 0.004482 -0.020282 0.000000 -0.020691 0.300544 -0.953544 2.950000 0.001822 0.953757 0.300572 0.000000 0.000000 0.000000 0.000000 1.000000
0.999784 0.004481 -0.020282 0.000000 -0.020692 0.300544 -0.953543 2.950000 0.001822 0.953757 0.300572 0.000000 0.000000 0.000000 0.000000 1.000000
0.999784 0.004482 -0.020282 0.000000 -0.020691 0.300544 -0.953543 2.950000 0.001822 0.953757 0.300572 0.000000 0.000000 0.000000 0.000000 1.000000
0.999784 0.004482 -0.020282 0.000000 -0.020692 0.300544 -0.953543 2.950000 0.001822 0.953757 0.300572 0.000000 0.000000 0.000000 0.000000 1.000000
0.999784 0.004482 -0.020282 -0.000000 -0.020691 0.300544 -0.953544 2.950000 0.001822 0.953757 0.300572 0.000000 0.000000 0.000000 0.000000 1.000000
0.999784 0.004482 -0.020282 0.000000 -0.020691 0.300544 -0.953544 2.950000 0.001822 0.953757 0.300572 0.000000 0.000000 0.000000 0.000000 1.000000
0.999784 0.004482 -0.020282 0.000000 -0.020691 0.300544 -0.953543 2.950000 0.001822 0.953757 0.300572 0.000000 0.000000 0.000000 0.000000 1.000000
0.999784 0.004482 -0.020282 0.000000 -0.020691 0.300544 -0.953544 2.950000 0.001822 0.953757 0.300572 0.000000 0.000000 0.000000 0.000000 1.000000
0.999784 0.004482 -0.020282 0.000000 -0.020691 0.300544 -0.953543 2.950000 0.001822 0.953757 0.300572 0.000000 0.000000 0.000000 0.000000 1.000000
0.999784 0.004482 -0.020282 0.000000 -0.020691 0.300544 -0.953543 2.950000 0.001822 0.953757 0.300572 0.000000 0.000000 0.000000 0.000000 1.000000
0.999784 0.004482 -0.020282 0.000000 -0.020691 0.300544 -0.953543 2.950000 0.001822 0.953757 0.300572 0.000000 0.000000 0.000000 0.000000 1.000000
0.999784 0.004482 -0.020282 -0.000000 -0.020691 0.300544 -0.953544 2.950000 0.001822 0.953758 0.300572 -0.000000 0.000000 0.000000 0.000000 1.000000
0.999784 0.004482 -0.020282 0.000000 -0.020691 0.300544 -0.953544 2.950000 0.001822 0.953757 0.300572 0.000000 0.000000 0.000000 0.000000 1.000000
0.999784 0.004482 -0.020282 0.000000 -0.020691 0.300544 -0.953544 2.950000 0.001822 0.953757 0.300572 0.000000 0.000000 0.000000 0.000000 1.000000
0.999784 0.004482 -0.020282 0.000000 -0.020691 0.300544 -0.953544 2.950000 0.001822 0.953757 0.300572 0.000000 0.000000 0.000000 0.000000 1.000000
0.999784 0.004482 -0.020282 0.000000 -0.020691 0.300544 -0.953543 2.950000 0.001822 0.953757 0.300572 0.000000 0.000000 0.000000 0.000000 1.000000
0.999784 0.004482 -0.020282 -0.000000 -0.020691 0.300544 -0.953544 2.950000 0.001822 0.953757 0.300572 0.000000 0.000000 0.000000 0.000000 1.000000
0.999784 0.004482 -0.020282 0.000000 -0.020692 0.300544 -0.953543 2.950000 0.001822 0.953757 0.300572 -0.000000 0.000000 0.000000 0.000000 1.000000
0.999784 0.004482 -0.020282 0.000000 -0.020691 0.300544 -0.953543 2.950000 0.001822 0.953757 0.300572 -0.000000 0.000000 0.000000 0.000000 1.000000
0.999784 0.004482 -0.020282 0.000000 -0.020691 0.300544 -0.953543 2.950000 0.001822 0.953757 0.300572 0.000000 0.000000 0.000000 0.000000 1.000000
0.999784 0.004482 -0.020282 0.000000 -0.020692 0.300544 -0.953543 2.950000 0.001822 0.953757 0.300572 -0.000000 0.000000 0.000000 0.000000 1.000000
0.999784 0.004482 -0.020282 0.000000 -0.020692 0.300544 -0.953544 2.950000 0.001822 0.953757 0.300572 -0.000000 0.000000 0.000000 0.000000 1.000000
0.999784 0.004482 -0.020282 -0.000000 -0.020692 0.300544 -0.953543 2.950000 0.001822 0.953757 0.300572 0.000000 0.000000 0.000000 0.000000 1.000000
0.999784 0.004482 -0.020282 -0.000000 -0.020692 0.300544 -0.953543 2.950000 0.001822 0.953757 0.300572 0.000000 0.000000 0.000000 0.000000 1.000000
0.999784 0.004482 -0.020282 0.000000 -0.020692 0.300544 -0.953543 2.950000 0.001822 0.953757 0.300572 0.000000 0.000000 0.000000 0.000000 1.000000
0.999784 0.004482 -0.020282 0.000000 -0.020691 0.300544 -0.953543 2.950000 0.001822 0.953757 0.300572 0.000000 0.000000 0.000000 0.000000 1.000000
0.999784 0.004482 -0.020282 0.000000 -0.020692 0.300544 -0.953543 2.950000 0.001822 0.953757 0.300572 0.000000 0.000000 0.000000 0.000000 1.000000
0.999784 0.004482 -0.020282 0.000000 -0.020691 0.300544 -0.953544 2.950000 0.001822 0.953757 0.300572 0.000000 0.000000 0.000000 0.000000 1.000000
0.999784 0.004482 -0.020282 -0.000000 -0.020691 0.300544 -0.953544 2.950000 0.001822 0.953757 0.300572 0.000000 0.000000 0.000000 0.000000 1.000000
0.999784 0.004482 -0.020282 0.000000 -0.020692 0.300544 -0.953543 2.950000 0.001822 0.953757 0.300572 0.000000 0.000000 0.000000 0.000000 1.000000
0.999784 0.004482 -0.020282 0.000000 -0.020691 0.300544 -0.953543 2.950000 0.001822 0.953757 0.300572 0.000000 0.000000 0.000000 0.000000 1.000000
0.999784 0.004482 -0.020282 0.000000 -0.020691 0.300544 -0.953544 2.950000 0.001822 0.953757 0.300572 0.000000 0.000000 0.000000 0.000000 1.000000
0.999784 0.004482 -0.020282 0.000000 -0.020691 0.300544 -0.953543 2.950000 0.001822 0.953757 0.300572 0.000000 0.000000 0.000000 0.000000 1.000000
0.999784 0.004482 -0.020282 0.000000 -0.020691 0.300544 -0.953543 2.950000 0.001822 0.953757 0.300572 0.000000 0.000000 0.000000 0.000000 1.000000
0.999784 0.004482 -0.020282 -0.000000 -0.020692 0.300544 -0.953544 2.950000 0.001822 0.953757 0.300572 -0.000000 0.000000 0.000000 0.000000 1.000000
0.999784 0.004482 -0.020282 0.000000 -0.020691 0.300544 -0.953543 2.950000 0.001822 0.953757 0.300572 0.000000 0.000000 0.000000 0.000000 1.000000
0.999784 0.004482 -0.020282 0.000000 -0.020691 0.300544 -0.953543 2.950000 0.001822 0.953757 0.300572 0.000000 0.000000 0.000000 0.000000 1.000000
0.999784 0.004481 -0.020282 -0.000000 -0.020691 0.300544 -0.953543 2.950000 0.001823 0.953757 0.300572 0.000000 0.000000 0.000000 0.000000 1.000000
0.999784 0.004482 -0.020282 0.000000 -0.020691 0.300544 -0.953544 2.950000 0.001822 0.953757 0.300572 0.000000 0.000000 0.000000 0.000000 1.000000
0.999784 0.004482 -0.020283 0.000000 -0.020692 0.300544 -0.953543 2.950000 0.001822 0.953757 0.300572 0.000000 0.000000 0.000000 0.000000 1.000000
0.999784 0.004482 -0.020282 0.000000 -0.020692 0.300544 -0.953543 2.950000 0.001822 0.953757 0.300572 0.000000 0.000000 0.000000 0.000000 1.000000</float_array>
        <technique_common>
          <accessor source="#mixamorig_LeftHandRing3-Matrix-animation-output-transform-array" count="46" stride="16">
            <param type="float4x4"/>
          </accessor>
        </technique_common>
      </source>
      <source id="mixamorig_LeftHandRing3-Interpolations">
        <Name_array id="mixamorig_LeftHandRing3-Interpolations-array" count="46">
 LINEAR LINEAR LINEAR LINEAR LINEAR LINEAR LINEAR LINEAR LINEAR LINEAR LINEAR
LINEAR LINEAR LINEAR LINEAR LINEAR LINEAR LINEAR LINEAR LINEAR LINEAR LINEAR LINEAR
LINEAR LINEAR LINEAR LINEAR LINEAR LINEAR LINEAR LINEAR LINEAR LINEAR LINEAR LINEAR
LINEAR LINEAR LINEAR LINEAR LINEAR LINEAR LINEAR LINEAR LINEAR LINEAR LINEAR</Name_array>
        <technique_common>
          <accessor source="#mixamorig_LeftHandRing3-Interpolations-array" count="46">
            <param type="name"/>
          </accessor>
        </technique_common>
      </source>
      <sampler id="mixamorig_LeftHandRing3-Matrix-animation-transform">
        <input semantic="INPUT" source="#mixamorig_LeftHandRing3-Matrix-animation-input"/>
        <input semantic="OUTPUT" source="#mixamorig_LeftHandRing3-Matrix-animation-output-transform"/>
        <input semantic="INTERPOLATION" source="#mixamorig_LeftHandRing3-Interpolations"/>
      </sampler>
      <channel source="#mixamorig_LeftHandRing3-Matrix-animation-transform" target="mixamorig_LeftHandRing3/matrix"/>
    </animation>
    <animation id="mixamorig_LeftHandPinky1-anim" name="mixamorig_LeftHandPinky1">
      <source id="mixamorig_LeftHandPinky1-Matrix-animation-input">
        <float_array id="mixamorig_LeftHandPinky1-Matrix-animation-input-array" count="46">

0.000000 0.033333 0.066667 0.100000 0.133333 0.166667 0.200000 0.233333 0.266667 0.300000 0.333333 0.366667 0.400000 0.433333 0.466667 0.500000
0.533333 0.566667 0.600000 0.633333 0.666667 0.700000 0.733333 0.766667 0.800000 0.833333 0.866667 0.900000 0.933333 0.966667 1.000000 1.033333
1.066667 1.100000 1.133333 1.166667 1.200000 1.233333 1.266667 1.300000 1.333333 1.366667 1.400000 1.433333 1.466667 1.500000</float_array>
        <technique_common>
          <accessor source="#mixamorig_LeftHandPinky1-Matrix-animation-input-array" count="46">
            <param name="TIME" type="float"/>
          </accessor>
        </technique_common>
      </source>
      <source id="mixamorig_LeftHandPinky1-Matrix-animation-output-transform">
        <float_array id="mixamorig_LeftHandPinky1-Matrix-animation-output-transform-array" count="736">

0.977785 -0.143233 -0.153036 3.806300 -0.143730 0.073273 -0.986901 8.077800 0.152571 0.986973 0.051058 0.486900 0.000000 0.000000 0.000000 1.000000
0.977785 -0.143234 -0.153037 3.806300 -0.143730 0.073273 -0.986901 8.077800 0.152571 0.986973 0.051058 0.486900 0.000000 0.000000 0.000000 1.000000
0.977785 -0.143233 -0.153036 3.806300 -0.143729 0.073273 -0.986901 8.077800 0.152570 0.986973 0.051058 0.486900 0.000000 0.000000 0.000000 1.000000
0.977785 -0.143233 -0.153037 3.806300 -0.143730 0.073273 -0.986901 8.077800 0.152571 0.986973 0.051058 0.486900 0.000000 0.000000 0.000000 1.000000
0.977785 -0.143233 -0.153036 3.806300 -0.143730 0.073273 -0.986901 8.077800 0.152571 0.986973 0.051058 0.486900 0.000000 0.000000 0.000000 1.000000
0.977785 -0.143233 -0.153036 3.806300 -0.143730 0.073273 -0.986901 8.077800 0.152571 0.986973 0.051058 0.486900 0.000000 0.000000 0.000000 1.000000
0.977785 -0.143234 -0.153037 3.806300 -0.143730 0.073273 -0.986901 8.077800 0.152571 0.986973 0.051058 0.486900 0.000000 0.000000 0.000000 1.000000
0.977785 -0.143233 -0.153036 3.806300 -0.143730 0.073273 -0.986901 8.077800 0.152570 0.986973 0.051058 0.486900 0.000000 0.000000 0.000000 1.000000
0.977785 -0.143233 -0.153036 3.806300 -0.143730 0.073272 -0.986901 8.077800 0.152570 0.986973 0.051058 0.486900 0.000000 0.000000 0.000000 1.000000
0.977785 -0.143233 -0.153036 3.806300 -0.143730 0.073273 -0.986901 8.077800 0.152570 0.986973 0.051058 0.486900 0.000000 0.000000 0.000000 1.000000
0.977785 -0.143233 -0.153037 3.806300 -0.143730 0.073273 -0.986901 8.077800 0.152570 0.986973 0.051058 0.486900 0.000000 0.000000 0.000000 1.000000
0.977785 -0.143234 -0.153036 3.806300 -0.143729 0.073273 -0.986901 8.077800 0.152571 0.986973 0.051058 0.486900 0.000000 0.000000 0.000000 1.000000
0.977785 -0.143233 -0.153037 3.806300 -0.143730 0.073273 -0.986901 8.077800 0.152570 0.986973 0.051058 0.486900 0.000000 0.000000 0.000000 1.000000
0.977785 -0.143233 -0.153037 3.806300 -0.143730 0.073273 -0.986901 8.077800 0.152571 0.986973 0.051058 0.486900 0.000000 0.000000 0.000000 1.000000
0.977785 -0.143233 -0.153037 3.806300 -0.143730 0.073272 -0.986901 8.077800 0.152571 0.986973 0.051058 0.486900 0.000000 0.000000 0.000000 1.000000
0.977785 -0.143233 -0.153036 3.806300 -0.143730 0.073273 -0.986901 8.077800 0.152571 0.986973 0.051058 0.486900 0.000000 0.000000 0.000000 1.000000
0.977785 -0.143233 -0.153036 3.806300 -0.143730 0.073272 -0.986901 8.077800 0.152571 0.986973 0.051058 0.486900 0.000000 0.000000 0.000000 1.000000
0.977785 -0.143233 -0.153036 3.806300 -0.143729 0.073273 -0.986901 8.077800 0.152570 0.986973 0.051058 0.486900 0.000000 0.000000 0.000000 1.000000
0.977785 -0.143233 -0.153037 3.806300 -0.143730 0.073273 -0.986901 8.077800 0.152571 0.986973 0.051058 0.486900 0.000000 0.000000 0.000000 1.000000
0.977785 -0.143233 -0.153036 3.806300 -0.143730 0.073273 -0.986901 8.077800 0.152570 0.986973 0.051058 0.486900 0.000000 0.000000 0.000000 1.000000
0.977785 -0.143234 -0.153036 3.806300 -0.143729 0.073273 -0.986901 8.077800 0.152571 0.986973 0.051058 0.486900 0.000000 0.000000 0.000000 1.000000
0.977785 -0.143234 -0.153037 3.806300 -0.143730 0.073273 -0.986901 8.077800 0.152571 0.986973 0.051058 0.486900 0.000000 0.000000 0.000000 1.000000
0.977785 -0.143234 -0.153037 3.806300 -0.143730 0.073273 -0.986901 8.077800 0.152571 0.986973 0.051058 0.486900 0.000000 0.000000 0.000000 1.000000
0.977785 -0.143233 -0.153037 3.806300 -0.143730 0.073273 -0.986901 8.077800 0.152571 0.986973 0.051058 0.486900 0.000000 0.000000 0.000000 1.000000
0.977785 -0.143233 -0.153036 3.806300 -0.143730 0.073273 -0.986901 8.077800 0.152571 0.986973 0.051058 0.486900 0.000000 0.000000 0.000000 1.000000
0.977785 -0.143234 -0.153037 3.806300 -0.143730 0.073273 -0.986901 8.077800 0.152571 0.986973 0.051058 0.486900 0.000000 0.000000 0.000000 1.000000
0.977785 -0.143234 -0.153036 3.806300 -0.143729 0.073273 -0.986901 8.077800 0.152571 0.986973 0.051058 0.486900 0.000000 0.000000 0.000000 1.000000
0.977785 -0.143233 -0.153036 3.806300 -0.143730 0.073273 -0.986901 8.077800 0.152570 0.986973 0.051058 0.486900 0.000000 0.000000 0.000000 1.000000
0.977785 -0.143233 -0.153036 3.806300 -0.143730 0.073273 -0.986901 8.077800 0.152570 0.986973 0.051058 0.486900 0.000000 0.000000 0.000000 1.000000
0.977785 -0.143233 -0.153037 3.806300 -0.143730 0.073273 -0.986901 8.077800 0.152571 0.986973 0.051058 0.486900 0.000000 0.000000 0.000000 1.000000
0.977785 -0.143233 -0.153037 3.806300 -0.143730 0.073273 -0.986901 8.077800 0.152570 0.986973 0.051058 0.486900 0.000000 0.000000 0.000000 1.000000
0.977785 -0.143233 -0.153036 3.806300 -0.143729 0.073273 -0.986901 8.077800 0.152571 0.986973 0.051058 0.486900 0.000000 0.000000 0.000000 1.000000
0.977785 -0.143233 -0.153036 3.806300 -0.143729 0.073273 -0.986901 8.077800 0.152570 0.986973 0.051058 0.486900 0.000000 0.000000 0.000000 1.000000
0.977785 -0.143233 -0.153036 3.806300 -0.143729 0.073273 -0.986901 8.077800 0.152570 0.986973 0.051058 0.486900 0.000000 0.000000 0.000000 1.000000
0.977785 -0.143234 -0.153036 3.806300 -0.143729 0.073273 -0.986901 8.077800 0.152571 0.986973 0.051058 0.486900 0.000000 0.000000 0.000000 1.000000
0.977785 -0.143234 -0.153036 3.806300 -0.143729 0.073273 -0.986901 8.077800 0.152571 0.986973 0.051058 0.486900 0.000000 0.000000 0.000000 1.000000
0.977785 -0.143233 -0.153037 3.806300 -0.143730 0.073273 -0.986901 8.077800 0.152570 0.986973 0.051058 0.486900 0.000000 0.000000 0.000000 1.000000
0.977785 -0.143233 -0.153036 3.806300 -0.143730 0.073273 -0.986901 8.077800 0.152571 0.986973 0.051058 0.486900 0.000000 0.000000 0.000000 1.000000
0.977785 -0.143233 -0.153036 3.806300 -0.143730 0.073273 -0.986901 8.077800 0.152570 0.986973 0.051058 0.486900 0.000000 0.000000 0.000000 1.000000
0.977785 -0.143234 -0.153037 3.806300 -0.143730 0.073273 -0.986901 8.077800 0.152571 0.986973 0.051058 0.486900 0.000000 0.000000 0.000000 1.000000
0.977785 -0.143234 -0.153036 3.806300 -0.143729 0.073273 -0.986901 8.077800 0.152571 0.986973 0.051058 0.486900 0.000000 0.000000 0.000000 1.000000
0.977785 -0.143234 -0.153037 3.806300 -0.143730 0.073273 -0.986901 8.077800 0.152571 0.986973 0.051058 0.486900 0.000000 0.000000 0.000000 1.000000
0.977785 -0.143233 -0.153037 3.806300 -0.143730 0.073273 -0.986901 8.077800 0.152571 0.986973 0.051058 0.486900 0.000000 0.000000 0.000000 1.000000
0.977785 -0.143234 -0.153037 3.806300 -0.143730 0.073273 -0.986901 8.077800 0.152571 0.986973 0.051058 0.486900 0.000000 0.000000 0.000000 1.000000
0.977785 -0.143234 -0.153036 3.806300 -0.143729 0.073273 -0.986901 8.077800 0.152571 0.986973 0.051058 0.486900 0.000000 0.000000 0.000000 1.000000
0.977785 -0.143233 -0.153036 3.806300 -0.143730 0.073273 -0.986901 8.077800 0.152570 0.986973 0.051058 0.486900 0.000000 0.000000 0.000000 1.000000</float_array>
        <technique_common>
          <accessor source="#mixamorig_LeftHandPinky1-Matrix-animation-output-transform-array" count="46" stride="16">
            <param type="float4x4"/>
          </accessor>
        </technique_common>
      </source>
      <source id="mixamorig_LeftHandPinky1-Interpolations">
        <Name_array id="mixamorig_LeftHandPinky1-Interpolations-array" count="46">
 LINEAR LINEAR LINEAR LINEAR LINEAR LINEAR LINEAR LINEAR LINEAR LINEAR LINEAR
LINEAR LINEAR LINEAR LINEAR LINEAR LINEAR LINEAR LINEAR LINEAR LINEAR LINEAR LINEAR
LINEAR LINEAR LINEAR LINEAR LINEAR LINEAR LINEAR LINEAR LINEAR LINEAR LINEAR LINEAR
LINEAR LINEAR LINEAR LINEAR LINEAR LINEAR LINEAR LINEAR LINEAR LINEAR LINEAR</Name_array>
        <technique_common>
          <accessor source="#mixamorig_LeftHandPinky1-Interpolations-array" count="46">
            <param type="name"/>
          </accessor>
        </technique_common>
      </source>
      <sampler id="mixamorig_LeftHandPinky1-Matrix-animation-transform">
        <input semantic="INPUT" source="#mixamorig_LeftHandPinky1-Matrix-animation-input"/>
        <input semantic="OUTPUT" source="#mixamorig_LeftHandPinky1-Matrix-animation-output-transform"/>
        <input semantic="INTERPOLATION" source="#mixamorig_LeftHandPinky1-Interpolations"/>
      </sampler>
      <channel source="#mixamorig_LeftHandPinky1-Matrix-animation-transform" target="mixamorig_LeftHandPinky1/matrix"/>
    </animation>
    <animation id="mixamorig_LeftHandPinky2-anim" name="mixamorig_LeftHandPinky2">
      <source id="mixamorig_LeftHandPinky2-Matrix-animation-input">
        <float_array id="mixamorig_LeftHandPinky2-Matrix-animation-input-array" count="46">

0.000000 0.033333 0.066667 0.100000 0.133333 0.166667 0.200000 0.233333 0.266667 0.300000 0.333333 0.366667 0.400000 0.433333 0.466667 0.500000
0.533333 0.566667 0.600000 0.633333 0.666667 0.700000 0.733333 0.766667 0.800000 0.833333 0.866667 0.900000 0.933333 0.966667 1.000000 1.033333
1.066667 1.100000 1.133333 1.166667 1.200000 1.233333 1.266667 1.300000 1.333333 1.366667 1.400000 1.433333 1.466667 1.500000</float_array>
        <technique_common>
          <accessor source="#mixamorig_LeftHandPinky2-Matrix-animation-input-array" count="46">
            <param name="TIME" type="float"/>
          </accessor>
        </technique_common>
      </source>
      <source id="mixamorig_LeftHandPinky2-Matrix-animation-output-transform">
        <float_array id="mixamorig_LeftHandPinky2-Matrix-animation-output-transform-array" count="736">

0.999999 -0.001125 0.000892 0.000000 0.001166 0.273864 -0.961768 3.600000 0.000838 0.961768 0.273865 -0.000000 0.000000 0.000000 0.000000 1.000000
0.999999 -0.001125 0.000892 0.000000 0.001166 0.273864 -0.961768 3.600000 0.000837 0.961768 0.273865 0.000000 0.000000 0.000000 0.000000 1.000000
0.999999 -0.001125 0.000892 0.000000 0.001166 0.273864 -0.961768 3.600000 0.000838 0.961768 0.273865 0.000000 0.000000 0.000000 0.000000 1.000000
0.999999 -0.001125 0.000892 0.000000 0.001166 0.273864 -0.961768 3.600000 0.000837 0.961768 0.273865 0.000000 0.000000 0.000000 0.000000 1.000000
0.999999 -0.001125 0.000892 0.000000 0.001166 0.273864 -0.961768 3.600000 0.000837 0.961768 0.273865 0.000000 0.000000 0.000000 0.000000 1.000000
0.999999 -0.001125 0.000892 -0.000000 0.001166 0.273864 -0.961768 3.600000 0.000838 0.961768 0.273865 0.000000 0.000000 0.000000 0.000000 1.000000
0.999999 -0.001125 0.000892 0.000000 0.001166 0.273864 -0.961768 3.600000 0.000838 0.961768 0.273865 0.000000 0.000000 0.000000 0.000000 1.000000
0.999999 -0.001125 0.000892 0.000000 0.001166 0.273864 -0.961768 3.600000 0.000838 0.961768 0.273865 0.000000 0.000000 0.000000 0.000000 1.000000
0.999999 -0.001125 0.000892 0.000000 0.001166 0.273864 -0.961768 3.600000 0.000838 0.961768 0.273865 -0.000000 0.000000 0.000000 0.000000 1.000000
0.999999 -0.001125 0.000892 0.000000 0.001166 0.273864 -0.961768 3.600000 0.000838 0.961768 0.273865 0.000000 0.000000 0.000000 0.000000 1.000000
0.999999 -0.001125 0.000892 0.000000 0.001166 0.273864 -0.961768 3.600000 0.000837 0.961768 0.273865 0.000000 0.000000 0.000000 0.000000 1.000000
0.999999 -0.001125 0.000892 0.000000 0.001166 0.273864 -0.961768 3.600000 0.000838 0.961768 0.273865 -0.000000 0.000000 0.000000 0.000000 1.000000
0.999999 -0.001125 0.000892 0.000000 0.001166 0.273864 -0.961768 3.600000 0.000837 0.961768 0.273865 -0.000000 0.000000 0.000000 0.000000 1.000000
0.999999 -0.001125 0.000892 0.000000 0.001166 0.273864 -0.961768 3.600000 0.000838 0.961768 0.273865 0.000000 0.000000 0.000000 0.000000 1.000000
0.999999 -0.001125 0.000892 0.000000 0.001166 0.273865 -0.961768 3.600000 0.000837 0.961768 0.273866 -0.000000 0.000000 0.000000 0.000000 1.000000
0.999999 -0.001125 0.000892 -0.000000 0.001166 0.273864 -0.961768 3.600000 0.000838 0.961768 0.273865 0.000000 0.000000 0.000000 0.000000 1.000000
0.999999 -0.001125 0.000892 0.000000 0.001166 0.273865 -0.961768 3.600000 0.000838 0.961768 0.273866 -0.000000 0.000000 0.000000 0.000000 1.000000
0.999999 -0.001125 0.000892 0.000000 0.001166 0.273864 -0.961768 3.600000 0.000838 0.961768 0.273865 -0.000000 0.000000 0.000000 0.000000 1.000000
0.999999 -0.001125 0.000892 0.000000 0.001166 0.273864 -0.961768 3.600000 0.000838 0.961768 0.273865 -0.000000 0.000000 0.000000 0.000000 1.000000
0.999999 -0.001125 0.000892 0.000000 0.001166 0.273864 -0.961768 3.600000 0.000838 0.961768 0.273865 -0.000000 0.000000 0.000000 0.000000 1.000000
0.999999 -0.001125 0.000892 0.000000 0.001166 0.273864 -0.961768 3.600000 0.000838 0.961768 0.273865 0.000000 0.000000 0.000000 0.000000 1.000000
0.999999 -0.001125 0.000892 0.000000 0.001166 0.273865 -0.961768 3.600000 0.000838 0.961768 0.273866 0.000000 0.000000 0.000000 0.000000 1.000000
0.999999 -0.001125 0.000892 0.000000 0.001166 0.273865 -0.961768 3.600000 0.000838 0.961768 0.273866 -0.000000 0.000000 0.000000 0.000000 1.000000
0.999999 -0.001125 0.000892 0.000000 0.001166 0.273864 -0.961768 3.600000 0.000838 0.961768 0.273865 0.000000 0.000000 0.000000 0.000000 1.000000
0.999999 -0.001125 0.000892 0.000000 0.001166 0.273864 -0.961768 3.600000 0.000838 0.961768 0.273865 0.000000 0.000000 0.000000 0.000000 1.000000
0.999999 -0.001125 0.000892 0.000000 0.001166 0.273864 -0.961768 3.600000 0.000838 0.961768 0.273865 0.000000 0.000000 0.000000 0.000000 1.000000
0.999999 -0.001125 0.000892 0.000000 0.001166 0.273865 -0.961768 3.600000 0.000838 0.961768 0.273866 0.000000 0.000000 0.000000 0.000000 1.000000
0.999999 -0.001125 0.000892 -0.000000 0.001166 0.273864 -0.961768 3.600000 0.000838 0.961768 0.273865 0.000000 0.000000 0.000000 0.000000 1.000000
0.999999 -0.001125 0.000892 0.000000 0.001166 0.273865 -0.961768 3.600000 0.000838 0.961768 0.273866 -0.000000 0.000000 0.000000 0.000000 1.000000
0.999999 -0.001125 0.000892 0.000000 0.001166 0.273864 -0.961768 3.600000 0.000838 0.961768 0.273865 0.000000 0.000000 0.000000 0.000000 1.000000
0.999999 -0.001125 0.000892 -0.000000 0.001166 0.273865 -0.961768 3.600000 0.000838 0.961768 0.273866 -0.000000 0.000000 0.000000 0.000000 1.000000
0.999999 -0.001125 0.000892 0.000000 0.001166 0.273864 -0.961768 3.600000 0.000838 0.961768 0.273865 -0.000000 0.000000 0.000000 0.000000 1.000000
0.999999 -0.001125 0.000892 0.000000 0.001166 0.273864 -0.961768 3.600000 0.000838 0.961768 0.273865 0.000000 0.000000 0.000000 0.000000 1.000000
0.999999 -0.001125 0.000892 0.000000 0.001166 0.273864 -0.961768 3.600000 0.000837 0.961768 0.273865 0.000000 0.000000 0.000000 0.000000 1.000000
0.999999 -0.001125 0.000892 -0.000000 0.001166 0.273864 -0.961768 3.600000 0.000838 0.961768 0.273865 0.000000 0.000000 0.000000 0.000000 1.000000
0.999999 -0.001125 0.000892 -0.000000 0.001166 0.273864 -0.961768 3.600000 0.000838 0.961768 0.273865 -0.000000 0.000000 0.000000 0.000000 1.000000
0.999999 -0.001125 0.000892 0.000000 0.001166 0.273864 -0.961768 3.600000 0.000838 0.961768 0.273865 -0.000000 0.000000 0.000000 0.000000 1.000000
0.999999 -0.001125 0.000892 0.000000 0.001166 0.273864 -0.961768 3.600000 0.000838 0.961768 0.273865 0.000000 0.000000 0.000000 0.000000 1.000000
0.999999 -0.001125 0.000892 0.000000 0.001166 0.273864 -0.961768 3.600000 0.000838 0.961768 0.273865 0.000000 0.000000 0.000000 0.000000 1.000000
0.999999 -0.001125 0.000892 0.000000 0.001166 0.273864 -0.961768 3.600000 0.000838 0.961768 0.273865 0.000000 0.000000 0.000000 0.000000 1.000000
0.999999 -0.001125 0.000892 -0.000000 0.001166 0.273864 -0.961768 3.600000 0.000838 0.961768 0.273865 0.000000 0.000000 0.000000 0.000000 1.000000
0.999999 -0.001125 0.000892 0.000000 0.001166 0.273864 -0.961768 3.600000 0.000837 0.961768 0.273865 -0.000000 0.000000 0.000000 0.000000 1.000000
0.999999 -0.001125 0.000892 0.000000 0.001166 0.273864 -0.961768 3.600000 0.000838 0.961768 0.273865 0.000000 0.000000 0.000000 0.000000 1.000000
0.999999 -0.001125 0.000892 0.000000 0.001166 0.273864 -0.961768 3.600000 0.000838 0.961768 0.273865 0.000000 0.000000 0.000000 0.000000 1.000000
0.999999 -0.001125 0.000892 -0.000000 0.001166 0.273865 -0.961768 3.600000 0.000838 0.961768 0.273866 -0.000000 0.000000 0.000000 0.000000 1.000000
0.999999 -0.001125 0.000892 -0.000000 0.001166 0.273864 -0.961768 3.600000 0.000838 0.961768 0.273865 -0.000000 0.000000 0.000000 0.000000 1.000000</float_array>
        <technique_common>
          <accessor source="#mixamorig_LeftHandPinky2-Matrix-animation-output-transform-array" count="46" stride="16">
            <param type="float4x4"/>
          </accessor>
        </technique_common>
      </source>
      <source id="mixamorig_LeftHandPinky2-Interpolations">
        <Name_array id="mixamorig_LeftHandPinky2-Interpolations-array" count="46">
 LINEAR LINEAR LINEAR LINEAR LINEAR LINEAR LINEAR LINEAR LINEAR LINEAR LINEAR
LINEAR LINEAR LINEAR LINEAR LINEAR LINEAR LINEAR LINEAR LINEAR LINEAR LINEAR LINEAR
LINEAR LINEAR LINEAR LINEAR LINEAR LINEAR LINEAR LINEAR LINEAR LINEAR LINEAR LINEAR
LINEAR LINEAR LINEAR LINEAR LINEAR LINEAR LINEAR LINEAR LINEAR LINEAR LINEAR</Name_array>
        <technique_common>
          <accessor source="#mixamorig_LeftHandPinky2-Interpolations-array" count="46">
            <param type="name"/>
          </accessor>
        </technique_common>
      </source>
      <sampler id="mixamorig_LeftHandPinky2-Matrix-animation-transform">
        <input semantic="INPUT" source="#mixamorig_LeftHandPinky2-Matrix-animation-input"/>
        <input semantic="OUTPUT" source="#mixamorig_LeftHandPinky2-Matrix-animation-output-transform"/>
        <input semantic="INTERPOLATION" source="#mixamorig_LeftHandPinky2-Interpolations"/>
      </sampler>
      <channel source="#mixamorig_LeftHandPinky2-Matrix-animation-transform" target="mixamorig_LeftHandPinky2/matrix"/>
    </animation>
    <animation id="mixamorig_LeftHandPinky3-anim" name="mixamorig_LeftHandPinky3">
      <source id="mixamorig_LeftHandPinky3-Matrix-animation-input">
        <float_array id="mixamorig_LeftHandPinky3-Matrix-animation-input-array" count="46">

0.000000 0.033333 0.066667 0.100000 0.133333 0.166667 0.200000 0.233333 0.266667 0.300000 0.333333 0.366667 0.400000 0.433333 0.466667 0.500000
0.533333 0.566667 0.600000 0.633333 0.666667 0.700000 0.733333 0.766667 0.800000 0.833333 0.866667 0.900000 0.933333 0.966667 1.000000 1.033333
1.066667 1.100000 1.133333 1.166667 1.200000 1.233333 1.266667 1.300000 1.333333 1.366667 1.400000 1.433333 1.466667 1.500000</float_array>
        <technique_common>
          <accessor source="#mixamorig_LeftHandPinky3-Matrix-animation-input-array" count="46">
            <param name="TIME" type="float"/>
          </accessor>
        </technique_common>
      </source>
      <source id="mixamorig_LeftHandPinky3-Matrix-animation-output-transform">
        <float_array id="mixamorig_LeftHandPinky3-Matrix-animation-output-transform-array" count="736">

1.000000 -0.000839 0.000461 0.000000 0.000901 0.661982 -0.749519 2.100000 0.000324 0.749519 0.661983 0.000000 0.000000 0.000000 0.000000 1.000000
1.000000 -0.000839 0.000461 0.000000 0.000901 0.661982 -0.749519 2.100000 0.000324 0.749519 0.661982 0.000000 0.000000 0.000000 0.000000 1.000000
1.000000 -0.000839 0.000461 -0.000000 0.000901 0.661982 -0.749519 2.100000 0.000324 0.749519 0.661982 0.000000 0.000000 0.000000 0.000000 1.000000
1.000000 -0.000839 0.000461 0.000000 0.000901 0.661982 -0.749519 2.100000 0.000324 0.749519 0.661982 0.000000 0.000000 0.000000 0.000000 1.000000
1.000000 -0.000839 0.000461 0.000000 0.000901 0.661982 -0.749519 2.100000 0.000324 0.749519 0.661982 0.000000 0.000000 0.000000 0.000000 1.000000
1.000000 -0.000839 0.000461 0.000000 0.000901 0.661982 -0.749519 2.100000 0.000324 0.749519 0.661983 0.000000 0.000000 0.000000 0.000000 1.000000
1.000000 -0.000839 0.000461 0.000000 0.000901 0.661982 -0.749519 2.100000 0.000324 0.749519 0.661982 0.000000 0.000000 0.000000 0.000000 1.000000
1.000000 -0.000839 0.000461 -0.000000 0.000901 0.661982 -0.749519 2.100000 0.000323 0.749519 0.661982 0.000000 0.000000 0.000000 0.000000 1.000000
1.000000 -0.000839 0.000461 0.000000 0.000900 0.661982 -0.749519 2.100000 0.000323 0.749519 0.661983 0.000000 0.000000 0.000000 0.000000 1.000000
1.000000 -0.000839 0.000461 0.000000 0.000901 0.661982 -0.749519 2.100000 0.000324 0.749519 0.661982 -0.000000 0.000000 0.000000 0.000000 1.000000
1.000000 -0.000839 0.000461 0.000000 0.000901 0.661982 -0.749519 2.100000 0.000324 0.749519 0.661983 0.000000 0.000000 0.000000 0.000000 1.000000
1.000000 -0.000839 0.000461 0.000000 0.000901 0.661982 -0.749519 2.100000 0.000324 0.749519 0.661982 0.000000 0.000000 0.000000 0.000000 1.000000
1.000000 -0.000839 0.000461 0.000000 0.000901 0.661982 -0.749519 2.100000 0.000324 0.749519 0.661982 0.000000 0.000000 0.000000 0.000000 1.000000
1.000000 -0.000839 0.000461 0.000000 0.000901 0.661982 -0.749519 2.100000 0.000324 0.749519 0.661982 -0.000000 0.000000 0.000000 0.000000 1.000000
1.000000 -0.000839 0.000461 0.000000 0.000901 0.661982 -0.749519 2.100000 0.000324 0.749519 0.661982 0.000000 0.000000 0.000000 0.000000 1.000000
1.000000 -0.000839 0.000461 0.000000 0.000901 0.661982 -0.749519 2.100000 0.000324 0.749519 0.661983 0.000000 0.000000 0.000000 0.000000 1.000000
1.000000 -0.000839 0.000461 0.000000 0.000901 0.661982 -0.749519 2.100000 0.000323 0.749519 0.661982 0.000000 0.000000 0.000000 0.000000 1.000000
1.000000 -0.000839 0.000461 0.000000 0.000901 0.661982 -0.749519 2.100000 0.000324 0.749519 0.661982 -0.000000 0.000000 0.000000 0.000000 1.000000
1.000000 -0.000839 0.000461 -0.000000 0.000901 0.661982 -0.749519 2.100000 0.000324 0.749519 0.661983 0.000000 0.000000 0.000000 0.000000 1.000000
1.000000 -0.000839 0.000461 0.000000 0.000901 0.661982 -0.749519 2.100000 0.000324 0.749519 0.661982 0.000000 0.000000 0.000000 0.000000 1.000000
1.000000 -0.000839 0.000461 0.000000 0.000901 0.661982 -0.749519 2.100000 0.000323 0.749519 0.661983 0.000000 0.000000 0.000000 0.000000 1.000000
1.000000 -0.000839 0.000461 0.000000 0.000901 0.661982 -0.749519 2.100000 0.000323 0.749519 0.661982 0.000000 0.000000 0.000000 0.000000 1.000000
1.000000 -0.000839 0.000461 0.000000 0.000901 0.661982 -0.749519 2.100000 0.000323 0.749519 0.661983 -0.000000 0.000000 0.000000 0.000000 1.000000
1.000000 -0.000839 0.000461 0.000000 0.000901 0.661982 -0.749519 2.100000 0.000324 0.749520 0.661982 -0.000000 0.000000 0.000000 0.000000 1.000000
1.000000 -0.000839 0.000461 0.000000 0.000901 0.661982 -0.749519 2.100000 0.000324 0.749520 0.661982 0.000000 0.000000 0.000000 0.000000 1.000000
1.000000 -0.000839 0.000461 0.000000 0.000901 0.661982 -0.749519 2.100000 0.000324 0.749519 0.661982 0.000000 0.000000 0.000000 0.000000 1.000000
1.000000 -0.000839 0.000461 0.000000 0.000901 0.661982 -0.749519 2.100000 0.000324 0.749519 0.661982 0.000000 0.000000 0.000000 0.000000 1.000000
1.000000 -0.000839 0.000461 0.000000 0.000901 0.661982 -0.749519 2.100000 0.000324 0.749519 0.661982 0.000000 0.000000 0.000000 0.000000 1.000000
1.000000 -0.000839 0.000461 0.000000 0.000901 0.661982 -0.749519 2.100000 0.000324 0.749519 0.661982 -0.000000 0.000000 0.000000 0.000000 1.000000
1.000000 -0.000839 0.000461 0.000000 0.000901 0.661982 -0.749519 2.100000 0.000324 0.749519 0.661982 0.000000 0.000000 0.000000 0.000000 1.000000
1.000000 -0.000839 0.000461 0.000000 0.000901 0.661982 -0.749519 2.100000 0.000324 0.749519 0.661982 0.000000 0.000000 0.000000 0.000000 1.000000
1.000000 -0.000839 0.000461 0.000000 0.000901 0.661982 -0.749519 2.100000 0.000324 0.749519 0.661983 0.000000 0.000000 0.000000 0.000000 1.000000
1.000000 -0.000839 0.000461 0.000000 0.000901 0.661982 -0.749519 2.100000 0.000324 0.749519 0.661982 0.000000 0.000000 0.000000 0.000000 1.000000
1.000000 -0.000839 0.000461 0.000000 0.000901 0.661982 -0.749519 2.100000 0.000324 0.749519 0.661983 -0.000000 0.000000 0.000000 0.000000 1.000000
1.000000 -0.000839 0.000461 0.000000 0.000901 0.661982 -0.749519 2.100000 0.000323 0.749519 0.661982 0.000000 0.000000 0.000000 0.000000 1.000000
1.000000 -0.000839 0.000461 -0.000000 0.000901 0.661982 -0.749519 2.100000 0.000324 0.749519 0.661983 0.000000 0.000000 0.000000 0.000000 1.000000
1.000000 -0.000839 0.000461 0.000000 0.000901 0.661982 -0.749519 2.100000 0.000324 0.749519 0.661982 0.000000 0.000000 0.000000 0.000000 1.000000
1.000000 -0.000839 0.000461 0.000000 0.000901 0.661982 -0.749519 2.100000 0.000324 0.749519 0.661983 -0.000000 0.000000 0.000000 0.000000 1.000000
1.000000 -0.000839 0.000461 0.000000 0.000901 0.661982 -0.749519 2.100000 0.000324 0.749519 0.661982 0.000000 0.000000 0.000000 0.000000 1.000000
1.000000 -0.000839 0.000461 0.000000 0.000901 0.661982 -0.749519 2.100000 0.000324 0.749519 0.661982 -0.000000 0.000000 0.000000 0.000000 1.000000
1.000000 -0.000839 0.000461 0.000000 0.000901 0.661982 -0.749519 2.100000 0.000324 0.749519 0.661982 0.000000 0.000000 0.000000 0.000000 1.000000
1.000000 -0.000839 0.000461 0.000000 0.000901 0.661982 -0.749519 2.100000 0.000324 0.749519 0.661982 0.000000 0.000000 0.000000 0.000000 1.000000
1.000000 -0.000839 0.000461 0.000000 0.000901 0.661982 -0.749519 2.100000 0.000324 0.749519 0.661983 0.000000 0.000000 0.000000 0.000000 1.000000
1.000000 -0.000839 0.000461 -0.000000 0.000901 0.661982 -0.749519 2.100000 0.000323 0.749519 0.661982 0.000000 0.000000 0.000000 0.000000 1.000000
1.000000 -0.000839 0.000461 0.000000 0.000901 0.661982 -0.749519 2.100000 0.000324 0.749519 0.661982 -0.000000 0.000000 0.000000 0.000000 1.000000
1.000000 -0.000839 0.000461 0.000000 0.000901 0.661982 -0.749519 2.100000 0.000324 0.749519 0.661983 0.000000 0.000000 0.000000 0.000000 1.000000</float_array>
        <technique_common>
          <accessor source="#mixamorig_LeftHandPinky3-Matrix-animation-output-transform-array" count="46" stride="16">
            <param type="float4x4"/>
          </accessor>
        </technique_common>
      </source>
      <source id="mixamorig_LeftHandPinky3-Interpolations">
        <Name_array id="mixamorig_LeftHandPinky3-Interpolations-array" count="46">
 LINEAR LINEAR LINEAR LINEAR LINEAR LINEAR LINEAR LINEAR LINEAR LINEAR LINEAR
LINEAR LINEAR LINEAR LINEAR LINEAR LINEAR LINEAR LINEAR LINEAR LINEAR LINEAR LINEAR
LINEAR LINEAR LINEAR LINEAR LINEAR LINEAR LINEAR LINEAR LINEAR LINEAR LINEAR LINEAR
LINEAR LINEAR LINEAR LINEAR LINEAR LINEAR LINEAR LINEAR LINEAR LINEAR LINEAR</Name_array>
        <technique_common>
          <accessor source="#mixamorig_LeftHandPinky3-Interpolations-array" count="46">
            <param type="name"/>
          </accessor>
        </technique_common>
      </source>
      <sampler id="mixamorig_LeftHandPinky3-Matrix-animation-transform">
        <input semantic="INPUT" source="#mixamorig_LeftHandPinky3-Matrix-animation-input"/>
        <input semantic="OUTPUT" source="#mixamorig_LeftHandPinky3-Matrix-animation-output-transform"/>
        <input semantic="INTERPOLATION" source="#mixamorig_LeftHandPinky3-Interpolations"/>
      </sampler>
      <channel source="#mixamorig_LeftHandPinky3-Matrix-animation-transform" target="mixamorig_LeftHandPinky3/matrix"/>
    </animation>
    <animation id="mixamorig_RightUpLeg-anim" name="mixamorig_RightUpLeg">
      <source id="mixamorig_RightUpLeg-Matrix-animation-input">
        <float_array id="mixamorig_RightUpLeg-Matrix-animation-input-array" count="46">

0.000000 0.033333 0.066667 0.100000 0.133333 0.166667 0.200000 0.233333 0.266667 0.300000 0.333333 0.366667 0.400000 0.433333 0.466667 0.500000
0.533333 0.566667 0.600000 0.633333 0.666667 0.700000 0.733333 0.766667 0.800000 0.833333 0.866667 0.900000 0.933333 0.966667 1.000000 1.033333
1.066667 1.100000 1.133333 1.166667 1.200000 1.233333 1.266667 1.300000 1.333333 1.366667 1.400000 1.433333 1.466667 1.500000</float_array>
        <technique_common>
          <accessor source="#mixamorig_RightUpLeg-Matrix-animation-input-array" count="46">
            <param name="TIME" type="float"/>
          </accessor>
        </technique_common>
      </source>
      <source id="mixamorig_RightUpLeg-Matrix-animation-output-transform">
        <float_array id="mixamorig_RightUpLeg-Matrix-animation-output-transform-array" count="736">

-0.773760 -0.540496 -0.330394 -8.207800 0.295411 -0.769238 0.566574 -6.771800 -0.560382 0.340790 0.754874 -1.512200 0.000000 0.000000 0.000000 1.000000
-0.771602 -0.558328 -0.304794 -8.207800 0.301506 -0.742924 0.597627 -6.771800 -0.560111 0.369233 0.741581 -1.512200 0.000000 0.000000 0.000000 1.000000
-0.763562 -0.580612 -0.282598 -8.207800 0.313916 -0.716206 0.623303 -6.771800 -0.564295 0.387219 0.729131 -1.512200 0.000000 0.000000 0.000000 1.000000
-0.752354 -0.604337 -0.262182 -8.207800 0.328776 -0.689351 0.645524 -6.771800 -0.570850 0.399464 0.717328 -1.512200 0.000000 0.000000 0.000000 1.000000
-0.737681 -0.629353 -0.244421 -8.207800 0.345673 -0.663044 0.663990 -6.771800 -0.579946 0.405323 0.706665 -1.512200 0.000000 0.000000 0.000000 1.000000
-0.721211 -0.653408 -0.230026 -8.207800 0.362749 -0.639135 0.678174 -6.771800 -0.590142 0.405665 0.697974 -1.512200 0.000000 0.000000 0.000000 1.000000
-0.702218 -0.676517 -0.221843 -8.207800 0.381758 -0.620800 0.684740 -6.771800 -0.600959 0.396146 0.694202 -1.512200 0.000000 0.000000 0.000000 1.000000
-0.685126 -0.696741 -0.212497 -8.207800 0.401991 -0.604927 0.687362 -6.771800 -0.607458 0.385508 0.694535 -1.512200 0.000000 0.000000 0.000000 1.000000
-0.676187 -0.706953 -0.207338 -8.207800 0.415997 -0.598650 0.684518 -6.771800 -0.608045 0.376610 0.698889 -1.512200 0.000000 0.000000 0.000000 1.000000
-0.665125 -0.721382 -0.192918 -8.207800 0.440467 -0.587630 0.678734 -6.771800 -0.602990 0.366469 0.708593 -1.512200 0.000000 0.000000 0.000000 1.000000
-0.654888 -0.732607 -0.185494 -8.207800 0.481025 -0.593399 0.645363 -6.771800 -0.582869 0.333413 0.741012 -1.512200 0.000000 0.000000 0.000000 1.000000
-0.666061 -0.722239 -0.186370 -8.207800 0.518836 -0.628118 0.579894 -6.771800 -0.535885 0.289549 0.793088 -1.512200 0.000000 0.000000 0.000000 1.000000
-0.699850 -0.681348 -0.214417 -8.207800 0.534970 -0.698889 0.474722 -6.771800 -0.473304 0.217528 0.853618 -1.512200 0.000000 0.000000 0.000000 1.000000
-0.733470 -0.619042 -0.280727 -8.207800 0.520706 -0.777188 0.353332 -6.771800 -0.436905 0.112982 0.892384 -1.512200 0.000000 0.000000 0.000000 1.000000
-0.753246 -0.541504 -0.373354 -8.207800 0.514764 -0.838680 0.177858 -6.771800 -0.409436 -0.058219 0.910479 -1.512200 0.000000 0.000000 0.000000 1.000000
-0.782569 -0.470734 -0.407426 -8.207800 0.501665 -0.864350 0.035076 -6.771800 -0.368670 -0.176942 0.912565 -1.512200 0.000000 0.000000 0.000000 1.000000
-0.798890 -0.426237 -0.424378 -8.207800 0.490261 -0.870203 -0.048898 -6.771800 -0.348453 -0.247120 0.904164 -1.512200 0.000000 0.000000 0.000000 1.000000
-0.816847 -0.375803 -0.437645 -8.207800 0.469502 -0.873911 -0.125885 -6.771800 -0.335155 -0.308304 0.890292 -1.512200 0.000000 0.000000 0.000000 1.000000
-0.839788 -0.306293 -0.448263 -8.207800 0.420092 -0.889624 -0.179141 -6.771800 -0.343916 -0.338752 0.875768 -1.512200 0.000000 0.000000 0.000000 1.000000
-0.859194 -0.233693 -0.455163 -8.207800 0.355773 -0.912208 -0.203227 -6.771800 -0.367711 -0.336546 0.866906 -1.512200 0.000000 0.000000 0.000000 1.000000
-0.869943 -0.179977 -0.459137 -8.207800 0.295725 -0.935442 -0.193638 -6.771800 -0.394646 -0.304232 0.867005 -1.512200 0.000000 0.000000 0.000000 1.000000
-0.866430 -0.142899 -0.478413 -8.207800 0.252912 -0.951759 -0.173752 -6.771800 -0.430505 -0.271541 0.860774 -1.512200 0.000000 0.000000 0.000000 1.000000
-0.861808 -0.128601 -0.490662 -8.207800 0.213130 -0.969600 -0.120217 -6.771800 -0.460286 -0.208179 0.863017 -1.512200 0.000000 0.000000 0.000000 1.000000
-0.856728 -0.120567 -0.501479 -8.207800 0.173168 -0.983095 -0.059482 -6.771800 -0.485830 -0.137800 0.863123 -1.512200 0.000000 0.000000 0.000000 1.000000
-0.851525 -0.113308 -0.511924 -8.207800 0.133884 -0.990991 -0.003357 -6.771800 -0.506932 -0.071397 0.859024 -1.512200 0.000000 0.000000 0.000000 1.000000
-0.847408 -0.105442 -0.520367 -8.207800 0.100164 -0.994232 0.038346 -6.771800 -0.521409 -0.019627 0.853081 -1.512200 0.000000 0.000000 0.000000 1.000000
-0.855114 -0.115195 -0.505481 -8.207800 0.095256 -0.993314 0.065224 -6.771800 -0.509614 0.007623 0.860369 -1.512200 0.000000 0.000000 0.000000 1.000000
-0.873413 -0.126366 -0.470299 -8.207800 0.095266 -0.991423 0.089466 -6.771800 -0.477571 0.033338 0.877961 -1.512200 0.000000 0.000000 0.000000 1.000000
-0.893142 -0.139012 -0.427753 -8.207800 0.099589 -0.988555 0.113322 -6.771800 -0.438610 0.058613 0.896764 -1.512200 0.000000 0.000000 0.000000 1.000000
-0.913642 -0.170833 -0.368882 -8.207800 0.125007 -0.981513 0.144934 -6.771800 -0.386822 0.086305 0.918107 -1.512200 0.000000 0.000000 0.000000 1.000000
-0.936562 -0.202125 -0.286351 -8.207800 0.157990 -0.972719 0.169873 -6.771800 -0.312875 0.113855 0.942945 -1.512200 0.000000 0.000000 0.000000 1.000000
-0.956587 -0.248390 -0.152460 -8.207800 0.218667 -0.957517 0.188007 -6.771800 -0.192682 0.146507 0.970263 -1.512200 0.000000 0.000000 0.000000 1.000000
-0.962822 -0.270130 -0.002048 -8.207800 0.265031 -0.946062 0.186350 -6.771800 -0.052277 0.178879 0.982481 -1.512200 0.000000 0.000000 0.000000 1.000000
-0.949282 -0.301169 0.090340 -8.207800 0.314016 -0.922755 0.223424 -6.771800 0.016073 0.240460 0.970526 -1.512200 0.000000 0.000000 0.000000 1.000000
-0.932616 -0.348913 0.092125 -8.207800 0.360666 -0.892603 0.270519 -6.771800 -0.012157 0.285517 0.958297 -1.512200 0.000000 0.000000 0.000000 1.000000
-0.914659 -0.402047 0.041917 -8.207800 0.391792 -0.856223 0.336721 -6.771800 -0.099487 0.324407 0.940671 -1.512200 0.000000 0.000000 0.000000 1.000000
-0.872427 -0.479547 -0.094367 -8.207800 0.416817 -0.830858 0.368698 -6.771800 -0.255213 0.282329 0.924747 -1.512200 0.000000 0.000000 0.000000 1.000000
-0.814987 -0.535215 -0.222130 -8.207800 0.432244 -0.816787 0.382132 -6.771800 -0.385955 0.215418 0.897014 -1.512200 0.000000 0.000000 0.000000 1.000000
-0.765535 -0.553607 -0.327835 -8.207800 0.432372 -0.819992 0.375057 -6.771800 -0.476456 0.145373 0.867097 -1.512200 0.000000 0.000000 0.000000 1.000000
-0.731601 -0.549512 -0.403481 -8.207800 0.411904 -0.827904 0.380671 -6.771800 -0.543227 0.112304 0.832041 -1.512200 0.000000 0.000000 0.000000 1.000000
-0.719384 -0.562016 -0.408196 -8.207800 0.374557 -0.808767 0.453434 -6.771800 -0.584973 0.173301 0.792322 -1.512200 0.000000 0.000000 0.000000 1.000000
-0.720192 -0.578240 -0.383356 -8.207800 0.362762 -0.784874 0.502371 -6.771800 -0.591377 0.222737 0.775023 -1.512200 0.000000 0.000000 0.000000 1.000000
-0.730385 -0.577080 -0.365399 -8.207800 0.347491 -0.774498 0.528586 -6.771800 -0.588037 0.259099 0.766212 -1.512200 0.000000 0.000000 0.000000 1.000000
-0.744533 -0.567253 -0.351987 -8.207800 0.330418 -0.771264 0.544037 -6.771800 -0.580081 0.288750 0.761662 -1.512200 0.000000 0.000000 0.000000 1.000000
-0.759781 -0.553801 -0.340643 -8.207800 0.312910 -0.770711 0.555060 -6.771800 -0.569930 0.315134 0.758861 -1.512200 0.000000 0.000000 0.000000 1.000000
-0.773760 -0.540496 -0.330394 -8.207800 0.295412 -0.769238 0.566573 -6.771800 -0.560382 0.340789 0.754874 -1.512200 0.000000 0.000000 0.000000 1.000000</float_array>
        <technique_common>
          <accessor source="#mixamorig_RightUpLeg-Matrix-animation-output-transform-array" count="46" stride="16">
            <param type="float4x4"/>
          </accessor>
        </technique_common>
      </source>
      <source id="mixamorig_RightUpLeg-Interpolations">
        <Name_array id="mixamorig_RightUpLeg-Interpolations-array" count="46">
 LINEAR LINEAR LINEAR LINEAR LINEAR LINEAR LINEAR LINEAR LINEAR LINEAR LINEAR
LINEAR LINEAR LINEAR LINEAR LINEAR LINEAR LINEAR LINEAR LINEAR LINEAR LINEAR LINEAR
LINEAR LINEAR LINEAR LINEAR LINEAR LINEAR LINEAR LINEAR LINEAR LINEAR LINEAR LINEAR
LINEAR LINEAR LINEAR LINEAR LINEAR LINEAR LINEAR LINEAR LINEAR LINEAR LINEAR</Name_array>
        <technique_common>
          <accessor source="#mixamorig_RightUpLeg-Interpolations-array" count="46">
            <param type="name"/>
          </accessor>
        </technique_common>
      </source>
      <sampler id="mixamorig_RightUpLeg-Matrix-animation-transform">
        <input semantic="INPUT" source="#mixamorig_RightUpLeg-Matrix-animation-input"/>
        <input semantic="OUTPUT" source="#mixamorig_RightUpLeg-Matrix-animation-output-transform"/>
        <input semantic="INTERPOLATION" source="#mixamorig_RightUpLeg-Interpolations"/>
      </sampler>
      <channel source="#mixamorig_RightUpLeg-Matrix-animation-transform" target="mixamorig_RightUpLeg/matrix"/>
    </animation>
    <animation id="mixamorig_RightLeg-anim" name="mixamorig_RightLeg">
      <source id="mixamorig_RightLeg-Matrix-animation-input">
        <float_array id="mixamorig_RightLeg-Matrix-animation-input-array" count="46">

0.000000 0.033333 0.066667 0.100000 0.133333 0.166667 0.200000 0.233333 0.266667 0.300000 0.333333 0.366667 0.400000 0.433333 0.466667 0.500000
0.533333 0.566667 0.600000 0.633333 0.666667 0.700000 0.733333 0.766667 0.800000 0.833333 0.866667 0.900000 0.933333 0.966667 1.000000 1.033333
1.066667 1.100000 1.133333 1.166667 1.200000 1.233333 1.266667 1.300000 1.333333 1.366667 1.400000 1.433333 1.466667 1.500000</float_array>
        <technique_common>
          <accessor source="#mixamorig_RightLeg-Matrix-animation-input-array" count="46">
            <param name="TIME" type="float"/>
          </accessor>
        </technique_common>
      </source>
      <source id="mixamorig_RightLeg-Matrix-animation-output-transform">
        <float_array id="mixamorig_RightLeg-Matrix-animation-output-transform-array" count="736">

0.995162 0.092327 0.033592 0.000000 -0.088571 0.695091 0.713445 44.371498 0.042521 -0.712969 0.699905 0.000000 0.000000 0.000000 0.000000 1.000000
0.994869 0.094693 0.035611 0.000000 -0.090922 0.682546 0.725165 44.371498 0.044362 -0.724682 0.687654 -0.000000 0.000000 0.000000 0.000000 1.000000
0.994653 0.096267 0.037381 0.000000 -0.093251 0.681720 0.725646 44.371498 0.044372 -0.725252 0.687052 0.000000 0.000000 0.000000 0.000000 1.000000
0.994577 0.097264 0.036824 0.000000 -0.093939 0.688221 0.719394 44.371498 0.044628 -0.718952 0.693626 0.000000 0.000000 0.000000 0.000000 1.000000
0.994871 0.096838 0.029232 0.000000 -0.089101 0.702121 0.706461 44.371498 0.047888 -0.705442 0.707148 0.000000 0.000000 0.000000 0.000000 1.000000
0.995469 0.094483 0.010679 0.000000 -0.075848 0.721328 0.688427 44.371498 0.057341 -0.686118 0.725227 -0.000000 0.000000 0.000000 0.000000 1.000000
0.995612 0.089288 -0.028002 0.000000 -0.048512 0.748380 0.661494 44.371498 0.080019 -0.657233 0.749428 0.000000 0.000000 0.000000 0.000000 1.000000
0.995212 0.083362 -0.051023 -0.000000 -0.034273 0.786550 0.616575 44.371498 0.091531 -0.611874 0.785641 -0.000000 0.000000 0.000000 0.000000 1.000000
0.993778 0.076708 -0.080750 -0.000000 -0.017397 0.823030 0.567732 44.371498 0.110009 -0.562795 0.819243 0.000000 0.000000 0.000000 0.000000 1.000000
0.988787 0.068217 -0.132839 0.000000 0.016554 0.834007 0.551506 44.371498 0.148411 -0.547521 0.823526 0.000000 0.000000 0.000000 0.000000 1.000000
0.993003 0.049221 -0.107338 -0.000000 0.015040 0.848863 0.528400 44.371498 0.117124 -0.526317 0.842183 0.000000 0.000000 0.000000 0.000000 1.000000
0.998797 0.031067 0.037932 -0.000000 -0.045974 0.862309 0.504292 44.371498 -0.017042 -0.505429 0.862700 0.000000 0.000000 0.000000 0.000000 1.000000
0.977297 0.027730 0.210051 0.000000 -0.121762 0.884838 0.449706 44.371498 -0.173391 -0.465072 0.868126 -0.000000 0.000000 0.000000 0.000000 1.000000
0.945556 0.024152 0.324562 -0.000000 -0.153665 0.912219 0.379794 44.371498 -0.286899 -0.408990 0.866266 -0.000000 0.000000 0.000000 0.000000 1.000000
0.928304 0.015856 0.371483 0.000000 -0.143304 0.937162 0.318105 44.371498 -0.343097 -0.348533 0.872244 0.000000 0.000000 0.000000 0.000000 1.000000
0.942736 0.009319 0.333408 0.000000 -0.147448 0.908274 0.391533 44.371498 -0.299177 -0.418272 0.857637 -0.000000 0.000000 0.000000 0.000000 1.000000
0.959946 0.002988 0.280168 -0.000000 -0.143971 0.863094 0.484088 44.371498 -0.240365 -0.505034 0.828954 0.000000 0.000000 0.000000 0.000000 1.000000
0.972129 -0.004756 0.234397 -0.000000 -0.127414 0.828537 0.545246 44.371498 -0.196800 -0.559915 0.804839 -0.000000 0.000000 0.000000 0.000000 1.000000
0.981119 -0.008998 0.193195 0.000000 -0.103250 0.820291 0.562549 44.371498 -0.163538 -0.571875 0.803874 0.000000 0.000000 0.000000 0.000000 1.000000
0.987895 -0.010090 0.154798 0.000000 -0.078668 0.827463 0.555983 44.371498 -0.133699 -0.561430 0.816652 0.000000 0.000000 0.000000 0.000000 1.000000
0.991883 -0.010149 0.126745 0.000000 -0.062074 0.831299 0.552348 44.371498 -0.110968 -0.555733 0.823922 -0.000000 0.000000 0.000000 0.000000 1.000000
0.989090 -0.008810 0.147049 0.000000 -0.069957 0.850380 0.521497 44.371498 -0.129642 -0.526095 0.840486 0.000000 0.000000 0.000000 0.000000 1.000000
0.988499 -0.009172 0.150951 0.000000 -0.071758 0.850188 0.521566 44.371498 -0.133120 -0.526399 0.839752 0.000000 0.000000 0.000000 0.000000 1.000000
0.988532 -0.010524 0.150646 -0.000000 -0.071612 0.845604 0.528985 44.371498 -0.132954 -0.533707 0.835153 -0.000000 0.000000 0.000000 0.000000 1.000000
0.988941 -0.012517 0.147780 0.000000 -0.068792 0.844044 0.531844 44.371498 -0.131390 -0.536128 0.833848 -0.000000 0.000000 0.000000 0.000000 1.000000
0.990019 -0.015488 0.140082 0.000000 -0.060869 0.849473 0.524110 44.371498 -0.127113 -0.527405 0.840051 -0.000000 0.000000 0.000000 0.000000 1.000000
0.992964 -0.029086 0.114792 0.000000 -0.036568 0.846681 0.530843 44.371498 -0.112632 -0.531305 0.839660 0.000000 0.000000 0.000000 0.000000 1.000000
0.993937 -0.045568 0.100065 -0.000000 -0.016138 0.839764 0.542712 44.371498 -0.108762 -0.541036 0.833937 -0.000000 0.000000 0.000000 0.000000 1.000000
0.995010 -0.056008 0.082578 0.000000 0.000276 0.829147 0.559031 44.371498 -0.099779 -0.556219 0.825024 -0.000000 0.000000 0.000000 0.000000 1.000000
0.996392 -0.068366 0.050300 -0.000000 0.024935 0.802258 0.596457 44.371498 -0.081131 -0.593050 0.801068 -0.000000 0.000000 0.000000 0.000000 1.000000
0.996074 -0.080895 0.035962 0.000000 0.040468 0.777360 0.627754 44.371498 -0.078738 -0.623833 0.777581 0.000000 0.000000 0.000000 0.000000 1.000000
0.996312 -0.085404 0.008250 0.000000 0.057588 0.736889 0.673556 44.371498 -0.063603 -0.670597 0.739090 -0.000000 0.000000 0.000000 0.000000 1.000000
0.996429 -0.082161 -0.019486 0.000000 0.071400 0.696608 0.713891 44.371498 -0.045079 -0.712732 0.699986 -0.000000 0.000000 0.000000 0.000000 1.000000
0.997466 -0.065004 -0.028903 0.000000 0.063747 0.636371 0.768745 44.371498 -0.031579 -0.768639 0.638902 0.000000 0.000000 0.000000 0.000000 1.000000
0.999183 -0.035873 0.018620 0.000000 0.006482 0.596972 0.802236 44.371498 -0.039894 -0.801460 0.596717 0.000000 0.000000 0.000000 0.000000 1.000000
0.992808 -0.008988 0.119378 0.000000 -0.091049 0.590769 0.801687 44.371498 -0.077731 -0.806791 0.585702 0.000000 0.000000 0.000000 0.000000 1.000000
0.973891 0.011081 0.226745 -0.000000 -0.174961 0.673073 0.718583 44.371498 -0.144653 -0.739493 0.657439 0.000000 0.000000 0.000000 0.000000 1.000000
0.953197 0.015241 0.301967 -0.000000 -0.202136 0.774848 0.598958 44.371498 -0.224850 -0.631963 0.741664 0.000000 0.000000 0.000000 0.000000 1.000000
0.954486 0.018746 0.297666 0.000000 -0.163324 0.867939 0.469049 44.371498 -0.249563 -0.496316 0.831498 0.000000 0.000000 0.000000 0.000000 1.000000
0.981954 0.036375 0.185590 0.000000 -0.107304 0.915239 0.388360 44.371498 -0.155733 -0.401266 0.902626 0.000000 0.000000 0.000000 0.000000 1.000000
0.994559 0.066412 0.080259 0.000000 -0.096461 0.878024 0.468795 44.371498 -0.039336 -0.473987 0.879653 0.000000 0.000000 0.000000 0.000000 1.000000
0.997966 0.053866 0.034099 -0.000000 -0.063723 0.826688 0.559041 44.371498 0.001924 -0.560077 0.828439 -0.000000 0.000000 0.000000 0.000000 1.000000
0.998118 0.057943 0.020066 -0.000000 -0.058039 0.787111 0.614075 44.371498 0.019787 -0.614084 0.788993 0.000000 0.000000 0.000000 0.000000 1.000000
0.997395 0.069028 0.020959 -0.000000 -0.065916 0.753973 0.653590 44.371498 0.029313 -0.653268 0.756559 0.000000 0.000000 0.000000 0.000000 1.000000
0.996209 0.082136 0.028662 0.000000 -0.079423 0.724318 0.684876 44.371498 0.035492 -0.684556 0.728095 0.000000 0.000000 0.000000 0.000000 1.000000
0.995162 0.092327 0.033592 0.000000 -0.088571 0.695093 0.713443 44.371498 0.042520 -0.712967 0.699907 0.000000 0.000000 0.000000 0.000000 1.000000</float_array>
        <technique_common>
          <accessor source="#mixamorig_RightLeg-Matrix-animation-output-transform-array" count="46" stride="16">
            <param type="float4x4"/>
          </accessor>
        </technique_common>
      </source>
      <source id="mixamorig_RightLeg-Interpolations">
        <Name_array id="mixamorig_RightLeg-Interpolations-array" count="46">
 LINEAR LINEAR LINEAR LINEAR LINEAR LINEAR LINEAR LINEAR LINEAR LINEAR LINEAR
LINEAR LINEAR LINEAR LINEAR LINEAR LINEAR LINEAR LINEAR LINEAR LINEAR LINEAR LINEAR
LINEAR LINEAR LINEAR LINEAR LINEAR LINEAR LINEAR LINEAR LINEAR LINEAR LINEAR LINEAR
LINEAR LINEAR LINEAR LINEAR LINEAR LINEAR LINEAR LINEAR LINEAR LINEAR LINEAR</Name_array>
        <technique_common>
          <accessor source="#mixamorig_RightLeg-Interpolations-array" count="46">
            <param type="name"/>
          </accessor>
        </technique_common>
      </source>
      <sampler id="mixamorig_RightLeg-Matrix-animation-transform">
        <input semantic="INPUT" source="#mixamorig_RightLeg-Matrix-animation-input"/>
        <input semantic="OUTPUT" source="#mixamorig_RightLeg-Matrix-animation-output-transform"/>
        <input semantic="INTERPOLATION" source="#mixamorig_RightLeg-Interpolations"/>
      </sampler>
      <channel source="#mixamorig_RightLeg-Matrix-animation-transform" target="mixamorig_RightLeg/matrix"/>
    </animation>
    <animation id="mixamorig_RightFoot-anim" name="mixamorig_RightFoot">
      <source id="mixamorig_RightFoot-Matrix-animation-input">
        <float_array id="mixamorig_RightFoot-Matrix-animation-input-array" count="46">

0.000000 0.033333 0.066667 0.100000 0.133333 0.166667 0.200000 0.233333 0.266667 0.300000 0.333333 0.366667 0.400000 0.433333 0.466667 0.500000
0.533333 0.566667 0.600000 0.633333 0.666667 0.700000 0.733333 0.766667 0.800000 0.833333 0.866667 0.900000 0.933333 0.966667 1.000000 1.033333
1.066667 1.100000 1.133333 1.166667 1.200000 1.233333 1.266667 1.300000 1.333333 1.366667 1.400000 1.433333 1.466667 1.500000</float_array>
        <technique_common>
          <accessor source="#mixamorig_RightFoot-Matrix-animation-input-array" count="46">
            <param name="TIME" type="float"/>
          </accessor>
        </technique_common>
      </source>
      <source id="mixamorig_RightFoot-Matrix-animation-output-transform">
        <float_array id="mixamorig_RightFoot-Matrix-animation-output-transform-array" count="736">

0.867829 -0.252685 0.427811 0.000000 0.492956 0.330116 -0.804996 44.527802 0.062183 0.909491 0.411047 0.000000 0.000000 0.000000 0.000000 1.000000
0.868503 -0.254102 0.425599 0.000000 0.491557 0.330950 -0.805508 44.527802 0.063829 0.908792 0.412337 -0.000000 0.000000 0.000000 0.000000 1.000000
0.864801 -0.263948 0.427143 -0.000000 0.497773 0.339034 -0.798297 44.527802 0.065893 0.902988 0.424583 0.000000 0.000000 0.000000 0.000000 1.000000
0.859181 -0.277558 0.429847 0.000000 0.507259 0.351970 -0.786641 44.527802 0.067046 0.893912 0.443200 -0.000000 0.000000 0.000000 0.000000 1.000000
0.853231 -0.291939 0.432167 0.000000 0.517356 0.369133 -0.772064 44.527802 0.065869 0.882334 0.465992 0.000000 0.000000 0.000000 0.000000 1.000000
0.848227 -0.304297 0.433490 0.000000 0.525965 0.387816 -0.756941 44.527802 0.062220 0.870058 0.489006 -0.000000 0.000000 0.000000 0.000000 1.000000
0.843797 -0.313286 0.435728 0.000000 0.533761 0.405594 -0.742020 44.527802 0.055736 0.858688 0.509458 -0.000000 0.000000 0.000000 0.000000 1.000000
0.832473 -0.325884 0.448094 0.000000 0.552381 0.425112 -0.717046 44.527802 0.043184 0.844440 0.533906 0.000000 0.000000 0.000000 0.000000 1.000000
0.833185 -0.325630 0.446953 0.000000 0.552355 0.451202 -0.700943 44.527802 0.026582 0.830892 0.555798 0.000000 0.000000 0.000000 0.000000 1.000000
0.897612 -0.252681 0.361172 0.000000 0.440219 0.472303 -0.763634 44.527802 0.022373 0.844442 0.535180 0.000000 0.000000 0.000000 0.000000 1.000000
0.934479 -0.211957 0.286047 0.000000 0.355394 0.507841 -0.784725 44.527802 0.021062 0.834968 0.549895 -0.000000 0.000000 0.000000 0.000000 1.000000
0.953334 -0.208155 0.218690 -0.000000 0.301217 0.606438 -0.735868 44.527802 0.020553 0.767401 0.640838 0.000000 0.000000 0.000000 0.000000 1.000000
0.971763 -0.178704 0.154083 -0.000000 0.235846 0.715388 -0.657720 44.527802 0.007308 0.675488 0.737335 -0.000000 0.000000 0.000000 0.000000 1.000000
0.995971 -0.075406 0.048538 0.000000 0.089635 0.853800 -0.512826 44.527802 -0.002772 0.515111 0.857119 -0.000000 0.000000 0.000000 0.000000 1.000000
0.998965 0.010028 -0.044376 0.000000 -0.024316 0.942088 -0.334482 44.527802 0.038452 0.335215 0.941357 -0.000000 0.000000 0.000000 0.000000 1.000000
0.999476 -0.000319 -0.032374 0.000000 -0.011387 0.932596 -0.360742 44.527802 0.030307 0.360921 0.932104 0.000000 0.000000 0.000000 0.000000 1.000000
0.998960 -0.042889 0.015467 0.000000 0.045041 0.875684 -0.480779 44.527802 0.007076 0.480976 0.876705 0.000000 0.000000 0.000000 0.000000 1.000000
0.995948 -0.069852 0.056646 0.000000 0.089930 0.778937 -0.620621 44.527802 -0.000772 0.623200 0.782062 -0.000000 0.000000 0.000000 0.000000 1.000000
0.994666 -0.071695 0.074159 0.000000 0.103100 0.668839 -0.736224 44.527802 0.003183 0.739942 0.672663 0.000000 0.000000 0.000000 0.000000 1.000000
0.995797 -0.059868 0.069312 -0.000000 0.091190 0.577639 -0.811183 44.527802 0.008527 0.814094 0.580670 0.000000 0.000000 0.000000 0.000000 1.000000
0.997363 -0.047298 0.055044 0.000000 0.071791 0.531883 -0.843769 44.527802 0.010632 0.845496 0.533876 0.000000 0.000000 0.000000 0.000000 1.000000
0.996957 -0.052907 0.057257 0.000000 0.077460 0.589295 -0.804196 44.527802 0.008806 0.806184 0.591600 -0.000000 0.000000 0.000000 0.000000 1.000000
0.996984 -0.055536 0.054201 -0.000000 0.077308 0.650091 -0.755913 44.527802 0.006745 0.757824 0.652424 0.000000 0.000000 0.000000 0.000000 1.000000
0.997063 -0.057606 0.050473 0.000000 0.076438 0.707020 -0.703050 44.527802 0.004815 0.704843 0.709347 0.000000 0.000000 0.000000 0.000000 1.000000
0.997174 -0.058839 0.046720 0.000000 0.075057 0.752486 -0.654317 44.527802 0.003344 0.655974 0.754776 -0.000000 0.000000 0.000000 0.000000 1.000000
0.997270 -0.059105 0.044268 -0.000000 0.073809 0.779245 -0.622358 44.527802 0.002289 0.623926 0.781480 0.000000 0.000000 0.000000 0.000000 1.000000
0.996188 -0.066420 0.056549 0.000000 0.087195 0.776950 -0.623495 44.527802 -0.002523 0.626049 0.779780 0.000000 0.000000 0.000000 0.000000 1.000000
0.994299 -0.076505 0.074277 0.000000 0.106238 0.770453 -0.628582 44.527802 -0.009137 0.632890 0.774188 0.000000 0.000000 0.000000 0.000000 1.000000
0.991312 -0.089303 0.096568 -0.000000 0.130580 0.756341 -0.641012 44.527802 -0.015794 0.648053 0.761431 0.000000 0.000000 0.000000 0.000000 1.000000
0.988016 -0.099594 0.117920 -0.000000 0.152994 0.732965 -0.662839 44.527802 -0.020416 0.672936 0.739419 0.000000 0.000000 0.000000 0.000000 1.000000
0.983271 -0.111415 0.144102 0.000000 0.180743 0.694953 -0.695968 44.527802 -0.022603 0.710371 0.703465 0.000000 0.000000 0.000000 0.000000 1.000000
0.977512 -0.118514 0.174426 0.000000 0.210284 0.609917 -0.764056 44.527802 -0.015834 0.783553 0.621123 0.000000 0.000000 0.000000 0.000000 1.000000
0.972057 -0.122005 0.200548 0.000000 0.234733 0.513604 -0.825295 44.527802 -0.002312 0.849309 0.527891 0.000000 0.000000 0.000000 0.000000 1.000000
0.963073 -0.136587 0.232021 0.000000 0.269210 0.476010 -0.837222 44.527802 0.003909 0.868768 0.495203 -0.000000 0.000000 0.000000 0.000000 1.000000
0.952061 -0.159180 0.261231 0.000000 0.305781 0.519823 -0.797673 44.527802 -0.008820 0.839312 0.543578 0.000000 0.000000 0.000000 0.000000 1.000000
0.935546 -0.190460 0.297455 0.000000 0.352504 0.556542 -0.752331 44.527802 -0.022257 0.808694 0.587808 0.000000 0.000000 0.000000 0.000000 1.000000
0.912708 -0.235972 0.333588 0.000000 0.408033 0.569786 -0.713340 44.527802 -0.021746 0.787186 0.616332 0.000000 0.000000 0.000000 0.000000 1.000000
0.911091 -0.258518 0.321063 0.000000 0.411451 0.617451 -0.670419 44.527802 -0.024925 0.742915 0.668922 -0.000000 0.000000 0.000000 0.000000 1.000000
0.884065 -0.297069 0.360803 0.000000 0.466412 0.610040 -0.640556 44.527802 -0.029814 0.734576 0.677871 -0.000000 0.000000 0.000000 0.000000 1.000000
0.818795 -0.349307 0.455588 -0.000000 0.573859 0.520366 -0.632381 44.527802 -0.016177 0.779233 0.626525 0.000000 0.000000 0.000000 0.000000 1.000000
0.803670 -0.343568 0.485877 0.000000 0.594730 0.435914 -0.675481 44.527802 0.020273 0.831829 0.554661 0.000000 0.000000 0.000000 0.000000 1.000000
0.827063 -0.305887 0.471593 0.000000 0.561295 0.404286 -0.722150 44.527802 0.030238 0.861966 0.506063 0.000000 0.000000 0.000000 0.000000 1.000000
0.841148 -0.285772 0.459134 -0.000000 0.539359 0.381264 -0.750819 44.527802 0.039512 0.879189 0.474833 0.000000 0.000000 0.000000 0.000000 1.000000
0.850294 -0.273814 0.449472 0.000000 0.524078 0.361967 -0.770923 44.527802 0.048395 0.891070 0.451278 0.000000 0.000000 0.000000 0.000000 1.000000
0.858035 -0.264583 0.440194 -0.000000 0.510483 0.345213 -0.787550 44.527802 0.056412 0.900457 0.431271 0.000000 0.000000 0.000000 0.000000 1.000000
0.867829 -0.252684 0.427812 0.000000 0.492956 0.330117 -0.804995 44.527802 0.062182 0.909491 0.411048 0.000000 0.000000 0.000000 0.000000 1.000000</float_array>
        <technique_common>
          <accessor source="#mixamorig_RightFoot-Matrix-animation-output-transform-array" count="46" stride="16">
            <param type="float4x4"/>
          </accessor>
        </technique_common>
      </source>
      <source id="mixamorig_RightFoot-Interpolations">
        <Name_array id="mixamorig_RightFoot-Interpolations-array" count="46">
 LINEAR LINEAR LINEAR LINEAR LINEAR LINEAR LINEAR LINEAR LINEAR LINEAR LINEAR
LINEAR LINEAR LINEAR LINEAR LINEAR LINEAR LINEAR LINEAR LINEAR LINEAR LINEAR LINEAR
LINEAR LINEAR LINEAR LINEAR LINEAR LINEAR LINEAR LINEAR LINEAR LINEAR LINEAR LINEAR
LINEAR LINEAR LINEAR LINEAR LINEAR LINEAR LINEAR LINEAR LINEAR LINEAR LINEAR</Name_array>
        <technique_common>
          <accessor source="#mixamorig_RightFoot-Interpolations-array" count="46">
            <param type="name"/>
          </accessor>
        </technique_common>
      </source>
      <sampler id="mixamorig_RightFoot-Matrix-animation-transform">
        <input semantic="INPUT" source="#mixamorig_RightFoot-Matrix-animation-input"/>
        <input semantic="OUTPUT" source="#mixamorig_RightFoot-Matrix-animation-output-transform"/>
        <input semantic="INTERPOLATION" source="#mixamorig_RightFoot-Interpolations"/>
      </sampler>
      <channel source="#mixamorig_RightFoot-Matrix-animation-transform" target="mixamorig_RightFoot/matrix"/>
    </animation>
    <animation id="mixamorig_RightToeBase-anim" name="mixamorig_RightToeBase">
      <source id="mixamorig_RightToeBase-Matrix-animation-input">
        <float_array id="mixamorig_RightToeBase-Matrix-animation-input-array" count="46">

0.000000 0.033333 0.066667 0.100000 0.133333 0.166667 0.200000 0.233333 0.266667 0.300000 0.333333 0.366667 0.400000 0.433333 0.466667 0.500000
0.533333 0.566667 0.600000 0.633333 0.666667 0.700000 0.733333 0.766667 0.800000 0.833333 0.866667 0.900000 0.933333 0.966667 1.000000 1.033333
1.066667 1.100000 1.133333 1.166667 1.200000 1.233333 1.266667 1.300000 1.333333 1.366667 1.400000 1.433333 1.466667 1.500000</float_array>
        <technique_common>
          <accessor source="#mixamorig_RightToeBase-Matrix-animation-input-array" count="46">
            <param name="TIME" type="float"/>
          </accessor>
        </technique_common>
      </source>
      <source id="mixamorig_RightToeBase-Matrix-animation-output-transform">
        <float_array id="mixamorig_RightToeBase-Matrix-animation-output-transform-array" count="736">

0.999790 -0.010850 -0.017392 -0.000000 -0.003064 0.759804 -0.650145 13.816900 0.020268 0.650062 0.759611 -0.000000 0.000000 0.000000 0.000000 1.000000
0.999790 -0.010850 -0.017392 0.000000 -0.003064 0.759804 -0.650145 13.816900 0.020269 0.650062 0.759611 0.000000 0.000000 0.000000 0.000000 1.000000
0.999790 -0.010854 -0.017374 0.000000 -0.003053 0.759697 -0.650270 13.816900 0.020257 0.650186 0.759505 0.000000 0.000000 0.000000 0.000000 1.000000
0.999790 -0.010858 -0.017356 0.000000 -0.003042 0.759584 -0.650403 13.816900 0.020245 0.650319 0.759391 0.000000 0.000000 0.000000 0.000000 1.000000
0.999791 -0.010861 -0.017337 0.000000 -0.003030 0.759470 -0.650535 13.816900 0.020232 0.650451 0.759278 -0.000000 0.000000 0.000000 0.000000 1.000000
0.999791 -0.010865 -0.017320 0.000000 -0.003020 0.759363 -0.650660 13.816900 0.020221 0.650576 0.759171 0.000000 0.000000 0.000000 0.000000 1.000000
0.999791 -0.010868 -0.017304 0.000000 -0.003010 0.759269 -0.650769 13.816900 0.020211 0.650686 0.759078 0.000000 0.000000 0.000000 0.000000 1.000000
0.999791 -0.010870 -0.017292 0.000000 -0.003003 0.759194 -0.650858 13.816900 0.020202 0.650774 0.759003 0.000000 0.000000 0.000000 0.000000 1.000000
0.999921 0.005458 0.011358 0.000000 0.003284 0.757292 -0.653068 13.816900 -0.012166 0.653053 0.757214 0.000000 0.000000 0.000000 0.000000 1.000000
0.982738 0.090941 0.161110 0.000000 0.041046 0.741963 -0.669183 13.816900 -0.180394 0.664244 0.725423 -0.000000 0.000000 0.000000 0.000000 1.000000
0.953390 0.134620 0.270048 0.000000 0.092786 0.720805 -0.686900 13.816900 -0.287122 0.679940 0.674717 -0.000000 0.000000 0.000000 0.000000 1.000000
0.914985 0.055328 0.399675 0.000000 0.262388 0.670909 -0.693566 13.816900 -0.306519 0.739473 0.599354 0.000000 0.000000 0.000000 0.000000 1.000000
0.903959 -0.080954 0.419887 -0.000000 0.378236 0.609446 -0.696788 13.816900 -0.199490 0.788684 0.581533 -0.000000 0.000000 0.000000 0.000000 1.000000
0.852566 -0.088408 0.515088 0.000000 0.466015 0.574725 -0.672697 13.816900 -0.236562 0.813557 0.531190 0.000000 0.000000 0.000000 0.000000 1.000000
0.834290 0.062314 0.547793 0.000000 0.373731 0.666543 -0.645016 13.816900 -0.405321 0.742858 0.532802 -0.000000 0.000000 0.000000 0.000000 1.000000
0.847680 0.278768 0.451361 0.000000 0.108018 0.742291 -0.661314 13.816900 -0.519395 0.609338 0.599113 0.000000 0.000000 0.000000 0.000000 1.000000
0.834939 0.365250 0.411667 0.000000 0.062472 0.680282 -0.730283 13.816900 -0.546786 0.635459 0.545176 0.000000 0.000000 0.000000 0.000000 1.000000
0.817018 0.417406 0.397811 0.000000 0.093069 0.585403 -0.805383 13.816900 -0.569052 0.695036 0.439437 0.000000 0.000000 0.000000 0.000000 1.000000
0.815809 0.430693 0.385952 0.000000 0.140635 0.499589 -0.854770 13.816900 -0.560961 0.751608 0.346999 -0.000000 0.000000 0.000000 0.000000 1.000000
0.818990 0.432215 0.377420 -0.000000 0.192618 0.412498 -0.890362 13.816900 -0.540512 0.801895 0.254579 0.000000 0.000000 0.000000 0.000000 1.000000
0.804455 0.448553 0.389426 0.000000 0.267837 0.311258 -0.911801 13.816900 -0.530203 0.837806 0.130254 0.000000 0.000000 0.000000 0.000000 1.000000
0.799882 0.449481 0.397689 0.000000 0.304161 0.267632 -0.914253 13.816900 -0.517373 0.852256 0.077359 -0.000000 0.000000 0.000000 0.000000 1.000000
0.794325 0.452596 0.405223 0.000000 0.348603 0.206694 -0.914196 13.816900 -0.497518 0.867430 0.006406 0.000000 0.000000 0.000000 0.000000 1.000000
0.789056 0.456234 0.411389 0.000000 0.391846 0.141963 -0.909012 13.816900 -0.473124 0.878463 -0.066757 0.000000 0.000000 0.000000 0.000000 1.000000
0.784948 0.458922 0.416230 0.000000 0.426151 0.087732 -0.900388 13.816900 -0.449724 0.884135 -0.126705 0.000000 0.000000 0.000000 0.000000 1.000000
0.782206 0.459665 0.420550 0.000000 0.445259 0.059695 -0.893410 13.816900 -0.435774 0.886084 -0.157976 0.000000 0.000000 0.000000 0.000000 1.000000
0.779533 0.457822 0.427467 -0.000000 0.449111 0.067173 -0.890947 13.816900 -0.436609 0.886503 -0.153249 0.000000 0.000000 0.000000 0.000000 1.000000
0.775670 0.456863 0.435444 0.000000 0.452317 0.078771 -0.888372 13.816900 -0.440164 0.886043 -0.145547 -0.000000 0.000000 0.000000 0.000000 1.000000
0.772441 0.456468 0.441556 0.000000 0.450644 0.095953 -0.887532 13.816900 -0.447499 0.884551 -0.131586 -0.000000 0.000000 0.000000 0.000000 1.000000
0.770019 0.456043 0.446201 0.000000 0.445261 0.116779 -0.887753 13.816900 -0.456961 0.882263 -0.113136 0.000000 0.000000 0.000000 0.000000 1.000000
0.772075 0.452343 0.446413 0.000000 0.424403 0.155877 -0.891956 13.816900 -0.473056 0.878116 -0.071627 -0.000000 0.000000 0.000000 0.000000 1.000000
0.774918 0.456559 0.437100 -0.000000 0.369974 0.233049 -0.899337 13.816900 -0.512466 0.858628 0.011680 -0.000000 0.000000 0.000000 0.000000 1.000000
0.786540 0.447339 0.425726 0.000000 0.301905 0.322841 -0.897010 13.816900 -0.538710 0.834063 0.118874 0.000000 0.000000 0.000000 0.000000 1.000000
0.822529 0.375635 0.427019 0.000000 0.284738 0.377962 -0.880948 13.816900 -0.492312 0.846193 0.203927 0.000000 0.000000 0.000000 0.000000 1.000000
0.868592 0.239263 0.433936 0.000000 0.325266 0.385349 -0.863544 13.816900 -0.373831 0.891212 0.256887 -0.000000 0.000000 0.000000 0.000000 1.000000
0.913642 0.069933 0.400460 0.000000 0.334439 0.430716 -0.838233 13.816900 -0.231105 0.899774 0.370132 0.000000 0.000000 0.000000 0.000000 1.000000
0.955570 -0.102425 0.276397 -0.000000 0.283444 0.576661 -0.766239 13.816900 -0.080905 0.810538 0.580071 0.000000 0.000000 0.000000 0.000000 1.000000
0.969748 -0.194692 0.147254 0.000000 0.241018 0.667964 -0.704084 13.816900 0.038719 0.718275 0.694682 0.000000 0.000000 0.000000 0.000000 1.000000
0.977928 -0.169151 0.122658 -0.000000 0.207161 0.708423 -0.674700 13.816900 0.027233 0.685218 0.727828 0.000000 0.000000 0.000000 0.000000 1.000000
0.996970 -0.055662 0.054330 -0.000000 0.077706 0.743647 -0.664041 13.816900 -0.003440 0.666251 0.745720 0.000000 0.000000 0.000000 0.000000 1.000000
0.999794 -0.010839 -0.017182 0.000000 -0.002934 0.759849 -0.650093 13.816900 0.020102 0.650009 0.759660 -0.000000 0.000000 0.000000 0.000000 1.000000
0.999793 -0.010835 -0.017193 0.000000 -0.002944 0.759857 -0.650083 13.816900 0.020108 0.650000 0.759669 -0.000000 0.000000 0.000000 0.000000 1.000000
0.999793 -0.010835 -0.017193 0.000000 -0.002945 0.759857 -0.650083 13.816900 0.020108 0.650000 0.759669 0.000000 0.000000 0.000000 0.000000 1.000000
0.999793 -0.010835 -0.017193 0.000000 -0.002945 0.759857 -0.650083 13.816900 0.020108 0.650000 0.759668 0.000000 0.000000 0.000000 0.000000 1.000000
0.999793 -0.010834 -0.017193 0.000000 -0.002945 0.759857 -0.650083 13.816900 0.020107 0.650000 0.759668 0.000000 0.000000 0.000000 0.000000 1.000000
0.999793 -0.010835 -0.017193 0.000000 -0.002944 0.759857 -0.650083 13.816900 0.020108 0.650000 0.759668 -0.000000 0.000000 0.000000 0.000000 1.000000</float_array>
        <technique_common>
          <accessor source="#mixamorig_RightToeBase-Matrix-animation-output-transform-array" count="46" stride="16">
            <param type="float4x4"/>
          </accessor>
        </technique_common>
      </source>
      <source id="mixamorig_RightToeBase-Interpolations">
        <Name_array id="mixamorig_RightToeBase-Interpolations-array" count="46">
 LINEAR LINEAR LINEAR LINEAR LINEAR LINEAR LINEAR LINEAR LINEAR LINEAR LINEAR
LINEAR LINEAR LINEAR LINEAR LINEAR LINEAR LINEAR LINEAR LINEAR LINEAR LINEAR LINEAR
LINEAR LINEAR LINEAR LINEAR LINEAR LINEAR LINEAR LINEAR LINEAR LINEAR LINEAR LINEAR
LINEAR LINEAR LINEAR LINEAR LINEAR LINEAR LINEAR LINEAR LINEAR LINEAR LINEAR</Name_array>
        <technique_common>
          <accessor source="#mixamorig_RightToeBase-Interpolations-array" count="46">
            <param type="name"/>
          </accessor>
        </technique_common>
      </source>
      <sampler id="mixamorig_RightToeBase-Matrix-animation-transform">
        <input semantic="INPUT" source="#mixamorig_RightToeBase-Matrix-animation-input"/>
        <input semantic="OUTPUT" source="#mixamorig_RightToeBase-Matrix-animation-output-transform"/>
        <input semantic="INTERPOLATION" source="#mixamorig_RightToeBase-Interpolations"/>
      </sampler>
      <channel source="#mixamorig_RightToeBase-Matrix-animation-transform" target="mixamorig_RightToeBase/matrix"/>
    </animation>
    <animation id="mixamorig_LeftUpLeg-anim" name="mixamorig_LeftUpLeg">
      <source id="mixamorig_LeftUpLeg-Matrix-animation-input">
        <float_array id="mixamorig_LeftUpLeg-Matrix-animation-input-array" count="46">

0.000000 0.033333 0.066667 0.100000 0.133333 0.166667 0.200000 0.233333 0.266667 0.300000 0.333333 0.366667 0.400000 0.433333 0.466667 0.500000
0.533333 0.566667 0.600000 0.633333 0.666667 0.700000 0.733333 0.766667 0.800000 0.833333 0.866667 0.900000 0.933333 0.966667 1.000000 1.033333
1.066667 1.100000 1.133333 1.166667 1.200000 1.233333 1.266667 1.300000 1.333333 1.366667 1.400000 1.433333 1.466667 1.500000</float_array>
        <technique_common>
          <accessor source="#mixamorig_LeftUpLeg-Matrix-animation-input-array" count="46">
            <param name="TIME" type="float"/>
          </accessor>
        </technique_common>
      </source>
      <source id="mixamorig_LeftUpLeg-Matrix-animation-output-transform">
        <float_array id="mixamorig_LeftUpLeg-Matrix-animation-output-transform-array" count="736">

-0.665173 0.607907 0.433582 8.207800 0.039420 -0.551273 0.833393 -6.771800 0.745648 0.571442 0.342729 -1.512200 0.000000 0.000000 0.000000 1.000000
-0.672641 0.587140 0.450356 8.207800 0.057253 -0.565496 0.822761 -6.771800 0.737750 0.579208 0.346761 -1.512200 0.000000 0.000000 0.000000 1.000000
-0.681836 0.563542 0.466391 8.207800 0.080578 -0.575836 0.813585 -6.771800 0.727054 0.592312 0.347216 -1.512200 0.000000 0.000000 0.000000 1.000000
-0.702251 0.539495 0.464530 8.207800 0.088715 -0.581095 0.808986 -6.771800 0.706380 0.609322 0.360214 -1.512200 0.000000 0.000000 0.000000 1.000000
-0.773384 0.528049 0.350772 8.207800 0.018704 -0.534075 0.845230 -6.771800 0.633662 0.660248 0.403169 -1.512200 0.000000 0.000000 0.000000 1.000000
-0.812337 0.520861 0.262322 8.207800 -0.043754 -0.502971 0.863195 -6.771800 0.581545 0.689727 0.431372 -1.512200 0.000000 0.000000 0.000000 1.000000
-0.818754 0.541499 0.190842 8.207800 -0.121368 -0.488117 0.864298 -6.771800 0.561170 0.684485 0.465369 -1.512200 0.000000 0.000000 0.000000 1.000000
-0.796038 0.583378 0.161229 8.207800 -0.185904 -0.489179 0.852140 -6.771800 0.575989 0.648363 0.497858 -1.512200 0.000000 0.000000 0.000000 1.000000
-0.713274 0.671598 0.200493 8.207800 -0.221708 -0.487565 0.844468 -6.771800 0.664896 0.557886 0.496666 -1.512200 0.000000 0.000000 0.000000 1.000000
-0.677441 0.692817 0.247142 8.207800 -0.214680 -0.507575 0.834434 -6.771800 0.703553 0.512223 0.492585 -1.512200 0.000000 0.000000 0.000000 1.000000
-0.709777 0.643491 0.286595 8.207800 -0.169956 -0.551263 0.816838 -6.771800 0.683617 0.531064 0.500639 -1.512200 0.000000 0.000000 0.000000 1.000000
-0.690526 0.639469 0.338014 8.207800 -0.073604 -0.527014 0.846663 -6.771800 0.719553 0.559764 0.410984 -1.512200 0.000000 0.000000 0.000000 1.000000
-0.669073 0.660550 0.340611 8.207800 -0.009965 -0.466237 0.884604 -6.771800 0.743130 0.588470 0.318529 -1.512200 0.000000 0.000000 0.000000 1.000000
-0.691240 0.656191 0.302655 8.207800 0.017658 -0.403364 0.914869 -6.771800 0.722409 0.637739 0.267234 -1.512200 0.000000 0.000000 0.000000 1.000000
-0.770096 0.593404 0.234144 8.207800 0.024879 -0.338822 0.940522 -6.771800 0.637442 0.730118 0.246162 -1.512200 0.000000 0.000000 0.000000 1.000000
-0.857560 0.485702 0.169365 8.207800 0.026157 -0.287655 0.957377 -6.771800 0.513718 0.825438 0.233977 -1.512200 0.000000 0.000000 0.000000 1.000000
-0.923554 0.354752 0.145597 8.207800 0.052469 -0.259210 0.964395 -6.771800 0.379861 0.898310 0.220781 -1.512200 0.000000 0.000000 0.000000 1.000000
-0.964222 0.223619 0.142375 8.207800 0.087591 -0.238161 0.967268 -6.771800 0.250207 0.945132 0.210053 -1.512200 0.000000 0.000000 0.000000 1.000000
-0.981685 0.126086 0.142819 8.207800 0.115214 -0.204123 0.972142 -6.771800 0.151726 0.970791 0.185858 -1.512200 0.000000 0.000000 0.000000 1.000000
-0.987846 0.064471 0.141433 8.207800 0.129507 -0.161767 0.978294 -6.771800 0.085951 0.984721 0.151451 -1.512200 0.000000 0.000000 0.000000 1.000000
-0.990418 0.023756 0.136041 8.207800 0.132453 -0.115391 0.984450 -6.771800 0.039084 0.993036 0.111139 -1.512200 0.000000 0.000000 0.000000 1.000000
-0.992449 -0.001457 0.122648 8.207800 0.122468 -0.067242 0.990192 -6.771800 0.006804 0.997736 0.066913 -1.512200 0.000000 0.000000 0.000000 1.000000
-0.994413 -0.013363 0.104710 8.207800 0.104924 -0.016451 0.994344 -6.771800 -0.011565 0.999775 0.017761 -1.512200 0.000000 0.000000 0.000000 1.000000
-0.995758 -0.016574 0.090508 8.207800 0.089905 0.034075 0.995367 -6.771800 -0.019582 0.999282 -0.032440 -1.512200 0.000000 0.000000 0.000000 1.000000
-0.996711 -0.011950 0.080153 8.207800 0.078899 0.082700 0.993446 -6.771800 -0.018500 0.996503 -0.081486 -1.512200 0.000000 0.000000 0.000000 1.000000
-0.997630 0.000408 0.068799 8.207800 0.068310 0.125083 0.989792 -6.771800 -0.008202 0.992146 -0.124815 -1.512200 0.000000 0.000000 0.000000 1.000000
-0.998365 0.032961 0.046696 8.207800 0.050983 0.144223 0.988231 -6.771800 0.025839 0.988996 -0.145668 -1.512200 0.000000 0.000000 0.000000 1.000000
-0.996970 0.074172 0.023437 8.207800 0.034867 0.156773 0.987019 -6.771800 0.069535 0.984845 -0.158884 -1.512200 0.000000 0.000000 0.000000 1.000000
-0.992552 0.121806 -0.001996 8.207800 0.018113 0.163759 0.986334 -6.771800 0.120468 0.978952 -0.164746 -1.512200 0.000000 0.000000 0.000000 1.000000
-0.983181 0.179151 -0.035502 8.207800 -0.007053 0.157000 0.987573 -6.771800 0.182498 0.971214 -0.153095 -1.512200 0.000000 0.000000 0.000000 1.000000
-0.968265 0.240129 -0.069288 8.207800 -0.034451 0.146349 0.988633 -6.771800 0.247540 0.959646 -0.133432 -1.512200 0.000000 0.000000 0.000000 1.000000
-0.939814 0.323741 -0.109273 8.207800 -0.075495 0.115155 0.990475 -6.771800 0.333241 0.939112 -0.083783 -1.512200 0.000000 0.000000 0.000000 1.000000
-0.882821 0.437031 -0.172134 8.207800 -0.157755 0.069309 0.985043 -6.771800 0.442425 0.896772 0.007757 -1.512200 0.000000 0.000000 0.000000 1.000000
-0.811313 0.547002 -0.206300 8.207800 -0.243582 0.004503 0.969870 -6.771800 0.531450 0.837119 0.129587 -1.512200 0.000000 0.000000 0.000000 1.000000
-0.758491 0.630041 -0.166551 8.207800 -0.289020 -0.096155 0.952482 -6.771800 0.584088 0.770586 0.255027 -1.512200 0.000000 0.000000 0.000000 1.000000
-0.726830 0.679532 -0.099774 8.207800 -0.288189 -0.169881 0.942384 -6.771800 0.623430 0.713707 0.319309 -1.512200 0.000000 0.000000 0.000000 1.000000
-0.708013 0.705904 -0.020438 8.207800 -0.256284 -0.229866 0.938872 -6.771800 0.658055 0.669971 0.343660 -1.512200 0.000000 0.000000 0.000000 1.000000
-0.711034 0.702157 0.037496 8.207800 -0.252081 -0.304323 0.918609 -6.771800 0.656419 0.643710 0.393385 -1.512200 0.000000 0.000000 0.000000 1.000000
-0.716449 0.690909 0.096669 8.207800 -0.248406 -0.382127 0.890097 -6.771800 0.651916 0.613696 0.445401 -1.512200 0.000000 0.000000 0.000000 1.000000
-0.729784 0.675157 0.107604 8.207800 -0.285813 -0.444262 0.849083 -6.771800 0.621068 0.588893 0.517184 -1.512200 0.000000 0.000000 0.000000 1.000000
-0.716989 0.669424 0.194418 8.207800 -0.211447 -0.474616 0.854418 -6.771800 0.664241 0.571499 0.481842 -1.512200 0.000000 0.000000 0.000000 1.000000
-0.685602 0.667044 0.291553 8.207800 -0.078031 -0.465528 0.881587 -6.771800 0.723783 0.581667 0.371217 -1.512200 0.000000 0.000000 0.000000 1.000000
-0.673205 0.650789 0.351096 8.207800 -0.001530 -0.476028 0.879429 -6.771800 0.739454 0.591499 0.321460 -1.512200 0.000000 0.000000 0.000000 1.000000
-0.661575 0.625782 0.413178 8.207800 0.060105 -0.504968 0.861043 -6.771800 0.747467 0.594478 0.296461 -1.512200 0.000000 0.000000 0.000000 1.000000
-0.656382 0.615189 0.436698 8.207800 0.069668 -0.526946 0.847038 -6.771800 0.751205 0.586404 0.303019 -1.512200 0.000000 0.000000 0.000000 1.000000
-0.665173 0.607907 0.433583 8.207800 0.039419 -0.551275 0.833392 -6.771800 0.745648 0.571442 0.342730 -1.512200 0.000000 0.000000 0.000000 1.000000</float_array>
        <technique_common>
          <accessor source="#mixamorig_LeftUpLeg-Matrix-animation-output-transform-array" count="46" stride="16">
            <param type="float4x4"/>
          </accessor>
        </technique_common>
      </source>
      <source id="mixamorig_LeftUpLeg-Interpolations">
        <Name_array id="mixamorig_LeftUpLeg-Interpolations-array" count="46">
 LINEAR LINEAR LINEAR LINEAR LINEAR LINEAR LINEAR LINEAR LINEAR LINEAR LINEAR
LINEAR LINEAR LINEAR LINEAR LINEAR LINEAR LINEAR LINEAR LINEAR LINEAR LINEAR LINEAR
LINEAR LINEAR LINEAR LINEAR LINEAR LINEAR LINEAR LINEAR LINEAR LINEAR LINEAR LINEAR
LINEAR LINEAR LINEAR LINEAR LINEAR LINEAR LINEAR LINEAR LINEAR LINEAR LINEAR</Name_array>
        <technique_common>
          <accessor source="#mixamorig_LeftUpLeg-Interpolations-array" count="46">
            <param type="name"/>
          </accessor>
        </technique_common>
      </source>
      <sampler id="mixamorig_LeftUpLeg-Matrix-animation-transform">
        <input semantic="INPUT" source="#mixamorig_LeftUpLeg-Matrix-animation-input"/>
        <input semantic="OUTPUT" source="#mixamorig_LeftUpLeg-Matrix-animation-output-transform"/>
        <input semantic="INTERPOLATION" source="#mixamorig_LeftUpLeg-Interpolations"/>
      </sampler>
      <channel source="#mixamorig_LeftUpLeg-Matrix-animation-transform" target="mixamorig_LeftUpLeg/matrix"/>
    </animation>
    <animation id="mixamorig_LeftLeg-anim" name="mixamorig_LeftLeg">
      <source id="mixamorig_LeftLeg-Matrix-animation-input">
        <float_array id="mixamorig_LeftLeg-Matrix-animation-input-array" count="46">

0.000000 0.033333 0.066667 0.100000 0.133333 0.166667 0.200000 0.233333 0.266667 0.300000 0.333333 0.366667 0.400000 0.433333 0.466667 0.500000
0.533333 0.566667 0.600000 0.633333 0.666667 0.700000 0.733333 0.766667 0.800000 0.833333 0.866667 0.900000 0.933333 0.966667 1.000000 1.033333
1.066667 1.100000 1.133333 1.166667 1.200000 1.233333 1.266667 1.300000 1.333333 1.366667 1.400000 1.433333 1.466667 1.500000</float_array>
        <technique_common>
          <accessor source="#mixamorig_LeftLeg-Matrix-animation-input-array" count="46">
            <param name="TIME" type="float"/>
          </accessor>
        </technique_common>
      </source>
      <source id="mixamorig_LeftLeg-Matrix-animation-output-transform">
        <float_array id="mixamorig_LeftLeg-Matrix-animation-output-transform-array" count="736">

0.966387 -0.087744 0.241657 0.000000 -0.120201 0.676693 0.726387 44.371399 -0.227264 -0.731018 0.643400 0.000000 0.000000 0.000000 0.000000 1.000000
0.971179 -0.085742 0.222397 0.000000 -0.102248 0.692980 0.713669 44.371399 -0.215308 -0.715840 0.664240 0.000000 0.000000 0.000000 0.000000 1.000000
0.975573 -0.085972 0.202152 0.000000 -0.086450 0.695727 0.713085 44.371399 -0.201948 -0.713143 0.671301 -0.000000 0.000000 0.000000 0.000000 1.000000
0.981986 -0.082573 0.169956 0.000000 -0.067029 0.688736 0.721907 44.371399 -0.176665 -0.720294 0.670795 0.000000 0.000000 0.000000 0.000000 1.000000
0.992203 -0.066279 0.105550 0.000000 -0.042229 0.618009 0.785036 44.371399 -0.117262 -0.783372 0.610391 0.000000 0.000000 0.000000 0.000000 1.000000
0.994583 -0.047582 0.092414 0.000000 -0.050067 0.559841 0.827086 44.371399 -0.091091 -0.827233 0.554426 0.000000 0.000000 0.000000 0.000000 1.000000
0.992433 -0.014969 0.121872 -0.000000 -0.095855 0.525859 0.845153 44.371399 -0.076739 -0.850440 0.520445 0.000000 0.000000 0.000000 0.000000 1.000000
0.985180 0.043428 0.165933 0.000000 -0.164067 0.520719 0.837815 44.371399 -0.050020 -0.852623 0.520127 0.000000 0.000000 0.000000 0.000000 1.000000
0.975407 0.122791 0.183038 0.000000 -0.220408 0.540451 0.811993 44.371399 0.000782 -0.832367 0.554224 -0.000000 0.000000 0.000000 0.000000 1.000000
0.985347 0.153342 0.074685 -0.000000 -0.155349 0.626076 0.764131 44.371399 0.070415 -0.764536 0.640724 0.000000 0.000000 0.000000 0.000000 1.000000
0.986039 0.118771 -0.116707 0.000000 -0.015778 0.764373 0.644582 44.371399 0.165765 -0.633741 0.755575 0.000000 0.000000 0.000000 0.000000 1.000000
0.996008 0.079099 -0.041373 0.000000 -0.032718 0.754713 0.655239 44.371399 0.083054 -0.651269 0.754288 -0.000000 0.000000 0.000000 0.000000 1.000000
0.992105 0.065088 0.107197 0.000000 -0.122789 0.677971 0.724760 44.371399 -0.025503 -0.732201 0.680611 0.000000 0.000000 0.000000 0.000000 1.000000
0.975057 0.044414 0.217465 -0.000000 -0.199703 0.603136 0.772234 44.371399 -0.096863 -0.796401 0.596962 0.000000 0.000000 0.000000 0.000000 1.000000
0.952401 0.021752 0.304073 0.000000 -0.273025 0.504579 0.819059 44.371399 -0.135612 -0.863092 0.486500 0.000000 0.000000 0.000000 0.000000 1.000000
0.932632 -0.001036 0.360827 -0.000000 -0.330695 0.397603 0.855893 44.371399 -0.144352 -0.917557 0.370475 0.000000 0.000000 0.000000 0.000000 1.000000
0.922947 -0.020696 0.384370 0.000000 -0.359637 0.309613 0.880228 44.371399 -0.137223 -0.950637 0.278313 0.000000 0.000000 0.000000 0.000000 1.000000
0.916814 -0.037034 0.397593 0.000000 -0.378431 0.237201 0.894721 44.371399 -0.127444 -0.970754 0.203455 -0.000000 0.000000 0.000000 0.000000 1.000000
0.908375 -0.050776 0.415063 -0.000000 -0.399465 0.188080 0.897248 44.371399 -0.123624 -0.980840 0.150564 0.000000 0.000000 0.000000 0.000000 1.000000
0.896550 -0.061851 0.438603 0.000000 -0.424970 0.159092 0.891117 44.371399 -0.124895 -0.985324 0.116349 0.000000 0.000000 0.000000 0.000000 1.000000
0.885813 -0.068695 0.458929 0.000000 -0.446194 0.145559 0.883020 44.371399 -0.127460 -0.986962 0.098287 0.000000 0.000000 0.000000 0.000000 1.000000
0.879939 -0.070596 0.469812 0.000000 -0.456883 0.145374 0.877567 44.371399 -0.130251 -0.986855 0.095666 0.000000 0.000000 0.000000 0.000000 1.000000
0.876063 -0.068358 0.477326 -0.000000 -0.463391 0.154403 0.872599 44.371399 -0.133350 -0.985640 0.103590 0.000000 0.000000 0.000000 0.000000 1.000000
0.869396 -0.062924 0.490092 -0.000000 -0.475121 0.165904 0.864139 44.371399 -0.135683 -0.984132 0.114340 0.000000 0.000000 0.000000 0.000000 1.000000
0.860354 -0.054871 0.506734 0.000000 -0.490871 0.178498 0.852751 44.371399 -0.137242 -0.982409 0.126637 0.000000 0.000000 0.000000 0.000000 1.000000
0.852506 -0.044499 0.520820 -0.000000 -0.504491 0.190778 0.842077 44.371399 -0.136833 -0.980624 0.140190 0.000000 0.000000 0.000000 0.000000 1.000000
0.852372 -0.029160 0.522122 -0.000000 -0.506987 0.198627 0.838756 44.371399 -0.128166 -0.979641 0.154520 -0.000000 0.000000 0.000000 0.000000 1.000000
0.852592 -0.011502 0.522450 0.000000 -0.509369 0.205060 0.835759 44.371399 -0.116747 -0.978682 0.168974 0.000000 0.000000 0.000000 0.000000 1.000000
0.854473 0.008003 0.519435 -0.000000 -0.509294 0.210095 0.834554 44.371399 -0.102451 -0.977648 0.183597 0.000000 0.000000 0.000000 0.000000 1.000000
0.865545 0.028616 0.500012 0.000000 -0.494129 0.211569 0.843253 44.371399 -0.081656 -0.976944 0.197263 0.000000 0.000000 0.000000 0.000000 1.000000
0.880597 0.049326 0.471292 0.000000 -0.470454 0.210140 0.857038 44.371399 -0.056763 -0.976426 0.208254 0.000000 0.000000 0.000000 0.000000 1.000000
0.907533 0.069867 0.414129 0.000000 -0.419520 0.196998 0.886112 44.371399 -0.019673 -0.977911 0.208093 0.000000 0.000000 0.000000 0.000000 1.000000
0.934340 0.088012 0.345344 -0.000000 -0.355779 0.174003 0.918229 44.371399 0.020724 -0.980804 0.193890 0.000000 0.000000 0.000000 0.000000 1.000000
0.958218 0.102298 0.267119 0.000000 -0.281383 0.169328 0.944538 44.371399 0.051394 -0.980236 0.191038 0.000000 0.000000 0.000000 0.000000 1.000000
0.972373 0.110966 0.205370 -0.000000 -0.226087 0.228738 0.946870 44.371399 0.058094 -0.967143 0.247507 0.000000 0.000000 0.000000 0.000000 1.000000
0.980106 0.113707 0.162672 0.000000 -0.191617 0.328551 0.924845 44.371399 0.051715 -0.937617 0.343803 0.000000 0.000000 0.000000 0.000000 1.000000
0.983464 0.110686 0.143346 0.000000 -0.177987 0.444440 0.877949 44.371399 0.033468 -0.888944 0.456791 0.000000 0.000000 0.000000 0.000000 1.000000
0.992165 0.098117 0.077336 0.000000 -0.119952 0.575134 0.809217 44.371399 0.034920 -0.812154 0.582398 -0.000000 0.000000 0.000000 0.000000 1.000000
0.996293 0.084637 0.015412 -0.000000 -0.070827 0.705279 0.705383 44.371399 0.048832 -0.703859 0.708659 0.000000 0.000000 0.000000 0.000000 1.000000
0.995929 0.071023 -0.055512 0.000000 -0.026263 0.817713 0.575027 44.371399 0.086233 -0.571228 0.816249 0.000000 0.000000 0.000000 0.000000 1.000000
0.998291 0.048072 0.033227 0.000000 -0.058431 0.812940 0.579409 44.371399 0.000842 -0.580360 0.814359 -0.000000 0.000000 0.000000 0.000000 1.000000
0.977082 0.026965 0.211147 0.000000 -0.170987 0.690231 0.703096 44.371399 -0.126781 -0.723086 0.679023 0.000000 0.000000 0.000000 0.000000 1.000000
0.963220 -0.013949 0.268353 0.000000 -0.200905 0.625817 0.753651 44.371399 -0.178452 -0.779845 0.599997 0.000000 0.000000 0.000000 0.000000 1.000000
0.961149 -0.075420 0.265526 0.000000 -0.165681 0.611764 0.773495 44.371399 -0.220776 -0.787437 0.575500 0.000000 0.000000 0.000000 0.000000 1.000000
0.960426 -0.092309 0.262796 0.000000 -0.149751 0.624406 0.766610 44.371399 -0.234856 -0.775626 0.585872 -0.000000 0.000000 0.000000 0.000000 1.000000
0.966387 -0.087744 0.241656 0.000000 -0.120200 0.676695 0.726386 44.371399 -0.227264 -0.731016 0.643402 0.000000 0.000000 0.000000 0.000000 1.000000</float_array>
        <technique_common>
          <accessor source="#mixamorig_LeftLeg-Matrix-animation-output-transform-array" count="46" stride="16">
            <param type="float4x4"/>
          </accessor>
        </technique_common>
      </source>
      <source id="mixamorig_LeftLeg-Interpolations">
        <Name_array id="mixamorig_LeftLeg-Interpolations-array" count="46">
 LINEAR LINEAR LINEAR LINEAR LINEAR LINEAR LINEAR LINEAR LINEAR LINEAR LINEAR
LINEAR LINEAR LINEAR LINEAR LINEAR LINEAR LINEAR LINEAR LINEAR LINEAR LINEAR LINEAR
LINEAR LINEAR LINEAR LINEAR LINEAR LINEAR LINEAR LINEAR LINEAR LINEAR LINEAR LINEAR
LINEAR LINEAR LINEAR LINEAR LINEAR LINEAR LINEAR LINEAR LINEAR LINEAR LINEAR</Name_array>
        <technique_common>
          <accessor source="#mixamorig_LeftLeg-Interpolations-array" count="46">
            <param type="name"/>
          </accessor>
        </technique_common>
      </source>
      <sampler id="mixamorig_LeftLeg-Matrix-animation-transform">
        <input semantic="INPUT" source="#mixamorig_LeftLeg-Matrix-animation-input"/>
        <input semantic="OUTPUT" source="#mixamorig_LeftLeg-Matrix-animation-output-transform"/>
        <input semantic="INTERPOLATION" source="#mixamorig_LeftLeg-Interpolations"/>
      </sampler>
      <channel source="#mixamorig_LeftLeg-Matrix-animation-transform" target="mixamorig_LeftLeg/matrix"/>
    </animation>
    <animation id="mixamorig_LeftFoot-anim" name="mixamorig_LeftFoot">
      <source id="mixamorig_LeftFoot-Matrix-animation-input">
        <float_array id="mixamorig_LeftFoot-Matrix-animation-input-array" count="46">

0.000000 0.033333 0.066667 0.100000 0.133333 0.166667 0.200000 0.233333 0.266667 0.300000 0.333333 0.366667 0.400000 0.433333 0.466667 0.500000
0.533333 0.566667 0.600000 0.633333 0.666667 0.700000 0.733333 0.766667 0.800000 0.833333 0.866667 0.900000 0.933333 0.966667 1.000000 1.033333
1.066667 1.100000 1.133333 1.166667 1.200000 1.233333 1.266667 1.300000 1.333333 1.366667 1.400000 1.433333 1.466667 1.500000</float_array>
        <technique_common>
          <accessor source="#mixamorig_LeftFoot-Matrix-animation-input-array" count="46">
            <param name="TIME" type="float"/>
          </accessor>
        </technique_common>
      </source>
      <source id="mixamorig_LeftFoot-Matrix-animation-output-transform">
        <float_array id="mixamorig_LeftFoot-Matrix-animation-output-transform-array" count="736">

0.985829 0.103791 -0.131790 0.000000 -0.167746 0.617363 -0.768586 44.527802 0.001590 0.779802 0.626024 0.000000 0.000000 0.000000 0.000000 1.000000
0.984766 0.108538 -0.135848 0.000000 -0.173854 0.628615 -0.758036 44.527802 0.003120 0.770106 0.637909 0.000000 0.000000 0.000000 0.000000 1.000000
0.984727 0.108700 -0.136007 0.000000 -0.174077 0.629194 -0.757504 44.527802 0.003234 0.769610 0.638506 0.000000 0.000000 0.000000 0.000000 1.000000
0.983363 0.116966 -0.138980 0.000000 -0.181649 0.633004 -0.752536 44.527802 -0.000046 0.765262 0.643720 0.000000 0.000000 0.000000 0.000000 1.000000
0.976822 0.157081 -0.145410 -0.000000 -0.214034 0.725765 -0.653801 44.527802 0.002834 0.669770 0.742564 0.000000 0.000000 0.000000 0.000000 1.000000
0.967550 0.182697 -0.174555 0.000000 -0.252461 0.727781 -0.637651 44.527802 0.010541 0.661027 0.750288 0.000000 0.000000 0.000000 0.000000 1.000000
0.951258 0.210593 -0.225295 0.000000 -0.307953 0.687728 -0.657416 44.527802 0.016494 0.694753 0.719060 0.000000 0.000000 0.000000 0.000000 1.000000
0.951096 0.208889 -0.227557 -0.000000 -0.308873 0.634114 -0.708870 44.527802 -0.003778 0.744490 0.667623 0.000000 0.000000 0.000000 0.000000 1.000000
0.992493 0.085863 -0.087092 0.000000 -0.122059 0.650689 -0.749470 44.527802 -0.007682 0.754474 0.656284 0.000000 0.000000 0.000000 0.000000 1.000000
0.996310 0.061722 -0.059646 0.000000 -0.085551 0.657797 -0.748321 44.527802 -0.006953 0.750662 0.660650 0.000000 0.000000 0.000000 0.000000 1.000000
0.984349 0.124736 -0.124491 0.000000 -0.176162 0.716022 -0.675485 44.527802 0.004881 0.686844 0.726789 -0.000000 0.000000 0.000000 0.000000 1.000000
0.978471 0.143194 -0.148627 -0.000000 -0.206146 0.712737 -0.670455 44.527802 0.009927 0.686660 0.726911 -0.000000 0.000000 0.000000 0.000000 1.000000
0.990168 0.093083 -0.104420 0.000000 -0.139877 0.667260 -0.731573 44.527802 0.001578 0.738986 0.673719 0.000000 0.000000 0.000000 0.000000 1.000000
0.996990 0.051153 -0.058268 -0.000000 -0.077440 0.619683 -0.781023 44.527802 -0.003844 0.783184 0.621779 0.000000 0.000000 0.000000 0.000000 1.000000
0.999886 0.013863 -0.005937 0.000000 -0.012709 0.562612 -0.826623 44.527802 -0.008119 0.826605 0.562724 -0.000000 0.000000 0.000000 0.000000 1.000000
0.998877 -0.012725 0.045640 0.000000 0.045774 0.507868 -0.860218 44.527802 -0.012233 0.861341 0.507880 -0.000000 0.000000 0.000000 0.000000 1.000000
0.996297 -0.024125 0.082519 0.000000 0.084197 0.467894 -0.879765 44.527802 -0.017386 0.883455 0.468192 0.000000 0.000000 0.000000 0.000000 1.000000
0.993310 -0.028531 0.111898 0.000000 0.113098 0.436053 -0.892786 44.527802 -0.023321 0.899468 0.436363 0.000000 0.000000 0.000000 0.000000 1.000000
0.990288 -0.031588 0.135394 0.000000 0.136330 0.411617 -0.901103 44.527802 -0.027267 0.910810 0.411925 0.000000 0.000000 0.000000 0.000000 1.000000
0.987344 -0.035751 0.154511 0.000000 0.156015 0.393913 -0.905810 44.527802 -0.028480 0.918452 0.394506 -0.000000 0.000000 0.000000 0.000000 1.000000
0.985520 -0.038162 0.165210 0.000000 0.167173 0.381619 -0.909077 44.527802 -0.028355 0.923532 0.382473 -0.000000 0.000000 0.000000 0.000000 1.000000
0.985651 -0.037015 0.164688 0.000000 0.166512 0.373202 -0.912685 44.527802 -0.027679 0.927011 0.374010 -0.000000 0.000000 0.000000 0.000000 1.000000
0.986797 -0.034853 0.158168 0.000000 0.159802 0.368506 -0.915788 44.527802 -0.026368 0.928972 0.369210 0.000000 0.000000 0.000000 0.000000 1.000000
0.987362 -0.035043 0.154557 0.000000 0.156557 0.367152 -0.916891 44.527802 -0.024615 0.929501 0.367998 0.000000 0.000000 0.000000 0.000000 1.000000
0.987353 -0.036930 0.154175 -0.000000 0.156855 0.368823 -0.916169 44.527802 -0.023029 0.928766 0.369951 0.000000 0.000000 0.000000 0.000000 1.000000
0.987257 -0.038745 0.154347 0.000000 0.157602 0.372407 -0.914590 44.527802 -0.022044 0.927261 0.373767 0.000000 0.000000 0.000000 0.000000 1.000000
0.987427 -0.040839 0.152708 0.000000 0.156739 0.378245 -0.912340 44.527802 -0.020502 0.924804 0.379891 0.000000 0.000000 0.000000 0.000000 1.000000
0.987313 -0.044015 0.152566 0.000000 0.157666 0.385770 -0.909023 44.527802 -0.018845 0.921545 0.387815 0.000000 0.000000 0.000000 0.000000 1.000000
0.987230 -0.047399 0.152089 0.000000 0.158402 0.393498 -0.905576 44.527802 -0.016924 0.918103 0.395981 0.000000 0.000000 0.000000 0.000000 1.000000
0.988187 -0.047820 0.145603 -0.000000 0.152545 0.398244 -0.904506 44.527802 -0.014732 0.916032 0.400834 -0.000000 0.000000 0.000000 0.000000 1.000000
0.989820 -0.045871 0.134728 0.000000 0.141788 0.399812 -0.905564 44.527802 -0.012327 0.915449 0.402246 0.000000 0.000000 0.000000 0.000000 1.000000
0.993381 -0.036123 0.109037 0.000000 0.114445 0.392286 -0.912696 44.527802 -0.009805 0.919134 0.393824 0.000000 0.000000 0.000000 0.000000 1.000000
0.997768 -0.016769 0.064635 -0.000000 0.066208 0.374249 -0.924962 44.527802 -0.008679 0.927176 0.374524 0.000000 0.000000 0.000000 0.000000 1.000000
0.999937 0.009445 0.006101 0.000000 0.002260 0.362674 -0.931913 44.527802 -0.011015 0.931868 0.362630 -0.000000 0.000000 0.000000 0.000000 1.000000
0.998432 0.034295 -0.044237 0.000000 -0.054118 0.389676 -0.919360 44.527802 -0.014291 0.920313 0.390922 -0.000000 0.000000 0.000000 0.000000 1.000000
0.995234 0.056912 -0.079183 0.000000 -0.096440 0.454321 -0.885603 44.527802 -0.014427 0.889018 0.457644 0.000000 0.000000 0.000000 0.000000 1.000000
0.992742 0.073740 -0.095007 0.000000 -0.119789 0.536010 -0.835670 44.527802 -0.010697 0.840985 0.540953 0.000000 0.000000 0.000000 0.000000 1.000000
0.985964 0.110784 -0.124910 -0.000000 -0.166765 0.617323 -0.768831 44.527802 -0.008065 0.778870 0.627133 0.000000 0.000000 0.000000 0.000000 1.000000
0.985556 0.120665 -0.118825 0.000000 -0.169338 0.710315 -0.683210 44.527802 0.001964 0.693464 0.720489 0.000000 0.000000 0.000000 0.000000 1.000000
0.977263 0.162631 -0.136047 0.000000 -0.208835 0.849281 -0.484881 44.527802 0.036685 0.502267 0.863934 0.000000 0.000000 0.000000 0.000000 1.000000
0.972317 0.181516 -0.147147 0.000000 -0.231391 0.835641 -0.498159 44.527802 0.032538 0.518417 0.854509 0.000000 0.000000 0.000000 0.000000 1.000000
0.977434 0.155782 -0.142672 0.000000 -0.211241 0.718347 -0.662838 44.527802 -0.000770 0.678019 0.735044 0.000000 0.000000 0.000000 0.000000 1.000000
0.984854 0.123979 -0.121209 0.000000 -0.172998 0.655905 -0.734752 44.527802 -0.011592 0.744593 0.667419 0.000000 0.000000 0.000000 0.000000 1.000000
0.989526 0.092330 -0.110963 0.000000 -0.144131 0.589413 -0.794870 44.527802 -0.007988 0.802538 0.596547 -0.000000 0.000000 0.000000 0.000000 1.000000
0.990535 0.083167 -0.109200 0.000000 -0.137227 0.581618 -0.801804 44.527802 -0.003170 0.809200 0.587525 0.000000 0.000000 0.000000 0.000000 1.000000
0.985829 0.103791 -0.131791 0.000000 -0.167746 0.617363 -0.768586 44.527802 0.001591 0.779801 0.626025 0.000000 0.000000 0.000000 0.000000 1.000000</float_array>
        <technique_common>
          <accessor source="#mixamorig_LeftFoot-Matrix-animation-output-transform-array" count="46" stride="16">
            <param type="float4x4"/>
          </accessor>
        </technique_common>
      </source>
      <source id="mixamorig_LeftFoot-Interpolations">
        <Name_array id="mixamorig_LeftFoot-Interpolations-array" count="46">
 LINEAR LINEAR LINEAR LINEAR LINEAR LINEAR LINEAR LINEAR LINEAR LINEAR LINEAR
LINEAR LINEAR LINEAR LINEAR LINEAR LINEAR LINEAR LINEAR LINEAR LINEAR LINEAR LINEAR
LINEAR LINEAR LINEAR LINEAR LINEAR LINEAR LINEAR LINEAR LINEAR LINEAR LINEAR LINEAR
LINEAR LINEAR LINEAR LINEAR LINEAR LINEAR LINEAR LINEAR LINEAR LINEAR LINEAR</Name_array>
        <technique_common>
          <accessor source="#mixamorig_LeftFoot-Interpolations-array" count="46">
            <param type="name"/>
          </accessor>
        </technique_common>
      </source>
      <sampler id="mixamorig_LeftFoot-Matrix-animation-transform">
        <input semantic="INPUT" source="#mixamorig_LeftFoot-Matrix-animation-input"/>
        <input semantic="OUTPUT" source="#mixamorig_LeftFoot-Matrix-animation-output-transform"/>
        <input semantic="INTERPOLATION" source="#mixamorig_LeftFoot-Interpolations"/>
      </sampler>
      <channel source="#mixamorig_LeftFoot-Matrix-animation-transform" target="mixamorig_LeftFoot/matrix"/>
    </animation>
    <animation id="mixamorig_LeftToeBase-anim" name="mixamorig_LeftToeBase">
      <source id="mixamorig_LeftToeBase-Matrix-animation-input">
        <float_array id="mixamorig_LeftToeBase-Matrix-animation-input-array" count="46">

0.000000 0.033333 0.066667 0.100000 0.133333 0.166667 0.200000 0.233333 0.266667 0.300000 0.333333 0.366667 0.400000 0.433333 0.466667 0.500000
0.533333 0.566667 0.600000 0.633333 0.666667 0.700000 0.733333 0.766667 0.800000 0.833333 0.866667 0.900000 0.933333 0.966667 1.000000 1.033333
1.066667 1.100000 1.133333 1.166667 1.200000 1.233333 1.266667 1.300000 1.333333 1.366667 1.400000 1.433333 1.466667 1.500000</float_array>
        <technique_common>
          <accessor source="#mixamorig_LeftToeBase-Matrix-animation-input-array" count="46">
            <param name="TIME" type="float"/>
          </accessor>
        </technique_common>
      </source>
      <source id="mixamorig_LeftToeBase-Matrix-animation-output-transform">
        <float_array id="mixamorig_LeftToeBase-Matrix-animation-output-transform-array" count="736">

0.995302 0.065465 0.071329 0.000000 -0.001202 0.745041 -0.667017 13.816900 -0.096809 0.663798 0.741620 0.000000 0.000000 0.000000 0.000000 1.000000
0.995302 0.065465 0.071329 -0.000000 -0.001202 0.745041 -0.667018 13.816900 -0.096809 0.663798 0.741620 0.000000 0.000000 0.000000 0.000000 1.000000
0.995302 0.065465 0.071329 0.000000 -0.001202 0.745041 -0.667018 13.816900 -0.096809 0.663798 0.741620 0.000000 0.000000 0.000000 0.000000 1.000000
0.995038 0.064072 0.076118 0.000000 0.004970 0.732086 -0.681194 13.816900 -0.099371 0.678192 0.728135 -0.000000 0.000000 0.000000 0.000000 1.000000
0.992964 0.056035 0.104319 0.000000 0.044541 0.639520 -0.767483 13.816900 -0.109719 0.766730 0.632525 0.000000 0.000000 0.000000 0.000000 1.000000
0.993682 0.032088 0.107544 0.000000 0.052422 0.714592 -0.697575 13.816900 -0.099234 0.698805 0.708395 0.000000 0.000000 0.000000 0.000000 1.000000
0.996669 0.022016 0.078527 0.000000 0.036294 0.742542 -0.668816 13.816900 -0.073035 0.669438 0.739269 0.000000 0.000000 0.000000 0.000000 1.000000
0.999412 0.012854 0.031796 -0.000000 0.012131 0.734672 -0.678314 13.816900 -0.032078 0.678301 0.734084 0.000000 0.000000 0.000000 0.000000 1.000000
0.999602 0.016311 0.023017 0.000000 0.007214 0.640967 -0.767535 13.816900 -0.027272 0.767395 0.640594 0.000000 0.000000 0.000000 0.000000 1.000000
0.999685 -0.020537 -0.014401 0.000000 0.001916 0.634974 -0.772531 13.816900 0.025009 0.772260 0.634814 0.000000 0.000000 0.000000 0.000000 1.000000
0.992099 -0.085548 -0.091763 0.000000 -0.004689 0.705648 -0.708547 13.816900 0.125367 0.703379 0.699672 0.000000 0.000000 0.000000 0.000000 1.000000
0.986766 -0.099869 -0.127744 0.000000 -0.004507 0.770621 -0.637278 13.816900 0.162087 0.629420 0.759973 0.000000 0.000000 0.000000 0.000000 1.000000
0.986766 -0.099869 -0.127745 0.000000 -0.004507 0.770625 -0.637273 13.816900 0.162088 0.629415 0.759977 0.000000 0.000000 0.000000 0.000000 1.000000
0.986766 -0.099868 -0.127747 0.000000 -0.004506 0.770636 -0.637260 13.816900 0.162088 0.629402 0.759987 0.000000 0.000000 0.000000 0.000000 1.000000
0.986766 -0.099867 -0.127748 0.000000 -0.004504 0.770649 -0.637244 13.816900 0.162089 0.629386 0.760000 0.000000 0.000000 0.000000 0.000000 1.000000
0.986766 -0.099866 -0.127750 0.000000 -0.004502 0.770665 -0.637225 13.816900 0.162089 0.629367 0.760016 0.000000 0.000000 0.000000 0.000000 1.000000
0.986766 -0.099865 -0.127751 0.000000 -0.004499 0.770682 -0.637204 13.816900 0.162090 0.629345 0.760034 0.000000 0.000000 0.000000 0.000000 1.000000
0.986766 -0.099864 -0.127752 0.000000 -0.004495 0.770702 -0.637180 13.816900 0.162090 0.629321 0.760054 0.000000 0.000000 0.000000 0.000000 1.000000
0.986766 -0.099862 -0.127754 0.000000 -0.004491 0.770725 -0.637152 13.816900 0.162090 0.629293 0.760077 -0.000000 0.000000 0.000000 0.000000 1.000000
0.986766 -0.099859 -0.127755 -0.000000 -0.004486 0.770757 -0.637113 13.816900 0.162090 0.629255 0.760109 0.000000 0.000000 0.000000 0.000000 1.000000
0.986766 -0.099857 -0.127756 0.000000 -0.004481 0.770790 -0.637074 13.816900 0.162089 0.629215 0.760142 -0.000000 0.000000 0.000000 0.000000 1.000000
0.986766 -0.099855 -0.127758 0.000000 -0.004477 0.770814 -0.637044 13.816900 0.162089 0.629186 0.760166 0.000000 0.000000 0.000000 0.000000 1.000000
0.986766 -0.099855 -0.127759 0.000000 -0.004473 0.770831 -0.637024 13.816900 0.162091 0.629165 0.760183 -0.000000 0.000000 0.000000 0.000000 1.000000
0.986766 -0.099855 -0.127760 0.000000 -0.004470 0.770847 -0.637005 13.816900 0.162092 0.629145 0.760199 0.000000 0.000000 0.000000 0.000000 1.000000
0.986765 -0.099856 -0.127761 0.000000 -0.004467 0.770862 -0.636987 13.816900 0.162093 0.629127 0.760214 0.000000 0.000000 0.000000 0.000000 1.000000
0.986765 -0.099856 -0.127763 0.000000 -0.004464 0.770875 -0.636971 13.816900 0.162094 0.629111 0.760227 -0.000000 0.000000 0.000000 0.000000 1.000000
0.986765 -0.099856 -0.127764 0.000000 -0.004462 0.770887 -0.636956 13.816900 0.162096 0.629096 0.760239 -0.000000 0.000000 0.000000 0.000000 1.000000
0.986765 -0.099856 -0.127765 0.000000 -0.004460 0.770897 -0.636944 13.816900 0.162097 0.629084 0.760249 0.000000 0.000000 0.000000 0.000000 1.000000
0.986765 -0.099857 -0.127767 0.000000 -0.004458 0.770905 -0.636935 13.816900 0.162098 0.629074 0.760256 0.000000 0.000000 0.000000 0.000000 1.000000
0.986764 -0.099857 -0.127768 0.000000 -0.004457 0.770910 -0.636929 13.816900 0.162099 0.629068 0.760261 0.000000 0.000000 0.000000 0.000000 1.000000
0.986764 -0.099857 -0.127769 -0.000000 -0.004458 0.770913 -0.636925 13.816900 0.162100 0.629065 0.760264 -0.000000 0.000000 0.000000 0.000000 1.000000
0.986764 -0.099857 -0.127770 0.000000 -0.004458 0.770912 -0.636926 13.816900 0.162101 0.629066 0.760263 0.000000 0.000000 0.000000 0.000000 1.000000
0.986764 -0.099857 -0.127772 0.000000 -0.004460 0.770908 -0.636931 13.816900 0.162102 0.629070 0.760259 0.000000 0.000000 0.000000 0.000000 1.000000
0.986764 -0.099857 -0.127773 -0.000000 -0.004463 0.770901 -0.636940 13.816900 0.162103 0.629079 0.760251 0.000000 0.000000 0.000000 0.000000 1.000000
0.986764 -0.099857 -0.127774 0.000000 -0.004467 0.770889 -0.636954 13.816900 0.162104 0.629093 0.760239 0.000000 0.000000 0.000000 0.000000 1.000000
0.986763 -0.099859 -0.127776 0.000000 -0.004473 0.770864 -0.636984 13.816900 0.162106 0.629124 0.760214 0.000000 0.000000 0.000000 0.000000 1.000000
0.986763 -0.099863 -0.127777 0.000000 -0.004482 0.770818 -0.637040 13.816900 0.162110 0.629180 0.760166 -0.000000 0.000000 0.000000 0.000000 1.000000
0.986762 -0.099869 -0.127778 0.000000 -0.004492 0.770764 -0.637105 13.816900 0.162113 0.629245 0.760112 -0.000000 0.000000 0.000000 0.000000 1.000000
0.986438 -0.101423 -0.129046 -0.000000 -0.007602 0.757155 -0.653191 13.816900 0.163956 0.645314 0.746116 -0.000000 0.000000 0.000000 0.000000 1.000000
0.985211 -0.107690 -0.133278 0.000000 -0.022119 0.691383 -0.722150 13.816900 0.169915 0.714417 0.678776 0.000000 0.000000 0.000000 0.000000 1.000000
0.993731 -0.067731 -0.088946 0.000000 -0.018172 0.687158 -0.726281 13.816900 0.110312 0.723344 0.681619 -0.000000 0.000000 0.000000 0.000000 1.000000
0.999996 0.002584 -0.000712 0.000000 -0.002314 0.698543 -0.715565 13.816900 -0.001351 0.715564 0.698546 0.000000 0.000000 0.000000 0.000000 1.000000
0.998012 0.044703 0.044434 0.000000 0.000721 0.696818 -0.717247 13.816900 -0.063026 0.715853 0.695401 0.000000 0.000000 0.000000 0.000000 1.000000
0.996032 0.063188 0.062663 0.000000 -0.004349 0.737872 -0.674926 13.816900 -0.088885 0.671976 0.735220 0.000000 0.000000 0.000000 0.000000 1.000000
0.995302 0.065465 0.071333 0.000000 -0.001199 0.745041 -0.667018 13.816900 -0.096812 0.663798 0.741619 0.000000 0.000000 0.000000 0.000000 1.000000
0.995302 0.065465 0.071333 0.000000 -0.001200 0.745041 -0.667018 13.816900 -0.096812 0.663799 0.741619 0.000000 0.000000 0.000000 0.000000 1.000000</float_array>
        <technique_common>
          <accessor source="#mixamorig_LeftToeBase-Matrix-animation-output-transform-array" count="46" stride="16">
            <param type="float4x4"/>
          </accessor>
        </technique_common>
      </source>
      <source id="mixamorig_LeftToeBase-Interpolations">
        <Name_array id="mixamorig_LeftToeBase-Interpolations-array" count="46">
 LINEAR LINEAR LINEAR LINEAR LINEAR LINEAR LINEAR LINEAR LINEAR LINEAR LINEAR
LINEAR LINEAR LINEAR LINEAR LINEAR LINEAR LINEAR LINEAR LINEAR LINEAR LINEAR LINEAR
LINEAR LINEAR LINEAR LINEAR LINEAR LINEAR LINEAR LINEAR LINEAR LINEAR LINEAR LINEAR
LINEAR LINEAR LINEAR LINEAR LINEAR LINEAR LINEAR LINEAR LINEAR LINEAR LINEAR</Name_array>
        <technique_common>
          <accessor source="#mixamorig_LeftToeBase-Interpolations-array" count="46">
            <param type="name"/>
          </accessor>
        </technique_common>
      </source>
      <sampler id="mixamorig_LeftToeBase-Matrix-animation-transform">
        <input semantic="INPUT" source="#mixamorig_LeftToeBase-Matrix-animation-input"/>
        <input semantic="OUTPUT" source="#mixamorig_LeftToeBase-Matrix-animation-output-transform"/>
        <input semantic="INTERPOLATION" source="#mixamorig_LeftToeBase-Interpolations"/>
      </sampler>
      <channel source="#mixamorig_LeftToeBase-Matrix-animation-transform" target="mixamorig_LeftToeBase/matrix"/>
    </animation>
  </library_animations>
  <library_visual_scenes>
    <visual_scene id="RootNode" name="RootNode">
      <node id="mixamorig_Hips" name="mixamorig_Hips" sid="mixamorig_Hips" type="JOINT">
        <matrix sid="matrix">0.582575 -0.129404 -0.802409 -0.844606 -0.018119 0.984931 -0.171994 88.125671 0.812575 0.114738 0.571452 0.706215 0.000000 0.000000 0.000000 1.000000</matrix>
        <node id="mixamorig_Spine" name="mixamorig_Spine" sid="mixamorig_Spine" type="JOINT">
          <matrix sid="matrix">0.996749 0.041061 0.069328 0.000000 -0.043324 0.998566 0.031462 10.182400 -0.067936 -0.034363 0.997098 0.000000 0.000000 0.000000 0.000000 1.000000</matrix>
          <node id="mixamorig_Spine1" name="mixamorig_Spine1" sid="mixamorig_Spine1" type="JOINT">
            <matrix sid="matrix">0.998870 -0.043761 0.018561 0.000000 0.044152 0.998800 -0.021196 10.002700 -0.017611 0.021991 0.999603 -0.000000 0.000000 0.000000 0.000000 1.000000</matrix>
            <node id="mixamorig_Spine2" name="mixamorig_Spine2" sid="mixamorig_Spine2" type="JOINT">
              <matrix sid="matrix">0.999575 -0.020934 0.020274 0.000000 0.021525 0.999336 -0.029409 9.322100 -0.019645 0.029833 0.999362 0.000000 0.000000 0.000000 0.000000 1.000000</matrix>
              <node id="mixamorig_Neck" name="mixamorig_Neck" sid="mixamorig_Neck" type="JOINT">
                <matrix sid="matrix">0.985070 0.006144 0.172047 0.000000 -0.012104 0.999362 0.033616 16.865299 -0.171731 -0.035197 0.984515 -0.000000 0.000000 0.000000 0.000000 1.000000</matrix>
                <node id="mixamorig_Head" name="mixamorig_Head" sid="mixamorig_Head" type="JOINT">
                  <matrix sid="matrix">0.912383 0.030253 0.408217 -0.000000 -0.063997 0.995544 0.069256 9.341900 -0.404303 -0.089313 0.910254 2.841000 0.000000 0.000000 0.000000 1.000000</matrix>
                  <node id="mixamorig_HeadTop_End" name="mixamorig_HeadTop_End" sid="mixamorig_HeadTop_End" type="JOINT">
                    <matrix sid="matrix">1.000000 -0.000000 -0.000000 0.000000 -0.000000 1.000000 0.000000 20.962799 -0.000000 0.000000 1.000000 10.122900 0.000000 0.000000 0.000000 1.000000</matrix>
                  </node>
                </node>
              </node>
              <node id="mixamorig_RightShoulder" name="mixamorig_RightShoulder" sid="mixamorig_RightShoulder" type="JOINT">
                <matrix sid="matrix">-0.517122 -0.850871 0.092751 -4.570000 -0.014126 -0.099866 -0.994901 11.195800 0.855795 -0.515796 0.039624 -0.806600 0.000000 0.000000 0.000000 1.000000</matrix>
                <node id="mixamorig_RightArm" name="mixamorig_RightArm" sid="mixamorig_RightArm" type="JOINT">
                  <matrix sid="matrix">0.968645 0.117911 -0.218689 0.000000 -0.242112 0.645536 -0.724338 10.838200 0.055764 0.754573 0.653843 0.000000 0.000000 0.000000 0.000000 1.000000</matrix>
                  <node id="mixamorig_RightForeArm" name="mixamorig_RightForeArm" sid="mixamorig_RightForeArm" type="JOINT">
                    <matrix sid="matrix">0.266616 0.963801 0.001719 0.000000 -0.960679 0.265895 -0.079967 27.841499 -0.077529 0.019669 0.996796 0.000000 0.000000 0.000000 0.000000 1.000000</matrix>
                    <node id="mixamorig_RightHand" name="mixamorig_RightHand" sid="mixamorig_RightHand" type="JOINT">
                      <matrix sid="matrix">0.884762 0.464485 -0.038080 0.000000 -0.464148 0.870856 -0.161792 28.328800 -0.041988 0.160822 0.986090 -0.000000 0.000000 0.000000 0.000000 1.000000</matrix>
                      <node id="mixamorig_RightHandThumb1" name="mixamorig_RightHandThumb1" sid="mixamorig_RightHandThumb1" type="JOINT">
                        <matrix sid="matrix">0.992212 -0.095619 0.079832 2.681900 0.120518 0.574892 -0.809305 2.464800 0.031490 0.812623 0.581938 1.574000 0.000000 0.000000 0.000000 1.000000</matrix>
                        <node id="mixamorig_RightHandThumb2" name="mixamorig_RightHandThumb2" sid="mixamorig_RightHandThumb2" type="JOINT">
                          <matrix sid="matrix">0.947750 0.104666 -0.301356 0.000000 -0.048339 0.980855 0.188644 4.189000 0.315331 -0.164220 0.934665 0.000000 0.000000 0.000000 0.000000 1.000000</matrix>
                          <node id="mixamorig_RightHandThumb3" name="mixamorig_RightHandThumb3" sid="mixamorig_RightHandThumb3" type="JOINT">
                            <matrix sid="matrix">0.945578 -0.227993 0.232166 -0.000000 0.141834 0.930931 0.336528 3.416300 -0.292856 -0.285284 0.912605 -0.000000 0.000000 0.000000 0.000000 1.000000</matrix>
                            <node id="mixamorig_RightHandThumb4" name="mixamorig_RightHandThumb4" sid="mixamorig_RightHandThumb4" type="JOINT">
                              <matrix sid="matrix">0.967631 0.095337 -0.233668 0.000000 -0.098051 0.995181 0.000001 2.575000 0.232542 0.022911 0.972316 0.000000 0.000000 0.000000 0.000000 1.000000</matrix>
                            </node>
                          </node>
                        </node>
                      </node>
                      <node id="mixamorig_RightHandIndex1" name="mixamorig_RightHandIndex1" sid="mixamorig_RightHandIndex1" type="JOINT">
                        <matrix sid="matrix">0.998596 -0.024249 0.047093 2.259800 0.052955 0.477650 -0.876953 9.108300 -0.001229 0.878216 0.478264 0.517900 0.000000 0.000000 0.000000 1.000000</matrix>
                        <node id="mixamorig_RightHandIndex2" name="mixamorig_RightHandIndex2" sid="mixamorig_RightHandIndex2" type="JOINT">
                          <matrix sid="matrix">0.997060 0.030315 -0.070378 0.000000 -0.076629 0.395833 -0.915120 3.700000 0.000116 0.917822 0.396992 0.000000 0.000000 0.000000 0.000000 1.000000</matrix>
                          <node id="mixamorig_RightHandIndex3" name="mixamorig_RightHandIndex3" sid="mixamorig_RightHandIndex3" type="JOINT">
                            <matrix sid="matrix">0.999411 -0.032653 -0.010569 -0.000000 0.007495 0.508176 -0.861221 2.850000 0.033492 0.860634 0.508121 0.000000 0.000000 0.000000 0.000000 1.000000</matrix>
                            <node id="mixamorig_RightHandIndex4" name="mixamorig_RightHandIndex4" sid="mixamorig_RightHandIndex4" type="JOINT">
                              <matrix sid="matrix">0.999998 -0.000175 0.002005 -0.000000 0.000175 1.000000 0.000000 2.772200 -0.002005 -0.000000 0.999998 0.000000 0.000000 0.000000 0.000000 1.000000</matrix>
                            </node>
                          </node>
                        </node>
                      </node>
                      <node id="mixamorig_RightHandMiddle1" name="mixamorig_RightHandMiddle1" sid="mixamorig_RightHandMiddle1" type="JOINT">
                        <matrix sid="matrix">0.999765 0.019251 0.009921 -0.000000 0.002091 0.370163 -0.928964 9.532500 -0.021556 0.928767 0.370036 0.000000 0.000000 0.000000 0.000000 1.000000</matrix>
                        <node id="mixamorig_RightHandMiddle2" name="mixamorig_RightHandMiddle2" sid="mixamorig_RightHandMiddle2" type="JOINT">
                          <matrix sid="matrix">0.996341 0.009525 -0.084938 0.000000 -0.085460 0.095462 -0.991758 3.700000 -0.001338 0.995387 0.095927 -0.000000 0.000000 0.000000 0.000000 1.000000</matrix>
                          <node id="mixamorig_RightHandMiddle3" name="mixamorig_RightHandMiddle3" sid="mixamorig_RightHandMiddle3" type="JOINT">
                            <matrix sid="matrix">0.999600 -0.028260 -0.000912 0.000000 0.023289 0.841186 -0.540245 2.950000 0.016035 0.540007 0.841508 0.000000 0.000000 0.000000 0.000000 1.000000</matrix>
                            <node id="mixamorig_RightHandMiddle4" name="mixamorig_RightHandMiddle4" sid="mixamorig_RightHandMiddle4" type="JOINT">
                              <matrix sid="matrix">0.999998 -0.000333 0.001857 -0.000000 0.000333 1.000000 0.000001 2.946600 -0.001857 -0.000000 0.999998 0.000000 0.000000 0.000000 0.000000 1.000000</matrix>
                            </node>
                          </node>
                        </node>
                      </node>
                      <node id="mixamorig_RightHandRing1" name="mixamorig_RightHandRing1" sid="mixamorig_RightHandRing1" type="JOINT">
                        <matrix sid="matrix">0.996641 -0.030226 0.076112 -1.865100 0.080439 0.186895 -0.979081 9.103600 0.015369 0.981915 0.188698 0.043100 0.000000 0.000000 0.000000 1.000000</matrix>
                        <node id="mixamorig_RightHandRing2" name="mixamorig_RightHandRing2" sid="mixamorig_RightHandRing2" type="JOINT">
                          <matrix sid="matrix">0.999725 0.017704 -0.015378 -0.000000 -0.019828 0.288043 -0.957412 3.379300 -0.012520 0.957454 0.288315 -0.000000 0.000000 0.000000 0.000000 1.000000</matrix>
                          <node id="mixamorig_RightHandRing3" name="mixamorig_RightHandRing3" sid="mixamorig_RightHandRing3" type="JOINT">
                            <matrix sid="matrix">0.999780 -0.015506 0.014092 0.000000 0.020921 0.775388 -0.631138 2.889700 -0.001140 0.631295 0.775542 0.000000 0.000000 0.000000 0.000000 1.000000</matrix>
                            <node id="mixamorig_RightHandRing4" name="mixamorig_RightHandRing4" sid="mixamorig_RightHandRing4" type="JOINT">
                              <matrix sid="matrix">0.999999 0.001599 0.000291 0.000000 -0.001599 0.999999 -0.000000 2.638800 -0.000291 0.000000 1.000000 0.000000 0.000000 0.000000 0.000000 1.000000</matrix>
                            </node>
                          </node>
                        </node>
                      </node>
                      <node id="mixamorig_RightHandPinky1" name="mixamorig_RightHandPinky1" sid="mixamorig_RightHandPinky1" type="JOINT">
                        <matrix sid="matrix">0.997630 0.068773 0.002149 -3.806300 -0.001739 0.056435 -0.998405 8.076700 -0.068785 0.996035 0.056421 0.486700 0.000000 0.000000 0.000000 1.000000</matrix>
                        <node id="mixamorig_RightHandPinky2" name="mixamorig_RightHandPinky2" sid="mixamorig_RightHandPinky2" type="JOINT">
                          <matrix sid="matrix">0.999999 0.001029 -0.000548 0.000000 -0.001044 0.581908 -0.813254 3.600000 -0.000518 0.813254 0.581908 -0.000000 0.000000 0.000000 0.000000 1.000000</matrix>
                          <node id="mixamorig_RightHandPinky3" name="mixamorig_RightHandPinky3" sid="mixamorig_RightHandPinky3" type="JOINT">
                            <matrix sid="matrix">1.000000 0.000535 -0.000113 0.000000 -0.000531 0.900092 -0.435700 2.100000 -0.000132 0.435700 0.900092 0.000000 0.000000 0.000000 0.000000 1.000000</matrix>
                            <node id="mixamorig_RightHandPinky4" name="mixamorig_RightHandPinky4" sid="mixamorig_RightHandPinky4" type="JOINT">
                              <matrix sid="matrix">0.999995 0.000082 0.003138 0.000000 -0.000082 1.000000 -0.000000 2.115800 -0.003138 0.000000 0.999995 -0.000000 0.000000 0.000000 0.000000 1.000000</matrix>
                            </node>
                          </node>
                        </node>
                      </node>
                    </node>
                  </node>
                </node>
              </node>
              <node id="mixamorig_LeftShoulder" name="mixamorig_LeftShoulder" sid="mixamorig_LeftShoulder" type="JOINT">
                <matrix sid="matrix">-0.032909 0.992345 -0.119035 4.570400 0.104268 -0.115041 -0.987873 11.195600 -0.994005 -0.044921 -0.099684 -0.806600 0.000000 0.000000 0.000000 1.000000</matrix>
                <node id="mixamorig_LeftArm" name="mixamorig_LeftArm" sid="mixamorig_LeftArm" type="JOINT">
                  <matrix sid="matrix">0.888076 -0.373962 0.267345 -0.000000 0.454973 0.631864 -0.627493 10.837700 0.065732 0.678896 0.731286 0.000000 0.000000 0.000000 0.000000 1.000000</matrix>
                  <node id="mixamorig_LeftForeArm" name="mixamorig_LeftForeArm" sid="mixamorig_LeftForeArm" type="JOINT">
                    <matrix sid="matrix">-0.061235 -0.998000 -0.015693 -0.000000 0.849643 -0.043869 -0.525531 27.841499 0.523792 -0.045515 0.850630 0.000000 0.000000 0.000000 0.000000 1.000000</matrix>
                    <node id="mixamorig_LeftHand" name="mixamorig_LeftHand" sid="mixamorig_LeftHand" type="JOINT">
                      <matrix sid="matrix">0.999978 -0.006545 0.000845 -0.000000 0.006583 0.998358 -0.056899 28.328800 -0.000471 0.056903 0.998380 0.000000 0.000000 0.000000 0.000000 1.000000</matrix>
                      <node id="mixamorig_LeftHandThumb1" name="mixamorig_LeftHandThumb1" sid="mixamorig_LeftHandThumb1" type="JOINT">
                        <matrix sid="matrix">0.912520 -0.403244 0.068561 -2.681700 0.331794 0.631711 -0.700610 2.466100 0.239206 0.662069 0.710243 1.576200 0.000000 0.000000 0.000000 1.000000</matrix>
                        <node id="mixamorig_LeftHandThumb2" name="mixamorig_LeftHandThumb2" sid="mixamorig_LeftHandThumb2" type="JOINT">
                          <matrix sid="matrix">0.926662 0.298116 0.228965 -0.000000 -0.318885 0.945959 0.058930 4.187100 -0.199024 -0.127622 0.971649 0.000000 0.000000 0.000000 0.000000 1.000000</matrix>
                          <node id="mixamorig_LeftHandThumb3" name="mixamorig_LeftHandThumb3" sid="mixamorig_LeftHandThumb3" type="JOINT">
                            <matrix sid="matrix">0.546371 0.519253 0.657157 0.000000 -0.125648 0.826562 -0.548642 3.418400 -0.828065 0.217191 0.516852 0.000000 0.000000 0.000000 0.000000 1.000000</matrix>
                            <node id="mixamorig_LeftHandThumb4" name="mixamorig_LeftHandThumb4" sid="mixamorig_LeftHandThumb4" type="JOINT">
                              <matrix sid="matrix">0.966428 -0.081336 0.243724 -0.000000 0.083865 0.996477 0.000001 2.580600 -0.242865 0.020439 0.969845 0.000000 0.000000 0.000000 0.000000 1.000000</matrix>
                            </node>
                          </node>
                        </node>
                      </node>
                      <node id="mixamorig_LeftHandIndex1" name="mixamorig_LeftHandIndex1" sid="mixamorig_LeftHandIndex1" type="JOINT">
                        <matrix sid="matrix">0.988739 -0.082873 0.124606 -2.259900 0.136019 0.150493 -0.979209 9.109300 0.062398 0.985131 0.160071 0.518000 0.000000 0.000000 0.000000 1.000000</matrix>
                        <node id="mixamorig_LeftHandIndex2" name="mixamorig_LeftHandIndex2" sid="mixamorig_LeftHandIndex2" type="JOINT">
                          <matrix sid="matrix">0.997068 -0.029251 0.070707 -0.000000 0.076518 0.382219 -0.920898 3.700000 -0.000089 0.923609 0.383337 0.000000 0.000000 0.000000 0.000000 1.000000</matrix>
                          <node id="mixamorig_LeftHandIndex3" name="mixamorig_LeftHandIndex3" sid="mixamorig_LeftHandIndex3" type="JOINT">
                            <matrix sid="matrix">0.999406 0.034470 0.000038 0.000000 -0.011994 0.348779 -0.937128 2.850000 -0.032316 0.936571 0.348985 0.000000 0.000000 0.000000 0.000000 1.000000</matrix>
                            <node id="mixamorig_LeftHandIndex4" name="mixamorig_LeftHandIndex4" sid="mixamorig_LeftHandIndex4" type="JOINT">
                              <matrix sid="matrix">1.000000 0.000026 -0.000756 0.000000 -0.000026 1.000000 0.000000 2.774900 0.000756 0.000000 1.000000 0.000000 0.000000 0.000000 0.000000 1.000000</matrix>
                            </node>
                          </node>
                        </node>
                      </node>
                      <node id="mixamorig_LeftHandMiddle1" name="mixamorig_LeftHandMiddle1" sid="mixamorig_LeftHandMiddle1" type="JOINT">
                        <matrix sid="matrix">0.994536 -0.092945 -0.047536 0.000000 -0.042218 0.058365 -0.997402 9.533400 0.095478 0.993959 0.054123 0.000000 0.000000 0.000000 0.000000 1.000000</matrix>
                        <node id="mixamorig_LeftHandMiddle2" name="mixamorig_LeftHandMiddle2" sid="mixamorig_LeftHandMiddle2" type="JOINT">
                          <matrix sid="matrix">0.996349 -0.020938 0.082769 -0.000000 0.085368 0.230808 -0.969247 3.700000 0.001190 0.972774 0.231753 0.000000 0.000000 0.000000 0.000000 1.000000</matrix>
                          <node id="mixamorig_LeftHandMiddle3" name="mixamorig_LeftHandMiddle3" sid="mixamorig_LeftHandMiddle3" type="JOINT">
                            <matrix sid="matrix">0.999609 0.027924 0.001530 -0.000000 -0.009393 0.386802 -0.922115 2.950000 -0.026341 0.921740 0.386913 0.000000 0.000000 0.000000 0.000000 1.000000</matrix>
                            <node id="mixamorig_LeftHandMiddle4" name="mixamorig_LeftHandMiddle4" sid="mixamorig_LeftHandMiddle4" type="JOINT">
                              <matrix sid="matrix">0.999998 -0.000056 -0.002049 -0.000000 0.000056 1.000000 -0.000000 2.952900 0.002049 -0.000000 0.999998 0.000000 0.000000 0.000000 0.000000 1.000000</matrix>
                            </node>
                          </node>
                        </node>
                      </node>
                      <node id="mixamorig_LeftHandRing1" name="mixamorig_LeftHandRing1" sid="mixamorig_LeftHandRing1" type="JOINT">
                        <matrix sid="matrix">0.994618 -0.078614 -0.067491 1.865100 -0.068264 -0.007183 -0.997641 9.104500 0.077944 0.996879 -0.012511 0.043000 0.000000 0.000000 0.000000 1.000000</matrix>
                        <node id="mixamorig_LeftHandRing2" name="mixamorig_LeftHandRing2" sid="mixamorig_LeftHandRing2" type="JOINT">
                          <matrix sid="matrix">0.999747 -0.022436 0.001540 -0.000000 0.011792 0.464644 -0.885419 3.150000 0.019149 0.885213 0.464791 -0.000000 0.000000 0.000000 0.000000 1.000000</matrix>
                          <node id="mixamorig_LeftHandRing3" name="mixamorig_LeftHandRing3" sid="mixamorig_LeftHandRing3" type="JOINT">
                            <matrix sid="matrix">0.999784 0.004482 -0.020282 0.000000 -0.020691 0.300544 -0.953544 2.950000 0.001822 0.953757 0.300572 0.000000 0.000000 0.000000 0.000000 1.000000</matrix>
                            <node id="mixamorig_LeftHandRing4" name="mixamorig_LeftHandRing4" sid="mixamorig_LeftHandRing4" type="JOINT">
                              <matrix sid="matrix">1.000000 -0.000031 0.000986 0.000000 0.000031 1.000000 0.000000 2.644300 -0.000986 0.000000 1.000000 0.000000 0.000000 0.000000 0.000000 1.000000</matrix>
                            </node>
                          </node>
                        </node>
                      </node>
                      <node id="mixamorig_LeftHandPinky1" name="mixamorig_LeftHandPinky1" sid="mixamorig_LeftHandPinky1" type="JOINT">
                        <matrix sid="matrix">0.977785 -0.143233 -0.153036 3.806300 -0.143730 0.073273 -0.986901 8.077800 0.152571 0.986973 0.051058 0.486900 0.000000 0.000000 0.000000 1.000000</matrix>
                        <node id="mixamorig_LeftHandPinky2" name="mixamorig_LeftHandPinky2" sid="mixamorig_LeftHandPinky2" type="JOINT">
                          <matrix sid="matrix">0.999999 -0.001125 0.000892 0.000000 0.001166 0.273864 -0.961768 3.600000 0.000838 0.961768 0.273865 -0.000000 0.000000 0.000000 0.000000 1.000000</matrix>
                          <node id="mixamorig_LeftHandPinky3" name="mixamorig_LeftHandPinky3" sid="mixamorig_LeftHandPinky3" type="JOINT">
                            <matrix sid="matrix">1.000000 -0.000839 0.000461 0.000000 0.000901 0.661982 -0.749519 2.100000 0.000324 0.749519 0.661983 0.000000 0.000000 0.000000 0.000000 1.000000</matrix>
                            <node id="mixamorig_LeftHandPinky4" name="mixamorig_LeftHandPinky4" sid="mixamorig_LeftHandPinky4" type="JOINT">
                              <matrix sid="matrix">0.999999 0.000590 -0.001567 0.000000 -0.000590 1.000000 -0.000001 2.125500 0.001567 0.000002 0.999999 -0.000000 0.000000 0.000000 0.000000 1.000000</matrix>
                            </node>
                          </node>
                        </node>
                      </node>
                    </node>
                  </node>
                </node>
              </node>
            </node>
          </node>
        </node>
        <node id="mixamorig_RightUpLeg" name="mixamorig_RightUpLeg" sid="mixamorig_RightUpLeg" type="JOINT">
          <matrix sid="matrix">-0.773760 -0.540496 -0.330394 -8.207800 0.295411 -0.769238 0.566574 -6.771800 -0.560382 0.340790 0.754874 -1.512200 0.000000 0.000000 0.000000 1.000000</matrix>
          <node id="mixamorig_RightLeg" name="mixamorig_RightLeg" sid="mixamorig_RightLeg" type="JOINT">
            <matrix sid="matrix">0.995162 0.092327 0.033592 0.000000 -0.088571 0.695091 0.713445 44.371498 0.042521 -0.712969 0.699905 0.000000 0.000000 0.000000 0.000000 1.000000</matrix>
            <node id="mixamorig_RightFoot" name="mixamorig_RightFoot" sid="mixamorig_RightFoot" type="JOINT">
              <matrix sid="matrix">0.867829 -0.252685 0.427811 0.000000 0.492956 0.330116 -0.804996 44.527802 0.062183 0.909491 0.411047 0.000000 0.000000 0.000000 0.000000 1.000000</matrix>
              <node id="mixamorig_RightToeBase" name="mixamorig_RightToeBase" sid="mixamorig_RightToeBase" type="JOINT">
                <matrix sid="matrix">0.999790 -0.010850 -0.017392 -0.000000 -0.003064 0.759804 -0.650145 13.816900 0.020268 0.650062 0.759611 -0.000000 0.000000 0.000000 0.000000 1.000000</matrix>
                <node id="mixamorig_RightToe_End" name="mixamorig_RightToe_End" sid="mixamorig_RightToe_End" type="JOINT">
                  <matrix sid="matrix">0.999731 -0.000000 0.023214 0.000000 0.000000 1.000000 0.000000 9.278100 -0.023214 0.000000 0.999731 0.000000 0.000000 0.000000 0.000000 1.000000</matrix>
                </node>
              </node>
            </node>
          </node>
        </node>
        <node id="mixamorig_LeftUpLeg" name="mixamorig_LeftUpLeg" sid="mixamorig_LeftUpLeg" type="JOINT">
          <matrix sid="matrix">-0.665173 0.607907 0.433582 8.207800 0.039420 -0.551273 0.833393 -6.771800 0.745648 0.571442 0.342729 -1.512200 0.000000 0.000000 0.000000 1.000000</matrix>
          <node id="mixamorig_LeftLeg" name="mixamorig_LeftLeg" sid="mixamorig_LeftLeg" type="JOINT">
            <matrix sid="matrix">0.966387 -0.087744 0.241657 0.000000 -0.120201 0.676693 0.726387 44.371399 -0.227264 -0.731018 0.643400 0.000000 0.000000 0.000000 0.000000 1.000000</matrix>
            <node id="mixamorig_LeftFoot" name="mixamorig_LeftFoot" sid="mixamorig_LeftFoot" type="JOINT">
              <matrix sid="matrix">0.985829 0.103791 -0.131790 0.000000 -0.167746 0.617363 -0.768586 44.527802 0.001590 0.779802 0.626024 0.000000 0.000000 0.000000 0.000000 1.000000</matrix>
              <node id="mixamorig_LeftToeBase" name="mixamorig_LeftToeBase" sid="mixamorig_LeftToeBase" type="JOINT">
                <matrix sid="matrix">0.995302 0.065465 0.071329 0.000000 -0.001202 0.745041 -0.667017 13.816900 -0.096809 0.663798 0.741620 0.000000 0.000000 0.000000 0.000000 1.000000</matrix>
                <node id="mixamorig_LeftToe_End" name="mixamorig_LeftToe_End" sid="mixamorig_LeftToe_End" type="JOINT">
                  <matrix sid="matrix">0.999718 -0.000000 -0.023736 0.000000 0.000000 1.000000 -0.000000 9.278100 0.023736 0.000000 0.999718 -0.000000 0.000000 0.000000 0.000000 1.000000</matrix>
                </node>
              </node>
            </node>
          </node>
        </node>
      </node>
    </visual_scene>
  </library_visual_scenes>
  <scene>
    <instance_visual_scene url="#RootNode"/>
  </scene>
</COLLADA>
