<?xml version="1.0" encoding="utf-8"?>
<COLLADA xmlns="http://www.collada.org/2005/11/COLLADASchema" version="1.4.1">
  <asset>
    <contributor>
      <author>Mixamo</author>
      <authoring_tool>COLLADA Mixamo exporter</authoring_tool>
      <comments/>
    </contributor>
    <created>2026-09-11T23:17:49Z</created>
    <modified>2026-09-11T23:17:49Z</modified>
    <revision/>
    <title/>
    <unit meter="0.010000"/>
    <up_axis>Y_UP</up_axis>
  </asset>
  <library_animations>
    <animation id="mixamorig_Hips-anim" name="mixamorig_Hips">
      <source id="mixamorig_Hips-Matrix-animation-input">
        <float_array id="mixamorig_Hips-Matrix-animation-input-array" count="56">

0.000000 0.033333 0.066667 0.100000 0.133333 0.166667 0.200000 0.233333 0.266667 0.300000 0.333333 0.366667 0.400000 0.433333 0.466667 0.500000
0.533333 0.566667 0.600000 0.633333 0.666667 0.700000 0.733333 0.766667 0.800000 0.833333 0.866667 0.900000 0.933333 0.966667 1.000000 1.033333
1.066667 1.100000 1.133333 1.166667 1.200000 1.233333 1.266667 1.300000 1.333333 1.366667 1.400000 1.433333 1.466667 1.500000 1.533333 1.566667
1.600000 1.633333 1.666667 1.700000 1.733333 1.766667 1.800000 1.833333</float_array>
        <technique_common>
          <accessor source="#mixamorig_Hips-Matrix-animation-input-array" count="56">
            <param name="TIME" type="float"/>
          </accessor>
        </technique_common>
      </source>
      <source id="mixamorig_Hips-Matrix-animation-output-transform">
        <float_array id="mixamorig_Hips-Matrix-animation-output-transform-array" count="896">

0.636738 -0.137818 -0.758664 -1.315314 0.041848 0.988624 -0.144469 88.255638 0.769944 0.060240 0.635262 1.161011 0.000000 0.000000 0.000000 1.000000
0.636958 -0.135547 -0.758888 -1.332595 0.041429 0.989017 -0.141878 88.236160 0.769785 0.058930 0.635578 1.142433 0.000000 0.000000 0.000000 1.000000
0.635801 -0.133383 -0.760241 -1.354416 0.040997 0.989401 -0.139302 88.270103 0.770763 0.057401 0.634531 1.142426 0.000000 0.000000 0.000000 1.000000
0.633102 -0.132482 -0.762647 -1.379537 0.040865 0.989591 -0.137982 88.397621 0.772989 0.056191 0.631926 1.171870 0.000000 0.000000 0.000000 1.000000
0.629355 -0.132651 -0.765713 -1.401330 0.040616 0.989592 -0.138052 88.613525 0.776056 0.055784 0.628192 1.222778 0.000000 0.000000 0.000000 1.000000
0.625026 -0.133899 -0.769035 -1.412776 0.040379 0.989405 -0.139450 88.909363 0.779559 0.056107 0.623810 1.303266 0.000000 0.000000 0.000000 1.000000
0.619540 -0.135588 -0.773166 -1.429088 0.040185 0.989156 -0.141265 89.273842 0.783936 0.056449 0.618270 1.417697 0.000000 0.000000 0.000000 1.000000
0.613438 -0.137206 -0.777733 -1.443692 0.039673 0.988903 -0.143167 89.673203 0.788746 0.056969 0.612074 1.562485 0.000000 0.000000 0.000000 1.000000
0.607813 -0.138328 -0.781939 -1.454277 0.038895 0.988715 -0.144674 90.094841 0.793127 0.057522 0.606334 1.725675 0.000000 0.000000 0.000000 1.000000
0.603504 -0.139602 -0.785044 -1.457260 0.038580 0.988513 -0.146126 90.506020 0.796426 0.057901 0.601958 1.903005 0.000000 0.000000 0.000000 1.000000
0.600339 -0.141361 -0.787153 -1.452813 0.038835 0.988246 -0.147857 90.868401 0.798802 0.058195 0.598773 2.072446 0.000000 0.000000 0.000000 1.000000
0.597371 -0.144606 -0.788820 -1.422476 0.039975 0.987755 -0.150802 91.165253 0.800968 0.058552 0.595837 2.219399 0.000000 0.000000 0.000000 1.000000
0.594666 -0.146338 -0.790543 -1.397730 0.040007 0.987463 -0.152696 91.417778 0.802977 0.059176 0.593065 2.363827 0.000000 0.000000 0.000000 1.000000
0.592505 -0.148361 -0.791787 -1.365438 0.040263 0.987120 -0.154832 91.606537 0.804560 0.059859 0.590847 2.494606 0.000000 0.000000 0.000000 1.000000
0.590573 -0.149842 -0.792951 -1.343575 0.040881 0.986903 -0.156046 91.752197 0.805948 0.059740 0.588964 2.622432 0.000000 0.000000 0.000000 1.000000
0.588821 -0.150634 -0.794103 -1.325525 0.041741 0.986836 -0.156244 91.859947 0.807185 0.058853 0.587358 2.740930 0.000000 0.000000 0.000000 1.000000
0.587231 -0.150469 -0.795310 -1.307786 0.042521 0.986947 -0.155329 91.942345 0.808302 0.057396 0.585964 2.834480 0.000000 0.000000 0.000000 1.000000
0.585696 -0.151097 -0.796323 -1.305183 0.043760 0.986932 -0.155078 92.017982 0.809349 0.055981 0.584655 2.915587 0.000000 0.000000 0.000000 1.000000
0.584506 -0.152864 -0.796859 -1.302168 0.045178 0.986701 -0.156143 92.088364 0.810130 0.055266 0.583639 2.965778 0.000000 0.000000 0.000000 1.000000
0.585285 -0.154043 -0.796060 -1.308244 0.046854 0.986572 -0.156460 92.164711 0.809473 0.054275 0.584644 3.006291 0.000000 0.000000 0.000000 1.000000
0.586815 -0.154812 -0.794784 -1.312148 0.048206 0.986491 -0.156561 92.246239 0.808285 0.053559 0.586350 3.025307 0.000000 0.000000 0.000000 1.000000
0.588218 -0.155496 -0.793612 -1.315248 0.048936 0.986386 -0.156996 92.320404 0.807220 0.053512 0.587820 3.008272 0.000000 0.000000 0.000000 1.000000
0.590644 -0.155558 -0.791797 -1.312223 0.049467 0.986377 -0.156886 92.390167 0.805415 0.053496 0.590292 2.972891 0.000000 0.000000 0.000000 1.000000
0.593754 -0.154975 -0.789581 -1.314290 0.049421 0.986449 -0.156451 92.436234 0.803127 0.053871 0.593367 2.915180 0.000000 0.000000 0.000000 1.000000
0.597057 -0.153726 -0.787332 -1.322785 0.049103 0.986630 -0.155403 92.457558 0.800695 0.054124 0.596623 2.851907 0.000000 0.000000 0.000000 1.000000
0.600534 -0.152028 -0.785014 -1.334830 0.048822 0.986899 -0.153777 92.448502 0.798108 0.054022 0.600088 2.798362 0.000000 0.000000 0.000000 1.000000
0.603436 -0.149994 -0.783178 -1.358275 0.048359 0.987225 -0.151813 92.410591 0.795944 0.053736 0.602981 2.750804 0.000000 0.000000 0.000000 1.000000
0.606179 -0.148039 -0.781429 -1.387158 0.048470 0.987574 -0.149492 92.332474 0.793850 0.052743 0.605822 2.707096 0.000000 0.000000 0.000000 1.000000
0.608744 -0.145892 -0.779837 -1.411035 0.048713 0.987965 -0.146803 92.208817 0.791870 0.051377 0.608525 2.644721 0.000000 0.000000 0.000000 1.000000
0.611000 -0.144301 -0.778368 -1.431699 0.049344 0.988276 -0.144482 92.027283 0.790091 0.049871 0.610957 2.558999 0.000000 0.000000 0.000000 1.000000
0.613372 -0.144031 -0.776550 -1.446658 0.050769 0.988388 -0.143221 91.799896 0.788160 0.048423 0.613562 2.448775 0.000000 0.000000 0.000000 1.000000
0.616969 -0.144892 -0.773534 -1.452967 0.052471 0.988292 -0.143268 91.545929 0.785236 0.047804 0.617348 2.327531 0.000000 0.000000 0.000000 1.000000
0.621190 -0.144781 -0.770170 -1.464898 0.053640 0.988336 -0.142530 91.278610 0.781822 0.047226 0.621710 2.211598 0.000000 0.000000 0.000000 1.000000
0.624663 -0.144633 -0.767383 -1.494712 0.055237 0.988420 -0.141329 91.011894 0.778938 0.045895 0.625419 2.107682 0.000000 0.000000 0.000000 1.000000
0.627358 -0.145257 -0.765063 -1.530009 0.057123 0.988386 -0.140817 90.739983 0.776633 0.044640 0.628370 2.011587 0.000000 0.000000 0.000000 1.000000
0.629403 -0.144841 -0.763461 -1.566910 0.058496 0.988519 -0.139314 90.500748 0.774874 0.043025 0.630649 1.932564 0.000000 0.000000 0.000000 1.000000
0.631024 -0.144820 -0.762126 -1.601821 0.060493 0.988615 -0.137771 90.284843 0.773401 0.040834 0.632600 1.876255 0.000000 0.000000 0.000000 1.000000
0.631384 -0.144757 -0.761840 -1.623626 0.061533 0.988677 -0.136861 90.100632 0.773025 0.039534 0.633142 1.812104 0.000000 0.000000 0.000000 1.000000
0.632866 -0.144529 -0.760652 -1.656807 0.062532 0.988755 -0.135844 89.920616 0.771732 0.038406 0.634787 1.777523 0.000000 0.000000 0.000000 1.000000
0.634559 -0.144255 -0.759293 -1.684834 0.063382 0.988831 -0.134895 89.757462 0.770271 0.037473 0.636615 1.749807 0.000000 0.000000 0.000000 1.000000
0.633771 -0.143774 -0.760042 -1.719275 0.062509 0.988880 -0.134938 89.610062 0.770991 0.038011 0.635711 1.687045 0.000000 0.000000 0.000000 1.000000
0.635803 -0.143229 -0.758445 -1.738150 0.062500 0.988959 -0.134367 89.484413 0.769316 0.038028 0.637735 1.645565 0.000000 0.000000 0.000000 1.000000
0.636212 -0.142369 -0.758265 -1.750608 0.060963 0.989030 -0.134546 89.364273 0.769102 0.039373 0.637912 1.581498 0.000000 0.000000 0.000000 1.000000
0.635769 -0.142324 -0.758645 -1.741335 0.059122 0.988946 -0.135983 89.249016 0.769612 0.041601 0.637155 1.506545 0.000000 0.000000 0.000000 1.000000
0.635858 -0.142224 -0.758589 -1.719475 0.057350 0.988864 -0.137326 89.137321 0.769672 0.043815 0.636934 1.433945 0.000000 0.000000 0.000000 1.000000
0.636052 -0.141665 -0.758530 -1.674501 0.054939 0.988822 -0.138607 89.015366 0.769688 0.046488 0.636726 1.355828 0.000000 0.000000 0.000000 1.000000
0.636068 -0.141263 -0.758592 -1.633694 0.052659 0.988754 -0.139970 88.886848 0.769834 0.049084 0.636354 1.284601 0.000000 0.000000 0.000000 1.000000
0.635461 -0.140705 -0.759204 -1.582705 0.050544 0.988728 -0.140937 88.755257 0.770477 0.051186 0.635410 1.216234 0.000000 0.000000 0.000000 1.000000
0.634533 -0.139418 -0.760217 -1.533910 0.048357 0.988831 -0.140981 88.647591 0.771381 0.052695 0.634188 1.165578 0.000000 0.000000 0.000000 1.000000
0.633585 -0.138323 -0.761208 -1.481854 0.046148 0.988893 -0.141285 88.552879 0.772296 0.054388 0.632930 1.125390 0.000000 0.000000 0.000000 1.000000
0.633526 -0.138363 -0.761249 -1.424068 0.044988 0.988803 -0.142282 88.469131 0.772412 0.055893 0.632657 1.104571 0.000000 0.000000 0.000000 1.000000
0.634037 -0.138703 -0.760762 -1.366404 0.044357 0.988686 -0.143291 88.400558 0.772030 0.057106 0.633016 1.103306 0.000000 0.000000 0.000000 1.000000
0.634375 -0.138715 -0.760478 -1.324468 0.043661 0.988627 -0.143909 88.344711 0.771792 0.058089 0.633216 1.105117 0.000000 0.000000 0.000000 1.000000
0.634732 -0.138738 -0.760176 -1.302677 0.043069 0.988573 -0.144460 88.300194 0.771531 0.058953 0.633454 1.115140 0.000000 0.000000 0.000000 1.000000
0.635304 -0.138643 -0.759715 -1.297998 0.042534 0.988541 -0.144834 88.263779 0.771090 0.059700 0.633922 1.131313 0.000000 0.000000 0.000000 1.000000
0.636738 -0.137818 -0.758664 -1.315319 0.041849 0.988624 -0.144469 88.255615 0.769944 0.060240 0.635262 1.161004 0.000000 0.000000 0.000000 1.000000</float_array>
        <technique_common>
          <accessor source="#mixamorig_Hips-Matrix-animation-output-transform-array" count="56" stride="16">
            <param type="float4x4"/>
          </accessor>
        </technique_common>
      </source>
      <source id="mixamorig_Hips-Interpolations">
        <Name_array id="mixamorig_Hips-Interpolations-array" count="56">
 LINEAR LINEAR LINEAR LINEAR LINEAR LINEAR LINEAR LINEAR LINEAR LINEAR LINEAR
LINEAR LINEAR LINEAR LINEAR LINEAR LINEAR LINEAR LINEAR LINEAR LINEAR LINEAR LINEAR
LINEAR LINEAR LINEAR LINEAR LINEAR LINEAR LINEAR LINEAR LINEAR LINEAR LINEAR LINEAR
LINEAR LINEAR LINEAR LINEAR LINEAR LINEAR LINEAR LINEAR LINEAR LINEAR LINEAR LINEAR
LINEAR LINEAR LINEAR LINEAR LINEAR LINEAR LINEAR LINEAR LINEAR</Name_array>
        <technique_common>
          <accessor source="#mixamorig_Hips-Interpolations-array" count="56">
            <param type="name"/>
          </accessor>
        </technique_common>
      </source>
      <sampler id="mixamorig_Hips-Matrix-animation-transform">
        <input semantic="INPUT" source="#mixamorig_Hips-Matrix-animation-input"/>
        <input semantic="OUTPUT" source="#mixamorig_Hips-Matrix-animation-output-transform"/>
        <input semantic="INTERPOLATION" source="#mixamorig_Hips-Interpolations"/>
      </sampler>
      <channel source="#mixamorig_Hips-Matrix-animation-transform" target="mixamorig_Hips/matrix"/>
    </animation>
    <animation id="mixamorig_Spine-anim" name="mixamorig_Spine">
      <source id="mixamorig_Spine-Matrix-animation-input">
        <float_array id="mixamorig_Spine-Matrix-animation-input-array" count="56">

0.000000 0.033333 0.066667 0.100000 0.133333 0.166667 0.200000 0.233333 0.266667 0.300000 0.333333 0.366667 0.400000 0.433333 0.466667 0.500000
0.533333 0.566667 0.600000 0.633333 0.666667 0.700000 0.733333 0.766667 0.800000 0.833333 0.866667 0.900000 0.933333 0.966667 1.000000 1.033333
1.066667 1.100000 1.133333 1.166667 1.200000 1.233333 1.266667 1.300000 1.333333 1.366667 1.400000 1.433333 1.466667 1.500000 1.533333 1.566667
1.600000 1.633333 1.666667 1.700000 1.733333 1.766667 1.800000 1.833333</float_array>
        <technique_common>
          <accessor source="#mixamorig_Spine-Matrix-animation-input-array" count="56">
            <param name="TIME" type="float"/>
          </accessor>
        </technique_common>
      </source>
      <source id="mixamorig_Spine-Matrix-animation-output-transform">
        <float_array id="mixamorig_Spine-Matrix-animation-output-transform-array" count="896">

0.998093 0.029378 0.054294 -0.000000 -0.027726 0.999137 -0.030935 10.182400 -0.055156 0.029370 0.998046 0.000000 0.000000 0.000000 0.000000 1.000000
0.998071 0.029355 0.054698 0.000000 -0.027640 0.999110 -0.031847 10.182400 -0.055584 0.030274 0.997995 0.000000 0.000000 0.000000 0.000000 1.000000
0.998053 0.029593 0.054903 0.000000 -0.027853 0.999094 -0.032191 10.182400 -0.055806 0.030599 0.997973 0.000000 0.000000 0.000000 0.000000 1.000000
0.998035 0.029999 0.055002 0.000000 -0.028294 0.999103 -0.031514 10.182400 -0.055898 0.029896 0.997989 -0.000000 0.000000 0.000000 0.000000 1.000000
0.998027 0.030462 0.054901 0.000000 -0.028858 0.999140 -0.029767 10.182400 -0.055761 0.028124 0.998048 0.000000 0.000000 0.000000 0.000000 1.000000
0.998039 0.030891 0.054450 0.000000 -0.029439 0.999194 -0.027278 10.182400 -0.055249 0.025621 0.998144 0.000000 0.000000 0.000000 0.000000 1.000000
0.998025 0.031538 0.054334 0.000000 -0.030253 0.999247 -0.024305 10.182400 -0.055060 0.022614 0.998227 0.000000 0.000000 0.000000 0.000000 1.000000
0.998007 0.032123 0.054315 -0.000000 -0.031001 0.999291 -0.021377 10.182400 -0.054963 0.019650 0.998295 -0.000000 0.000000 0.000000 0.000000 1.000000
0.997998 0.032454 0.054289 0.000000 -0.031487 0.999332 -0.018570 10.182400 -0.054855 0.016823 0.998353 0.000000 0.000000 0.000000 0.000000 1.000000
0.998003 0.032620 0.054090 0.000000 -0.031800 0.999367 -0.015959 10.182400 -0.054576 0.014207 0.998409 0.000000 0.000000 0.000000 0.000000 1.000000
0.998023 0.032845 0.053583 0.000000 -0.032160 0.999390 -0.013600 10.182400 -0.053997 0.011850 0.998471 -0.000000 0.000000 0.000000 0.000000 1.000000
0.998037 0.032802 0.053354 0.000000 -0.032265 0.999420 -0.010885 10.182400 -0.053680 0.009143 0.998516 -0.000000 0.000000 0.000000 0.000000 1.000000
0.998059 0.032228 0.053284 0.000000 -0.031814 0.999457 -0.008605 10.182400 -0.053533 0.006894 0.998542 0.000000 0.000000 0.000000 0.000000 1.000000
0.998078 0.031773 0.053204 0.000000 -0.031463 0.999483 -0.006639 10.182400 -0.053388 0.004952 0.998562 0.000000 0.000000 0.000000 0.000000 1.000000
0.998086 0.031651 0.053129 0.000000 -0.031436 0.999494 -0.004887 10.182400 -0.053256 0.003207 0.998576 0.000000 0.000000 0.000000 0.000000 1.000000
0.998092 0.031466 0.053124 0.000000 -0.031330 0.999503 -0.003380 10.182400 -0.053204 0.001709 0.998582 0.000000 0.000000 0.000000 0.000000 1.000000
0.998099 0.031068 0.053228 0.000000 -0.030988 0.999517 -0.002333 10.182400 -0.053274 0.000679 0.998580 0.000000 0.000000 0.000000 0.000000 1.000000
0.998094 0.030924 0.053402 0.000000 -0.030946 0.999521 -0.000413 10.182400 -0.053389 -0.001241 0.998573 0.000000 0.000000 0.000000 0.000000 1.000000
0.998086 0.030933 0.053543 -0.000000 -0.031076 0.999515 0.001836 10.182400 -0.053461 -0.003497 0.998564 0.000000 0.000000 0.000000 0.000000 1.000000
0.998088 0.030938 0.053516 0.000000 -0.031192 0.999506 0.003927 10.182400 -0.053368 -0.005588 0.998559 -0.000000 0.000000 0.000000 0.000000 1.000000
0.998091 0.030812 0.053533 0.000000 -0.031162 0.999498 0.005712 10.182400 -0.053330 -0.007369 0.998550 0.000000 0.000000 0.000000 0.000000 1.000000
0.998079 0.030625 0.053847 0.000000 -0.031066 0.999490 0.007377 10.182400 -0.053594 -0.009036 0.998522 0.000000 0.000000 0.000000 0.000000 1.000000
0.998079 0.030360 0.054007 0.000000 -0.030876 0.999485 0.008742 10.182400 -0.053714 -0.010393 0.998502 -0.000000 0.000000 0.000000 0.000000 1.000000
0.998083 0.030081 0.054086 0.000000 -0.030665 0.999480 0.009994 10.182400 -0.053757 -0.011633 0.998486 0.000000 0.000000 0.000000 0.000000 1.000000
0.998087 0.029817 0.054157 0.000000 -0.030463 0.999474 0.011144 10.182400 -0.053796 -0.012773 0.998470 0.000000 0.000000 0.000000 0.000000 1.000000
0.998089 0.029524 0.054281 0.000000 -0.030221 0.999471 0.012058 10.182400 -0.053896 -0.013675 0.998453 0.000000 0.000000 0.000000 0.000000 1.000000
0.998085 0.029029 0.054614 0.000000 -0.029791 0.999469 0.013184 10.182400 -0.054203 -0.014786 0.998420 -0.000000 0.000000 0.000000 0.000000 1.000000
0.998085 0.028601 0.054848 0.000000 -0.029398 0.999473 0.013780 10.182400 -0.054425 -0.015366 0.998400 0.000000 0.000000 0.000000 0.000000 1.000000
0.998085 0.028274 0.055024 0.000000 -0.029053 0.999488 0.013401 10.182400 -0.054617 -0.014973 0.998395 0.000000 0.000000 0.000000 0.000000 1.000000
0.998078 0.028229 0.055159 -0.000000 -0.028936 0.999509 0.012056 10.182400 -0.054791 -0.013629 0.998405 -0.000000 0.000000 0.000000 0.000000 1.000000
0.998068 0.028632 0.055147 0.000000 -0.029234 0.999521 0.010144 10.182400 -0.054830 -0.011736 0.998427 -0.000000 0.000000 0.000000 0.000000 1.000000
0.998082 0.029040 0.054667 -0.000000 -0.029505 0.999535 0.007712 10.182400 -0.054417 -0.009310 0.998475 0.000000 0.000000 0.000000 0.000000 1.000000
0.998114 0.028998 0.054100 -0.000000 -0.029282 0.999561 0.004466 10.182400 -0.053946 -0.006042 0.998526 -0.000000 0.000000 0.000000 0.000000 1.000000
0.998119 0.029222 0.053888 0.000000 -0.029334 0.999569 0.001283 10.182400 -0.053827 -0.002861 0.998546 0.000000 0.000000 0.000000 0.000000 1.000000
0.998107 0.029772 0.053811 0.000000 -0.029729 0.999557 -0.001603 10.182400 -0.053835 0.000000 0.998550 0.000000 0.000000 0.000000 0.000000 1.000000
0.998123 0.029946 0.053421 0.000000 -0.029740 0.999547 -0.004652 10.182400 -0.053536 0.003055 0.998561 0.000000 0.000000 0.000000 0.000000 1.000000
0.998090 0.030682 0.053624 -0.000000 -0.030331 0.999513 -0.007344 10.182400 -0.053824 0.005703 0.998534 -0.000000 0.000000 0.000000 0.000000 1.000000
0.998082 0.031083 0.053540 0.000000 -0.030610 0.999485 -0.009636 10.182400 -0.053811 0.007978 0.998519 -0.000000 0.000000 0.000000 0.000000 1.000000
0.998091 0.031365 0.053194 0.000000 -0.030782 0.999457 -0.011754 10.182400 -0.053534 0.010095 0.998515 0.000000 0.000000 0.000000 0.000000 1.000000
0.998092 0.031583 0.053048 0.000000 -0.030899 0.999429 -0.013652 10.182400 -0.053448 0.011986 0.998499 0.000000 0.000000 0.000000 0.000000 1.000000
0.998075 0.031697 0.053310 0.000000 -0.030933 0.999407 -0.015104 10.182400 -0.053757 0.013426 0.998464 0.000000 0.000000 0.000000 0.000000 1.000000
0.998123 0.031817 0.052324 0.000000 -0.030958 0.999373 -0.017152 10.182400 -0.052837 0.015500 0.998483 0.000000 0.000000 0.000000 0.000000 1.000000
0.998128 0.031688 0.052312 0.000000 -0.030745 0.999352 -0.018740 10.182400 -0.052872 0.017097 0.998455 0.000000 0.000000 0.000000 0.000000 1.000000
0.998124 0.031502 0.052498 0.000000 -0.030488 0.999335 -0.020011 10.182400 -0.053094 0.018373 0.998421 -0.000000 0.000000 0.000000 0.000000 1.000000
0.998136 0.031254 0.052414 0.000000 -0.030172 0.999318 -0.021309 10.182400 -0.053044 0.019688 0.998398 -0.000000 0.000000 0.000000 0.000000 1.000000
0.998161 0.030674 0.052283 0.000000 -0.029510 0.999302 -0.022898 10.182400 -0.052949 0.021313 0.998370 -0.000000 0.000000 0.000000 0.000000 1.000000
0.998168 0.030507 0.052252 0.000000 -0.029286 0.999284 -0.023974 10.182400 -0.052946 0.022399 0.998346 0.000000 0.000000 0.000000 0.000000 1.000000
0.998163 0.030288 0.052474 0.000000 -0.028983 0.999256 -0.025454 10.182400 -0.053206 0.023886 0.998298 -0.000000 0.000000 0.000000 0.000000 1.000000
0.998155 0.029912 0.052838 0.000000 -0.028512 0.999227 -0.027047 10.182400 -0.053606 0.025490 0.998237 0.000000 0.000000 0.000000 0.000000 1.000000
0.998149 0.029551 0.053145 0.000000 -0.028074 0.999205 -0.028314 10.182400 -0.053939 0.026770 0.998185 0.000000 0.000000 0.000000 0.000000 1.000000
0.998147 0.029444 0.053243 0.000000 -0.027930 0.999190 -0.028955 10.182400 -0.054052 0.027414 0.998162 0.000000 0.000000 0.000000 0.000000 1.000000
0.998133 0.029469 0.053491 -0.000000 -0.027914 0.999172 -0.029584 10.182400 -0.054319 0.028036 0.998130 0.000000 0.000000 0.000000 0.000000 1.000000
0.998125 0.029495 0.053642 0.000000 -0.027902 0.999154 -0.030201 10.182400 -0.054488 0.028647 0.998103 0.000000 0.000000 0.000000 0.000000 1.000000
0.998118 0.029510 0.053752 0.000000 -0.027889 0.999141 -0.030663 10.182400 -0.054611 0.029106 0.998083 -0.000000 0.000000 0.000000 0.000000 1.000000
0.998108 0.029506 0.053936 0.000000 -0.027867 0.999134 -0.030897 10.182400 -0.054800 0.029336 0.998066 0.000000 0.000000 0.000000 0.000000 1.000000
0.998093 0.029378 0.054293 0.000000 -0.027726 0.999137 -0.030935 10.182400 -0.055155 0.029370 0.998046 0.000000 0.000000 0.000000 0.000000 1.000000</float_array>
        <technique_common>
          <accessor source="#mixamorig_Spine-Matrix-animation-output-transform-array" count="56" stride="16">
            <param type="float4x4"/>
          </accessor>
        </technique_common>
      </source>
      <source id="mixamorig_Spine-Interpolations">
        <Name_array id="mixamorig_Spine-Interpolations-array" count="56">
 LINEAR LINEAR LINEAR LINEAR LINEAR LINEAR LINEAR LINEAR LINEAR LINEAR LINEAR
LINEAR LINEAR LINEAR LINEAR LINEAR LINEAR LINEAR LINEAR LINEAR LINEAR LINEAR LINEAR
LINEAR LINEAR LINEAR LINEAR LINEAR LINEAR LINEAR LINEAR LINEAR LINEAR LINEAR LINEAR
LINEAR LINEAR LINEAR LINEAR LINEAR LINEAR LINEAR LINEAR LINEAR LINEAR LINEAR LINEAR
LINEAR LINEAR LINEAR LINEAR LINEAR LINEAR LINEAR LINEAR LINEAR</Name_array>
        <technique_common>
          <accessor source="#mixamorig_Spine-Interpolations-array" count="56">
            <param type="name"/>
          </accessor>
        </technique_common>
      </source>
      <sampler id="mixamorig_Spine-Matrix-animation-transform">
        <input semantic="INPUT" source="#mixamorig_Spine-Matrix-animation-input"/>
        <input semantic="OUTPUT" source="#mixamorig_Spine-Matrix-animation-output-transform"/>
        <input semantic="INTERPOLATION" source="#mixamorig_Spine-Interpolations"/>
      </sampler>
      <channel source="#mixamorig_Spine-Matrix-animation-transform" target="mixamorig_Spine/matrix"/>
    </animation>
    <animation id="mixamorig_Spine1-anim" name="mixamorig_Spine1">
      <source id="mixamorig_Spine1-Matrix-animation-input">
        <float_array id="mixamorig_Spine1-Matrix-animation-input-array" count="56">

0.000000 0.033333 0.066667 0.100000 0.133333 0.166667 0.200000 0.233333 0.266667 0.300000 0.333333 0.366667 0.400000 0.433333 0.466667 0.500000
0.533333 0.566667 0.600000 0.633333 0.666667 0.700000 0.733333 0.766667 0.800000 0.833333 0.866667 0.900000 0.933333 0.966667 1.000000 1.033333
1.066667 1.100000 1.133333 1.166667 1.200000 1.233333 1.266667 1.300000 1.333333 1.366667 1.400000 1.433333 1.466667 1.500000 1.533333 1.566667
1.600000 1.633333 1.666667 1.700000 1.733333 1.766667 1.800000 1.833333</float_array>
        <technique_common>
          <accessor source="#mixamorig_Spine1-Matrix-animation-input-array" count="56">
            <param name="TIME" type="float"/>
          </accessor>
        </technique_common>
      </source>
      <source id="mixamorig_Spine1-Matrix-animation-output-transform">
        <float_array id="mixamorig_Spine1-Matrix-animation-output-transform-array" count="896">

0.992503 0.059289 0.106880 0.000000 -0.048004 0.993288 -0.105234 10.002700 -0.112402 0.099314 0.988687 0.000000 0.000000 0.000000 0.000000 1.000000
0.992449 0.059415 0.107305 0.000000 -0.047916 0.993132 -0.106733 10.002700 -0.112910 0.100786 0.988480 0.000000 0.000000 0.000000 0.000000 1.000000
0.992461 0.059943 0.106899 0.000000 -0.048487 0.993106 -0.106723 10.002700 -0.112560 0.100735 0.988526 0.000000 0.000000 0.000000 0.000000 1.000000
0.992408 0.060865 0.106871 -0.000000 -0.049591 0.993219 -0.105148 10.002700 -0.112546 0.099050 0.988697 0.000000 0.000000 0.000000 0.000000 1.000000
0.992298 0.061665 0.107432 -0.000000 -0.050636 0.993441 -0.102524 10.002700 -0.113050 0.096295 0.988912 -0.000000 0.000000 0.000000 0.000000 1.000000
0.992199 0.062822 0.107675 0.000000 -0.052264 0.993792 -0.098215 10.002700 -0.113177 0.091822 0.989323 -0.000000 0.000000 0.000000 0.000000 1.000000
0.992098 0.064037 0.107895 -0.000000 -0.054041 0.994184 -0.093156 10.002700 -0.113233 0.086589 0.989788 0.000000 0.000000 0.000000 0.000000 1.000000
0.991974 0.065480 0.108162 0.000000 -0.056091 0.994568 -0.087683 10.002700 -0.113316 0.080912 0.990259 0.000000 0.000000 0.000000 0.000000 1.000000
0.991908 0.066395 0.108214 -0.000000 -0.057584 0.994917 -0.082608 10.002700 -0.113149 0.075709 0.990689 0.000000 0.000000 0.000000 0.000000 1.000000
0.991925 0.066812 0.107797 0.000000 -0.058582 0.995248 -0.077782 10.002700 -0.112481 0.070839 0.991125 0.000000 0.000000 0.000000 0.000000 1.000000
0.991984 0.066925 0.107189 -0.000000 -0.059243 0.995548 -0.073316 10.002700 -0.111618 0.066378 0.991532 -0.000000 0.000000 0.000000 0.000000 1.000000
0.992011 0.067546 0.106547 0.000000 -0.060547 0.995873 -0.067615 10.002700 -0.110675 0.060624 0.992006 -0.000000 0.000000 0.000000 0.000000 1.000000
0.992063 0.067450 0.106116 0.000000 -0.061019 0.996164 -0.062722 10.002700 -0.109940 0.055749 0.992374 -0.000000 0.000000 0.000000 0.000000 1.000000
0.992129 0.067205 0.105654 -0.000000 -0.061313 0.996428 -0.058065 10.002700 -0.109179 0.051130 0.992706 0.000000 0.000000 0.000000 0.000000 1.000000
0.992201 0.066545 0.105395 0.000000 -0.061033 0.996636 -0.054690 10.002700 -0.108680 0.047831 0.992925 -0.000000 0.000000 0.000000 0.000000 1.000000
0.992255 0.065760 0.105386 0.000000 -0.060544 0.996813 -0.051953 10.002700 -0.108467 0.045170 0.993073 0.000000 0.000000 0.000000 0.000000 1.000000
0.992282 0.064854 0.105690 0.000000 -0.059999 0.997020 -0.048487 10.002700 -0.108520 0.041772 0.993216 0.000000 0.000000 0.000000 0.000000 1.000000
0.992292 0.064166 0.106015 -0.000000 -0.059694 0.997210 -0.044827 10.002700 -0.108596 0.038153 0.993354 0.000000 0.000000 0.000000 0.000000 1.000000
0.992272 0.063671 0.106502 0.000000 -0.059692 0.997409 -0.040143 10.002700 -0.108782 0.033476 0.993502 0.000000 0.000000 0.000000 0.000000 1.000000
0.992308 0.063248 0.106419 -0.000000 -0.059708 0.997562 -0.036126 10.002700 -0.108445 0.029494 0.993665 -0.000000 0.000000 0.000000 0.000000 1.000000
0.992337 0.062708 0.106468 0.000000 -0.059600 0.997705 -0.032138 10.002700 -0.108239 0.025546 0.993797 0.000000 0.000000 0.000000 0.000000 1.000000
0.992380 0.061891 0.106539 0.000000 -0.059203 0.997847 -0.028218 10.002700 -0.108056 0.021696 0.993908 0.000000 0.000000 0.000000 0.000000 1.000000
0.992418 0.061157 0.106611 0.000000 -0.058820 0.997957 -0.024937 10.002700 -0.107918 0.018477 0.993988 0.000000 0.000000 0.000000 0.000000 1.000000
0.992459 0.060303 0.106716 0.000000 -0.058272 0.998057 -0.022048 10.002700 -0.107838 0.015663 0.994045 0.000000 0.000000 0.000000 0.000000 1.000000
0.992481 0.059435 0.106995 0.000000 -0.057634 0.998140 -0.019853 10.002700 -0.107976 0.013538 0.994061 0.000000 0.000000 0.000000 0.000000 1.000000
0.992512 0.058700 0.107121 0.000000 -0.057081 0.998205 -0.018114 10.002700 -0.107993 0.011864 0.994081 0.000000 0.000000 0.000000 0.000000 1.000000
0.992503 0.058151 0.107497 -0.000000 -0.056609 0.998246 -0.017343 10.002700 -0.108317 0.011128 0.994054 0.000000 0.000000 0.000000 0.000000 1.000000
0.992469 0.058017 0.107889 -0.000000 -0.056438 0.998250 -0.017637 10.002700 -0.108723 0.011416 0.994007 0.000000 0.000000 0.000000 0.000000 1.000000
0.992421 0.058136 0.108263 -0.000000 -0.056365 0.998223 -0.019350 10.002700 -0.109195 0.013101 0.993934 0.000000 0.000000 0.000000 0.000000 1.000000
0.992367 0.058399 0.108620 0.000000 -0.056349 0.998172 -0.021850 10.002700 -0.109697 0.015563 0.993843 0.000000 0.000000 0.000000 0.000000 1.000000
0.992339 0.058727 0.108692 0.000000 -0.056306 0.998095 -0.025216 10.002700 -0.109966 0.018903 0.993756 0.000000 0.000000 0.000000 0.000000 1.000000
0.992395 0.058752 0.108168 -0.000000 -0.055978 0.998025 -0.028506 10.002700 -0.109629 0.022234 0.993724 -0.000000 0.000000 0.000000 0.000000 1.000000
0.992521 0.058373 0.107210 0.000000 -0.055185 0.997948 -0.032475 10.002700 -0.108886 0.026316 0.993706 0.000000 0.000000 0.000000 0.000000 1.000000
0.992622 0.058339 0.106288 0.000000 -0.054630 0.997803 -0.037481 10.002700 -0.108241 0.031398 0.993629 -0.000000 0.000000 0.000000 0.000000 1.000000
0.992690 0.058388 0.105630 0.000000 -0.054187 0.997638 -0.042211 10.002700 -0.107845 0.036179 0.993509 0.000000 0.000000 0.000000 0.000000 1.000000
0.992698 0.057958 0.105790 -0.000000 -0.053121 0.997435 -0.047984 10.002700 -0.108299 0.042014 0.993230 0.000000 0.000000 0.000000 0.000000 1.000000
0.992705 0.058310 0.105532 0.000000 -0.052893 0.997170 -0.053418 10.002700 -0.108349 0.047446 0.992980 0.000000 0.000000 0.000000 0.000000 1.000000
0.992631 0.059082 0.105793 0.000000 -0.053104 0.996876 -0.058465 10.002700 -0.108917 0.052416 0.992668 -0.000000 0.000000 0.000000 0.000000 1.000000
0.992644 0.059772 0.105286 0.000000 -0.053376 0.996613 -0.062557 10.002700 -0.108668 0.056478 0.992472 0.000000 0.000000 0.000000 0.000000 1.000000
0.992700 0.060254 0.104479 0.000000 -0.053457 0.996341 -0.066683 10.002700 -0.108115 0.060611 0.992289 -0.000000 0.000000 0.000000 0.000000 1.000000
0.992656 0.060117 0.104976 -0.000000 -0.052863 0.996105 -0.070567 10.002700 -0.108810 0.064499 0.991968 0.000000 0.000000 0.000000 0.000000 1.000000
0.992713 0.060646 0.104128 0.000000 -0.053061 0.995836 -0.074129 10.002700 -0.108190 0.068064 0.991798 0.000000 0.000000 0.000000 0.000000 1.000000
0.992763 0.060461 0.103763 0.000000 -0.052546 0.995615 -0.077390 10.002700 -0.107987 0.071378 0.991587 0.000000 0.000000 0.000000 0.000000 1.000000
0.992795 0.060057 0.103690 0.000000 -0.051857 0.995441 -0.080051 10.002700 -0.108025 0.074097 0.991383 0.000000 0.000000 0.000000 0.000000 1.000000
0.992844 0.059591 0.103491 0.000000 -0.051085 0.995241 -0.082984 10.002700 -0.107943 0.077103 0.991163 0.000000 0.000000 0.000000 0.000000 1.000000
0.992882 0.058932 0.103505 0.000000 -0.050151 0.995077 -0.085481 10.002700 -0.108033 0.079682 0.990949 -0.000000 0.000000 0.000000 0.000000 1.000000
0.992922 0.058112 0.103583 0.000000 -0.049038 0.994905 -0.088092 10.002700 -0.108174 0.082389 0.990712 0.000000 0.000000 0.000000 0.000000 1.000000
0.992932 0.057615 0.103758 0.000000 -0.048228 0.994699 -0.090815 10.002700 -0.108441 0.085169 0.990448 0.000000 0.000000 0.000000 0.000000 1.000000
0.992890 0.057409 0.104274 0.000000 -0.047639 0.994443 -0.093882 10.002700 -0.109084 0.088247 0.990108 -0.000000 0.000000 0.000000 0.000000 1.000000
0.992814 0.057228 0.105095 -0.000000 -0.047103 0.994226 -0.096415 10.002700 -0.110006 0.090772 0.989777 -0.000000 0.000000 0.000000 0.000000 1.000000
0.992781 0.057138 0.105452 0.000000 -0.046721 0.994016 -0.098742 10.002700 -0.110463 0.093102 0.989510 0.000000 0.000000 0.000000 0.000000 1.000000
0.992792 0.057285 0.105277 -0.000000 -0.046693 0.993846 -0.100452 10.002700 -0.110384 0.094812 0.989356 0.000000 0.000000 0.000000 0.000000 1.000000
0.992734 0.057758 0.105557 -0.000000 -0.046964 0.993672 -0.102033 10.002700 -0.110782 0.096334 0.989165 0.000000 0.000000 0.000000 0.000000 1.000000
0.992662 0.058331 0.105921 -0.000000 -0.047349 0.993514 -0.103387 10.002700 -0.111264 0.097613 0.988985 -0.000000 0.000000 0.000000 0.000000 1.000000
0.992585 0.058853 0.106357 0.000000 -0.047701 0.993379 -0.104514 10.002700 -0.111804 0.098666 0.988820 -0.000000 0.000000 0.000000 0.000000 1.000000
0.992503 0.059289 0.106880 -0.000000 -0.048004 0.993288 -0.105234 10.002700 -0.112402 0.099314 0.988687 -0.000000 0.000000 0.000000 0.000000 1.000000</float_array>
        <technique_common>
          <accessor source="#mixamorig_Spine1-Matrix-animation-output-transform-array" count="56" stride="16">
            <param type="float4x4"/>
          </accessor>
        </technique_common>
      </source>
      <source id="mixamorig_Spine1-Interpolations">
        <Name_array id="mixamorig_Spine1-Interpolations-array" count="56">
 LINEAR LINEAR LINEAR LINEAR LINEAR LINEAR LINEAR LINEAR LINEAR LINEAR LINEAR
LINEAR LINEAR LINEAR LINEAR LINEAR LINEAR LINEAR LINEAR LINEAR LINEAR LINEAR LINEAR
LINEAR LINEAR LINEAR LINEAR LINEAR LINEAR LINEAR LINEAR LINEAR LINEAR LINEAR LINEAR
LINEAR LINEAR LINEAR LINEAR LINEAR LINEAR LINEAR LINEAR LINEAR LINEAR LINEAR LINEAR
LINEAR LINEAR LINEAR LINEAR LINEAR LINEAR LINEAR LINEAR LINEAR</Name_array>
        <technique_common>
          <accessor source="#mixamorig_Spine1-Interpolations-array" count="56">
            <param type="name"/>
          </accessor>
        </technique_common>
      </source>
      <sampler id="mixamorig_Spine1-Matrix-animation-transform">
        <input semantic="INPUT" source="#mixamorig_Spine1-Matrix-animation-input"/>
        <input semantic="OUTPUT" source="#mixamorig_Spine1-Matrix-animation-output-transform"/>
        <input semantic="INTERPOLATION" source="#mixamorig_Spine1-Interpolations"/>
      </sampler>
      <channel source="#mixamorig_Spine1-Matrix-animation-transform" target="mixamorig_Spine1/matrix"/>
    </animation>
    <animation id="mixamorig_Spine2-anim" name="mixamorig_Spine2">
      <source id="mixamorig_Spine2-Matrix-animation-input">
        <float_array id="mixamorig_Spine2-Matrix-animation-input-array" count="56">

0.000000 0.033333 0.066667 0.100000 0.133333 0.166667 0.200000 0.233333 0.266667 0.300000 0.333333 0.366667 0.400000 0.433333 0.466667 0.500000
0.533333 0.566667 0.600000 0.633333 0.666667 0.700000 0.733333 0.766667 0.800000 0.833333 0.866667 0.900000 0.933333 0.966667 1.000000 1.033333
1.066667 1.100000 1.133333 1.166667 1.200000 1.233333 1.266667 1.300000 1.333333 1.366667 1.400000 1.433333 1.466667 1.500000 1.533333 1.566667
1.600000 1.633333 1.666667 1.700000 1.733333 1.766667 1.800000 1.833333</float_array>
        <technique_common>
          <accessor source="#mixamorig_Spine2-Matrix-animation-input-array" count="56">
            <param name="TIME" type="float"/>
          </accessor>
        </technique_common>
      </source>
      <source id="mixamorig_Spine2-Matrix-animation-output-transform">
        <float_array id="mixamorig_Spine2-Matrix-animation-output-transform-array" count="896">

0.992503 0.039035 0.115823 -0.000000 -0.047960 0.996007 0.075301 9.322100 -0.112421 -0.080292 0.990411 -0.000000 0.000000 0.000000 0.000000 1.000000
0.992451 0.039069 0.116253 0.000000 -0.047857 0.996125 0.073789 9.322100 -0.112920 -0.078796 0.990475 0.000000 0.000000 0.000000 0.000000 1.000000
0.992466 0.039647 0.115928 0.000000 -0.048409 0.996099 0.073777 9.322100 -0.112550 -0.078833 0.990514 -0.000000 0.000000 0.000000 0.000000 1.000000
0.992414 0.040565 0.116052 -0.000000 -0.049519 0.995928 0.075335 9.322100 -0.112523 -0.080510 0.990382 0.000000 0.000000 0.000000 0.000000 1.000000
0.992299 0.041248 0.116795 0.000000 -0.050569 0.995670 0.077996 9.322100 -0.113072 -0.083301 0.990089 0.000000 0.000000 0.000000 0.000000 1.000000
0.992196 0.042406 0.117251 0.000000 -0.052263 0.995236 0.082305 9.322100 -0.113203 -0.087791 0.989686 0.000000 0.000000 0.000000 0.000000 1.000000
0.992091 0.043527 0.117734 0.000000 -0.054013 0.994708 0.087398 9.322100 -0.113307 -0.093066 0.989192 0.000000 0.000000 0.000000 0.000000 1.000000
0.991970 0.044892 0.118241 0.000000 -0.056058 0.994100 0.092860 9.322100 -0.113375 -0.098743 0.988633 0.000000 0.000000 0.000000 0.000000 1.000000
0.991901 0.045734 0.118490 -0.000000 -0.057508 0.993530 0.097929 9.322100 -0.113245 -0.103950 0.988114 0.000000 0.000000 0.000000 0.000000 1.000000
0.991918 0.046177 0.118175 0.000000 -0.058469 0.992986 0.102760 9.322100 -0.112602 -0.108839 0.987661 -0.000000 0.000000 0.000000 0.000000 1.000000
0.991971 0.046395 0.117644 0.000000 -0.059140 0.992469 0.107270 9.322100 -0.111782 -0.113367 0.987245 -0.000000 0.000000 0.000000 0.000000 1.000000
0.992005 0.047134 0.117068 0.000000 -0.060443 0.991770 0.112871 9.322100 -0.110784 -0.119044 0.986689 0.000000 0.000000 0.000000 0.000000 1.000000
0.992065 0.047133 0.116556 0.000000 -0.060913 0.991186 0.117645 9.322100 -0.109984 -0.123811 0.986192 -0.000000 0.000000 0.000000 0.000000 1.000000
0.992134 0.047030 0.116011 -0.000000 -0.061248 0.990612 0.122212 9.322100 -0.109174 -0.128356 0.985701 0.000000 0.000000 0.000000 0.000000 1.000000
0.992203 0.046408 0.115670 0.000000 -0.060959 0.990205 0.125615 9.322100 -0.108707 -0.131686 0.985313 -0.000000 0.000000 0.000000 0.000000 1.000000
0.992249 0.045602 0.115597 0.000000 -0.060450 0.989881 0.128382 9.322100 -0.108572 -0.134375 0.984965 0.000000 0.000000 0.000000 0.000000 1.000000
0.992266 0.044793 0.115765 -0.000000 -0.060046 0.989452 0.131828 9.322100 -0.108638 -0.137760 0.984490 0.000000 0.000000 0.000000 0.000000 1.000000
0.992285 0.044033 0.115894 0.000000 -0.059713 0.988975 0.135512 9.322100 -0.108649 -0.141387 0.983974 -0.000000 0.000000 0.000000 0.000000 1.000000
0.992265 0.043450 0.116289 -0.000000 -0.059707 0.988323 0.140185 9.322100 -0.108840 -0.146044 0.983273 0.000000 0.000000 0.000000 0.000000 1.000000
0.992299 0.043039 0.116145 -0.000000 -0.059717 0.987749 0.144172 9.322100 -0.108517 -0.149998 0.982713 -0.000000 0.000000 0.000000 0.000000 1.000000
0.992330 0.042544 0.116064 0.000000 -0.059650 0.987164 0.148149 9.322100 -0.108272 -0.153936 0.982131 -0.000000 0.000000 0.000000 0.000000 1.000000
0.992365 0.041756 0.116053 -0.000000 -0.059294 0.986592 0.152052 9.322100 -0.108148 -0.157772 0.981536 -0.000000 0.000000 0.000000 0.000000 1.000000
0.992393 0.041050 0.116065 0.000000 -0.058952 0.986108 0.155294 9.322100 -0.108078 -0.160955 0.981026 0.000000 0.000000 0.000000 0.000000 1.000000
0.992431 0.040221 0.116027 0.000000 -0.058440 0.985680 0.158178 9.322100 -0.108004 -0.163762 0.980570 0.000000 0.000000 0.000000 0.000000 1.000000
0.992473 0.039335 0.115971 0.000000 -0.057793 0.985363 0.160376 9.322100 -0.107966 -0.165871 0.980219 0.000000 0.000000 0.000000 0.000000 1.000000
0.992500 0.038569 0.116004 0.000000 -0.057229 0.985112 0.162107 9.322100 -0.108025 -0.167530 0.979931 -0.000000 0.000000 0.000000 0.000000 1.000000
0.992497 0.037810 0.116273 0.000000 -0.056603 0.985027 0.162843 9.322100 -0.108375 -0.168202 0.979777 -0.000000 0.000000 0.000000 0.000000 1.000000
0.992466 0.037513 0.116634 0.000000 -0.056331 0.985100 0.162494 9.322100 -0.108800 -0.167839 0.979792 0.000000 0.000000 0.000000 0.000000 1.000000
0.992435 0.037269 0.116980 0.000000 -0.055957 0.985402 0.160787 9.322100 -0.109280 -0.166116 0.980032 0.000000 0.000000 0.000000 0.000000 1.000000
0.992383 0.037453 0.117359 -0.000000 -0.055922 0.985811 0.158273 9.322100 -0.109766 -0.163630 0.980396 0.000000 0.000000 0.000000 0.000000 1.000000
0.992344 0.037994 0.117519 0.000000 -0.056110 0.986333 0.154914 9.322100 -0.110027 -0.160321 0.980913 -0.000000 0.000000 0.000000 0.000000 1.000000
0.992390 0.038303 0.117030 -0.000000 -0.055979 0.986838 0.151712 9.322100 -0.109679 -0.157108 0.981472 0.000000 0.000000 0.000000 0.000000 1.000000
0.992507 0.038370 0.116008 -0.000000 -0.055446 0.987468 0.147761 9.322100 -0.108884 -0.153086 0.982196 -0.000000 0.000000 0.000000 0.000000 1.000000
0.992616 0.038417 0.115059 0.000000 -0.054804 0.988228 0.142833 9.322100 -0.108217 -0.148083 0.983036 0.000000 0.000000 0.000000 0.000000 1.000000
0.992689 0.038452 0.114408 -0.000000 -0.054234 0.988918 0.138204 9.322100 -0.107826 -0.143399 0.983774 0.000000 0.000000 0.000000 0.000000 1.000000
0.992671 0.038392 0.114588 0.000000 -0.053575 0.989732 0.132515 9.322100 -0.108324 -0.137683 0.984535 -0.000000 0.000000 0.000000 0.000000 1.000000
0.992667 0.038866 0.114461 0.000000 -0.053441 0.990441 0.127162 9.322100 -0.108424 -0.132347 0.985256 0.000000 0.000000 0.000000 0.000000 1.000000
0.992601 0.039418 0.114845 0.000000 -0.053491 0.991068 0.122156 9.322100 -0.109004 -0.127396 0.985844 0.000000 0.000000 0.000000 0.000000 1.000000
0.992614 0.040211 0.114458 0.000000 -0.053781 0.991550 0.118056 9.322100 -0.108744 -0.123339 0.986388 0.000000 0.000000 0.000000 0.000000 1.000000
0.992671 0.040770 0.113764 0.000000 -0.053803 0.992028 0.113953 9.322100 -0.108211 -0.119238 0.986951 0.000000 0.000000 0.000000 0.000000 1.000000
0.992626 0.040445 0.114273 -0.000000 -0.053118 0.992497 0.110128 9.322100 -0.108962 -0.115386 0.987326 0.000000 0.000000 0.000000 0.000000 1.000000
0.992679 0.041258 0.113521 -0.000000 -0.053451 0.992869 0.106557 9.322100 -0.108315 -0.111845 0.987805 0.000000 0.000000 0.000000 0.000000 1.000000
0.992730 0.041108 0.113126 0.000000 -0.052900 0.993243 0.103295 9.322100 -0.108116 -0.108528 0.988197 0.000000 0.000000 0.000000 0.000000 1.000000
0.992763 0.040678 0.112990 -0.000000 -0.052165 0.993554 0.100646 9.322100 -0.108168 -0.105812 0.988485 0.000000 0.000000 0.000000 0.000000 1.000000
0.992810 0.040217 0.112743 0.000000 -0.051359 0.993887 0.097729 9.322100 -0.108123 -0.102816 0.988806 0.000000 0.000000 0.000000 0.000000 1.000000
0.992842 0.039647 0.112664 -0.000000 -0.050503 0.994176 0.095200 9.322100 -0.108234 -0.100209 0.989062 0.000000 0.000000 0.000000 0.000000 1.000000
0.992885 0.038800 0.112578 -0.000000 -0.049368 0.994473 0.092657 9.322100 -0.108361 -0.097556 0.989313 0.000000 0.000000 0.000000 0.000000 1.000000
0.992894 0.038276 0.112676 0.000000 -0.048555 0.994762 0.089948 9.322100 -0.108643 -0.094780 0.989552 -0.000000 0.000000 0.000000 0.000000 1.000000
0.992857 0.037977 0.113107 -0.000000 -0.047954 0.995067 0.086843 9.322100 -0.109251 -0.091646 0.989780 0.000000 0.000000 0.000000 0.000000 1.000000
0.992783 0.037685 0.113850 0.000000 -0.047446 0.995312 0.084279 9.322100 -0.110141 -0.089073 0.989917 0.000000 0.000000 0.000000 0.000000 1.000000
0.992747 0.037481 0.114227 -0.000000 -0.047019 0.995524 0.081979 9.322100 -0.110643 -0.086755 0.990066 0.000000 0.000000 0.000000 0.000000 1.000000
0.992766 0.037521 0.114048 0.000000 -0.046850 0.995674 0.080243 9.322100 -0.110543 -0.085006 0.990229 0.000000 0.000000 0.000000 0.000000 1.000000
0.992713 0.037914 0.114383 0.000000 -0.047092 0.995791 0.078635 9.322100 -0.110920 -0.083448 0.990320 -0.000000 0.000000 0.000000 0.000000 1.000000
0.992645 0.038399 0.114812 -0.000000 -0.047459 0.995882 0.077247 9.322100 -0.111373 -0.082128 0.990379 0.000000 0.000000 0.000000 0.000000 1.000000
0.992574 0.038785 0.115290 -0.000000 -0.047753 0.995958 0.076076 9.322100 -0.111873 -0.081016 0.990414 0.000000 0.000000 0.000000 0.000000 1.000000
0.992503 0.039035 0.115823 0.000000 -0.047960 0.996007 0.075301 9.322100 -0.112421 -0.080292 0.990411 0.000000 0.000000 0.000000 0.000000 1.000000</float_array>
        <technique_common>
          <accessor source="#mixamorig_Spine2-Matrix-animation-output-transform-array" count="56" stride="16">
            <param type="float4x4"/>
          </accessor>
        </technique_common>
      </source>
      <source id="mixamorig_Spine2-Interpolations">
        <Name_array id="mixamorig_Spine2-Interpolations-array" count="56">
 LINEAR LINEAR LINEAR LINEAR LINEAR LINEAR LINEAR LINEAR LINEAR LINEAR LINEAR
LINEAR LINEAR LINEAR LINEAR LINEAR LINEAR LINEAR LINEAR LINEAR LINEAR LINEAR LINEAR
LINEAR LINEAR LINEAR LINEAR LINEAR LINEAR LINEAR LINEAR LINEAR LINEAR LINEAR LINEAR
LINEAR LINEAR LINEAR LINEAR LINEAR LINEAR LINEAR LINEAR LINEAR LINEAR LINEAR LINEAR
LINEAR LINEAR LINEAR LINEAR LINEAR LINEAR LINEAR LINEAR LINEAR</Name_array>
        <technique_common>
          <accessor source="#mixamorig_Spine2-Interpolations-array" count="56">
            <param type="name"/>
          </accessor>
        </technique_common>
      </source>
      <sampler id="mixamorig_Spine2-Matrix-animation-transform">
        <input semantic="INPUT" source="#mixamorig_Spine2-Matrix-animation-input"/>
        <input semantic="OUTPUT" source="#mixamorig_Spine2-Matrix-animation-output-transform"/>
        <input semantic="INTERPOLATION" source="#mixamorig_Spine2-Interpolations"/>
      </sampler>
      <channel source="#mixamorig_Spine2-Matrix-animation-transform" target="mixamorig_Spine2/matrix"/>
    </animation>
    <animation id="mixamorig_Neck-anim" name="mixamorig_Neck">
      <source id="mixamorig_Neck-Matrix-animation-input">
        <float_array id="mixamorig_Neck-Matrix-animation-input-array" count="56">

0.000000 0.033333 0.066667 0.100000 0.133333 0.166667 0.200000 0.233333 0.266667 0.300000 0.333333 0.366667 0.400000 0.433333 0.466667 0.500000
0.533333 0.566667 0.600000 0.633333 0.666667 0.700000 0.733333 0.766667 0.800000 0.833333 0.866667 0.900000 0.933333 0.966667 1.000000 1.033333
1.066667 1.100000 1.133333 1.166667 1.200000 1.233333 1.266667 1.300000 1.333333 1.366667 1.400000 1.433333 1.466667 1.500000 1.533333 1.566667
1.600000 1.633333 1.666667 1.700000 1.733333 1.766667 1.800000 1.833333</float_array>
        <technique_common>
          <accessor source="#mixamorig_Neck-Matrix-animation-input-array" count="56">
            <param name="TIME" type="float"/>
          </accessor>
        </technique_common>
      </source>
      <source id="mixamorig_Neck-Matrix-animation-output-transform">
        <float_array id="mixamorig_Neck-Matrix-animation-output-transform-array" count="896">

0.986666 -0.015230 0.162045 0.000000 0.021711 0.999030 -0.038302 16.865299 -0.161305 0.041309 0.986040 0.000000 0.000000 0.000000 0.000000 1.000000
0.986622 -0.013485 0.162465 0.000000 0.020171 0.999013 -0.039571 16.865299 -0.161771 0.042318 0.985921 0.000000 0.000000 0.000000 0.000000 1.000000
0.986155 -0.010004 0.165524 -0.000000 0.017382 0.998916 -0.043189 16.865299 -0.164912 0.045468 0.985260 0.000000 0.000000 0.000000 0.000000 1.000000
0.985467 -0.005207 0.169787 0.000000 0.014763 0.998373 -0.055071 16.865299 -0.169224 0.056777 0.983941 -0.000000 0.000000 0.000000 0.000000 1.000000
0.984627 0.000654 0.174668 -0.000000 0.012414 0.997202 -0.073713 16.865299 -0.174228 0.074748 0.981864 0.000000 0.000000 0.000000 0.000000 1.000000
0.983643 0.005465 0.180046 0.000000 0.011971 0.995347 -0.095614 16.865299 -0.179731 0.096205 0.979000 0.000000 0.000000 0.000000 0.000000 1.000000
0.982526 0.010928 0.185804 0.000000 0.011203 0.992992 -0.117647 16.865299 -0.185787 0.117673 0.975518 -0.000000 0.000000 0.000000 0.000000 1.000000
0.981628 0.012658 0.190383 -0.000000 0.013637 0.990591 -0.136174 16.865299 -0.190316 0.136269 0.972219 0.000000 0.000000 0.000000 0.000000 1.000000
0.980826 0.013669 0.194406 0.000000 0.016379 0.988226 -0.152122 16.865299 -0.194197 0.152389 0.969054 0.000000 0.000000 0.000000 0.000000 1.000000
0.980088 0.015045 0.197992 0.000000 0.018426 0.985932 -0.166131 16.865299 -0.197706 0.166471 0.966023 0.000000 0.000000 0.000000 0.000000 1.000000
0.979400 0.016465 0.201256 0.000000 0.019329 0.984449 -0.174603 16.865299 -0.201002 0.174897 0.963851 -0.000000 0.000000 0.000000 0.000000 1.000000
0.978920 0.018047 0.203443 0.000000 0.020489 0.982386 -0.185735 16.865299 -0.203211 0.185988 0.961308 0.000000 0.000000 0.000000 0.000000 1.000000
0.978623 0.017742 0.204893 0.000000 0.022568 0.980990 -0.192739 16.865299 -0.204418 0.193243 0.959620 -0.000000 0.000000 0.000000 0.000000 1.000000
0.978381 0.015371 0.206236 0.000000 0.025698 0.980469 -0.194988 16.865299 -0.205206 0.196073 0.958878 0.000000 0.000000 0.000000 0.000000 1.000000
0.977964 0.013607 0.208332 0.000000 0.027453 0.980828 -0.192931 16.865299 -0.206963 0.194399 0.958841 -0.000000 0.000000 0.000000 0.000000 1.000000
0.977446 0.013017 0.210783 0.000000 0.027838 0.981447 -0.189701 16.865299 -0.209342 0.191291 0.958949 0.000000 0.000000 0.000000 0.000000 1.000000
0.976777 0.013400 0.213841 0.000000 0.028793 0.980780 -0.192978 16.865299 -0.212317 0.194654 0.957618 0.000000 0.000000 0.000000 0.000000 1.000000
0.975939 0.015937 0.217460 0.000000 0.028034 0.979876 -0.197626 16.865299 -0.216233 0.198968 0.955853 0.000000 0.000000 0.000000 0.000000 1.000000
0.975213 0.018993 0.220454 0.000000 0.027154 0.978507 -0.204420 16.865299 -0.219598 0.205339 0.953736 -0.000000 0.000000 0.000000 0.000000 1.000000
0.974662 0.022167 0.222583 0.000000 0.025940 0.977163 -0.210902 16.865299 -0.222175 0.211331 0.951828 -0.000000 0.000000 0.000000 0.000000 1.000000
0.974328 0.024753 0.223769 0.000000 0.025063 0.975834 -0.217073 16.865299 -0.223734 0.217109 0.950161 0.000000 0.000000 0.000000 0.000000 1.000000
0.974006 0.028306 0.224747 0.000000 0.022688 0.974983 -0.221120 16.865299 -0.225383 0.220471 0.948997 -0.000000 0.000000 0.000000 0.000000 1.000000
0.974039 0.030143 0.224366 0.000000 0.021632 0.974168 -0.224787 16.865299 -0.225346 0.223804 0.948225 0.000000 0.000000 0.000000 0.000000 1.000000
0.974331 0.030688 0.223021 0.000000 0.021651 0.973299 -0.228518 16.865299 -0.224079 0.227481 0.947650 0.000000 0.000000 0.000000 0.000000 1.000000
0.974794 0.030570 0.221004 0.000000 0.022154 0.972410 -0.232224 16.865299 -0.222005 0.231266 0.947222 0.000000 0.000000 0.000000 0.000000 1.000000
0.975483 0.029429 0.218098 -0.000000 0.023536 0.971385 -0.236343 16.865299 -0.218812 0.235682 0.946877 0.000000 0.000000 0.000000 0.000000 1.000000
0.976122 0.027402 0.215488 0.000000 0.025551 0.970641 -0.239172 16.865299 -0.215715 0.238967 0.946764 0.000000 0.000000 0.000000 0.000000 1.000000
0.977048 0.026844 0.211319 0.000000 0.024918 0.970815 -0.238532 16.865299 -0.211555 0.238323 0.947864 0.000000 0.000000 0.000000 0.000000 1.000000
0.977910 0.027726 0.207178 -0.000000 0.021648 0.972400 -0.232316 16.865299 -0.207901 0.231669 0.950319 0.000000 0.000000 0.000000 0.000000 1.000000
0.978535 0.028544 0.204095 0.000000 0.017394 0.975387 -0.219813 16.865299 -0.205346 0.218645 0.953954 0.000000 0.000000 0.000000 0.000000 1.000000
0.978757 0.029899 0.202832 0.000000 0.011472 0.979773 -0.199784 16.865299 -0.204703 0.197867 0.958616 0.000000 0.000000 0.000000 0.000000 1.000000
0.978827 0.033657 0.201901 0.000000 0.002554 0.984304 -0.176465 16.865299 -0.204671 0.173245 0.963377 0.000000 0.000000 0.000000 0.000000 1.000000
0.979114 0.038400 0.199653 0.000000 -0.007628 0.988248 -0.152666 16.865299 -0.203169 0.147954 0.967901 0.000000 0.000000 0.000000 0.000000 1.000000
0.979502 0.043939 0.196582 -0.000000 -0.018702 0.991541 -0.128441 16.865299 -0.200562 0.122132 0.972038 -0.000000 0.000000 0.000000 0.000000 1.000000
0.979822 0.049874 0.193548 0.000000 -0.029703 0.993949 -0.105752 16.865299 -0.197651 0.097869 0.975375 0.000000 0.000000 0.000000 0.000000 1.000000
0.979842 0.055947 0.191782 -0.000000 -0.040578 0.995710 -0.083151 16.865299 -0.195612 0.073693 0.977909 0.000000 0.000000 0.000000 0.000000 1.000000
0.980346 0.057975 0.188577 0.000000 -0.046578 0.996842 -0.064323 16.865299 -0.191710 0.054276 0.979950 0.000000 0.000000 0.000000 0.000000 1.000000
0.980846 0.058974 0.185643 0.000000 -0.050720 0.997515 -0.048908 16.865299 -0.188066 0.038555 0.981399 -0.000000 0.000000 0.000000 0.000000 1.000000
0.981443 0.057592 0.182900 -0.000000 -0.051366 0.997934 -0.038602 16.865299 -0.184745 0.028491 0.982373 -0.000000 0.000000 0.000000 0.000000 1.000000
0.981818 0.055931 0.181398 0.000000 -0.051384 0.998238 -0.029676 16.865299 -0.182738 0.019816 0.982962 -0.000000 0.000000 0.000000 0.000000 1.000000
0.981805 0.056057 0.181427 -0.000000 -0.053210 0.998372 -0.020522 16.865299 -0.182282 0.010495 0.983190 0.000000 0.000000 0.000000 0.000000 1.000000
0.982304 0.051346 0.180117 -0.000000 -0.049501 0.998665 -0.014726 16.865299 -0.180632 0.005550 0.983535 0.000000 0.000000 0.000000 0.000000 1.000000
0.982727 0.047358 0.178898 0.000000 -0.045946 0.998872 -0.012027 16.865299 -0.179266 0.003599 0.983794 0.000000 0.000000 0.000000 0.000000 1.000000
0.982979 0.044341 0.178289 -0.000000 -0.042903 0.999008 -0.011915 16.865299 -0.178640 0.004063 0.983906 -0.000000 0.000000 0.000000 0.000000 1.000000
0.983242 0.040496 0.177749 0.000000 -0.038865 0.999164 -0.012651 16.865299 -0.178113 0.005531 0.983994 -0.000000 0.000000 0.000000 0.000000 1.000000
0.983835 0.033375 0.175941 0.000000 -0.031080 0.999392 -0.015781 16.865299 -0.176360 0.010057 0.984274 0.000000 0.000000 0.000000 0.000000 1.000000
0.984187 0.026756 0.175099 0.000000 -0.023674 0.999526 -0.019668 16.865299 -0.175542 0.015212 0.984354 -0.000000 0.000000 0.000000 0.000000 1.000000
0.984377 0.020030 0.174928 0.000000 -0.016274 0.999606 -0.022882 16.865299 -0.175317 0.019678 0.984315 0.000000 0.000000 0.000000 0.000000 1.000000
0.984745 0.012234 0.173574 0.000000 -0.007661 0.999606 -0.026994 16.865299 -0.173836 0.025252 0.984451 0.000000 0.000000 0.000000 0.000000 1.000000
0.985246 0.004557 0.171086 0.000000 0.001048 0.999466 -0.032659 16.865299 -0.171143 0.032356 0.984715 0.000000 0.000000 0.000000 0.000000 1.000000
0.985521 0.000061 0.169552 0.000000 0.006344 0.999286 -0.037234 16.865299 -0.169433 0.037770 0.984818 0.000000 0.000000 0.000000 0.000000 1.000000
0.985715 -0.003976 0.168373 -0.000000 0.011004 0.999105 -0.040830 16.865299 -0.168060 0.042100 0.984877 -0.000000 0.000000 0.000000 0.000000 1.000000
0.986014 -0.008347 0.166452 0.000000 0.016297 0.998787 -0.046454 16.865299 -0.165863 0.048517 0.984955 0.000000 0.000000 0.000000 0.000000 1.000000
0.986234 -0.010831 0.165001 0.000000 0.019429 0.998531 -0.050588 16.865299 -0.164210 0.053097 0.984995 0.000000 0.000000 0.000000 0.000000 1.000000
0.986391 -0.012092 0.163969 0.000000 0.020251 0.998634 -0.048175 16.865299 -0.163163 0.050840 0.985288 0.000000 0.000000 0.000000 0.000000 1.000000
0.986666 -0.015230 0.162046 -0.000000 0.021711 0.999030 -0.038302 16.865299 -0.161305 0.041309 0.986040 0.000000 0.000000 0.000000 0.000000 1.000000</float_array>
        <technique_common>
          <accessor source="#mixamorig_Neck-Matrix-animation-output-transform-array" count="56" stride="16">
            <param type="float4x4"/>
          </accessor>
        </technique_common>
      </source>
      <source id="mixamorig_Neck-Interpolations">
        <Name_array id="mixamorig_Neck-Interpolations-array" count="56">
 LINEAR LINEAR LINEAR LINEAR LINEAR LINEAR LINEAR LINEAR LINEAR LINEAR LINEAR
LINEAR LINEAR LINEAR LINEAR LINEAR LINEAR LINEAR LINEAR LINEAR LINEAR LINEAR LINEAR
LINEAR LINEAR LINEAR LINEAR LINEAR LINEAR LINEAR LINEAR LINEAR LINEAR LINEAR LINEAR
LINEAR LINEAR LINEAR LINEAR LINEAR LINEAR LINEAR LINEAR LINEAR LINEAR LINEAR LINEAR
LINEAR LINEAR LINEAR LINEAR LINEAR LINEAR LINEAR LINEAR LINEAR</Name_array>
        <technique_common>
          <accessor source="#mixamorig_Neck-Interpolations-array" count="56">
            <param type="name"/>
          </accessor>
        </technique_common>
      </source>
      <sampler id="mixamorig_Neck-Matrix-animation-transform">
        <input semantic="INPUT" source="#mixamorig_Neck-Matrix-animation-input"/>
        <input semantic="OUTPUT" source="#mixamorig_Neck-Matrix-animation-output-transform"/>
        <input semantic="INTERPOLATION" source="#mixamorig_Neck-Interpolations"/>
      </sampler>
      <channel source="#mixamorig_Neck-Matrix-animation-transform" target="mixamorig_Neck/matrix"/>
    </animation>
    <animation id="mixamorig_Head-anim" name="mixamorig_Head">
      <source id="mixamorig_Head-Matrix-animation-input">
        <float_array id="mixamorig_Head-Matrix-animation-input-array" count="56">

0.000000 0.033333 0.066667 0.100000 0.133333 0.166667 0.200000 0.233333 0.266667 0.300000 0.333333 0.366667 0.400000 0.433333 0.466667 0.500000
0.533333 0.566667 0.600000 0.633333 0.666667 0.700000 0.733333 0.766667 0.800000 0.833333 0.866667 0.900000 0.933333 0.966667 1.000000 1.033333
1.066667 1.100000 1.133333 1.166667 1.200000 1.233333 1.266667 1.300000 1.333333 1.366667 1.400000 1.433333 1.466667 1.500000 1.533333 1.566667
1.600000 1.633333 1.666667 1.700000 1.733333 1.766667 1.800000 1.833333</float_array>
        <technique_common>
          <accessor source="#mixamorig_Head-Matrix-animation-input-array" count="56">
            <param name="TIME" type="float"/>
          </accessor>
        </technique_common>
      </source>
      <source id="mixamorig_Head-Matrix-animation-output-transform">
        <float_array id="mixamorig_Head-Matrix-animation-output-transform-array" count="896">

0.917660 0.008294 0.397280 -0.000000 -0.041981 0.996210 0.076173 9.341900 -0.395143 -0.086579 0.914530 2.841000 0.000000 0.000000 0.000000 1.000000
0.918206 0.005213 0.396069 0.000000 -0.037866 0.996489 0.074669 9.341900 -0.394289 -0.083559 0.915180 2.841000 0.000000 0.000000 0.000000 1.000000
0.918334 0.000580 0.395806 -0.000000 -0.032282 0.996777 0.073437 9.341900 -0.394488 -0.080217 0.915393 2.841000 0.000000 0.000000 0.000000 1.000000
0.918377 -0.004602 0.395681 0.000000 -0.028282 0.996612 0.077235 9.341900 -0.394696 -0.082121 0.915135 2.841000 0.000000 0.000000 0.000000 1.000000
0.918433 -0.009823 0.395454 0.000000 -0.026091 0.996011 0.085336 9.341900 -0.394715 -0.088693 0.914513 2.841000 0.000000 0.000000 0.000000 1.000000
0.917893 -0.014283 0.396572 -0.000000 -0.025186 0.995241 0.094138 9.341900 -0.396029 -0.096396 0.913164 2.841000 0.000000 0.000000 0.000000 1.000000
0.917197 -0.018975 0.397981 0.000000 -0.023893 0.994448 0.102476 9.341900 -0.397716 -0.103500 0.911652 2.841000 0.000000 0.000000 0.000000 1.000000
0.915795 -0.020772 0.401108 0.000000 -0.024240 0.993983 0.106819 9.341900 -0.400913 -0.107547 0.909782 2.841000 0.000000 0.000000 0.000000 1.000000
0.914238 -0.021131 0.404627 -0.000000 -0.025456 0.993671 0.109408 9.341900 -0.404378 -0.110325 0.907914 2.841000 0.000000 0.000000 0.000000 1.000000
0.912868 -0.020867 0.407722 0.000000 -0.026889 0.993451 0.111047 9.341900 -0.407369 -0.112335 0.906329 2.841000 0.000000 0.000000 0.000000 1.000000
0.911977 -0.020304 0.409738 -0.000000 -0.026970 0.993646 0.109268 9.341900 -0.409353 -0.110700 0.905635 2.841000 0.000000 0.000000 0.000000 1.000000
0.910957 -0.019030 0.412062 -0.000000 -0.028668 0.993599 0.109263 9.341900 -0.411504 -0.111347 0.904581 2.841000 0.000000 0.000000 0.000000 1.000000
0.909541 -0.015117 0.415340 0.000000 -0.032002 0.993824 0.106253 9.341900 -0.414381 -0.109933 0.903440 2.841000 0.000000 0.000000 0.000000 1.000000
0.908033 -0.009590 0.418790 0.000000 -0.035456 0.994391 0.099646 9.341900 -0.417396 -0.105330 0.902599 2.841000 0.000000 0.000000 0.000000 1.000000
0.906975 -0.004283 0.421162 0.000000 -0.037597 0.995133 0.091086 9.341900 -0.419503 -0.098447 0.902400 2.841000 0.000000 0.000000 0.000000 1.000000
0.906185 0.000424 0.422881 0.000000 -0.039014 0.995818 0.082604 9.341900 -0.421078 -0.091353 0.902412 2.841000 0.000000 0.000000 0.000000 1.000000
0.905536 0.005485 0.424233 0.000000 -0.042958 0.995963 0.078818 9.341900 -0.422089 -0.089596 0.902116 2.841000 0.000000 0.000000 0.000000 1.000000
0.905327 0.008030 0.424640 0.000000 -0.045011 0.996005 0.077128 9.341900 -0.422324 -0.088939 0.902071 2.841000 0.000000 0.000000 0.000000 1.000000
0.905278 0.009505 0.424713 0.000000 -0.046741 0.995908 0.077341 9.341900 -0.422240 -0.089867 0.902019 2.841000 0.000000 0.000000 0.000000 1.000000
0.905502 0.010776 0.424205 0.000000 -0.048553 0.995743 0.078346 9.341900 -0.421555 -0.091539 0.902171 2.841000 0.000000 0.000000 0.000000 1.000000
0.905963 0.012447 0.423174 -0.000000 -0.050775 0.995547 0.079421 9.341900 -0.420302 -0.093439 0.902561 2.841000 0.000000 0.000000 0.000000 1.000000
0.906847 0.012606 0.421272 -0.000000 -0.050953 0.995500 0.079894 9.341900 -0.418370 -0.093917 0.903408 2.841000 0.000000 0.000000 0.000000 1.000000
0.907578 0.014036 0.419649 -0.000000 -0.052677 0.995351 0.080632 9.341900 -0.416566 -0.095286 0.904098 2.841000 0.000000 0.000000 0.000000 1.000000
0.908487 0.016415 0.417590 0.000000 -0.055611 0.995090 0.081869 9.341900 -0.414196 -0.097600 0.904940 2.841000 0.000000 0.000000 0.000000 1.000000
0.909621 0.018927 0.415007 0.000000 -0.058972 0.994729 0.083889 9.341900 -0.411231 -0.100781 0.905943 2.841000 0.000000 0.000000 0.000000 1.000000
0.910504 0.021143 0.412960 0.000000 -0.062343 0.994295 0.086550 9.341900 -0.408774 -0.104549 0.906627 2.841000 0.000000 0.000000 0.000000 1.000000
0.911370 0.022750 0.410958 -0.000000 -0.064946 0.993911 0.089006 9.341900 -0.406431 -0.107808 0.907299 2.841000 0.000000 0.000000 0.000000 1.000000
0.911907 0.022355 0.409787 0.000000 -0.065257 0.993710 0.091008 9.341900 -0.405175 -0.109732 0.907630 2.841000 0.000000 0.000000 0.000000 1.000000
0.912730 0.020695 0.408039 -0.000000 -0.063369 0.993801 0.091346 9.341900 -0.403619 -0.109231 0.908383 2.841000 0.000000 0.000000 0.000000 1.000000
0.914049 0.018407 0.405187 0.000000 -0.059302 0.994300 0.088607 9.341900 -0.401246 -0.105020 0.909930 2.841000 0.000000 0.000000 0.000000 1.000000
0.916105 0.014633 0.400670 0.000000 -0.051800 0.995278 0.082088 9.341900 -0.397577 -0.095957 0.912538 2.841000 0.000000 0.000000 0.000000 1.000000
0.918666 0.009938 0.394911 -0.000000 -0.042680 0.996329 0.074212 9.341900 -0.392723 -0.085031 0.915717 2.841000 0.000000 0.000000 0.000000 1.000000
0.921168 0.006297 0.389114 0.000000 -0.035108 0.997137 0.066975 9.341900 -0.387579 -0.075356 0.918751 2.841000 0.000000 0.000000 0.000000 1.000000
0.923471 0.002577 0.383661 0.000000 -0.028009 0.997762 0.060716 9.341900 -0.382646 -0.066815 0.921476 2.841000 0.000000 0.000000 0.000000 1.000000
0.925536 -0.001314 0.378657 0.000000 -0.021285 0.998232 0.055490 9.341900 -0.378060 -0.059417 0.923872 2.841000 0.000000 0.000000 0.000000 1.000000
0.927635 -0.004817 0.373456 0.000000 -0.015269 0.998592 0.050808 9.341900 -0.373175 -0.052834 0.926255 2.841000 0.000000 0.000000 0.000000 1.000000
0.928902 -0.005592 0.370285 -0.000000 -0.012935 0.998786 0.047534 9.341900 -0.370101 -0.048944 0.927701 2.841000 0.000000 0.000000 0.000000 1.000000
0.929768 -0.005607 0.368103 0.000000 -0.012393 0.998841 0.046518 9.341900 -0.367937 -0.047813 0.928621 2.841000 0.000000 0.000000 0.000000 1.000000
0.929843 -0.003866 0.367937 0.000000 -0.014590 0.998771 0.047366 9.341900 -0.367668 -0.049411 0.928643 2.841000 0.000000 0.000000 0.000000 1.000000
0.929469 -0.001981 0.368894 0.000000 -0.017196 0.998666 0.048692 9.341900 -0.368498 -0.051601 0.928195 2.841000 0.000000 0.000000 0.000000 1.000000
0.929082 -0.001900 0.369870 0.000000 -0.017822 0.998595 0.049895 9.341900 -0.369445 -0.052948 0.927743 2.841000 0.000000 0.000000 0.000000 1.000000
0.928104 0.001321 0.372320 0.000000 -0.022309 0.998394 0.052069 9.341900 -0.371653 -0.056631 0.926643 2.841000 0.000000 0.000000 0.000000 1.000000
0.926906 0.004268 0.375270 0.000000 -0.027316 0.998050 0.056119 9.341900 -0.374299 -0.062267 0.925215 2.841000 0.000000 0.000000 0.000000 1.000000
0.925710 0.006323 0.378180 -0.000000 -0.031949 0.997594 0.061526 9.341900 -0.376881 -0.069038 0.923685 2.841000 0.000000 0.000000 0.000000 1.000000
0.924398 0.008926 0.381325 0.000000 -0.037205 0.997069 0.066854 9.341900 -0.379611 -0.075987 0.922021 2.841000 0.000000 0.000000 0.000000 1.000000
0.922508 0.014566 0.385703 0.000000 -0.045711 0.996378 0.071702 9.341900 -0.383261 -0.083776 0.919833 2.841000 0.000000 0.000000 0.000000 1.000000
0.921057 0.018837 0.388971 0.000000 -0.052594 0.995695 0.076320 9.341900 -0.385859 -0.090752 0.918083 2.841000 0.000000 0.000000 0.000000 1.000000
0.919963 0.021900 0.391394 0.000000 -0.057663 0.995137 0.079854 9.341900 -0.387742 -0.096032 0.916752 2.841000 0.000000 0.000000 0.000000 1.000000
0.918562 0.025362 0.394462 -0.000000 -0.063191 0.994527 0.083205 9.341900 -0.390192 -0.101356 0.915138 2.841000 0.000000 0.000000 0.000000 1.000000
0.916992 0.028410 0.397894 0.000000 -0.068318 0.993908 0.086480 9.341900 -0.393013 -0.106485 0.913346 2.841000 0.000000 0.000000 0.000000 1.000000
0.916336 0.027913 0.399436 0.000000 -0.069093 0.993626 0.089068 9.341900 -0.394404 -0.109214 0.912424 2.841000 0.000000 0.000000 0.000000 1.000000
0.916075 0.026095 0.400157 0.000000 -0.067626 0.993642 0.090018 9.341900 -0.395263 -0.109524 0.912015 2.841000 0.000000 0.000000 0.000000 1.000000
0.915871 0.023135 0.400807 0.000000 -0.065316 0.993624 0.091899 9.341900 -0.396125 -0.110347 0.911542 2.841000 0.000000 0.000000 0.000000 1.000000
0.916178 0.018422 0.400347 0.000000 -0.060457 0.993864 0.092621 9.341900 -0.396185 -0.109062 0.911671 2.841000 0.000000 0.000000 0.000000 1.000000
0.916961 0.012801 0.398772 -0.000000 -0.052164 0.994752 0.088017 9.341900 -0.395553 -0.101510 0.912816 2.841000 0.000000 0.000000 0.000000 1.000000
0.917660 0.008294 0.397280 0.000000 -0.041981 0.996210 0.076173 9.341900 -0.395143 -0.086579 0.914530 2.841000 0.000000 0.000000 0.000000 1.000000</float_array>
        <technique_common>
          <accessor source="#mixamorig_Head-Matrix-animation-output-transform-array" count="56" stride="16">
            <param type="float4x4"/>
          </accessor>
        </technique_common>
      </source>
      <source id="mixamorig_Head-Interpolations">
        <Name_array id="mixamorig_Head-Interpolations-array" count="56">
 LINEAR LINEAR LINEAR LINEAR LINEAR LINEAR LINEAR LINEAR LINEAR LINEAR LINEAR
LINEAR LINEAR LINEAR LINEAR LINEAR LINEAR LINEAR LINEAR LINEAR LINEAR LINEAR LINEAR
LINEAR LINEAR LINEAR LINEAR LINEAR LINEAR LINEAR LINEAR LINEAR LINEAR LINEAR LINEAR
LINEAR LINEAR LINEAR LINEAR LINEAR LINEAR LINEAR LINEAR LINEAR LINEAR LINEAR LINEAR
LINEAR LINEAR LINEAR LINEAR LINEAR LINEAR LINEAR LINEAR LINEAR</Name_array>
        <technique_common>
          <accessor source="#mixamorig_Head-Interpolations-array" count="56">
            <param type="name"/>
          </accessor>
        </technique_common>
      </source>
      <sampler id="mixamorig_Head-Matrix-animation-transform">
        <input semantic="INPUT" source="#mixamorig_Head-Matrix-animation-input"/>
        <input semantic="OUTPUT" source="#mixamorig_Head-Matrix-animation-output-transform"/>
        <input semantic="INTERPOLATION" source="#mixamorig_Head-Interpolations"/>
      </sampler>
      <channel source="#mixamorig_Head-Matrix-animation-transform" target="mixamorig_Head/matrix"/>
    </animation>
    <animation id="mixamorig_RightShoulder-anim" name="mixamorig_RightShoulder">
      <source id="mixamorig_RightShoulder-Matrix-animation-input">
        <float_array id="mixamorig_RightShoulder-Matrix-animation-input-array" count="56">

0.000000 0.033333 0.066667 0.100000 0.133333 0.166667 0.200000 0.233333 0.266667 0.300000 0.333333 0.366667 0.400000 0.433333 0.466667 0.500000
0.533333 0.566667 0.600000 0.633333 0.666667 0.700000 0.733333 0.766667 0.800000 0.833333 0.866667 0.900000 0.933333 0.966667 1.000000 1.033333
1.066667 1.100000 1.133333 1.166667 1.200000 1.233333 1.266667 1.300000 1.333333 1.366667 1.400000 1.433333 1.466667 1.500000 1.533333 1.566667
1.600000 1.633333 1.666667 1.700000 1.733333 1.766667 1.800000 1.833333</float_array>
        <technique_common>
          <accessor source="#mixamorig_RightShoulder-Matrix-animation-input-array" count="56">
            <param name="TIME" type="float"/>
          </accessor>
        </technique_common>
      </source>
      <source id="mixamorig_RightShoulder-Matrix-animation-output-transform">
        <float_array id="mixamorig_RightShoulder-Matrix-animation-output-transform-array" count="896">

0.216283 -0.973917 0.068614 -4.570000 -0.047930 -0.080784 -0.995579 11.195800 0.975154 0.212038 -0.064152 -0.806600 0.000000 0.000000 0.000000 1.000000
0.216086 -0.973991 0.068182 -4.570000 -0.047974 -0.080339 -0.995612 11.195800 0.975195 0.211867 -0.064087 -0.806600 0.000000 0.000000 0.000000 1.000000
0.214472 -0.974519 0.065682 -4.570000 -0.048485 -0.077786 -0.995790 11.195800 0.975526 0.210385 -0.063933 -0.806600 0.000000 0.000000 0.000000 1.000000
0.215013 -0.974584 0.062890 -4.570000 -0.048909 -0.075061 -0.995979 11.195800 0.975386 0.211072 -0.063805 -0.806600 0.000000 0.000000 0.000000 1.000000
0.214461 -0.974909 0.059651 -4.570000 -0.049431 -0.071827 -0.996191 11.195800 0.975481 0.210696 -0.063595 -0.806600 0.000000 0.000000 0.000000 1.000000
0.213171 -0.975302 0.057830 -4.570000 -0.049583 -0.069914 -0.996320 11.195800 0.975756 0.209519 -0.063262 -0.806600 0.000000 0.000000 0.000000 1.000000
0.212826 -0.975645 0.053130 -4.570000 -0.050124 -0.065206 -0.996612 11.195800 0.975804 0.209442 -0.062780 -0.806600 0.000000 0.000000 0.000000 1.000000
0.214230 -0.975867 0.042285 -4.570000 -0.051553 -0.054526 -0.997181 11.195800 0.975422 0.211446 -0.061990 -0.806600 0.000000 0.000000 0.000000 1.000000
0.212793 -0.976503 0.034081 -4.570000 -0.053144 -0.046395 -0.997509 11.195800 0.975651 0.210452 -0.061768 -0.806600 0.000000 0.000000 0.000000 1.000000
0.210266 -0.977294 0.026146 -4.570000 -0.054774 -0.038478 -0.997757 11.195800 0.976109 0.208363 -0.061621 -0.806600 0.000000 0.000000 0.000000 1.000000
0.208285 -0.977948 0.015324 -4.570000 -0.056744 -0.027724 -0.998004 11.195800 0.976421 0.206999 -0.061268 -0.806600 0.000000 0.000000 0.000000 1.000000
0.207216 -0.978259 0.008384 -4.570000 -0.057612 -0.020757 -0.998123 11.195800 0.976597 0.206344 -0.060661 -0.806600 0.000000 0.000000 0.000000 1.000000
0.205823 -0.978582 0.003672 -4.570000 -0.058638 -0.016079 -0.998150 11.195800 0.976831 0.205227 -0.060691 -0.806600 0.000000 0.000000 0.000000 1.000000
0.204749 -0.978815 0.000085 -4.570000 -0.059070 -0.012443 -0.998176 11.195800 0.977031 0.204370 -0.060366 -0.806600 0.000000 0.000000 0.000000 1.000000
0.203095 -0.979157 -0.001824 -4.570000 -0.059537 -0.010489 -0.998171 11.195800 0.977347 0.202832 -0.060426 -0.806600 0.000000 0.000000 0.000000 1.000000
0.203152 -0.979138 -0.004186 -4.570000 -0.060051 -0.008192 -0.998162 11.195800 0.977304 0.203030 -0.060463 -0.806600 0.000000 0.000000 0.000000 1.000000
0.202476 -0.979270 -0.005759 -4.570000 -0.060462 -0.006631 -0.998148 11.195800 0.977419 0.202449 -0.060552 -0.806600 0.000000 0.000000 0.000000 1.000000
0.201706 -0.979414 -0.007985 -4.570000 -0.060962 -0.004418 -0.998130 11.195800 0.977547 0.201816 -0.060598 -0.806600 0.000000 0.000000 0.000000 1.000000
0.201076 -0.979513 -0.011081 -4.570000 -0.061571 -0.001348 -0.998102 11.195800 0.977639 0.201376 -0.060581 -0.806600 0.000000 0.000000 0.000000 1.000000
0.200907 -0.979516 -0.013606 -4.570000 -0.062068 0.001133 -0.998071 11.195800 0.977642 0.201364 -0.060569 -0.806600 0.000000 0.000000 0.000000 1.000000
0.199457 -0.979766 -0.016613 -4.570000 -0.062840 0.004130 -0.998015 11.195800 0.977890 0.200105 -0.060745 -0.806600 0.000000 0.000000 0.000000 1.000000
0.199702 -0.979604 -0.022253 -4.570000 -0.063692 0.009685 -0.997923 11.195800 0.977785 0.200704 -0.060459 -0.806600 0.000000 0.000000 0.000000 1.000000
0.198353 -0.979754 -0.027187 -4.570000 -0.064770 0.014575 -0.997794 11.195800 0.977988 0.199676 -0.060568 -0.806600 0.000000 0.000000 0.000000 1.000000
0.196792 -0.979855 -0.034012 -4.570000 -0.066142 0.021343 -0.997582 11.195800 0.978212 0.198566 -0.060609 -0.806600 0.000000 0.000000 0.000000 1.000000
0.195030 -0.980027 -0.038861 -4.570000 -0.067243 0.026168 -0.997393 11.195800 0.978489 0.197135 -0.060796 -0.806600 0.000000 0.000000 0.000000 1.000000
0.191686 -0.980411 -0.045287 -4.570000 -0.068893 0.032587 -0.997092 11.195800 0.979035 0.194248 -0.061297 -0.806600 0.000000 0.000000 0.000000 1.000000
0.187297 -0.980962 -0.051314 -4.570000 -0.070648 0.038651 -0.996752 11.195800 0.979760 0.190314 -0.062063 -0.806600 0.000000 0.000000 0.000000 1.000000
0.181990 -0.981869 -0.053041 -4.570000 -0.071911 0.040507 -0.996588 11.195800 0.980667 0.185183 -0.063236 -0.806600 0.000000 0.000000 0.000000 1.000000
0.178033 -0.982955 -0.045858 -4.570000 -0.071700 0.033520 -0.996863 11.195800 0.981409 0.180763 -0.064510 -0.806600 0.000000 0.000000 0.000000 1.000000
0.175506 -0.983621 -0.041072 -4.570000 -0.071612 0.028854 -0.997015 11.195800 0.981870 0.177924 -0.065375 -0.806600 0.000000 0.000000 0.000000 1.000000
0.174891 -0.983902 -0.036743 -4.570000 -0.071184 0.024585 -0.997160 11.195800 0.982011 0.177010 -0.065739 -0.806600 0.000000 0.000000 0.000000 1.000000
0.173618 -0.984543 -0.023052 -4.570000 -0.069606 0.011081 -0.997513 11.195800 0.982350 0.174790 -0.066607 -0.806600 0.000000 0.000000 0.000000 1.000000
0.173427 -0.984771 -0.012245 -4.570000 -0.068338 0.000371 -0.997662 11.195800 0.982473 0.173858 -0.067233 -0.806600 0.000000 0.000000 0.000000 1.000000
0.171953 -0.985079 -0.007149 -4.570000 -0.067956 -0.004622 -0.997678 11.195800 0.982759 0.172039 -0.067737 -0.806600 0.000000 0.000000 0.000000 1.000000
0.173571 -0.984821 -0.000517 -4.570000 -0.066870 -0.011262 -0.997698 11.195800 0.982549 0.173206 -0.067810 -0.806600 0.000000 0.000000 0.000000 1.000000
0.175417 -0.984486 0.004141 -4.570000 -0.065959 -0.015949 -0.997695 11.195800 0.982282 0.174739 -0.067734 -0.806600 0.000000 0.000000 0.000000 1.000000
0.177922 -0.984014 0.007731 -4.570000 -0.065071 -0.019604 -0.997688 11.195800 0.981891 0.177008 -0.067519 -0.806600 0.000000 0.000000 0.000000 1.000000
0.181772 -0.983287 0.010295 -4.570000 -0.063958 -0.022269 -0.997704 11.195800 0.981259 0.180696 -0.066937 -0.806600 0.000000 0.000000 0.000000 1.000000
0.184247 -0.982796 0.012826 -4.570000 -0.063125 -0.024854 -0.997696 11.195800 0.980851 0.183013 -0.066618 -0.806600 0.000000 0.000000 0.000000 1.000000
0.185443 -0.982544 0.014762 -4.570000 -0.062745 -0.026831 -0.997669 11.195800 0.980650 0.184084 -0.066626 -0.806600 0.000000 0.000000 0.000000 1.000000
0.188349 -0.981943 0.017693 -4.570000 -0.061725 -0.029815 -0.997648 11.195800 0.980160 0.186814 -0.066226 -0.806600 0.000000 0.000000 0.000000 1.000000
0.191881 -0.981207 0.020377 -4.570000 -0.060665 -0.032582 -0.997626 11.195800 0.979541 0.190190 -0.065777 -0.806600 0.000000 0.000000 0.000000 1.000000
0.193344 -0.980843 0.023774 -4.570000 -0.059920 -0.035990 -0.997554 11.195800 0.979300 0.191446 -0.065730 -0.806600 0.000000 0.000000 0.000000 1.000000
0.196242 -0.980160 0.027836 -4.570000 -0.058637 -0.040068 -0.997475 11.195800 0.978801 0.194114 -0.065337 -0.806600 0.000000 0.000000 0.000000 1.000000
0.198955 -0.979445 0.033230 -4.570000 -0.057279 -0.045472 -0.997322 11.195800 0.978333 0.196519 -0.065148 -0.806600 0.000000 0.000000 0.000000 1.000000
0.201589 -0.978800 0.036239 -4.570000 -0.056263 -0.048509 -0.997237 11.195800 0.977853 0.198993 -0.064849 -0.806600 0.000000 0.000000 0.000000 1.000000
0.203434 -0.978136 0.043186 -4.570000 -0.054670 -0.055387 -0.996967 11.195800 0.977561 0.200456 -0.064742 -0.806600 0.000000 0.000000 0.000000 1.000000
0.205458 -0.977355 0.050628 -4.570000 -0.053108 -0.062790 -0.996613 11.195800 0.977224 0.202073 -0.064806 -0.806600 0.000000 0.000000 0.000000 1.000000
0.206900 -0.976722 0.056619 -4.570000 -0.051786 -0.068724 -0.996291 11.195800 0.976991 0.203201 -0.064800 -0.806600 0.000000 0.000000 0.000000 1.000000
0.209283 -0.975920 0.061482 -4.570000 -0.050463 -0.073569 -0.996013 11.195800 0.976552 0.205346 -0.064644 -0.806600 0.000000 0.000000 0.000000 1.000000
0.211385 -0.975182 0.065850 -4.570000 -0.049212 -0.077906 -0.995745 11.195800 0.976163 0.207245 -0.064459 -0.806600 0.000000 0.000000 0.000000 1.000000
0.212890 -0.974556 0.070125 -4.570000 -0.048200 -0.082158 -0.995453 11.195800 0.975887 0.208542 -0.064464 -0.806600 0.000000 0.000000 0.000000 1.000000
0.215927 -0.973758 0.071912 -4.570000 -0.047586 -0.084057 -0.995324 11.195800 0.975249 0.211496 -0.064487 -0.806600 0.000000 0.000000 0.000000 1.000000
0.216621 -0.973576 0.072287 -4.570000 -0.047355 -0.084437 -0.995303 11.195800 0.975107 0.212181 -0.064395 -0.806600 0.000000 0.000000 0.000000 1.000000
0.217258 -0.973477 0.071702 -4.570000 -0.047270 -0.083863 -0.995355 11.195800 0.974969 0.212860 -0.064237 -0.806600 0.000000 0.000000 0.000000 1.000000
0.216283 -0.973917 0.068614 -4.570000 -0.047930 -0.080784 -0.995579 11.195800 0.975154 0.212038 -0.064152 -0.806600 0.000000 0.000000 0.000000 1.000000</float_array>
        <technique_common>
          <accessor source="#mixamorig_RightShoulder-Matrix-animation-output-transform-array" count="56" stride="16">
            <param type="float4x4"/>
          </accessor>
        </technique_common>
      </source>
      <source id="mixamorig_RightShoulder-Interpolations">
        <Name_array id="mixamorig_RightShoulder-Interpolations-array" count="56">
 LINEAR LINEAR LINEAR LINEAR LINEAR LINEAR LINEAR LINEAR LINEAR LINEAR LINEAR
LINEAR LINEAR LINEAR LINEAR LINEAR LINEAR LINEAR LINEAR LINEAR LINEAR LINEAR LINEAR
LINEAR LINEAR LINEAR LINEAR LINEAR LINEAR LINEAR LINEAR LINEAR LINEAR LINEAR LINEAR
LINEAR LINEAR LINEAR LINEAR LINEAR LINEAR LINEAR LINEAR LINEAR LINEAR LINEAR LINEAR
LINEAR LINEAR LINEAR LINEAR LINEAR LINEAR LINEAR LINEAR LINEAR</Name_array>
        <technique_common>
          <accessor source="#mixamorig_RightShoulder-Interpolations-array" count="56">
            <param type="name"/>
          </accessor>
        </technique_common>
      </source>
      <sampler id="mixamorig_RightShoulder-Matrix-animation-transform">
        <input semantic="INPUT" source="#mixamorig_RightShoulder-Matrix-animation-input"/>
        <input semantic="OUTPUT" source="#mixamorig_RightShoulder-Matrix-animation-output-transform"/>
        <input semantic="INTERPOLATION" source="#mixamorig_RightShoulder-Interpolations"/>
      </sampler>
      <channel source="#mixamorig_RightShoulder-Matrix-animation-transform" target="mixamorig_RightShoulder/matrix"/>
    </animation>
    <animation id="mixamorig_RightArm-anim" name="mixamorig_RightArm">
      <source id="mixamorig_RightArm-Matrix-animation-input">
        <float_array id="mixamorig_RightArm-Matrix-animation-input-array" count="56">

0.000000 0.033333 0.066667 0.100000 0.133333 0.166667 0.200000 0.233333 0.266667 0.300000 0.333333 0.366667 0.400000 0.433333 0.466667 0.500000
0.533333 0.566667 0.600000 0.633333 0.666667 0.700000 0.733333 0.766667 0.800000 0.833333 0.866667 0.900000 0.933333 0.966667 1.000000 1.033333
1.066667 1.100000 1.133333 1.166667 1.200000 1.233333 1.266667 1.300000 1.333333 1.366667 1.400000 1.433333 1.466667 1.500000 1.533333 1.566667
1.600000 1.633333 1.666667 1.700000 1.733333 1.766667 1.800000 1.833333</float_array>
        <technique_common>
          <accessor source="#mixamorig_RightArm-Matrix-animation-input-array" count="56">
            <param name="TIME" type="float"/>
          </accessor>
        </technique_common>
      </source>
      <source id="mixamorig_RightArm-Matrix-animation-output-transform">
        <float_array id="mixamorig_RightArm-Matrix-animation-output-transform-array" count="896">

0.916955 -0.293508 0.270271 0.000000 0.393367 0.551709 -0.735445 10.838200 0.066749 0.780686 0.621349 0.000000 0.000000 0.000000 0.000000 1.000000
0.915824 -0.298818 0.268281 -0.000000 0.395182 0.551827 -0.734383 10.838200 0.071402 0.778585 0.623464 0.000000 0.000000 0.000000 0.000000 1.000000
0.915917 -0.303897 0.262187 0.000000 0.393471 0.550914 -0.735985 10.838200 0.079221 0.777264 0.624167 0.000000 0.000000 0.000000 0.000000 1.000000
0.915203 -0.311503 0.255675 -0.000000 0.392915 0.548732 -0.737910 10.838200 0.089565 0.775796 0.624595 0.000000 0.000000 0.000000 0.000000 1.000000
0.915144 -0.318228 0.247472 0.000000 0.390416 0.546701 -0.740738 10.838200 0.100430 0.774499 0.624552 0.000000 0.000000 0.000000 0.000000 1.000000
0.916983 -0.319642 0.238684 0.000000 0.384091 0.545778 -0.744715 10.838200 0.107774 0.774567 0.623242 0.000000 0.000000 0.000000 0.000000 1.000000
0.918686 -0.322424 0.228165 0.000000 0.377004 0.543441 -0.750027 10.838200 0.117832 0.775058 0.620807 0.000000 0.000000 0.000000 0.000000 1.000000
0.917287 -0.331828 0.220169 0.000000 0.374907 0.533170 -0.758403 10.838200 0.134272 0.778216 0.613475 0.000000 0.000000 0.000000 0.000000 1.000000
0.915622 -0.342411 0.210694 0.000000 0.372570 0.525707 -0.764738 10.838200 0.151091 0.778709 0.608920 0.000000 0.000000 0.000000 0.000000 1.000000
0.913098 -0.355187 0.200238 -0.000000 0.370768 0.518940 -0.770216 10.838200 0.169658 0.777524 0.605535 0.000000 0.000000 0.000000 0.000000 1.000000
0.909723 -0.367862 0.192565 -0.000000 0.370501 0.509821 -0.776410 10.838200 0.187438 0.777664 0.600089 0.000000 0.000000 0.000000 0.000000 1.000000
0.905140 -0.382052 0.186434 -0.000000 0.373020 0.503424 -0.779372 10.838200 0.203905 0.774985 0.598182 -0.000000 0.000000 0.000000 0.000000 1.000000
0.900830 -0.392625 0.185340 0.000000 0.378066 0.499468 -0.779486 10.838200 0.213474 0.772255 0.598374 0.000000 0.000000 0.000000 0.000000 1.000000
0.895300 -0.405501 0.184409 -0.000000 0.384887 0.495737 -0.778528 10.838200 0.224275 0.767994 0.599905 0.000000 0.000000 0.000000 0.000000 1.000000
0.889558 -0.419769 0.180224 0.000000 0.390995 0.495600 -0.775566 10.838200 0.236239 0.760378 0.604993 0.000000 0.000000 0.000000 0.000000 1.000000
0.881622 -0.436306 0.179946 -0.000000 0.401487 0.492903 -0.771916 10.838200 0.248096 0.752784 0.609725 -0.000000 0.000000 0.000000 0.000000 1.000000
0.873304 -0.452398 0.180767 -0.000000 0.412577 0.489461 -0.768250 10.838200 0.259076 0.745496 0.614097 -0.000000 0.000000 0.000000 0.000000 1.000000
0.865407 -0.467939 0.179177 0.000000 0.421468 0.486401 -0.765362 10.838200 0.270991 0.737867 0.618156 -0.000000 0.000000 0.000000 0.000000 1.000000
0.856817 -0.483228 0.179877 0.000000 0.431552 0.481150 -0.763058 10.838200 0.282183 0.731427 0.620795 0.000000 0.000000 0.000000 0.000000 1.000000
0.847416 -0.497951 0.184205 0.000000 0.444044 0.474519 -0.760037 10.838200 0.291052 0.725862 0.623227 0.000000 0.000000 0.000000 0.000000 1.000000
0.839309 -0.511033 0.185484 -0.000000 0.452895 0.468502 -0.758546 10.838200 0.300743 0.720660 0.624663 -0.000000 0.000000 0.000000 0.000000 1.000000
0.829829 -0.523903 0.192119 -0.000000 0.464089 0.456784 -0.758927 10.838200 0.309848 0.718940 0.622190 0.000000 0.000000 0.000000 0.000000 1.000000
0.821798 -0.535089 0.195775 0.000000 0.472174 0.447247 -0.759619 10.838200 0.318904 0.716693 0.620202 0.000000 0.000000 0.000000 0.000000 1.000000
0.814402 -0.545030 0.199229 -0.000000 0.478570 0.436634 -0.761789 10.838200 0.328208 0.715747 0.616430 0.000000 0.000000 0.000000 0.000000 1.000000
0.806369 -0.555672 0.202478 -0.000000 0.485614 0.426692 -0.762963 10.838200 0.337562 0.713556 0.613913 0.000000 0.000000 0.000000 0.000000 1.000000
0.801032 -0.563575 0.201818 -0.000000 0.487272 0.418024 -0.766695 10.838200 0.347725 0.712488 0.609465 -0.000000 0.000000 0.000000 0.000000 1.000000
0.798071 -0.566706 0.204759 -0.000000 0.488868 0.410299 -0.769846 10.838200 0.352264 0.714492 0.604493 0.000000 0.000000 0.000000 0.000000 1.000000
0.796753 -0.566807 0.209556 -0.000000 0.491459 0.405978 -0.770487 10.838200 0.351642 0.716876 0.602027 -0.000000 0.000000 0.000000 0.000000 1.000000
0.794873 -0.567354 0.215141 0.000000 0.498286 0.408017 -0.765005 10.838200 0.346247 0.715284 0.607027 -0.000000 0.000000 0.000000 0.000000 1.000000
0.796225 -0.563357 0.220578 0.000000 0.501744 0.411160 -0.761052 10.838200 0.338052 0.716642 0.610037 0.000000 0.000000 0.000000 0.000000 1.000000
0.800535 -0.556843 0.221516 0.000000 0.500739 0.418445 -0.757737 10.838200 0.329249 0.717516 0.613813 0.000000 0.000000 0.000000 0.000000 1.000000
0.803027 -0.552977 0.222181 -0.000000 0.504931 0.433312 -0.746516 10.838200 0.316532 0.711658 0.627176 -0.000000 0.000000 0.000000 0.000000 1.000000
0.807193 -0.545354 0.225894 -0.000000 0.507816 0.446460 -0.736747 10.838200 0.300936 0.709410 0.637319 0.000000 0.000000 0.000000 0.000000 1.000000
0.815007 -0.531451 0.230919 0.000000 0.505228 0.456606 -0.732294 10.838200 0.283740 0.713492 0.640641 0.000000 0.000000 0.000000 0.000000 1.000000
0.820318 -0.522432 0.232688 0.000000 0.503607 0.467044 -0.726808 10.838200 0.271032 0.713397 0.646225 0.000000 0.000000 0.000000 0.000000 1.000000
0.825884 -0.513271 0.233386 0.000000 0.500484 0.476703 -0.722682 10.838200 0.259676 0.713658 0.650585 0.000000 0.000000 0.000000 0.000000 1.000000
0.831568 -0.502856 0.235863 0.000000 0.496842 0.483633 -0.720588 10.838200 0.248281 0.716404 0.652014 0.000000 0.000000 0.000000 0.000000 1.000000
0.837780 -0.491520 0.237769 0.000000 0.491828 0.490213 -0.719581 10.838200 0.237131 0.719791 0.652434 0.000000 0.000000 0.000000 0.000000 1.000000
0.844017 -0.479943 0.239356 -0.000000 0.486090 0.495988 -0.719522 10.838200 0.226612 0.723637 0.651917 0.000000 0.000000 0.000000 0.000000 1.000000
0.850958 -0.466416 0.241509 -0.000000 0.479354 0.501710 -0.720074 10.838200 0.214687 0.728521 0.650513 0.000000 0.000000 0.000000 0.000000 1.000000
0.855861 -0.455767 0.244494 0.000000 0.475362 0.506913 -0.719076 10.838200 0.203794 0.731653 0.650502 0.000000 0.000000 0.000000 0.000000 1.000000
0.861163 -0.445028 0.245659 0.000000 0.469544 0.511253 -0.719826 10.838200 0.194748 0.735235 0.649232 0.000000 0.000000 0.000000 0.000000 1.000000
0.867336 -0.431951 0.247278 -0.000000 0.462810 0.517128 -0.719990 10.838200 0.183126 0.738916 0.648435 0.000000 0.000000 0.000000 0.000000 1.000000
0.871618 -0.421358 0.250479 0.000000 0.458773 0.521238 -0.719610 10.838200 0.172654 0.742138 0.647628 -0.000000 0.000000 0.000000 0.000000 1.000000
0.875697 -0.410734 0.253876 0.000000 0.455088 0.526301 -0.718263 10.838200 0.161400 0.744517 0.647800 0.000000 0.000000 0.000000 0.000000 1.000000
0.880620 -0.398511 0.256315 0.000000 0.449149 0.529793 -0.719433 10.838200 0.150908 0.748671 0.645537 0.000000 0.000000 0.000000 0.000000 1.000000
0.884972 -0.386655 0.259464 -0.000000 0.444507 0.535520 -0.718075 10.838200 0.138699 0.750810 0.645791 -0.000000 0.000000 0.000000 0.000000 1.000000
0.889347 -0.373803 0.263311 -0.000000 0.439742 0.541500 -0.716523 10.838200 0.125255 0.753026 0.645958 0.000000 0.000000 0.000000 0.000000 1.000000
0.894728 -0.358504 0.266340 -0.000000 0.432456 0.546495 -0.717165 10.838200 0.111553 0.756848 0.644001 0.000000 0.000000 0.000000 0.000000 1.000000
0.899115 -0.344903 0.269507 0.000000 0.426209 0.549622 -0.718513 10.838200 0.099690 0.760892 0.641174 0.000000 0.000000 0.000000 0.000000 1.000000
0.902365 -0.333825 0.272576 -0.000000 0.421469 0.551465 -0.719896 10.838200 0.090003 0.764492 0.638320 0.000000 0.000000 0.000000 0.000000 1.000000
0.905619 -0.323383 0.274367 0.000000 0.416216 0.553639 -0.721282 10.838200 0.081350 0.767403 0.635984 0.000000 0.000000 0.000000 0.000000 1.000000
0.908547 -0.313283 0.276398 0.000000 0.411214 0.553727 -0.724078 10.838200 0.073792 0.771518 0.631914 0.000000 0.000000 0.000000 0.000000 1.000000
0.911880 -0.303950 0.275843 -0.000000 0.404716 0.553812 -0.727666 10.838200 0.068409 0.775182 0.628024 -0.000000 0.000000 0.000000 0.000000 1.000000
0.914856 -0.297080 0.273464 0.000000 0.398362 0.553488 -0.731409 10.838200 0.065928 0.778071 0.624707 0.000000 0.000000 0.000000 0.000000 1.000000
0.916955 -0.293508 0.270271 0.000000 0.393367 0.551709 -0.735445 10.838200 0.066748 0.780686 0.621348 -0.000000 0.000000 0.000000 0.000000 1.000000</float_array>
        <technique_common>
          <accessor source="#mixamorig_RightArm-Matrix-animation-output-transform-array" count="56" stride="16">
            <param type="float4x4"/>
          </accessor>
        </technique_common>
      </source>
      <source id="mixamorig_RightArm-Interpolations">
        <Name_array id="mixamorig_RightArm-Interpolations-array" count="56">
 LINEAR LINEAR LINEAR LINEAR LINEAR LINEAR LINEAR LINEAR LINEAR LINEAR LINEAR
LINEAR LINEAR LINEAR LINEAR LINEAR LINEAR LINEAR LINEAR LINEAR LINEAR LINEAR LINEAR
LINEAR LINEAR LINEAR LINEAR LINEAR LINEAR LINEAR LINEAR LINEAR LINEAR LINEAR LINEAR
LINEAR LINEAR LINEAR LINEAR LINEAR LINEAR LINEAR LINEAR LINEAR LINEAR LINEAR LINEAR
LINEAR LINEAR LINEAR LINEAR LINEAR LINEAR LINEAR LINEAR LINEAR</Name_array>
        <technique_common>
          <accessor source="#mixamorig_RightArm-Interpolations-array" count="56">
            <param type="name"/>
          </accessor>
        </technique_common>
      </source>
      <sampler id="mixamorig_RightArm-Matrix-animation-transform">
        <input semantic="INPUT" source="#mixamorig_RightArm-Matrix-animation-input"/>
        <input semantic="OUTPUT" source="#mixamorig_RightArm-Matrix-animation-output-transform"/>
        <input semantic="INTERPOLATION" source="#mixamorig_RightArm-Interpolations"/>
      </sampler>
      <channel source="#mixamorig_RightArm-Matrix-animation-transform" target="mixamorig_RightArm/matrix"/>
    </animation>
    <animation id="mixamorig_RightForeArm-anim" name="mixamorig_RightForeArm">
      <source id="mixamorig_RightForeArm-Matrix-animation-input">
        <float_array id="mixamorig_RightForeArm-Matrix-animation-input-array" count="56">

0.000000 0.033333 0.066667 0.100000 0.133333 0.166667 0.200000 0.233333 0.266667 0.300000 0.333333 0.366667 0.400000 0.433333 0.466667 0.500000
0.533333 0.566667 0.600000 0.633333 0.666667 0.700000 0.733333 0.766667 0.800000 0.833333 0.866667 0.900000 0.933333 0.966667 1.000000 1.033333
1.066667 1.100000 1.133333 1.166667 1.200000 1.233333 1.266667 1.300000 1.333333 1.366667 1.400000 1.433333 1.466667 1.500000 1.533333 1.566667
1.600000 1.633333 1.666667 1.700000 1.733333 1.766667 1.800000 1.833333</float_array>
        <technique_common>
          <accessor source="#mixamorig_RightForeArm-Matrix-animation-input-array" count="56">
            <param name="TIME" type="float"/>
          </accessor>
        </technique_common>
      </source>
      <source id="mixamorig_RightForeArm-Matrix-animation-output-transform">
        <float_array id="mixamorig_RightForeArm-Matrix-animation-output-transform-array" count="896">

0.661910 0.741068 0.112665 -0.000000 -0.705053 0.666549 -0.242099 27.841499 -0.254509 0.080814 0.963688 0.000000 0.000000 0.000000 0.000000 1.000000
0.655562 0.747060 0.110179 -0.000000 -0.710937 0.659769 -0.243459 27.841499 -0.254571 0.081272 0.963633 0.000000 0.000000 0.000000 0.000000 1.000000
0.648670 0.753425 0.107597 0.000000 -0.717224 0.652453 -0.244736 27.841499 -0.254592 0.081582 0.963601 0.000000 0.000000 0.000000 0.000000 1.000000
0.643195 0.758373 0.105691 -0.000000 -0.722119 0.646682 -0.245656 27.841499 -0.254647 0.081683 0.963578 0.000000 0.000000 0.000000 0.000000 1.000000
0.640871 0.760425 0.105064 0.000000 -0.724157 0.644287 -0.245950 27.841499 -0.254717 0.081539 0.963572 0.000000 0.000000 0.000000 0.000000 1.000000
0.646396 0.755389 0.107517 0.000000 -0.719185 0.650261 -0.244814 27.841499 -0.254844 0.080922 0.963590 0.000000 0.000000 0.000000 0.000000 1.000000
0.654683 0.747792 0.110438 0.000000 -0.711324 0.658894 -0.244699 27.841499 -0.255751 0.081643 0.963289 -0.000000 0.000000 0.000000 0.000000 1.000000
0.660273 0.742552 0.112496 0.000000 -0.706073 0.664794 -0.243946 27.841499 -0.255930 0.081641 0.963242 -0.000000 0.000000 0.000000 0.000000 1.000000
0.660992 0.741878 0.112721 0.000000 -0.705274 0.665502 -0.244327 27.841499 -0.256277 0.081999 0.963119 -0.000000 0.000000 0.000000 0.000000 1.000000
0.658460 0.744240 0.111971 -0.000000 -0.707725 0.662907 -0.244294 27.841499 -0.256039 0.081613 0.963215 -0.000000 0.000000 0.000000 0.000000 1.000000
0.656295 0.746134 0.112078 0.000000 -0.710134 0.661036 -0.242365 27.841499 -0.254925 0.079472 0.963690 0.000000 0.000000 0.000000 0.000000 1.000000
0.653450 0.748711 0.111507 -0.000000 -0.712961 0.658241 -0.241670 27.841499 -0.254340 0.078419 0.963930 0.000000 0.000000 0.000000 0.000000 1.000000
0.651074 0.750738 0.111777 0.000000 -0.715519 0.656209 -0.239629 27.841499 -0.253248 0.076038 0.964409 -0.000000 0.000000 0.000000 0.000000 1.000000
0.645113 0.755934 0.111324 0.000000 -0.721512 0.650621 -0.236882 27.841499 -0.251497 0.072494 0.965139 0.000000 0.000000 0.000000 0.000000 1.000000
0.634953 0.764836 0.108908 0.000000 -0.730802 0.640357 -0.236372 27.841499 -0.250525 0.070495 0.965540 -0.000000 0.000000 0.000000 0.000000 1.000000
0.622596 0.775348 0.105870 0.000000 -0.741742 0.627824 -0.235917 27.841499 -0.249386 0.068353 0.965989 0.000000 0.000000 0.000000 0.000000 1.000000
0.609213 0.786255 0.103262 0.000000 -0.753374 0.614489 -0.234160 27.841499 -0.247563 0.064858 0.966698 -0.000000 0.000000 0.000000 0.000000 1.000000
0.596560 0.796221 0.100739 0.000000 -0.763913 0.601821 -0.232913 27.841499 -0.246077 0.061990 0.967266 0.000000 0.000000 0.000000 0.000000 1.000000
0.585020 0.805027 0.098401 0.000000 -0.773219 0.590242 -0.231834 27.841499 -0.244713 0.059542 0.967766 0.000000 0.000000 0.000000 0.000000 1.000000
0.573264 0.813694 0.096282 0.000000 -0.782497 0.578527 -0.230228 27.841499 -0.243037 0.056641 0.968362 0.000000 0.000000 0.000000 0.000000 1.000000
0.562685 0.821248 0.094533 0.000000 -0.790612 0.568016 -0.228669 27.841499 -0.241491 0.053930 0.968903 0.000000 0.000000 0.000000 0.000000 1.000000
0.553357 0.827623 0.094007 0.000000 -0.797889 0.559079 -0.225396 27.841499 -0.239101 0.049717 0.969721 0.000000 0.000000 0.000000 0.000000 1.000000
0.544803 0.833383 0.093069 -0.000000 -0.804246 0.550705 -0.223411 27.841499 -0.237441 0.046865 0.970271 0.000000 0.000000 0.000000 0.000000 1.000000
0.538943 0.837252 0.092464 0.000000 -0.808532 0.544972 -0.221993 27.841499 -0.236254 0.044882 0.970654 0.000000 0.000000 0.000000 0.000000 1.000000
0.532048 0.841736 0.091682 0.000000 -0.813467 0.538195 -0.220493 27.841499 -0.234940 0.042732 0.971070 0.000000 0.000000 0.000000 0.000000 1.000000
0.528622 0.843901 0.091602 -0.000000 -0.815978 0.534921 -0.219178 27.841499 -0.233964 0.041117 0.971375 -0.000000 0.000000 0.000000 0.000000 1.000000
0.530364 0.842797 0.091692 0.000000 -0.814791 0.536615 -0.219452 27.841499 -0.234157 0.041680 0.971305 0.000000 0.000000 0.000000 0.000000 1.000000
0.532560 0.841415 0.091654 0.000000 -0.813235 0.538701 -0.220116 27.841499 -0.234583 0.042688 0.971158 0.000000 0.000000 0.000000 0.000000 1.000000
0.528864 0.843825 0.090899 0.000000 -0.815766 0.534963 -0.219866 27.841499 -0.234156 0.042127 0.971286 0.000000 0.000000 0.000000 0.000000 1.000000
0.528218 0.844180 0.091352 0.000000 -0.816396 0.534495 -0.218658 27.841499 -0.233414 0.040920 0.971516 0.000000 0.000000 0.000000 0.000000 1.000000
0.527871 0.844375 0.091559 0.000000 -0.816743 0.534235 -0.217998 27.841499 -0.232986 0.040295 0.971645 0.000000 0.000000 0.000000 0.000000 1.000000
0.516887 0.851391 0.089227 0.000000 -0.823987 0.523075 -0.217801 27.841499 -0.232106 0.039056 0.971906 0.000000 0.000000 0.000000 0.000000 1.000000
0.507853 0.856926 0.088110 0.000000 -0.829995 0.514131 -0.216281 27.841499 -0.230637 0.036708 0.972347 0.000000 0.000000 0.000000 0.000000 1.000000
0.504777 0.858730 0.088228 -0.000000 -0.832170 0.511232 -0.214792 27.841499 -0.229553 0.035001 0.972667 0.000000 0.000000 0.000000 0.000000 1.000000
0.501069 0.861061 0.086628 -0.000000 -0.834328 0.507233 -0.215898 27.841499 -0.229842 0.035904 0.972565 0.000000 0.000000 0.000000 0.000000 1.000000
0.499248 0.862297 0.084822 0.000000 -0.835163 0.504977 -0.217950 27.841499 -0.230771 0.037970 0.972267 -0.000000 0.000000 0.000000 0.000000 1.000000
0.501906 0.860807 0.084274 0.000000 -0.833308 0.507362 -0.219504 27.841499 -0.231708 0.039944 0.971965 0.000000 0.000000 0.000000 0.000000 1.000000
0.508520 0.856885 0.084588 0.000000 -0.828952 0.513768 -0.221091 27.841499 -0.232908 0.042310 0.971578 -0.000000 0.000000 0.000000 0.000000 1.000000
0.516360 0.852167 0.084759 0.000000 -0.823619 0.521283 -0.223416 27.841499 -0.234571 0.045554 0.971031 0.000000 0.000000 0.000000 0.000000 1.000000
0.525112 0.846733 0.085443 0.000000 -0.817622 0.529803 -0.225397 27.841499 -0.236119 0.048498 0.970513 0.000000 0.000000 0.000000 0.000000 1.000000
0.531681 0.842576 0.085916 0.000000 -0.813013 0.536173 -0.226997 27.841499 -0.237328 0.050838 0.970098 0.000000 0.000000 0.000000 0.000000 1.000000
0.541247 0.836352 0.086988 0.000000 -0.806208 0.545549 -0.228923 27.841499 -0.238916 0.053773 0.969550 0.000000 0.000000 0.000000 0.000000 1.000000
0.549484 0.830836 0.088196 0.000000 -0.800259 0.553700 -0.230219 27.841499 -0.240109 0.055922 0.969134 0.000000 0.000000 0.000000 0.000000 1.000000
0.555784 0.826520 0.089266 -0.000000 -0.795653 0.559976 -0.231005 27.841499 -0.240917 0.057364 0.968849 -0.000000 0.000000 0.000000 0.000000 1.000000
0.561084 0.822869 0.089839 -0.000000 -0.791616 0.565136 -0.232304 27.841499 -0.241927 0.059224 0.968485 0.000000 0.000000 0.000000 0.000000 1.000000
0.569825 0.816661 0.091453 0.000000 -0.784995 0.573864 -0.233374 27.841499 -0.243069 0.061192 0.968077 0.000000 0.000000 0.000000 0.000000 1.000000
0.576195 0.812096 0.092193 0.000000 -0.779954 0.580062 -0.234948 27.841499 -0.244278 0.063470 0.967626 0.000000 0.000000 0.000000 0.000000 1.000000
0.583257 0.806953 0.092944 -0.000000 -0.774226 0.586891 -0.236925 27.841499 -0.245736 0.066228 0.967072 0.000000 0.000000 0.000000 0.000000 1.000000
0.594121 0.798727 0.095157 0.000000 -0.765461 0.597759 -0.238231 27.841499 -0.247162 0.068699 0.966536 -0.000000 0.000000 0.000000 0.000000 1.000000
0.606059 0.789378 0.097855 0.000000 -0.755594 0.609781 -0.239260 27.841499 -0.248536 0.071067 0.966012 -0.000000 0.000000 0.000000 0.000000 1.000000
0.615334 0.781928 0.099764 0.000000 -0.747661 0.619040 -0.240401 27.841499 -0.249734 0.073337 0.965533 -0.000000 0.000000 0.000000 0.000000 1.000000
0.624617 0.774275 0.101743 -0.000000 -0.739494 0.628308 -0.241616 27.841499 -0.251003 0.075679 0.965023 0.000000 0.000000 0.000000 0.000000 1.000000
0.636090 0.764466 0.104794 0.000000 -0.729258 0.639980 -0.242091 27.841499 -0.252136 0.077570 0.964578 0.000000 0.000000 0.000000 0.000000 1.000000
0.646099 0.755659 0.107407 0.000000 -0.720005 0.650121 -0.242765 27.841499 -0.253275 0.079517 0.964121 0.000000 0.000000 0.000000 0.000000 1.000000
0.654329 0.748198 0.109789 0.000000 -0.712207 0.658527 -0.243110 27.841499 -0.254194 0.080882 0.963765 0.000000 0.000000 0.000000 0.000000 1.000000
0.661911 0.741068 0.112665 -0.000000 -0.705053 0.666549 -0.242099 27.841499 -0.254508 0.080814 0.963688 0.000000 0.000000 0.000000 0.000000 1.000000</float_array>
        <technique_common>
          <accessor source="#mixamorig_RightForeArm-Matrix-animation-output-transform-array" count="56" stride="16">
            <param type="float4x4"/>
          </accessor>
        </technique_common>
      </source>
      <source id="mixamorig_RightForeArm-Interpolations">
        <Name_array id="mixamorig_RightForeArm-Interpolations-array" count="56">
 LINEAR LINEAR LINEAR LINEAR LINEAR LINEAR LINEAR LINEAR LINEAR LINEAR LINEAR
LINEAR LINEAR LINEAR LINEAR LINEAR LINEAR LINEAR LINEAR LINEAR LINEAR LINEAR LINEAR
LINEAR LINEAR LINEAR LINEAR LINEAR LINEAR LINEAR LINEAR LINEAR LINEAR LINEAR LINEAR
LINEAR LINEAR LINEAR LINEAR LINEAR LINEAR LINEAR LINEAR LINEAR LINEAR LINEAR LINEAR
LINEAR LINEAR LINEAR LINEAR LINEAR LINEAR LINEAR LINEAR LINEAR</Name_array>
        <technique_common>
          <accessor source="#mixamorig_RightForeArm-Interpolations-array" count="56">
            <param type="name"/>
          </accessor>
        </technique_common>
      </source>
      <sampler id="mixamorig_RightForeArm-Matrix-animation-transform">
        <input semantic="INPUT" source="#mixamorig_RightForeArm-Matrix-animation-input"/>
        <input semantic="OUTPUT" source="#mixamorig_RightForeArm-Matrix-animation-output-transform"/>
        <input semantic="INTERPOLATION" source="#mixamorig_RightForeArm-Interpolations"/>
      </sampler>
      <channel source="#mixamorig_RightForeArm-Matrix-animation-transform" target="mixamorig_RightForeArm/matrix"/>
    </animation>
    <animation id="mixamorig_RightHand-anim" name="mixamorig_RightHand">
      <source id="mixamorig_RightHand-Matrix-animation-input">
        <float_array id="mixamorig_RightHand-Matrix-animation-input-array" count="56">

0.000000 0.033333 0.066667 0.100000 0.133333 0.166667 0.200000 0.233333 0.266667 0.300000 0.333333 0.366667 0.400000 0.433333 0.466667 0.500000
0.533333 0.566667 0.600000 0.633333 0.666667 0.700000 0.733333 0.766667 0.800000 0.833333 0.866667 0.900000 0.933333 0.966667 1.000000 1.033333
1.066667 1.100000 1.133333 1.166667 1.200000 1.233333 1.266667 1.300000 1.333333 1.366667 1.400000 1.433333 1.466667 1.500000 1.533333 1.566667
1.600000 1.633333 1.666667 1.700000 1.733333 1.766667 1.800000 1.833333</float_array>
        <technique_common>
          <accessor source="#mixamorig_RightHand-Matrix-animation-input-array" count="56">
            <param name="TIME" type="float"/>
          </accessor>
        </technique_common>
      </source>
      <source id="mixamorig_RightHand-Matrix-animation-output-transform">
        <float_array id="mixamorig_RightHand-Matrix-animation-output-transform-array" count="896">

0.813014 0.577493 -0.074225 -0.000000 -0.582242 0.806107 -0.105761 28.328800 -0.001243 0.129202 0.991618 0.000000 0.000000 0.000000 0.000000 1.000000
0.825095 0.560499 -0.071132 0.000000 -0.564994 0.818426 -0.104694 28.328800 -0.000465 0.126571 0.991957 -0.000000 0.000000 0.000000 0.000000 1.000000
0.837306 0.542388 -0.068803 0.000000 -0.546734 0.830587 -0.105864 28.328800 -0.000272 0.126258 0.991997 -0.000000 0.000000 0.000000 0.000000 1.000000
0.848199 0.525394 -0.067236 0.000000 -0.529678 0.841279 -0.108120 28.328800 -0.000241 0.127321 0.991862 0.000000 0.000000 0.000000 0.000000 1.000000
0.857306 0.510457 -0.066786 -0.000000 -0.514808 0.850103 -0.110899 28.328800 0.000165 0.129456 0.991585 0.000000 0.000000 0.000000 0.000000 1.000000
0.863170 0.499991 -0.070336 -0.000000 -0.504906 0.855524 -0.114669 28.328800 0.002840 0.134492 0.990911 0.000000 0.000000 0.000000 0.000000 1.000000
0.866937 0.492993 -0.073339 0.000000 -0.498395 0.858879 -0.118021 28.328800 0.004806 0.138869 0.990299 0.000000 0.000000 0.000000 0.000000 1.000000
0.869516 0.488022 -0.075997 0.000000 -0.493877 0.860737 -0.123359 28.328800 0.005212 0.144796 0.989448 0.000000 0.000000 0.000000 0.000000 1.000000
0.874272 0.479260 -0.077189 0.000000 -0.485402 0.864996 -0.127150 28.328800 0.005830 0.148632 0.988875 0.000000 0.000000 0.000000 0.000000 1.000000
0.881033 0.467016 -0.075340 0.000000 -0.473027 0.871442 -0.129745 28.328800 0.005062 0.149948 0.988681 0.000000 0.000000 0.000000 0.000000 1.000000
0.887880 0.454308 -0.072617 -0.000000 -0.460064 0.877813 -0.133362 28.328800 0.003157 0.151818 0.988403 0.000000 0.000000 0.000000 0.000000 1.000000
0.895364 0.439704 -0.070601 -0.000000 -0.445329 0.884896 -0.136534 28.328800 0.002440 0.153688 0.988116 0.000000 0.000000 0.000000 0.000000 1.000000
0.901910 0.425991 -0.071348 0.000000 -0.431916 0.890575 -0.142565 28.328800 0.002809 0.159397 0.987211 0.000000 0.000000 0.000000 0.000000 1.000000
0.907812 0.413355 -0.070815 0.000000 -0.419374 0.895384 -0.149709 28.328800 0.001523 0.165606 0.986191 0.000000 0.000000 0.000000 0.000000 1.000000
0.913931 0.400376 -0.066553 -0.000000 -0.405865 0.900758 -0.154625 28.328800 -0.001960 0.168328 0.985729 0.000000 0.000000 0.000000 0.000000 1.000000
0.919665 0.387449 -0.064023 0.000000 -0.392680 0.905560 -0.160510 28.328800 -0.004213 0.172756 0.984956 0.000000 0.000000 0.000000 0.000000 1.000000
0.925781 0.372755 -0.063115 0.000000 -0.378025 0.910442 -0.167904 28.328800 -0.005125 0.179301 0.983781 0.000000 0.000000 0.000000 0.000000 1.000000
0.930269 0.361699 -0.061430 0.000000 -0.366810 0.913748 -0.174687 28.328800 -0.007053 0.185039 0.982706 -0.000000 0.000000 0.000000 0.000000 1.000000
0.932584 0.355461 -0.062718 -0.000000 -0.360874 0.914595 -0.182443 28.328800 -0.007490 0.192777 0.981214 0.000000 0.000000 0.000000 0.000000 1.000000
0.934332 0.350244 -0.065974 0.000000 -0.356343 0.914605 -0.191093 28.328800 -0.006589 0.202054 0.979352 0.000000 0.000000 0.000000 0.000000 1.000000
0.935021 0.348107 -0.067513 0.000000 -0.354524 0.913954 -0.197486 28.328800 -0.007043 0.208589 0.977978 0.000000 0.000000 0.000000 0.000000 1.000000
0.934575 0.348281 -0.072593 0.000000 -0.355728 0.911810 -0.205085 28.328800 -0.005236 0.217490 0.976048 0.000000 0.000000 0.000000 0.000000 1.000000
0.933157 0.351306 -0.076169 0.000000 -0.359439 0.909204 -0.210121 28.328800 -0.004564 0.223454 0.974704 0.000000 0.000000 0.000000 0.000000 1.000000
0.930215 0.358152 -0.080172 0.000000 -0.366993 0.905247 -0.214111 28.328800 -0.004109 0.228592 0.973514 0.000000 0.000000 0.000000 0.000000 1.000000
0.926639 0.366525 -0.083668 0.000000 -0.375927 0.900700 -0.217757 28.328800 -0.004453 0.233235 0.972410 0.000000 0.000000 0.000000 0.000000 1.000000
0.921327 0.379237 -0.085652 0.000000 -0.388737 0.894967 -0.218900 28.328800 -0.006359 0.234975 0.971981 0.000000 0.000000 0.000000 0.000000 1.000000
0.914463 0.393863 -0.092894 0.000000 -0.404651 0.887787 -0.219300 28.328800 -0.003904 0.238132 0.971225 0.000000 0.000000 0.000000 0.000000 1.000000
0.907387 0.407773 -0.101832 0.000000 -0.420296 0.880518 -0.219180 28.328800 0.000289 0.241681 0.970356 0.000000 0.000000 0.000000 0.000000 1.000000
0.902325 0.417499 -0.107256 0.000000 -0.431051 0.875189 -0.219634 28.328800 0.002172 0.244414 0.969669 0.000000 0.000000 0.000000 0.000000 1.000000
0.896999 0.428192 -0.109749 0.000000 -0.442031 0.869739 -0.219459 28.328800 0.001482 0.245367 0.969429 -0.000000 0.000000 0.000000 0.000000 1.000000
0.892102 0.439428 -0.105151 0.000000 -0.451818 0.865620 -0.215785 28.328800 -0.003801 0.240011 0.970763 0.000000 0.000000 0.000000 0.000000 1.000000
0.891520 0.442482 -0.096959 -0.000000 -0.452858 0.865644 -0.213495 28.328800 -0.010536 0.234243 0.972121 0.000000 0.000000 0.000000 0.000000 1.000000
0.891225 0.444566 -0.089879 0.000000 -0.453270 0.865899 -0.211576 28.328800 -0.016234 0.229302 0.973220 0.000000 0.000000 0.000000 0.000000 1.000000
0.889431 0.448880 -0.086134 0.000000 -0.456687 0.865054 -0.207652 28.328800 -0.018700 0.224028 0.974403 0.000000 0.000000 0.000000 0.000000 1.000000
0.886504 0.455774 -0.079877 -0.000000 -0.462194 0.863970 -0.199829 28.328800 -0.022065 0.214068 0.976570 0.000000 0.000000 0.000000 0.000000 1.000000
0.882246 0.465067 -0.073174 -0.000000 -0.470112 0.861948 -0.189845 28.328800 -0.025218 0.201890 0.979084 0.000000 0.000000 0.000000 0.000000 1.000000
0.876625 0.476107 -0.069640 0.000000 -0.480453 0.858177 -0.180823 28.328800 -0.026328 0.191973 0.981047 0.000000 0.000000 0.000000 0.000000 1.000000
0.869804 0.488901 -0.066458 0.000000 -0.492641 0.853101 -0.171827 28.328800 -0.027311 0.182196 0.982883 0.000000 0.000000 0.000000 0.000000 1.000000
0.862832 0.501184 -0.065846 0.000000 -0.504822 0.847648 -0.163242 28.328800 -0.026000 0.174091 0.984386 0.000000 0.000000 0.000000 0.000000 1.000000
0.856187 0.512359 -0.066569 0.000000 -0.516121 0.842245 -0.155702 28.328800 -0.023708 0.167668 0.985558 0.000000 0.000000 0.000000 0.000000 1.000000
0.850325 0.522005 -0.066765 -0.000000 -0.525797 0.837409 -0.149277 28.328800 -0.022013 0.162039 0.986539 0.000000 0.000000 0.000000 0.000000 1.000000
0.843390 0.533205 -0.066222 0.000000 -0.536909 0.831638 -0.141795 28.328800 -0.020533 0.155144 0.987678 -0.000000 0.000000 0.000000 0.000000 1.000000
0.838655 0.540544 -0.066861 0.000000 -0.544361 0.827762 -0.135947 28.328800 -0.018140 0.150409 0.988457 0.000000 0.000000 0.000000 0.000000 1.000000
0.835162 0.545722 -0.068500 0.000000 -0.549802 0.824983 -0.130847 28.328800 -0.014894 0.146940 0.989033 0.000000 0.000000 0.000000 0.000000 1.000000
0.833182 0.548544 -0.070053 -0.000000 -0.552887 0.823758 -0.125455 28.328800 -0.011111 0.143258 0.989623 0.000000 0.000000 0.000000 0.000000 1.000000
0.830718 0.552076 -0.071555 0.000000 -0.556651 0.822155 -0.119169 28.328800 -0.006961 0.138827 0.990292 -0.000000 0.000000 0.000000 0.000000 1.000000
0.829889 0.552945 -0.074408 0.000000 -0.557927 0.822118 -0.113313 28.328800 -0.001484 0.135551 0.990769 0.000000 0.000000 0.000000 0.000000 1.000000
0.829068 0.553704 -0.077836 -0.000000 -0.559130 0.822090 -0.107430 28.328800 0.004503 0.132587 0.991161 0.000000 0.000000 0.000000 0.000000 1.000000
0.826855 0.556528 -0.081161 0.000000 -0.562330 0.820588 -0.102084 28.328800 0.009787 0.130048 0.991459 0.000000 0.000000 0.000000 0.000000 1.000000
0.824184 0.560079 -0.083865 -0.000000 -0.566163 0.818386 -0.098513 28.328800 0.013459 0.128674 0.991596 0.000000 0.000000 0.000000 0.000000 1.000000
0.822547 0.562184 -0.085828 0.000000 -0.568474 0.817041 -0.096339 28.328800 0.015965 0.128034 0.991641 0.000000 0.000000 0.000000 0.000000 1.000000
0.821233 0.563932 -0.086931 0.000000 -0.570342 0.815810 -0.095732 28.328800 0.016933 0.128199 0.991604 -0.000000 0.000000 0.000000 0.000000 1.000000
0.818937 0.567329 -0.086490 -0.000000 -0.573668 0.813407 -0.096302 28.328800 0.015717 0.128482 0.991587 0.000000 0.000000 0.000000 0.000000 1.000000
0.817020 0.570380 -0.084526 0.000000 -0.576468 0.811234 -0.097899 28.328800 0.012731 0.128711 0.991600 0.000000 0.000000 0.000000 0.000000 1.000000
0.815435 0.573269 -0.080181 0.000000 -0.578799 0.809320 -0.099966 28.328800 0.007585 0.127924 0.991755 0.000000 0.000000 0.000000 0.000000 1.000000
0.813014 0.577493 -0.074225 -0.000000 -0.582242 0.806107 -0.105761 28.328800 -0.001243 0.129202 0.991617 -0.000000 0.000000 0.000000 0.000000 1.000000</float_array>
        <technique_common>
          <accessor source="#mixamorig_RightHand-Matrix-animation-output-transform-array" count="56" stride="16">
            <param type="float4x4"/>
          </accessor>
        </technique_common>
      </source>
      <source id="mixamorig_RightHand-Interpolations">
        <Name_array id="mixamorig_RightHand-Interpolations-array" count="56">
 LINEAR LINEAR LINEAR LINEAR LINEAR LINEAR LINEAR LINEAR LINEAR LINEAR LINEAR
LINEAR LINEAR LINEAR LINEAR LINEAR LINEAR LINEAR LINEAR LINEAR LINEAR LINEAR LINEAR
LINEAR LINEAR LINEAR LINEAR LINEAR LINEAR LINEAR LINEAR LINEAR LINEAR LINEAR LINEAR
LINEAR LINEAR LINEAR LINEAR LINEAR LINEAR LINEAR LINEAR LINEAR LINEAR LINEAR LINEAR
LINEAR LINEAR LINEAR LINEAR LINEAR LINEAR LINEAR LINEAR LINEAR</Name_array>
        <technique_common>
          <accessor source="#mixamorig_RightHand-Interpolations-array" count="56">
            <param type="name"/>
          </accessor>
        </technique_common>
      </source>
      <sampler id="mixamorig_RightHand-Matrix-animation-transform">
        <input semantic="INPUT" source="#mixamorig_RightHand-Matrix-animation-input"/>
        <input semantic="OUTPUT" source="#mixamorig_RightHand-Matrix-animation-output-transform"/>
        <input semantic="INTERPOLATION" source="#mixamorig_RightHand-Interpolations"/>
      </sampler>
      <channel source="#mixamorig_RightHand-Matrix-animation-transform" target="mixamorig_RightHand/matrix"/>
    </animation>
    <animation id="mixamorig_RightHandThumb1-anim" name="mixamorig_RightHandThumb1">
      <source id="mixamorig_RightHandThumb1-Matrix-animation-input">
        <float_array id="mixamorig_RightHandThumb1-Matrix-animation-input-array" count="56">

0.000000 0.033333 0.066667 0.100000 0.133333 0.166667 0.200000 0.233333 0.266667 0.300000 0.333333 0.366667 0.400000 0.433333 0.466667 0.500000
0.533333 0.566667 0.600000 0.633333 0.666667 0.700000 0.733333 0.766667 0.800000 0.833333 0.866667 0.900000 0.933333 0.966667 1.000000 1.033333
1.066667 1.100000 1.133333 1.166667 1.200000 1.233333 1.266667 1.300000 1.333333 1.366667 1.400000 1.433333 1.466667 1.500000 1.533333 1.566667
1.600000 1.633333 1.666667 1.700000 1.733333 1.766667 1.800000 1.833333</float_array>
        <technique_common>
          <accessor source="#mixamorig_RightHandThumb1-Matrix-animation-input-array" count="56">
            <param name="TIME" type="float"/>
          </accessor>
        </technique_common>
      </source>
      <source id="mixamorig_RightHandThumb1-Matrix-animation-output-transform">
        <float_array id="mixamorig_RightHandThumb1-Matrix-animation-output-transform-array" count="896">

0.405912 0.401707 -0.820894 2.681900 -0.709735 0.704441 -0.006226 2.464800 0.575770 0.585145 0.571047 1.574000 0.000000 0.000000 0.000000 1.000000
0.405913 0.401706 -0.820894 2.681900 -0.709735 0.704441 -0.006227 2.464800 0.575770 0.585145 0.571047 1.574000 0.000000 0.000000 0.000000 1.000000
0.405913 0.401706 -0.820894 2.681900 -0.709735 0.704442 -0.006227 2.464800 0.575771 0.585144 0.571047 1.574000 0.000000 0.000000 0.000000 1.000000
0.405913 0.401706 -0.820894 2.681900 -0.709735 0.704441 -0.006227 2.464800 0.575770 0.585145 0.571047 1.574000 0.000000 0.000000 0.000000 1.000000
0.405913 0.401707 -0.820894 2.681900 -0.709735 0.704441 -0.006227 2.464800 0.575770 0.585144 0.571047 1.574000 0.000000 0.000000 0.000000 1.000000
0.405913 0.401707 -0.820894 2.681900 -0.709735 0.704442 -0.006227 2.464800 0.575771 0.585144 0.571047 1.574000 0.000000 0.000000 0.000000 1.000000
0.405913 0.401706 -0.820894 2.681900 -0.709735 0.704441 -0.006227 2.464800 0.575770 0.585145 0.571047 1.574000 0.000000 0.000000 0.000000 1.000000
0.405913 0.401707 -0.820894 2.681900 -0.709735 0.704442 -0.006227 2.464800 0.575770 0.585144 0.571047 1.574000 0.000000 0.000000 0.000000 1.000000
0.405913 0.401706 -0.820894 2.681900 -0.709735 0.704442 -0.006227 2.464800 0.575770 0.585144 0.571047 1.574000 0.000000 0.000000 0.000000 1.000000
0.405913 0.401707 -0.820894 2.681900 -0.709735 0.704442 -0.006227 2.464800 0.575770 0.585144 0.571047 1.574000 0.000000 0.000000 0.000000 1.000000
0.405913 0.401707 -0.820894 2.681900 -0.709735 0.704442 -0.006226 2.464800 0.575771 0.585144 0.571047 1.574000 0.000000 0.000000 0.000000 1.000000
0.405913 0.401707 -0.820894 2.681900 -0.709735 0.704441 -0.006227 2.464800 0.575770 0.585144 0.571047 1.574000 0.000000 0.000000 0.000000 1.000000
0.405913 0.401707 -0.820894 2.681900 -0.709735 0.704442 -0.006227 2.464800 0.575770 0.585144 0.571047 1.574000 0.000000 0.000000 0.000000 1.000000
0.405913 0.401707 -0.820894 2.681900 -0.709735 0.704442 -0.006227 2.464800 0.575770 0.585144 0.571047 1.574000 0.000000 0.000000 0.000000 1.000000
0.405913 0.401707 -0.820894 2.681900 -0.709735 0.704441 -0.006227 2.464800 0.575770 0.585144 0.571047 1.574000 0.000000 0.000000 0.000000 1.000000
0.405912 0.401706 -0.820894 2.681900 -0.709735 0.704441 -0.006227 2.464800 0.575771 0.585145 0.571046 1.574000 0.000000 0.000000 0.000000 1.000000
0.405912 0.401707 -0.820894 2.681900 -0.709735 0.704441 -0.006227 2.464800 0.575770 0.585145 0.571047 1.574000 0.000000 0.000000 0.000000 1.000000
0.405913 0.401706 -0.820894 2.681900 -0.709735 0.704442 -0.006227 2.464800 0.575770 0.585145 0.571047 1.574000 0.000000 0.000000 0.000000 1.000000
0.405912 0.401707 -0.820894 2.681900 -0.709735 0.704441 -0.006227 2.464800 0.575770 0.585144 0.571047 1.574000 0.000000 0.000000 0.000000 1.000000
0.405912 0.401706 -0.820894 2.681900 -0.709735 0.704441 -0.006227 2.464800 0.575770 0.585145 0.571047 1.574000 0.000000 0.000000 0.000000 1.000000
0.405913 0.401706 -0.820894 2.681900 -0.709735 0.704442 -0.006227 2.464800 0.575771 0.585144 0.571047 1.574000 0.000000 0.000000 0.000000 1.000000
0.405913 0.401706 -0.820894 2.681900 -0.709734 0.704442 -0.006227 2.464800 0.575771 0.585144 0.571047 1.574000 0.000000 0.000000 0.000000 1.000000
0.405913 0.401707 -0.820894 2.681900 -0.709735 0.704441 -0.006227 2.464800 0.575770 0.585144 0.571047 1.574000 0.000000 0.000000 0.000000 1.000000
0.405913 0.401707 -0.820894 2.681900 -0.709735 0.704441 -0.006227 2.464800 0.575770 0.585144 0.571047 1.574000 0.000000 0.000000 0.000000 1.000000
0.405913 0.401707 -0.820894 2.681900 -0.709735 0.704441 -0.006227 2.464800 0.575770 0.585145 0.571047 1.574000 0.000000 0.000000 0.000000 1.000000
0.405913 0.401706 -0.820894 2.681900 -0.709735 0.704442 -0.006227 2.464800 0.575771 0.585144 0.571047 1.574000 0.000000 0.000000 0.000000 1.000000
0.405912 0.401706 -0.820894 2.681900 -0.709735 0.704441 -0.006227 2.464800 0.575770 0.585145 0.571046 1.574000 0.000000 0.000000 0.000000 1.000000
0.405913 0.401706 -0.820894 2.681900 -0.709735 0.704442 -0.006227 2.464800 0.575770 0.585144 0.571047 1.574000 0.000000 0.000000 0.000000 1.000000
0.405913 0.401706 -0.820894 2.681900 -0.709735 0.704441 -0.006227 2.464800 0.575770 0.585145 0.571047 1.574000 0.000000 0.000000 0.000000 1.000000
0.405912 0.401706 -0.820894 2.681900 -0.709735 0.704442 -0.006227 2.464800 0.575771 0.585145 0.571046 1.574000 0.000000 0.000000 0.000000 1.000000
0.405913 0.401707 -0.820894 2.681900 -0.709735 0.704441 -0.006227 2.464800 0.575770 0.585144 0.571047 1.574000 0.000000 0.000000 0.000000 1.000000
0.405913 0.401706 -0.820894 2.681900 -0.709735 0.704441 -0.006227 2.464800 0.575770 0.585145 0.571047 1.574000 0.000000 0.000000 0.000000 1.000000
0.405913 0.401706 -0.820894 2.681900 -0.709735 0.704442 -0.006227 2.464800 0.575770 0.585144 0.571047 1.574000 0.000000 0.000000 0.000000 1.000000
0.405912 0.401706 -0.820894 2.681900 -0.709735 0.704442 -0.006227 2.464800 0.575771 0.585145 0.571046 1.574000 0.000000 0.000000 0.000000 1.000000
0.405913 0.401706 -0.820894 2.681900 -0.709735 0.704442 -0.006227 2.464800 0.575770 0.585144 0.571047 1.574000 0.000000 0.000000 0.000000 1.000000
0.405913 0.401706 -0.820894 2.681900 -0.709735 0.704442 -0.006227 2.464800 0.575770 0.585145 0.571047 1.574000 0.000000 0.000000 0.000000 1.000000
0.405913 0.401707 -0.820894 2.681900 -0.709735 0.704441 -0.006227 2.464800 0.575770 0.585145 0.571047 1.574000 0.000000 0.000000 0.000000 1.000000
0.405913 0.401707 -0.820894 2.681900 -0.709735 0.704441 -0.006227 2.464800 0.575770 0.585145 0.571047 1.574000 0.000000 0.000000 0.000000 1.000000
0.405913 0.401707 -0.820894 2.681900 -0.709735 0.704441 -0.006227 2.464800 0.575770 0.585145 0.571047 1.574000 0.000000 0.000000 0.000000 1.000000
0.405913 0.401707 -0.820894 2.681900 -0.709735 0.704441 -0.006227 2.464800 0.575770 0.585145 0.571047 1.574000 0.000000 0.000000 0.000000 1.000000
0.405913 0.401707 -0.820894 2.681900 -0.709735 0.704441 -0.006227 2.464800 0.575770 0.585144 0.571047 1.574000 0.000000 0.000000 0.000000 1.000000
0.405912 0.401707 -0.820894 2.681900 -0.709735 0.704441 -0.006227 2.464800 0.575770 0.585145 0.571047 1.574000 0.000000 0.000000 0.000000 1.000000
0.405913 0.401707 -0.820894 2.681900 -0.709735 0.704441 -0.006227 2.464800 0.575770 0.585144 0.571047 1.574000 0.000000 0.000000 0.000000 1.000000
0.405913 0.401707 -0.820894 2.681900 -0.709735 0.704442 -0.006227 2.464800 0.575770 0.585144 0.571047 1.574000 0.000000 0.000000 0.000000 1.000000
0.405912 0.401707 -0.820894 2.681900 -0.709735 0.704441 -0.006227 2.464800 0.575770 0.585145 0.571047 1.574000 0.000000 0.000000 0.000000 1.000000
0.405913 0.401707 -0.820894 2.681900 -0.709735 0.704441 -0.006227 2.464800 0.575770 0.585145 0.571047 1.574000 0.000000 0.000000 0.000000 1.000000
0.405913 0.401707 -0.820894 2.681900 -0.709735 0.704441 -0.006227 2.464800 0.575770 0.585144 0.571047 1.574000 0.000000 0.000000 0.000000 1.000000
0.405913 0.401707 -0.820894 2.681900 -0.709735 0.704441 -0.006227 2.464800 0.575770 0.585145 0.571047 1.574000 0.000000 0.000000 0.000000 1.000000
0.405913 0.401707 -0.820894 2.681900 -0.709735 0.704441 -0.006227 2.464800 0.575770 0.585144 0.571047 1.574000 0.000000 0.000000 0.000000 1.000000
0.405913 0.401706 -0.820894 2.681900 -0.709735 0.704441 -0.006227 2.464800 0.575770 0.585145 0.571047 1.574000 0.000000 0.000000 0.000000 1.000000
0.405913 0.401707 -0.820894 2.681900 -0.709735 0.704442 -0.006227 2.464800 0.575770 0.585144 0.571047 1.574000 0.000000 0.000000 0.000000 1.000000
0.405912 0.401706 -0.820894 2.681900 -0.709735 0.704441 -0.006227 2.464800 0.575771 0.585145 0.571046 1.574000 0.000000 0.000000 0.000000 1.000000
0.405913 0.401707 -0.820894 2.681900 -0.709735 0.704442 -0.006227 2.464800 0.575770 0.585144 0.571047 1.574000 0.000000 0.000000 0.000000 1.000000
0.405913 0.401706 -0.820894 2.681900 -0.709735 0.704442 -0.006227 2.464800 0.575770 0.585144 0.571047 1.574000 0.000000 0.000000 0.000000 1.000000
0.405913 0.401707 -0.820894 2.681900 -0.709735 0.704441 -0.006227 2.464800 0.575770 0.585144 0.571047 1.574000 0.000000 0.000000 0.000000 1.000000
0.405912 0.401707 -0.820894 2.681900 -0.709735 0.704441 -0.006226 2.464800 0.575770 0.585144 0.571047 1.574000 0.000000 0.000000 0.000000 1.000000</float_array>
        <technique_common>
          <accessor source="#mixamorig_RightHandThumb1-Matrix-animation-output-transform-array" count="56" stride="16">
            <param type="float4x4"/>
          </accessor>
        </technique_common>
      </source>
      <source id="mixamorig_RightHandThumb1-Interpolations">
        <Name_array id="mixamorig_RightHandThumb1-Interpolations-array" count="56">
 LINEAR LINEAR LINEAR LINEAR LINEAR LINEAR LINEAR LINEAR LINEAR LINEAR LINEAR
LINEAR LINEAR LINEAR LINEAR LINEAR LINEAR LINEAR LINEAR LINEAR LINEAR LINEAR LINEAR
LINEAR LINEAR LINEAR LINEAR LINEAR LINEAR LINEAR LINEAR LINEAR LINEAR LINEAR LINEAR
LINEAR LINEAR LINEAR LINEAR LINEAR LINEAR LINEAR LINEAR LINEAR LINEAR LINEAR LINEAR
LINEAR LINEAR LINEAR LINEAR LINEAR LINEAR LINEAR LINEAR LINEAR</Name_array>
        <technique_common>
          <accessor source="#mixamorig_RightHandThumb1-Interpolations-array" count="56">
            <param type="name"/>
          </accessor>
        </technique_common>
      </source>
      <sampler id="mixamorig_RightHandThumb1-Matrix-animation-transform">
        <input semantic="INPUT" source="#mixamorig_RightHandThumb1-Matrix-animation-input"/>
        <input semantic="OUTPUT" source="#mixamorig_RightHandThumb1-Matrix-animation-output-transform"/>
        <input semantic="INTERPOLATION" source="#mixamorig_RightHandThumb1-Interpolations"/>
      </sampler>
      <channel source="#mixamorig_RightHandThumb1-Matrix-animation-transform" target="mixamorig_RightHandThumb1/matrix"/>
    </animation>
    <animation id="mixamorig_RightHandThumb2-anim" name="mixamorig_RightHandThumb2">
      <source id="mixamorig_RightHandThumb2-Matrix-animation-input">
        <float_array id="mixamorig_RightHandThumb2-Matrix-animation-input-array" count="56">

0.000000 0.033333 0.066667 0.100000 0.133333 0.166667 0.200000 0.233333 0.266667 0.300000 0.333333 0.366667 0.400000 0.433333 0.466667 0.500000
0.533333 0.566667 0.600000 0.633333 0.666667 0.700000 0.733333 0.766667 0.800000 0.833333 0.866667 0.900000 0.933333 0.966667 1.000000 1.033333
1.066667 1.100000 1.133333 1.166667 1.200000 1.233333 1.266667 1.300000 1.333333 1.366667 1.400000 1.433333 1.466667 1.500000 1.533333 1.566667
1.600000 1.633333 1.666667 1.700000 1.733333 1.766667 1.800000 1.833333</float_array>
        <technique_common>
          <accessor source="#mixamorig_RightHandThumb2-Matrix-animation-input-array" count="56">
            <param name="TIME" type="float"/>
          </accessor>
        </technique_common>
      </source>
      <source id="mixamorig_RightHandThumb2-Matrix-animation-output-transform">
        <float_array id="mixamorig_RightHandThumb2-Matrix-animation-output-transform-array" count="896">

0.963040 -0.194771 0.186061 0.000000 0.203894 0.978501 -0.031036 4.189000 -0.176016 0.067826 0.982048 0.000000 0.000000 0.000000 0.000000 1.000000
0.963040 -0.194771 0.186060 -0.000000 0.203894 0.978501 -0.031036 4.189000 -0.176015 0.067825 0.982048 -0.000000 0.000000 0.000000 0.000000 1.000000
0.963040 -0.194771 0.186061 0.000000 0.203894 0.978501 -0.031035 4.189000 -0.176016 0.067825 0.982048 0.000000 0.000000 0.000000 0.000000 1.000000
0.963040 -0.194771 0.186060 -0.000000 0.203894 0.978501 -0.031035 4.189000 -0.176016 0.067825 0.982048 -0.000000 0.000000 0.000000 0.000000 1.000000
0.963040 -0.194771 0.186060 0.000000 0.203894 0.978501 -0.031036 4.189000 -0.176015 0.067825 0.982048 0.000000 0.000000 0.000000 0.000000 1.000000
0.963040 -0.194771 0.186061 0.000000 0.203894 0.978501 -0.031036 4.189000 -0.176016 0.067826 0.982048 -0.000000 0.000000 0.000000 0.000000 1.000000
0.963040 -0.194771 0.186060 0.000000 0.203894 0.978501 -0.031036 4.189000 -0.176015 0.067825 0.982048 0.000000 0.000000 0.000000 0.000000 1.000000
0.963040 -0.194771 0.186061 0.000000 0.203894 0.978501 -0.031036 4.189000 -0.176016 0.067826 0.982048 0.000000 0.000000 0.000000 0.000000 1.000000
0.963040 -0.194771 0.186060 -0.000000 0.203894 0.978501 -0.031036 4.189000 -0.176015 0.067825 0.982048 0.000000 0.000000 0.000000 0.000000 1.000000
0.963040 -0.194771 0.186060 0.000000 0.203894 0.978501 -0.031036 4.189000 -0.176015 0.067825 0.982048 0.000000 0.000000 0.000000 0.000000 1.000000
0.963040 -0.194771 0.186061 -0.000000 0.203894 0.978501 -0.031036 4.189000 -0.176016 0.067826 0.982048 0.000000 0.000000 0.000000 0.000000 1.000000
0.963040 -0.194771 0.186060 -0.000000 0.203894 0.978501 -0.031035 4.189000 -0.176016 0.067825 0.982048 0.000000 0.000000 0.000000 0.000000 1.000000
0.963040 -0.194771 0.186060 0.000000 0.203894 0.978501 -0.031036 4.189000 -0.176015 0.067825 0.982048 0.000000 0.000000 0.000000 0.000000 1.000000
0.963040 -0.194771 0.186060 -0.000000 0.203894 0.978501 -0.031036 4.189000 -0.176015 0.067825 0.982048 0.000000 0.000000 0.000000 0.000000 1.000000
0.963040 -0.194771 0.186060 0.000000 0.203894 0.978501 -0.031036 4.189000 -0.176015 0.067826 0.982048 0.000000 0.000000 0.000000 0.000000 1.000000
0.963040 -0.194771 0.186061 -0.000000 0.203894 0.978501 -0.031036 4.189000 -0.176016 0.067825 0.982048 0.000000 0.000000 0.000000 0.000000 1.000000
0.963040 -0.194771 0.186060 0.000000 0.203894 0.978501 -0.031036 4.189000 -0.176015 0.067825 0.982048 0.000000 0.000000 0.000000 0.000000 1.000000
0.963040 -0.194771 0.186061 0.000000 0.203894 0.978501 -0.031035 4.189000 -0.176016 0.067825 0.982048 0.000000 0.000000 0.000000 0.000000 1.000000
0.963040 -0.194771 0.186060 0.000000 0.203894 0.978501 -0.031036 4.189000 -0.176015 0.067826 0.982048 0.000000 0.000000 0.000000 0.000000 1.000000
0.963040 -0.194771 0.186061 0.000000 0.203894 0.978501 -0.031035 4.189000 -0.176016 0.067825 0.982048 0.000000 0.000000 0.000000 0.000000 1.000000
0.963040 -0.194771 0.186060 -0.000000 0.203894 0.978501 -0.031036 4.189000 -0.176015 0.067825 0.982048 0.000000 0.000000 0.000000 0.000000 1.000000
0.963040 -0.194771 0.186060 0.000000 0.203894 0.978501 -0.031036 4.189000 -0.176015 0.067825 0.982048 -0.000000 0.000000 0.000000 0.000000 1.000000
0.963040 -0.194771 0.186060 -0.000000 0.203894 0.978501 -0.031036 4.189000 -0.176015 0.067825 0.982048 0.000000 0.000000 0.000000 0.000000 1.000000
0.963040 -0.194771 0.186060 0.000000 0.203894 0.978501 -0.031036 4.189000 -0.176015 0.067825 0.982048 0.000000 0.000000 0.000000 0.000000 1.000000
0.963040 -0.194771 0.186060 -0.000000 0.203894 0.978501 -0.031036 4.189000 -0.176015 0.067825 0.982048 0.000000 0.000000 0.000000 0.000000 1.000000
0.963040 -0.194771 0.186060 0.000000 0.203894 0.978501 -0.031036 4.189000 -0.176015 0.067825 0.982048 -0.000000 0.000000 0.000000 0.000000 1.000000
0.963040 -0.194771 0.186061 -0.000000 0.203894 0.978501 -0.031035 4.189000 -0.176016 0.067825 0.982048 0.000000 0.000000 0.000000 0.000000 1.000000
0.963040 -0.194771 0.186060 0.000000 0.203894 0.978501 -0.031035 4.189000 -0.176015 0.067825 0.982048 -0.000000 0.000000 0.000000 0.000000 1.000000
0.963040 -0.194771 0.186060 -0.000000 0.203894 0.978501 -0.031036 4.189000 -0.176015 0.067825 0.982048 0.000000 0.000000 0.000000 0.000000 1.000000
0.963040 -0.194771 0.186060 0.000000 0.203894 0.978501 -0.031036 4.189000 -0.176015 0.067825 0.982048 0.000000 0.000000 0.000000 0.000000 1.000000
0.963040 -0.194771 0.186061 -0.000000 0.203894 0.978501 -0.031036 4.189000 -0.176016 0.067825 0.982048 0.000000 0.000000 0.000000 0.000000 1.000000
0.963040 -0.194771 0.186061 0.000000 0.203894 0.978501 -0.031035 4.189000 -0.176016 0.067825 0.982048 0.000000 0.000000 0.000000 0.000000 1.000000
0.963040 -0.194771 0.186060 0.000000 0.203894 0.978501 -0.031036 4.189000 -0.176015 0.067825 0.982048 0.000000 0.000000 0.000000 0.000000 1.000000
0.963040 -0.194771 0.186061 0.000000 0.203894 0.978501 -0.031036 4.189000 -0.176015 0.067826 0.982048 0.000000 0.000000 0.000000 0.000000 1.000000
0.963040 -0.194771 0.186060 0.000000 0.203894 0.978501 -0.031036 4.189000 -0.176015 0.067825 0.982048 0.000000 0.000000 0.000000 0.000000 1.000000
0.963040 -0.194772 0.186061 0.000000 0.203895 0.978501 -0.031035 4.189000 -0.176016 0.067825 0.982048 0.000000 0.000000 0.000000 0.000000 1.000000
0.963040 -0.194771 0.186060 0.000000 0.203894 0.978501 -0.031036 4.189000 -0.176015 0.067825 0.982048 0.000000 0.000000 0.000000 0.000000 1.000000
0.963040 -0.194771 0.186060 0.000000 0.203894 0.978501 -0.031036 4.189000 -0.176015 0.067825 0.982048 -0.000000 0.000000 0.000000 0.000000 1.000000
0.963040 -0.194771 0.186060 -0.000000 0.203894 0.978501 -0.031035 4.189000 -0.176015 0.067825 0.982048 0.000000 0.000000 0.000000 0.000000 1.000000
0.963040 -0.194771 0.186060 0.000000 0.203894 0.978501 -0.031035 4.189000 -0.176015 0.067825 0.982048 -0.000000 0.000000 0.000000 0.000000 1.000000
0.963040 -0.194772 0.186060 -0.000000 0.203895 0.978501 -0.031035 4.189000 -0.176015 0.067825 0.982048 0.000000 0.000000 0.000000 0.000000 1.000000
0.963040 -0.194771 0.186060 -0.000000 0.203894 0.978501 -0.031036 4.189000 -0.176015 0.067825 0.982048 0.000000 0.000000 0.000000 0.000000 1.000000
0.963040 -0.194772 0.186060 0.000000 0.203895 0.978501 -0.031036 4.189000 -0.176015 0.067825 0.982048 0.000000 0.000000 0.000000 0.000000 1.000000
0.963040 -0.194771 0.186060 0.000000 0.203894 0.978501 -0.031036 4.189000 -0.176015 0.067825 0.982048 0.000000 0.000000 0.000000 0.000000 1.000000
0.963040 -0.194771 0.186060 -0.000000 0.203894 0.978501 -0.031036 4.189000 -0.176015 0.067825 0.982048 0.000000 0.000000 0.000000 0.000000 1.000000
0.963040 -0.194771 0.186060 -0.000000 0.203894 0.978501 -0.031036 4.189000 -0.176015 0.067825 0.982048 0.000000 0.000000 0.000000 0.000000 1.000000
0.963040 -0.194771 0.186060 0.000000 0.203894 0.978501 -0.031036 4.189000 -0.176015 0.067825 0.982048 0.000000 0.000000 0.000000 0.000000 1.000000
0.963040 -0.194771 0.186061 0.000000 0.203894 0.978501 -0.031036 4.189000 -0.176016 0.067826 0.982048 -0.000000 0.000000 0.000000 0.000000 1.000000
0.963040 -0.194771 0.186061 0.000000 0.203895 0.978501 -0.031036 4.189000 -0.176016 0.067825 0.982048 0.000000 0.000000 0.000000 0.000000 1.000000
0.963040 -0.194771 0.186060 0.000000 0.203894 0.978501 -0.031036 4.189000 -0.176015 0.067825 0.982048 -0.000000 0.000000 0.000000 0.000000 1.000000
0.963040 -0.194771 0.186061 0.000000 0.203894 0.978501 -0.031036 4.189000 -0.176015 0.067825 0.982048 -0.000000 0.000000 0.000000 0.000000 1.000000
0.963040 -0.194771 0.186061 -0.000000 0.203894 0.978501 -0.031036 4.189000 -0.176016 0.067825 0.982048 0.000000 0.000000 0.000000 0.000000 1.000000
0.963040 -0.194771 0.186060 0.000000 0.203894 0.978501 -0.031036 4.189000 -0.176015 0.067826 0.982048 -0.000000 0.000000 0.000000 0.000000 1.000000
0.963040 -0.194771 0.186060 0.000000 0.203894 0.978501 -0.031036 4.189000 -0.176015 0.067825 0.982048 0.000000 0.000000 0.000000 0.000000 1.000000
0.963040 -0.194771 0.186061 0.000000 0.203894 0.978501 -0.031036 4.189000 -0.176016 0.067825 0.982048 0.000000 0.000000 0.000000 0.000000 1.000000
0.963040 -0.194771 0.186061 -0.000000 0.203894 0.978501 -0.031036 4.189000 -0.176016 0.067826 0.982048 -0.000000 0.000000 0.000000 0.000000 1.000000</float_array>
        <technique_common>
          <accessor source="#mixamorig_RightHandThumb2-Matrix-animation-output-transform-array" count="56" stride="16">
            <param type="float4x4"/>
          </accessor>
        </technique_common>
      </source>
      <source id="mixamorig_RightHandThumb2-Interpolations">
        <Name_array id="mixamorig_RightHandThumb2-Interpolations-array" count="56">
 LINEAR LINEAR LINEAR LINEAR LINEAR LINEAR LINEAR LINEAR LINEAR LINEAR LINEAR
LINEAR LINEAR LINEAR LINEAR LINEAR LINEAR LINEAR LINEAR LINEAR LINEAR LINEAR LINEAR
LINEAR LINEAR LINEAR LINEAR LINEAR LINEAR LINEAR LINEAR LINEAR LINEAR LINEAR LINEAR
LINEAR LINEAR LINEAR LINEAR LINEAR LINEAR LINEAR LINEAR LINEAR LINEAR LINEAR LINEAR
LINEAR LINEAR LINEAR LINEAR LINEAR LINEAR LINEAR LINEAR LINEAR</Name_array>
        <technique_common>
          <accessor source="#mixamorig_RightHandThumb2-Interpolations-array" count="56">
            <param type="name"/>
          </accessor>
        </technique_common>
      </source>
      <sampler id="mixamorig_RightHandThumb2-Matrix-animation-transform">
        <input semantic="INPUT" source="#mixamorig_RightHandThumb2-Matrix-animation-input"/>
        <input semantic="OUTPUT" source="#mixamorig_RightHandThumb2-Matrix-animation-output-transform"/>
        <input semantic="INTERPOLATION" source="#mixamorig_RightHandThumb2-Interpolations"/>
      </sampler>
      <channel source="#mixamorig_RightHandThumb2-Matrix-animation-transform" target="mixamorig_RightHandThumb2/matrix"/>
    </animation>
    <animation id="mixamorig_RightHandThumb3-anim" name="mixamorig_RightHandThumb3">
      <source id="mixamorig_RightHandThumb3-Matrix-animation-input">
        <float_array id="mixamorig_RightHandThumb3-Matrix-animation-input-array" count="56">

0.000000 0.033333 0.066667 0.100000 0.133333 0.166667 0.200000 0.233333 0.266667 0.300000 0.333333 0.366667 0.400000 0.433333 0.466667 0.500000
0.533333 0.566667 0.600000 0.633333 0.666667 0.700000 0.733333 0.766667 0.800000 0.833333 0.866667 0.900000 0.933333 0.966667 1.000000 1.033333
1.066667 1.100000 1.133333 1.166667 1.200000 1.233333 1.266667 1.300000 1.333333 1.366667 1.400000 1.433333 1.466667 1.500000 1.533333 1.566667
1.600000 1.633333 1.666667 1.700000 1.733333 1.766667 1.800000 1.833333</float_array>
        <technique_common>
          <accessor source="#mixamorig_RightHandThumb3-Matrix-animation-input-array" count="56">
            <param name="TIME" type="float"/>
          </accessor>
        </technique_common>
      </source>
      <source id="mixamorig_RightHandThumb3-Matrix-animation-output-transform">
        <float_array id="mixamorig_RightHandThumb3-Matrix-animation-output-transform-array" count="896">

0.811080 -0.584370 0.025712 -0.000000 0.584831 0.809318 -0.054561 3.416300 0.011075 0.059291 0.998179 0.000000 0.000000 0.000000 0.000000 1.000000
0.811079 -0.584371 0.025712 0.000000 0.584831 0.809318 -0.054562 3.416300 0.011075 0.059291 0.998179 0.000000 0.000000 0.000000 0.000000 1.000000
0.811080 -0.584370 0.025712 0.000000 0.584831 0.809318 -0.054561 3.416300 0.011075 0.059291 0.998179 0.000000 0.000000 0.000000 0.000000 1.000000
0.811080 -0.584370 0.025712 0.000000 0.584831 0.809318 -0.054562 3.416300 0.011075 0.059291 0.998179 0.000000 0.000000 0.000000 0.000000 1.000000
0.811080 -0.584370 0.025712 0.000000 0.584831 0.809318 -0.054562 3.416300 0.011075 0.059291 0.998179 0.000000 0.000000 0.000000 0.000000 1.000000
0.811080 -0.584370 0.025712 -0.000000 0.584831 0.809318 -0.054561 3.416300 0.011075 0.059291 0.998179 0.000000 0.000000 0.000000 0.000000 1.000000
0.811080 -0.584370 0.025712 -0.000000 0.584831 0.809318 -0.054561 3.416300 0.011075 0.059291 0.998179 0.000000 0.000000 0.000000 0.000000 1.000000
0.811080 -0.584370 0.025712 0.000000 0.584831 0.809318 -0.054562 3.416300 0.011075 0.059291 0.998179 -0.000000 0.000000 0.000000 0.000000 1.000000
0.811080 -0.584370 0.025712 0.000000 0.584831 0.809318 -0.054562 3.416300 0.011075 0.059291 0.998179 0.000000 0.000000 0.000000 0.000000 1.000000
0.811080 -0.584370 0.025712 0.000000 0.584831 0.809318 -0.054562 3.416300 0.011075 0.059291 0.998179 0.000000 0.000000 0.000000 0.000000 1.000000
0.811080 -0.584370 0.025712 -0.000000 0.584831 0.809318 -0.054562 3.416300 0.011075 0.059291 0.998179 0.000000 0.000000 0.000000 0.000000 1.000000
0.811080 -0.584370 0.025712 -0.000000 0.584831 0.809318 -0.054562 3.416300 0.011075 0.059291 0.998179 0.000000 0.000000 0.000000 0.000000 1.000000
0.811080 -0.584370 0.025712 0.000000 0.584831 0.809318 -0.054561 3.416300 0.011075 0.059291 0.998179 0.000000 0.000000 0.000000 0.000000 1.000000
0.811080 -0.584370 0.025712 -0.000000 0.584831 0.809318 -0.054562 3.416300 0.011075 0.059291 0.998179 0.000000 0.000000 0.000000 0.000000 1.000000
0.811080 -0.584370 0.025712 -0.000000 0.584831 0.809318 -0.054561 3.416300 0.011075 0.059291 0.998179 0.000000 0.000000 0.000000 0.000000 1.000000
0.811080 -0.584370 0.025712 0.000000 0.584831 0.809318 -0.054561 3.416300 0.011075 0.059291 0.998179 0.000000 0.000000 0.000000 0.000000 1.000000
0.811080 -0.584370 0.025712 0.000000 0.584831 0.809318 -0.054562 3.416300 0.011075 0.059291 0.998179 0.000000 0.000000 0.000000 0.000000 1.000000
0.811080 -0.584370 0.025712 0.000000 0.584831 0.809318 -0.054562 3.416300 0.011075 0.059291 0.998179 -0.000000 0.000000 0.000000 0.000000 1.000000
0.811080 -0.584370 0.025712 -0.000000 0.584831 0.809318 -0.054562 3.416300 0.011075 0.059291 0.998179 0.000000 0.000000 0.000000 0.000000 1.000000
0.811080 -0.584370 0.025712 -0.000000 0.584831 0.809318 -0.054561 3.416300 0.011075 0.059291 0.998179 0.000000 0.000000 0.000000 0.000000 1.000000
0.811079 -0.584371 0.025712 -0.000000 0.584831 0.809318 -0.054561 3.416300 0.011075 0.059291 0.998179 0.000000 0.000000 0.000000 0.000000 1.000000
0.811080 -0.584370 0.025712 0.000000 0.584831 0.809318 -0.054562 3.416300 0.011075 0.059291 0.998179 0.000000 0.000000 0.000000 0.000000 1.000000
0.811080 -0.584370 0.025712 -0.000000 0.584831 0.809318 -0.054561 3.416300 0.011075 0.059291 0.998179 -0.000000 0.000000 0.000000 0.000000 1.000000
0.811080 -0.584370 0.025712 0.000000 0.584831 0.809318 -0.054562 3.416300 0.011075 0.059291 0.998179 0.000000 0.000000 0.000000 0.000000 1.000000
0.811080 -0.584370 0.025712 -0.000000 0.584831 0.809318 -0.054562 3.416300 0.011075 0.059291 0.998179 0.000000 0.000000 0.000000 0.000000 1.000000
0.811080 -0.584370 0.025712 0.000000 0.584831 0.809318 -0.054562 3.416300 0.011075 0.059292 0.998179 0.000000 0.000000 0.000000 0.000000 1.000000
0.811080 -0.584370 0.025712 0.000000 0.584831 0.809318 -0.054562 3.416300 0.011075 0.059291 0.998179 0.000000 0.000000 0.000000 0.000000 1.000000
0.811080 -0.584370 0.025712 0.000000 0.584831 0.809318 -0.054562 3.416300 0.011075 0.059292 0.998179 0.000000 0.000000 0.000000 0.000000 1.000000
0.811080 -0.584370 0.025712 -0.000000 0.584831 0.809318 -0.054561 3.416300 0.011074 0.059291 0.998179 0.000000 0.000000 0.000000 0.000000 1.000000
0.811079 -0.584371 0.025713 0.000000 0.584831 0.809318 -0.054561 3.416300 0.011074 0.059291 0.998179 0.000000 0.000000 0.000000 0.000000 1.000000
0.811080 -0.584370 0.025712 -0.000000 0.584831 0.809318 -0.054561 3.416300 0.011075 0.059291 0.998179 0.000000 0.000000 0.000000 0.000000 1.000000
0.811080 -0.584370 0.025712 0.000000 0.584831 0.809318 -0.054562 3.416300 0.011075 0.059291 0.998179 0.000000 0.000000 0.000000 0.000000 1.000000
0.811080 -0.584370 0.025712 0.000000 0.584831 0.809318 -0.054562 3.416300 0.011075 0.059291 0.998179 0.000000 0.000000 0.000000 0.000000 1.000000
0.811080 -0.584370 0.025712 -0.000000 0.584831 0.809318 -0.054561 3.416300 0.011075 0.059291 0.998179 0.000000 0.000000 0.000000 0.000000 1.000000
0.811080 -0.584370 0.025712 0.000000 0.584831 0.809318 -0.054562 3.416300 0.011075 0.059291 0.998179 -0.000000 0.000000 0.000000 0.000000 1.000000
0.811080 -0.584370 0.025712 -0.000000 0.584831 0.809318 -0.054562 3.416300 0.011075 0.059291 0.998179 -0.000000 0.000000 0.000000 0.000000 1.000000
0.811080 -0.584371 0.025712 -0.000000 0.584831 0.809318 -0.054562 3.416300 0.011075 0.059291 0.998179 0.000000 0.000000 0.000000 0.000000 1.000000
0.811080 -0.584370 0.025712 -0.000000 0.584831 0.809318 -0.054562 3.416300 0.011075 0.059291 0.998179 -0.000000 0.000000 0.000000 0.000000 1.000000
0.811080 -0.584370 0.025713 0.000000 0.584831 0.809318 -0.054562 3.416300 0.011075 0.059291 0.998179 0.000000 0.000000 0.000000 0.000000 1.000000
0.811080 -0.584370 0.025713 -0.000000 0.584831 0.809318 -0.054562 3.416300 0.011075 0.059291 0.998179 0.000000 0.000000 0.000000 0.000000 1.000000
0.811080 -0.584370 0.025712 0.000000 0.584831 0.809318 -0.054562 3.416300 0.011075 0.059291 0.998179 0.000000 0.000000 0.000000 0.000000 1.000000
0.811080 -0.584370 0.025712 -0.000000 0.584831 0.809318 -0.054562 3.416300 0.011075 0.059291 0.998179 0.000000 0.000000 0.000000 0.000000 1.000000
0.811080 -0.584370 0.025712 0.000000 0.584831 0.809318 -0.054562 3.416300 0.011075 0.059291 0.998179 0.000000 0.000000 0.000000 0.000000 1.000000
0.811080 -0.584370 0.025712 0.000000 0.584831 0.809318 -0.054562 3.416300 0.011075 0.059291 0.998179 0.000000 0.000000 0.000000 0.000000 1.000000
0.811079 -0.584371 0.025713 -0.000000 0.584831 0.809318 -0.054562 3.416300 0.011074 0.059291 0.998179 0.000000 0.000000 0.000000 0.000000 1.000000
0.811080 -0.584370 0.025712 0.000000 0.584831 0.809318 -0.054561 3.416300 0.011075 0.059291 0.998179 0.000000 0.000000 0.000000 0.000000 1.000000
0.811080 -0.584370 0.025712 0.000000 0.584831 0.809318 -0.054562 3.416300 0.011075 0.059291 0.998179 0.000000 0.000000 0.000000 0.000000 1.000000
0.811080 -0.584370 0.025712 0.000000 0.584831 0.809318 -0.054562 3.416300 0.011075 0.059291 0.998179 0.000000 0.000000 0.000000 0.000000 1.000000
0.811080 -0.584370 0.025712 -0.000000 0.584831 0.809318 -0.054561 3.416300 0.011075 0.059291 0.998179 -0.000000 0.000000 0.000000 0.000000 1.000000
0.811080 -0.584370 0.025712 -0.000000 0.584831 0.809318 -0.054562 3.416300 0.011075 0.059291 0.998179 0.000000 0.000000 0.000000 0.000000 1.000000
0.811080 -0.584371 0.025712 0.000000 0.584831 0.809318 -0.054562 3.416300 0.011075 0.059291 0.998179 0.000000 0.000000 0.000000 0.000000 1.000000
0.811080 -0.584370 0.025712 -0.000000 0.584831 0.809318 -0.054561 3.416300 0.011075 0.059291 0.998179 -0.000000 0.000000 0.000000 0.000000 1.000000
0.811080 -0.584370 0.025712 0.000000 0.584831 0.809318 -0.054561 3.416300 0.011075 0.059291 0.998179 -0.000000 0.000000 0.000000 0.000000 1.000000
0.811080 -0.584370 0.025712 -0.000000 0.584831 0.809318 -0.054561 3.416300 0.011075 0.059291 0.998179 0.000000 0.000000 0.000000 0.000000 1.000000
0.811080 -0.584370 0.025712 0.000000 0.584831 0.809318 -0.054561 3.416300 0.011075 0.059291 0.998179 0.000000 0.000000 0.000000 0.000000 1.000000
0.811080 -0.584370 0.025712 0.000000 0.584831 0.809318 -0.054561 3.416300 0.011075 0.059291 0.998179 0.000000 0.000000 0.000000 0.000000 1.000000</float_array>
        <technique_common>
          <accessor source="#mixamorig_RightHandThumb3-Matrix-animation-output-transform-array" count="56" stride="16">
            <param type="float4x4"/>
          </accessor>
        </technique_common>
      </source>
      <source id="mixamorig_RightHandThumb3-Interpolations">
        <Name_array id="mixamorig_RightHandThumb3-Interpolations-array" count="56">
 LINEAR LINEAR LINEAR LINEAR LINEAR LINEAR LINEAR LINEAR LINEAR LINEAR LINEAR
LINEAR LINEAR LINEAR LINEAR LINEAR LINEAR LINEAR LINEAR LINEAR LINEAR LINEAR LINEAR
LINEAR LINEAR LINEAR LINEAR LINEAR LINEAR LINEAR LINEAR LINEAR LINEAR LINEAR LINEAR
LINEAR LINEAR LINEAR LINEAR LINEAR LINEAR LINEAR LINEAR LINEAR LINEAR LINEAR LINEAR
LINEAR LINEAR LINEAR LINEAR LINEAR LINEAR LINEAR LINEAR LINEAR</Name_array>
        <technique_common>
          <accessor source="#mixamorig_RightHandThumb3-Interpolations-array" count="56">
            <param type="name"/>
          </accessor>
        </technique_common>
      </source>
      <sampler id="mixamorig_RightHandThumb3-Matrix-animation-transform">
        <input semantic="INPUT" source="#mixamorig_RightHandThumb3-Matrix-animation-input"/>
        <input semantic="OUTPUT" source="#mixamorig_RightHandThumb3-Matrix-animation-output-transform"/>
        <input semantic="INTERPOLATION" source="#mixamorig_RightHandThumb3-Interpolations"/>
      </sampler>
      <channel source="#mixamorig_RightHandThumb3-Matrix-animation-transform" target="mixamorig_RightHandThumb3/matrix"/>
    </animation>
    <animation id="mixamorig_RightHandIndex1-anim" name="mixamorig_RightHandIndex1">
      <source id="mixamorig_RightHandIndex1-Matrix-animation-input">
        <float_array id="mixamorig_RightHandIndex1-Matrix-animation-input-array" count="56">

0.000000 0.033333 0.066667 0.100000 0.133333 0.166667 0.200000 0.233333 0.266667 0.300000 0.333333 0.366667 0.400000 0.433333 0.466667 0.500000
0.533333 0.566667 0.600000 0.633333 0.666667 0.700000 0.733333 0.766667 0.800000 0.833333 0.866667 0.900000 0.933333 0.966667 1.000000 1.033333
1.066667 1.100000 1.133333 1.166667 1.200000 1.233333 1.266667 1.300000 1.333333 1.366667 1.400000 1.433333 1.466667 1.500000 1.533333 1.566667
1.600000 1.633333 1.666667 1.700000 1.733333 1.766667 1.800000 1.833333</float_array>
        <technique_common>
          <accessor source="#mixamorig_RightHandIndex1-Matrix-animation-input-array" count="56">
            <param name="TIME" type="float"/>
          </accessor>
        </technique_common>
      </source>
      <source id="mixamorig_RightHandIndex1-Matrix-animation-output-transform">
        <float_array id="mixamorig_RightHandIndex1-Matrix-animation-output-transform-array" count="896">

0.986395 0.045833 -0.157875 2.259800 -0.131994 0.793267 -0.594394 9.108300 0.097994 0.607146 0.788525 0.517900 0.000000 0.000000 0.000000 1.000000
0.986395 0.045833 -0.157875 2.259800 -0.131993 0.793267 -0.594394 9.108300 0.097994 0.607146 0.788525 0.517900 0.000000 0.000000 0.000000 1.000000
0.986395 0.045833 -0.157875 2.259800 -0.131994 0.793267 -0.594394 9.108300 0.097994 0.607146 0.788525 0.517900 0.000000 0.000000 0.000000 1.000000
0.986395 0.045833 -0.157875 2.259800 -0.131994 0.793267 -0.594395 9.108300 0.097994 0.607146 0.788524 0.517900 0.000000 0.000000 0.000000 1.000000
0.986395 0.045834 -0.157875 2.259800 -0.131995 0.793267 -0.594394 9.108300 0.097994 0.607146 0.788524 0.517900 0.000000 0.000000 0.000000 1.000000
0.986395 0.045833 -0.157874 2.259800 -0.131993 0.793267 -0.594395 9.108300 0.097994 0.607146 0.788524 0.517900 0.000000 0.000000 0.000000 1.000000
0.986395 0.045833 -0.157875 2.259800 -0.131994 0.793268 -0.594394 9.108300 0.097994 0.607146 0.788525 0.517900 0.000000 0.000000 0.000000 1.000000
0.986395 0.045833 -0.157875 2.259800 -0.131994 0.793267 -0.594395 9.108300 0.097994 0.607146 0.788524 0.517900 0.000000 0.000000 0.000000 1.000000
0.986395 0.045833 -0.157875 2.259800 -0.131994 0.793267 -0.594394 9.108300 0.097994 0.607146 0.788525 0.517900 0.000000 0.000000 0.000000 1.000000
0.986395 0.045833 -0.157874 2.259800 -0.131993 0.793268 -0.594394 9.108300 0.097994 0.607146 0.788525 0.517900 0.000000 0.000000 0.000000 1.000000
0.986395 0.045833 -0.157875 2.259800 -0.131994 0.793267 -0.594394 9.108300 0.097994 0.607146 0.788525 0.517900 0.000000 0.000000 0.000000 1.000000
0.986395 0.045833 -0.157875 2.259800 -0.131994 0.793267 -0.594394 9.108300 0.097994 0.607146 0.788524 0.517900 0.000000 0.000000 0.000000 1.000000
0.986395 0.045833 -0.157875 2.259800 -0.131994 0.793268 -0.594394 9.108300 0.097994 0.607146 0.788525 0.517900 0.000000 0.000000 0.000000 1.000000
0.986395 0.045833 -0.157875 2.259800 -0.131994 0.793267 -0.594394 9.108300 0.097994 0.607146 0.788524 0.517900 0.000000 0.000000 0.000000 1.000000
0.986395 0.045833 -0.157875 2.259800 -0.131994 0.793267 -0.594394 9.108300 0.097994 0.607146 0.788524 0.517900 0.000000 0.000000 0.000000 1.000000
0.986395 0.045834 -0.157875 2.259800 -0.131994 0.793267 -0.594394 9.108300 0.097994 0.607146 0.788525 0.517900 0.000000 0.000000 0.000000 1.000000
0.986395 0.045833 -0.157875 2.259800 -0.131994 0.793267 -0.594394 9.108300 0.097994 0.607146 0.788525 0.517900 0.000000 0.000000 0.000000 1.000000
0.986395 0.045833 -0.157874 2.259800 -0.131993 0.793268 -0.594394 9.108300 0.097994 0.607146 0.788525 0.517900 0.000000 0.000000 0.000000 1.000000
0.986395 0.045833 -0.157875 2.259800 -0.131994 0.793267 -0.594394 9.108300 0.097994 0.607146 0.788525 0.517900 0.000000 0.000000 0.000000 1.000000
0.986395 0.045833 -0.157875 2.259800 -0.131994 0.793267 -0.594395 9.108300 0.097994 0.607146 0.788524 0.517900 0.000000 0.000000 0.000000 1.000000
0.986395 0.045833 -0.157875 2.259800 -0.131994 0.793267 -0.594394 9.108300 0.097994 0.607146 0.788525 0.517900 0.000000 0.000000 0.000000 1.000000
0.986395 0.045833 -0.157875 2.259800 -0.131993 0.793267 -0.594394 9.108300 0.097994 0.607146 0.788525 0.517900 0.000000 0.000000 0.000000 1.000000
0.986395 0.045833 -0.157875 2.259800 -0.131994 0.793267 -0.594394 9.108300 0.097994 0.607146 0.788524 0.517900 0.000000 0.000000 0.000000 1.000000
0.986395 0.045833 -0.157875 2.259800 -0.131994 0.793267 -0.594394 9.108300 0.097994 0.607146 0.788525 0.517900 0.000000 0.000000 0.000000 1.000000
0.986395 0.045834 -0.157875 2.259800 -0.131994 0.793267 -0.594394 9.108300 0.097994 0.607146 0.788525 0.517900 0.000000 0.000000 0.000000 1.000000
0.986395 0.045834 -0.157875 2.259800 -0.131994 0.793267 -0.594394 9.108300 0.097994 0.607146 0.788525 0.517900 0.000000 0.000000 0.000000 1.000000
0.986395 0.045833 -0.157875 2.259800 -0.131994 0.793267 -0.594395 9.108300 0.097994 0.607146 0.788524 0.517900 0.000000 0.000000 0.000000 1.000000
0.986395 0.045833 -0.157875 2.259800 -0.131994 0.793268 -0.594394 9.108300 0.097994 0.607146 0.788525 0.517900 0.000000 0.000000 0.000000 1.000000
0.986395 0.045833 -0.157875 2.259800 -0.131993 0.793267 -0.594395 9.108300 0.097994 0.607146 0.788524 0.517900 0.000000 0.000000 0.000000 1.000000
0.986395 0.045833 -0.157875 2.259800 -0.131994 0.793267 -0.594394 9.108300 0.097994 0.607146 0.788524 0.517900 0.000000 0.000000 0.000000 1.000000
0.986395 0.045833 -0.157874 2.259800 -0.131993 0.793268 -0.594394 9.108300 0.097994 0.607146 0.788525 0.517900 0.000000 0.000000 0.000000 1.000000
0.986395 0.045833 -0.157875 2.259800 -0.131994 0.793267 -0.594395 9.108300 0.097994 0.607146 0.788524 0.517900 0.000000 0.000000 0.000000 1.000000
0.986395 0.045833 -0.157874 2.259800 -0.131993 0.793267 -0.594394 9.108300 0.097993 0.607146 0.788525 0.517900 0.000000 0.000000 0.000000 1.000000
0.986395 0.045833 -0.157875 2.259800 -0.131993 0.793267 -0.594395 9.108300 0.097994 0.607146 0.788524 0.517900 0.000000 0.000000 0.000000 1.000000
0.986395 0.045833 -0.157874 2.259800 -0.131994 0.793268 -0.594394 9.108300 0.097994 0.607146 0.788525 0.517900 0.000000 0.000000 0.000000 1.000000
0.986395 0.045834 -0.157875 2.259800 -0.131994 0.793267 -0.594394 9.108300 0.097994 0.607146 0.788525 0.517900 0.000000 0.000000 0.000000 1.000000
0.986395 0.045834 -0.157874 2.259800 -0.131994 0.793267 -0.594394 9.108300 0.097993 0.607146 0.788525 0.517900 0.000000 0.000000 0.000000 1.000000
0.986395 0.045833 -0.157874 2.259800 -0.131993 0.793267 -0.594394 9.108300 0.097993 0.607146 0.788525 0.517900 0.000000 0.000000 0.000000 1.000000
0.986395 0.045833 -0.157875 2.259800 -0.131993 0.793267 -0.594394 9.108300 0.097994 0.607146 0.788525 0.517900 0.000000 0.000000 0.000000 1.000000
0.986395 0.045833 -0.157875 2.259800 -0.131994 0.793267 -0.594394 9.108300 0.097994 0.607146 0.788525 0.517900 0.000000 0.000000 0.000000 1.000000
0.986395 0.045833 -0.157875 2.259800 -0.131994 0.793268 -0.594394 9.108300 0.097994 0.607146 0.788525 0.517900 0.000000 0.000000 0.000000 1.000000
0.986395 0.045833 -0.157875 2.259800 -0.131993 0.793267 -0.594394 9.108300 0.097994 0.607146 0.788524 0.517900 0.000000 0.000000 0.000000 1.000000
0.986395 0.045833 -0.157874 2.259800 -0.131994 0.793267 -0.594394 9.108300 0.097993 0.607146 0.788525 0.517900 0.000000 0.000000 0.000000 1.000000
0.986395 0.045833 -0.157875 2.259800 -0.131994 0.793267 -0.594394 9.108300 0.097994 0.607146 0.788525 0.517900 0.000000 0.000000 0.000000 1.000000
0.986395 0.045833 -0.157875 2.259800 -0.131994 0.793267 -0.594395 9.108300 0.097994 0.607146 0.788524 0.517900 0.000000 0.000000 0.000000 1.000000
0.986395 0.045833 -0.157875 2.259800 -0.131994 0.793267 -0.594395 9.108300 0.097994 0.607146 0.788524 0.517900 0.000000 0.000000 0.000000 1.000000
0.986395 0.045834 -0.157875 2.259800 -0.131994 0.793267 -0.594395 9.108300 0.097993 0.607146 0.788524 0.517900 0.000000 0.000000 0.000000 1.000000
0.986395 0.045834 -0.157875 2.259800 -0.131994 0.793267 -0.594395 9.108300 0.097994 0.607146 0.788524 0.517900 0.000000 0.000000 0.000000 1.000000
0.986395 0.045834 -0.157874 2.259800 -0.131994 0.793267 -0.594394 9.108300 0.097993 0.607146 0.788525 0.517900 0.000000 0.000000 0.000000 1.000000
0.986395 0.045833 -0.157875 2.259800 -0.131994 0.793267 -0.594394 9.108300 0.097994 0.607146 0.788524 0.517900 0.000000 0.000000 0.000000 1.000000
0.986395 0.045834 -0.157875 2.259800 -0.131994 0.793268 -0.594394 9.108300 0.097994 0.607146 0.788525 0.517900 0.000000 0.000000 0.000000 1.000000
0.986395 0.045833 -0.157875 2.259800 -0.131994 0.793267 -0.594395 9.108300 0.097994 0.607146 0.788524 0.517900 0.000000 0.000000 0.000000 1.000000
0.986395 0.045833 -0.157875 2.259800 -0.131994 0.793267 -0.594394 9.108300 0.097994 0.607146 0.788524 0.517900 0.000000 0.000000 0.000000 1.000000
0.986395 0.045834 -0.157875 2.259800 -0.131994 0.793267 -0.594394 9.108300 0.097994 0.607146 0.788524 0.517900 0.000000 0.000000 0.000000 1.000000
0.986395 0.045834 -0.157875 2.259800 -0.131994 0.793267 -0.594394 9.108300 0.097994 0.607146 0.788525 0.517900 0.000000 0.000000 0.000000 1.000000
0.986395 0.045833 -0.157875 2.259800 -0.131993 0.793267 -0.594394 9.108300 0.097994 0.607146 0.788525 0.517900 0.000000 0.000000 0.000000 1.000000</float_array>
        <technique_common>
          <accessor source="#mixamorig_RightHandIndex1-Matrix-animation-output-transform-array" count="56" stride="16">
            <param type="float4x4"/>
          </accessor>
        </technique_common>
      </source>
      <source id="mixamorig_RightHandIndex1-Interpolations">
        <Name_array id="mixamorig_RightHandIndex1-Interpolations-array" count="56">
 LINEAR LINEAR LINEAR LINEAR LINEAR LINEAR LINEAR LINEAR LINEAR LINEAR LINEAR
LINEAR LINEAR LINEAR LINEAR LINEAR LINEAR LINEAR LINEAR LINEAR LINEAR LINEAR LINEAR
LINEAR LINEAR LINEAR LINEAR LINEAR LINEAR LINEAR LINEAR LINEAR LINEAR LINEAR LINEAR
LINEAR LINEAR LINEAR LINEAR LINEAR LINEAR LINEAR LINEAR LINEAR LINEAR LINEAR LINEAR
LINEAR LINEAR LINEAR LINEAR LINEAR LINEAR LINEAR LINEAR LINEAR</Name_array>
        <technique_common>
          <accessor source="#mixamorig_RightHandIndex1-Interpolations-array" count="56">
            <param type="name"/>
          </accessor>
        </technique_common>
      </source>
      <sampler id="mixamorig_RightHandIndex1-Matrix-animation-transform">
        <input semantic="INPUT" source="#mixamorig_RightHandIndex1-Matrix-animation-input"/>
        <input semantic="OUTPUT" source="#mixamorig_RightHandIndex1-Matrix-animation-output-transform"/>
        <input semantic="INTERPOLATION" source="#mixamorig_RightHandIndex1-Interpolations"/>
      </sampler>
      <channel source="#mixamorig_RightHandIndex1-Matrix-animation-transform" target="mixamorig_RightHandIndex1/matrix"/>
    </animation>
    <animation id="mixamorig_RightHandIndex2-anim" name="mixamorig_RightHandIndex2">
      <source id="mixamorig_RightHandIndex2-Matrix-animation-input">
        <float_array id="mixamorig_RightHandIndex2-Matrix-animation-input-array" count="56">

0.000000 0.033333 0.066667 0.100000 0.133333 0.166667 0.200000 0.233333 0.266667 0.300000 0.333333 0.366667 0.400000 0.433333 0.466667 0.500000
0.533333 0.566667 0.600000 0.633333 0.666667 0.700000 0.733333 0.766667 0.800000 0.833333 0.866667 0.900000 0.933333 0.966667 1.000000 1.033333
1.066667 1.100000 1.133333 1.166667 1.200000 1.233333 1.266667 1.300000 1.333333 1.366667 1.400000 1.433333 1.466667 1.500000 1.533333 1.566667
1.600000 1.633333 1.666667 1.700000 1.733333 1.766667 1.800000 1.833333</float_array>
        <technique_common>
          <accessor source="#mixamorig_RightHandIndex2-Matrix-animation-input-array" count="56">
            <param name="TIME" type="float"/>
          </accessor>
        </technique_common>
      </source>
      <source id="mixamorig_RightHandIndex2-Matrix-animation-output-transform">
        <float_array id="mixamorig_RightHandIndex2-Matrix-animation-output-transform-array" count="896">

0.997606 0.006899 -0.068814 0.000000 -0.066695 0.359191 -0.930878 3.700000 0.018295 0.933239 0.358791 0.000000 0.000000 0.000000 0.000000 1.000000
0.997606 0.006899 -0.068814 0.000000 -0.066695 0.359191 -0.930878 3.700000 0.018296 0.933239 0.358791 0.000000 0.000000 0.000000 0.000000 1.000000
0.997606 0.006899 -0.068814 0.000000 -0.066695 0.359191 -0.930878 3.700000 0.018295 0.933238 0.358791 0.000000 0.000000 0.000000 0.000000 1.000000
0.997606 0.006899 -0.068814 0.000000 -0.066695 0.359191 -0.930878 3.700000 0.018295 0.933239 0.358791 0.000000 0.000000 0.000000 0.000000 1.000000
0.997606 0.006899 -0.068813 0.000000 -0.066695 0.359191 -0.930878 3.700000 0.018295 0.933239 0.358791 0.000000 0.000000 0.000000 0.000000 1.000000
0.997606 0.006899 -0.068814 0.000000 -0.066695 0.359191 -0.930878 3.700000 0.018295 0.933238 0.358791 0.000000 0.000000 0.000000 0.000000 1.000000
0.997606 0.006899 -0.068814 -0.000000 -0.066695 0.359191 -0.930878 3.700000 0.018295 0.933239 0.358791 0.000000 0.000000 0.000000 0.000000 1.000000
0.997606 0.006899 -0.068814 0.000000 -0.066695 0.359191 -0.930878 3.700000 0.018296 0.933238 0.358792 -0.000000 0.000000 0.000000 0.000000 1.000000
0.997606 0.006899 -0.068814 0.000000 -0.066695 0.359191 -0.930878 3.700000 0.018295 0.933239 0.358791 0.000000 0.000000 0.000000 0.000000 1.000000
0.997606 0.006899 -0.068814 0.000000 -0.066695 0.359191 -0.930878 3.700000 0.018295 0.933239 0.358791 0.000000 0.000000 0.000000 0.000000 1.000000
0.997606 0.006898 -0.068814 0.000000 -0.066695 0.359191 -0.930878 3.700000 0.018296 0.933238 0.358791 0.000000 0.000000 0.000000 0.000000 1.000000
0.997606 0.006899 -0.068814 0.000000 -0.066695 0.359191 -0.930878 3.700000 0.018295 0.933238 0.358791 0.000000 0.000000 0.000000 0.000000 1.000000
0.997606 0.006899 -0.068814 0.000000 -0.066695 0.359191 -0.930878 3.700000 0.018296 0.933239 0.358791 0.000000 0.000000 0.000000 0.000000 1.000000
0.997606 0.006899 -0.068814 0.000000 -0.066695 0.359191 -0.930878 3.700000 0.018295 0.933239 0.358791 0.000000 0.000000 0.000000 0.000000 1.000000
0.997606 0.006899 -0.068814 -0.000000 -0.066695 0.359191 -0.930878 3.700000 0.018295 0.933239 0.358791 0.000000 0.000000 0.000000 0.000000 1.000000
0.997606 0.006899 -0.068814 0.000000 -0.066695 0.359191 -0.930878 3.700000 0.018295 0.933239 0.358791 0.000000 0.000000 0.000000 0.000000 1.000000
0.997606 0.006898 -0.068814 0.000000 -0.066695 0.359191 -0.930878 3.700000 0.018296 0.933238 0.358791 0.000000 0.000000 0.000000 0.000000 1.000000
0.997606 0.006899 -0.068814 -0.000000 -0.066695 0.359191 -0.930878 3.700000 0.018296 0.933239 0.358791 0.000000 0.000000 0.000000 0.000000 1.000000
0.997606 0.006899 -0.068814 0.000000 -0.066695 0.359191 -0.930878 3.700000 0.018295 0.933239 0.358791 0.000000 0.000000 0.000000 0.000000 1.000000
0.997606 0.006899 -0.068814 0.000000 -0.066695 0.359191 -0.930878 3.700000 0.018295 0.933238 0.358792 0.000000 0.000000 0.000000 0.000000 1.000000
0.997606 0.006899 -0.068814 0.000000 -0.066695 0.359191 -0.930878 3.700000 0.018295 0.933238 0.358791 0.000000 0.000000 0.000000 0.000000 1.000000
0.997606 0.006898 -0.068814 0.000000 -0.066695 0.359191 -0.930878 3.700000 0.018296 0.933239 0.358791 -0.000000 0.000000 0.000000 0.000000 1.000000
0.997606 0.006899 -0.068814 0.000000 -0.066695 0.359191 -0.930878 3.700000 0.018295 0.933239 0.358791 0.000000 0.000000 0.000000 0.000000 1.000000
0.997606 0.006899 -0.068814 -0.000000 -0.066695 0.359191 -0.930878 3.700000 0.018295 0.933239 0.358791 0.000000 0.000000 0.000000 0.000000 1.000000
0.997606 0.006898 -0.068813 0.000000 -0.066694 0.359191 -0.930878 3.700000 0.018296 0.933239 0.358791 0.000000 0.000000 0.000000 0.000000 1.000000
0.997606 0.006898 -0.068813 0.000000 -0.066694 0.359191 -0.930878 3.700000 0.018296 0.933238 0.358792 0.000000 0.000000 0.000000 0.000000 1.000000
0.997606 0.006898 -0.068814 -0.000000 -0.066695 0.359191 -0.930878 3.700000 0.018296 0.933238 0.358791 -0.000000 0.000000 0.000000 0.000000 1.000000
0.997606 0.006899 -0.068814 0.000000 -0.066695 0.359190 -0.930878 3.700000 0.018295 0.933239 0.358791 0.000000 0.000000 0.000000 0.000000 1.000000
0.997606 0.006898 -0.068814 0.000000 -0.066695 0.359192 -0.930878 3.700000 0.018296 0.933238 0.358792 0.000000 0.000000 0.000000 0.000000 1.000000
0.997606 0.006898 -0.068814 0.000000 -0.066695 0.359192 -0.930878 3.700000 0.018296 0.933238 0.358792 0.000000 0.000000 0.000000 0.000000 1.000000
0.997606 0.006899 -0.068814 0.000000 -0.066695 0.359191 -0.930878 3.700000 0.018295 0.933239 0.358791 0.000000 0.000000 0.000000 0.000000 1.000000
0.997606 0.006900 -0.068814 -0.000000 -0.066695 0.359191 -0.930878 3.700000 0.018295 0.933239 0.358791 0.000000 0.000000 0.000000 0.000000 1.000000
0.997606 0.006899 -0.068814 0.000000 -0.066695 0.359191 -0.930878 3.700000 0.018296 0.933238 0.358791 0.000000 0.000000 0.000000 0.000000 1.000000
0.997606 0.006899 -0.068814 0.000000 -0.066695 0.359191 -0.930878 3.700000 0.018295 0.933238 0.358792 0.000000 0.000000 0.000000 0.000000 1.000000
0.997606 0.006899 -0.068814 0.000000 -0.066695 0.359191 -0.930878 3.700000 0.018295 0.933239 0.358791 0.000000 0.000000 0.000000 0.000000 1.000000
0.997606 0.006899 -0.068814 0.000000 -0.066695 0.359192 -0.930878 3.700000 0.018296 0.933238 0.358792 0.000000 0.000000 0.000000 0.000000 1.000000
0.997606 0.006899 -0.068814 0.000000 -0.066695 0.359191 -0.930878 3.700000 0.018295 0.933239 0.358791 0.000000 0.000000 0.000000 0.000000 1.000000
0.997606 0.006899 -0.068814 0.000000 -0.066695 0.359191 -0.930878 3.700000 0.018296 0.933239 0.358791 -0.000000 0.000000 0.000000 0.000000 1.000000
0.997606 0.006899 -0.068814 0.000000 -0.066695 0.359191 -0.930878 3.700000 0.018295 0.933238 0.358791 0.000000 0.000000 0.000000 0.000000 1.000000
0.997606 0.006899 -0.068814 0.000000 -0.066695 0.359191 -0.930878 3.700000 0.018295 0.933239 0.358791 -0.000000 0.000000 0.000000 0.000000 1.000000
0.997606 0.006899 -0.068813 0.000000 -0.066694 0.359191 -0.930878 3.700000 0.018295 0.933239 0.358791 0.000000 0.000000 0.000000 0.000000 1.000000
0.997606 0.006899 -0.068814 0.000000 -0.066695 0.359191 -0.930878 3.700000 0.018295 0.933238 0.358792 0.000000 0.000000 0.000000 0.000000 1.000000
0.997606 0.006899 -0.068814 -0.000000 -0.066695 0.359191 -0.930878 3.700000 0.018295 0.933239 0.358791 0.000000 0.000000 0.000000 0.000000 1.000000
0.997606 0.006899 -0.068814 0.000000 -0.066695 0.359191 -0.930878 3.700000 0.018296 0.933238 0.358791 0.000000 0.000000 0.000000 0.000000 1.000000
0.997606 0.006899 -0.068814 0.000000 -0.066695 0.359191 -0.930878 3.700000 0.018295 0.933238 0.358791 0.000000 0.000000 0.000000 0.000000 1.000000
0.997606 0.006899 -0.068814 -0.000000 -0.066695 0.359191 -0.930878 3.700000 0.018295 0.933238 0.358792 0.000000 0.000000 0.000000 0.000000 1.000000
0.997606 0.006899 -0.068813 0.000000 -0.066694 0.359191 -0.930878 3.700000 0.018295 0.933239 0.358791 0.000000 0.000000 0.000000 0.000000 1.000000
0.997606 0.006899 -0.068814 0.000000 -0.066695 0.359191 -0.930878 3.700000 0.018295 0.933239 0.358791 0.000000 0.000000 0.000000 0.000000 1.000000
0.997606 0.006899 -0.068814 0.000000 -0.066695 0.359191 -0.930878 3.700000 0.018296 0.933239 0.358791 0.000000 0.000000 0.000000 0.000000 1.000000
0.997606 0.006899 -0.068813 0.000000 -0.066695 0.359191 -0.930878 3.700000 0.018295 0.933239 0.358791 0.000000 0.000000 0.000000 0.000000 1.000000
0.997606 0.006899 -0.068814 -0.000000 -0.066695 0.359191 -0.930878 3.700000 0.018295 0.933239 0.358791 0.000000 0.000000 0.000000 0.000000 1.000000
0.997606 0.006899 -0.068814 0.000000 -0.066695 0.359192 -0.930878 3.700000 0.018296 0.933238 0.358792 0.000000 0.000000 0.000000 0.000000 1.000000
0.997606 0.006899 -0.068814 0.000000 -0.066695 0.359191 -0.930878 3.700000 0.018296 0.933239 0.358791 -0.000000 0.000000 0.000000 0.000000 1.000000
0.997606 0.006899 -0.068813 0.000000 -0.066695 0.359191 -0.930878 3.700000 0.018295 0.933239 0.358791 -0.000000 0.000000 0.000000 0.000000 1.000000
0.997606 0.006899 -0.068814 0.000000 -0.066695 0.359191 -0.930878 3.700000 0.018295 0.933239 0.358791 0.000000 0.000000 0.000000 0.000000 1.000000
0.997606 0.006899 -0.068814 0.000000 -0.066695 0.359191 -0.930878 3.700000 0.018296 0.933239 0.358791 0.000000 0.000000 0.000000 0.000000 1.000000</float_array>
        <technique_common>
          <accessor source="#mixamorig_RightHandIndex2-Matrix-animation-output-transform-array" count="56" stride="16">
            <param type="float4x4"/>
          </accessor>
        </technique_common>
      </source>
      <source id="mixamorig_RightHandIndex2-Interpolations">
        <Name_array id="mixamorig_RightHandIndex2-Interpolations-array" count="56">
 LINEAR LINEAR LINEAR LINEAR LINEAR LINEAR LINEAR LINEAR LINEAR LINEAR LINEAR
LINEAR LINEAR LINEAR LINEAR LINEAR LINEAR LINEAR LINEAR LINEAR LINEAR LINEAR LINEAR
LINEAR LINEAR LINEAR LINEAR LINEAR LINEAR LINEAR LINEAR LINEAR LINEAR LINEAR LINEAR
LINEAR LINEAR LINEAR LINEAR LINEAR LINEAR LINEAR LINEAR LINEAR LINEAR LINEAR LINEAR
LINEAR LINEAR LINEAR LINEAR LINEAR LINEAR LINEAR LINEAR LINEAR</Name_array>
        <technique_common>
          <accessor source="#mixamorig_RightHandIndex2-Interpolations-array" count="56">
            <param type="name"/>
          </accessor>
        </technique_common>
      </source>
      <sampler id="mixamorig_RightHandIndex2-Matrix-animation-transform">
        <input semantic="INPUT" source="#mixamorig_RightHandIndex2-Matrix-animation-input"/>
        <input semantic="OUTPUT" source="#mixamorig_RightHandIndex2-Matrix-animation-output-transform"/>
        <input semantic="INTERPOLATION" source="#mixamorig_RightHandIndex2-Interpolations"/>
      </sampler>
      <channel source="#mixamorig_RightHandIndex2-Matrix-animation-transform" target="mixamorig_RightHandIndex2/matrix"/>
    </animation>
    <animation id="mixamorig_RightHandIndex3-anim" name="mixamorig_RightHandIndex3">
      <source id="mixamorig_RightHandIndex3-Matrix-animation-input">
        <float_array id="mixamorig_RightHandIndex3-Matrix-animation-input-array" count="56">

0.000000 0.033333 0.066667 0.100000 0.133333 0.166667 0.200000 0.233333 0.266667 0.300000 0.333333 0.366667 0.400000 0.433333 0.466667 0.500000
0.533333 0.566667 0.600000 0.633333 0.666667 0.700000 0.733333 0.766667 0.800000 0.833333 0.866667 0.900000 0.933333 0.966667 1.000000 1.033333
1.066667 1.100000 1.133333 1.166667 1.200000 1.233333 1.266667 1.300000 1.333333 1.366667 1.400000 1.433333 1.466667 1.500000 1.533333 1.566667
1.600000 1.633333 1.666667 1.700000 1.733333 1.766667 1.800000 1.833333</float_array>
        <technique_common>
          <accessor source="#mixamorig_RightHandIndex3-Matrix-animation-input-array" count="56">
            <param name="TIME" type="float"/>
          </accessor>
        </technique_common>
      </source>
      <source id="mixamorig_RightHandIndex3-Matrix-animation-output-transform">
        <float_array id="mixamorig_RightHandIndex3-Matrix-animation-output-transform-array" count="896">

0.998568 0.016905 -0.050757 0.000000 -0.052785 0.465791 -0.883319 2.850000 0.008710 0.884733 0.466016 0.000000 0.000000 0.000000 0.000000 1.000000
0.998568 0.016905 -0.050757 0.000000 -0.052784 0.465791 -0.883319 2.850000 0.008710 0.884733 0.466016 0.000000 0.000000 0.000000 0.000000 1.000000
0.998568 0.016905 -0.050757 0.000000 -0.052784 0.465791 -0.883319 2.850000 0.008710 0.884733 0.466017 0.000000 0.000000 0.000000 0.000000 1.000000
0.998568 0.016905 -0.050757 0.000000 -0.052784 0.465791 -0.883319 2.850000 0.008710 0.884733 0.466016 0.000000 0.000000 0.000000 0.000000 1.000000
0.998568 0.016905 -0.050757 0.000000 -0.052785 0.465791 -0.883319 2.850000 0.008710 0.884733 0.466016 0.000000 0.000000 0.000000 0.000000 1.000000
0.998568 0.016905 -0.050757 0.000000 -0.052785 0.465791 -0.883319 2.850000 0.008710 0.884733 0.466016 0.000000 0.000000 0.000000 0.000000 1.000000
0.998568 0.016905 -0.050757 -0.000000 -0.052784 0.465791 -0.883319 2.850000 0.008710 0.884733 0.466016 0.000000 0.000000 0.000000 0.000000 1.000000
0.998568 0.016905 -0.050757 0.000000 -0.052784 0.465791 -0.883319 2.850000 0.008710 0.884733 0.466016 -0.000000 0.000000 0.000000 0.000000 1.000000
0.998568 0.016905 -0.050757 0.000000 -0.052785 0.465791 -0.883319 2.850000 0.008710 0.884733 0.466016 -0.000000 0.000000 0.000000 0.000000 1.000000
0.998568 0.016904 -0.050757 0.000000 -0.052785 0.465790 -0.883319 2.850000 0.008710 0.884734 0.466016 -0.000000 0.000000 0.000000 0.000000 1.000000
0.998568 0.016905 -0.050757 0.000000 -0.052785 0.465791 -0.883319 2.850000 0.008710 0.884733 0.466016 -0.000000 0.000000 0.000000 0.000000 1.000000
0.998568 0.016905 -0.050757 -0.000000 -0.052784 0.465791 -0.883319 2.850000 0.008710 0.884733 0.466016 0.000000 0.000000 0.000000 0.000000 1.000000
0.998568 0.016905 -0.050757 0.000000 -0.052785 0.465791 -0.883319 2.850000 0.008710 0.884733 0.466017 0.000000 0.000000 0.000000 0.000000 1.000000
0.998568 0.016905 -0.050757 -0.000000 -0.052785 0.465791 -0.883319 2.850000 0.008710 0.884733 0.466016 0.000000 0.000000 0.000000 0.000000 1.000000
0.998568 0.016905 -0.050757 0.000000 -0.052784 0.465791 -0.883319 2.850000 0.008710 0.884733 0.466016 0.000000 0.000000 0.000000 0.000000 1.000000
0.998568 0.016905 -0.050757 0.000000 -0.052785 0.465791 -0.883319 2.850000 0.008710 0.884733 0.466016 0.000000 0.000000 0.000000 0.000000 1.000000
0.998568 0.016905 -0.050757 -0.000000 -0.052785 0.465791 -0.883319 2.850000 0.008710 0.884733 0.466017 -0.000000 0.000000 0.000000 0.000000 1.000000
0.998568 0.016905 -0.050757 0.000000 -0.052784 0.465791 -0.883319 2.850000 0.008710 0.884733 0.466016 -0.000000 0.000000 0.000000 0.000000 1.000000
0.998568 0.016905 -0.050757 0.000000 -0.052785 0.465791 -0.883319 2.850000 0.008710 0.884733 0.466016 -0.000000 0.000000 0.000000 0.000000 1.000000
0.998568 0.016905 -0.050757 0.000000 -0.052785 0.465791 -0.883319 2.850000 0.008710 0.884733 0.466016 0.000000 0.000000 0.000000 0.000000 1.000000
0.998568 0.016905 -0.050758 0.000000 -0.052785 0.465791 -0.883319 2.850000 0.008710 0.884733 0.466017 0.000000 0.000000 0.000000 0.000000 1.000000
0.998568 0.016905 -0.050758 0.000000 -0.052785 0.465791 -0.883319 2.850000 0.008710 0.884733 0.466016 -0.000000 0.000000 0.000000 0.000000 1.000000
0.998568 0.016904 -0.050757 -0.000000 -0.052784 0.465791 -0.883319 2.850000 0.008710 0.884733 0.466016 0.000000 0.000000 0.000000 0.000000 1.000000
0.998568 0.016905 -0.050757 0.000000 -0.052784 0.465791 -0.883319 2.850000 0.008710 0.884733 0.466016 0.000000 0.000000 0.000000 0.000000 1.000000
0.998568 0.016905 -0.050757 0.000000 -0.052785 0.465791 -0.883319 2.850000 0.008710 0.884733 0.466016 -0.000000 0.000000 0.000000 0.000000 1.000000
0.998568 0.016905 -0.050757 -0.000000 -0.052785 0.465791 -0.883319 2.850000 0.008710 0.884733 0.466016 0.000000 0.000000 0.000000 0.000000 1.000000
0.998568 0.016905 -0.050757 0.000000 -0.052785 0.465791 -0.883319 2.850000 0.008710 0.884733 0.466016 0.000000 0.000000 0.000000 0.000000 1.000000
0.998568 0.016905 -0.050757 0.000000 -0.052785 0.465791 -0.883319 2.850000 0.008710 0.884733 0.466016 0.000000 0.000000 0.000000 0.000000 1.000000
0.998568 0.016905 -0.050758 0.000000 -0.052785 0.465791 -0.883319 2.850000 0.008710 0.884733 0.466016 0.000000 0.000000 0.000000 0.000000 1.000000
0.998568 0.016904 -0.050757 0.000000 -0.052784 0.465791 -0.883319 2.850000 0.008710 0.884734 0.466016 0.000000 0.000000 0.000000 0.000000 1.000000
0.998568 0.016904 -0.050757 -0.000000 -0.052784 0.465791 -0.883319 2.850000 0.008711 0.884733 0.466016 0.000000 0.000000 0.000000 0.000000 1.000000
0.998568 0.016905 -0.050757 0.000000 -0.052785 0.465791 -0.883319 2.850000 0.008710 0.884733 0.466016 -0.000000 0.000000 0.000000 0.000000 1.000000
0.998568 0.016905 -0.050757 0.000000 -0.052785 0.465791 -0.883319 2.850000 0.008710 0.884733 0.466016 0.000000 0.000000 0.000000 0.000000 1.000000
0.998568 0.016905 -0.050757 0.000000 -0.052785 0.465791 -0.883319 2.850000 0.008710 0.884733 0.466016 0.000000 0.000000 0.000000 0.000000 1.000000
0.998568 0.016905 -0.050758 0.000000 -0.052785 0.465791 -0.883319 2.850000 0.008710 0.884733 0.466016 0.000000 0.000000 0.000000 0.000000 1.000000
0.998568 0.016905 -0.050757 0.000000 -0.052785 0.465791 -0.883319 2.850000 0.008710 0.884733 0.466016 -0.000000 0.000000 0.000000 0.000000 1.000000
0.998568 0.016905 -0.050758 -0.000000 -0.052785 0.465791 -0.883319 2.850000 0.008710 0.884733 0.466016 0.000000 0.000000 0.000000 0.000000 1.000000
0.998568 0.016905 -0.050757 -0.000000 -0.052785 0.465791 -0.883319 2.850000 0.008710 0.884733 0.466016 0.000000 0.000000 0.000000 0.000000 1.000000
0.998568 0.016905 -0.050757 -0.000000 -0.052784 0.465791 -0.883319 2.850000 0.008710 0.884733 0.466016 -0.000000 0.000000 0.000000 0.000000 1.000000
0.998568 0.016905 -0.050757 -0.000000 -0.052784 0.465791 -0.883319 2.850000 0.008710 0.884733 0.466016 -0.000000 0.000000 0.000000 0.000000 1.000000
0.998568 0.016905 -0.050757 -0.000000 -0.052784 0.465791 -0.883319 2.850000 0.008710 0.884733 0.466017 -0.000000 0.000000 0.000000 0.000000 1.000000
0.998568 0.016905 -0.050757 0.000000 -0.052784 0.465791 -0.883319 2.850000 0.008710 0.884733 0.466016 0.000000 0.000000 0.000000 0.000000 1.000000
0.998568 0.016905 -0.050757 -0.000000 -0.052784 0.465791 -0.883319 2.850000 0.008710 0.884733 0.466016 -0.000000 0.000000 0.000000 0.000000 1.000000
0.998568 0.016905 -0.050758 -0.000000 -0.052785 0.465791 -0.883319 2.850000 0.008710 0.884733 0.466016 0.000000 0.000000 0.000000 0.000000 1.000000
0.998568 0.016904 -0.050757 -0.000000 -0.052784 0.465791 -0.883319 2.850000 0.008710 0.884733 0.466016 0.000000 0.000000 0.000000 0.000000 1.000000
0.998568 0.016905 -0.050757 0.000000 -0.052785 0.465791 -0.883319 2.850000 0.008710 0.884733 0.466016 0.000000 0.000000 0.000000 0.000000 1.000000
0.998568 0.016905 -0.050757 -0.000000 -0.052784 0.465791 -0.883319 2.850000 0.008710 0.884733 0.466016 -0.000000 0.000000 0.000000 0.000000 1.000000
0.998568 0.016905 -0.050757 0.000000 -0.052784 0.465791 -0.883319 2.850000 0.008710 0.884733 0.466016 0.000000 0.000000 0.000000 0.000000 1.000000
0.998568 0.016904 -0.050757 -0.000000 -0.052784 0.465791 -0.883319 2.850000 0.008710 0.884733 0.466016 -0.000000 0.000000 0.000000 0.000000 1.000000
0.998568 0.016905 -0.050757 0.000000 -0.052785 0.465791 -0.883319 2.850000 0.008710 0.884733 0.466016 -0.000000 0.000000 0.000000 0.000000 1.000000
0.998568 0.016905 -0.050757 -0.000000 -0.052785 0.465791 -0.883319 2.850000 0.008710 0.884733 0.466016 0.000000 0.000000 0.000000 0.000000 1.000000
0.998568 0.016904 -0.050758 -0.000000 -0.052785 0.465791 -0.883319 2.850000 0.008710 0.884733 0.466016 0.000000 0.000000 0.000000 0.000000 1.000000
0.998568 0.016905 -0.050757 -0.000000 -0.052785 0.465791 -0.883319 2.850000 0.008710 0.884733 0.466016 0.000000 0.000000 0.000000 0.000000 1.000000
0.998568 0.016904 -0.050757 -0.000000 -0.052784 0.465791 -0.883319 2.850000 0.008710 0.884733 0.466016 -0.000000 0.000000 0.000000 0.000000 1.000000
0.998568 0.016905 -0.050757 0.000000 -0.052785 0.465791 -0.883319 2.850000 0.008710 0.884733 0.466016 0.000000 0.000000 0.000000 0.000000 1.000000
0.998568 0.016905 -0.050757 -0.000000 -0.052785 0.465791 -0.883319 2.850000 0.008710 0.884733 0.466016 0.000000 0.000000 0.000000 0.000000 1.000000</float_array>
        <technique_common>
          <accessor source="#mixamorig_RightHandIndex3-Matrix-animation-output-transform-array" count="56" stride="16">
            <param type="float4x4"/>
          </accessor>
        </technique_common>
      </source>
      <source id="mixamorig_RightHandIndex3-Interpolations">
        <Name_array id="mixamorig_RightHandIndex3-Interpolations-array" count="56">
 LINEAR LINEAR LINEAR LINEAR LINEAR LINEAR LINEAR LINEAR LINEAR LINEAR LINEAR
LINEAR LINEAR LINEAR LINEAR LINEAR LINEAR LINEAR LINEAR LINEAR LINEAR LINEAR LINEAR
LINEAR LINEAR LINEAR LINEAR LINEAR LINEAR LINEAR LINEAR LINEAR LINEAR LINEAR LINEAR
LINEAR LINEAR LINEAR LINEAR LINEAR LINEAR LINEAR LINEAR LINEAR LINEAR LINEAR LINEAR
LINEAR LINEAR LINEAR LINEAR LINEAR LINEAR LINEAR LINEAR LINEAR</Name_array>
        <technique_common>
          <accessor source="#mixamorig_RightHandIndex3-Interpolations-array" count="56">
            <param type="name"/>
          </accessor>
        </technique_common>
      </source>
      <sampler id="mixamorig_RightHandIndex3-Matrix-animation-transform">
        <input semantic="INPUT" source="#mixamorig_RightHandIndex3-Matrix-animation-input"/>
        <input semantic="OUTPUT" source="#mixamorig_RightHandIndex3-Matrix-animation-output-transform"/>
        <input semantic="INTERPOLATION" source="#mixamorig_RightHandIndex3-Interpolations"/>
      </sampler>
      <channel source="#mixamorig_RightHandIndex3-Matrix-animation-transform" target="mixamorig_RightHandIndex3/matrix"/>
    </animation>
    <animation id="mixamorig_RightHandMiddle1-anim" name="mixamorig_RightHandMiddle1">
      <source id="mixamorig_RightHandMiddle1-Matrix-animation-input">
        <float_array id="mixamorig_RightHandMiddle1-Matrix-animation-input-array" count="56">

0.000000 0.033333 0.066667 0.100000 0.133333 0.166667 0.200000 0.233333 0.266667 0.300000 0.333333 0.366667 0.400000 0.433333 0.466667 0.500000
0.533333 0.566667 0.600000 0.633333 0.666667 0.700000 0.733333 0.766667 0.800000 0.833333 0.866667 0.900000 0.933333 0.966667 1.000000 1.033333
1.066667 1.100000 1.133333 1.166667 1.200000 1.233333 1.266667 1.300000 1.333333 1.366667 1.400000 1.433333 1.466667 1.500000 1.533333 1.566667
1.600000 1.633333 1.666667 1.700000 1.733333 1.766667 1.800000 1.833333</float_array>
        <technique_common>
          <accessor source="#mixamorig_RightHandMiddle1-Matrix-animation-input-array" count="56">
            <param name="TIME" type="float"/>
          </accessor>
        </technique_common>
      </source>
      <source id="mixamorig_RightHandMiddle1-Matrix-animation-output-transform">
        <float_array id="mixamorig_RightHandMiddle1-Matrix-animation-output-transform-array" count="896">

0.999456 0.024820 -0.021720 0.000000 -0.032908 0.706714 -0.706733 9.532500 -0.002191 0.707063 0.707147 0.000000 0.000000 0.000000 0.000000 1.000000
0.999456 0.024819 -0.021720 0.000000 -0.032908 0.706714 -0.706733 9.532500 -0.002191 0.707064 0.707146 0.000000 0.000000 0.000000 0.000000 1.000000
0.999456 0.024819 -0.021720 0.000000 -0.032908 0.706715 -0.706733 9.532500 -0.002191 0.707063 0.707147 0.000000 0.000000 0.000000 0.000000 1.000000
0.999456 0.024820 -0.021720 0.000000 -0.032908 0.706714 -0.706733 9.532500 -0.002191 0.707063 0.707147 0.000000 0.000000 0.000000 0.000000 1.000000
0.999456 0.024820 -0.021720 0.000000 -0.032909 0.706714 -0.706733 9.532500 -0.002191 0.707064 0.707147 0.000000 0.000000 0.000000 0.000000 1.000000
0.999456 0.024819 -0.021720 -0.000000 -0.032908 0.706715 -0.706733 9.532500 -0.002191 0.707063 0.707147 -0.000000 0.000000 0.000000 0.000000 1.000000
0.999456 0.024820 -0.021720 -0.000000 -0.032909 0.706715 -0.706733 9.532500 -0.002191 0.707063 0.707147 0.000000 0.000000 0.000000 0.000000 1.000000
0.999456 0.024820 -0.021720 0.000000 -0.032908 0.706715 -0.706733 9.532500 -0.002191 0.707063 0.707147 0.000000 0.000000 0.000000 0.000000 1.000000
0.999456 0.024820 -0.021720 0.000000 -0.032909 0.706714 -0.706733 9.532500 -0.002191 0.707064 0.707147 0.000000 0.000000 0.000000 0.000000 1.000000
0.999456 0.024820 -0.021720 -0.000000 -0.032908 0.706714 -0.706733 9.532500 -0.002191 0.707063 0.707147 -0.000000 0.000000 0.000000 0.000000 1.000000
0.999456 0.024819 -0.021720 0.000000 -0.032908 0.706715 -0.706733 9.532500 -0.002191 0.707063 0.707147 0.000000 0.000000 0.000000 0.000000 1.000000
0.999456 0.024819 -0.021720 -0.000000 -0.032909 0.706715 -0.706733 9.532500 -0.002191 0.707063 0.707147 -0.000000 0.000000 0.000000 0.000000 1.000000
0.999456 0.024820 -0.021720 -0.000000 -0.032909 0.706715 -0.706733 9.532500 -0.002191 0.707063 0.707147 0.000000 0.000000 0.000000 0.000000 1.000000
0.999456 0.024820 -0.021719 -0.000000 -0.032908 0.706715 -0.706733 9.532500 -0.002192 0.707063 0.707147 0.000000 0.000000 0.000000 0.000000 1.000000
0.999456 0.024819 -0.021720 -0.000000 -0.032908 0.706714 -0.706734 9.532500 -0.002191 0.707064 0.707146 0.000000 0.000000 0.000000 0.000000 1.000000
0.999456 0.024819 -0.021720 -0.000000 -0.032908 0.706714 -0.706733 9.532500 -0.002191 0.707064 0.707146 0.000000 0.000000 0.000000 0.000000 1.000000
0.999456 0.024820 -0.021720 0.000000 -0.032909 0.706714 -0.706733 9.532500 -0.002191 0.707064 0.707147 0.000000 0.000000 0.000000 0.000000 1.000000
0.999456 0.024819 -0.021720 -0.000000 -0.032908 0.706714 -0.706733 9.532500 -0.002191 0.707064 0.707147 0.000000 0.000000 0.000000 0.000000 1.000000
0.999456 0.024819 -0.021721 -0.000000 -0.032909 0.706714 -0.706733 9.532500 -0.002190 0.707064 0.707147 0.000000 0.000000 0.000000 0.000000 1.000000
0.999456 0.024819 -0.021720 -0.000000 -0.032908 0.706715 -0.706733 9.532500 -0.002191 0.707063 0.707147 0.000000 0.000000 0.000000 0.000000 1.000000
0.999456 0.024820 -0.021720 0.000000 -0.032909 0.706715 -0.706733 9.532500 -0.002191 0.707063 0.707147 0.000000 0.000000 0.000000 0.000000 1.000000
0.999456 0.024820 -0.021720 0.000000 -0.032908 0.706715 -0.706733 9.532500 -0.002191 0.707063 0.707147 -0.000000 0.000000 0.000000 0.000000 1.000000
0.999456 0.024819 -0.021720 0.000000 -0.032908 0.706714 -0.706733 9.532500 -0.002191 0.707063 0.707147 0.000000 0.000000 0.000000 0.000000 1.000000
0.999456 0.024819 -0.021720 0.000000 -0.032908 0.706714 -0.706733 9.532500 -0.002191 0.707064 0.707147 0.000000 0.000000 0.000000 0.000000 1.000000
0.999456 0.024819 -0.021720 -0.000000 -0.032908 0.706714 -0.706733 9.532500 -0.002191 0.707064 0.707147 0.000000 0.000000 0.000000 0.000000 1.000000
0.999456 0.024820 -0.021720 0.000000 -0.032908 0.706715 -0.706733 9.532500 -0.002191 0.707063 0.707147 0.000000 0.000000 0.000000 0.000000 1.000000
0.999456 0.024820 -0.021720 0.000000 -0.032908 0.706714 -0.706733 9.532500 -0.002191 0.707064 0.707147 0.000000 0.000000 0.000000 0.000000 1.000000
0.999456 0.024820 -0.021719 -0.000000 -0.032908 0.706714 -0.706733 9.532500 -0.002192 0.707063 0.707147 0.000000 0.000000 0.000000 0.000000 1.000000
0.999456 0.024819 -0.021720 -0.000000 -0.032908 0.706714 -0.706734 9.532500 -0.002191 0.707064 0.707146 0.000000 0.000000 0.000000 0.000000 1.000000
0.999456 0.024820 -0.021720 0.000000 -0.032908 0.706714 -0.706733 9.532500 -0.002191 0.707064 0.707147 -0.000000 0.000000 0.000000 0.000000 1.000000
0.999456 0.024820 -0.021720 -0.000000 -0.032909 0.706715 -0.706733 9.532500 -0.002191 0.707063 0.707147 0.000000 0.000000 0.000000 0.000000 1.000000
0.999456 0.024819 -0.021720 -0.000000 -0.032909 0.706714 -0.706733 9.532500 -0.002191 0.707064 0.707147 0.000000 0.000000 0.000000 0.000000 1.000000
0.999456 0.024820 -0.021719 -0.000000 -0.032908 0.706714 -0.706733 9.532500 -0.002191 0.707064 0.707147 0.000000 0.000000 0.000000 0.000000 1.000000
0.999456 0.024819 -0.021720 -0.000000 -0.032908 0.706714 -0.706733 9.532500 -0.002191 0.707064 0.707146 0.000000 0.000000 0.000000 0.000000 1.000000
0.999456 0.024820 -0.021720 0.000000 -0.032908 0.706714 -0.706733 9.532500 -0.002191 0.707064 0.707146 0.000000 0.000000 0.000000 0.000000 1.000000
0.999456 0.024819 -0.021720 -0.000000 -0.032908 0.706714 -0.706733 9.532500 -0.002191 0.707064 0.707147 0.000000 0.000000 0.000000 0.000000 1.000000
0.999456 0.024819 -0.021720 0.000000 -0.032908 0.706714 -0.706733 9.532500 -0.002191 0.707064 0.707147 0.000000 0.000000 0.000000 0.000000 1.000000
0.999456 0.024820 -0.021720 0.000000 -0.032908 0.706714 -0.706733 9.532500 -0.002191 0.707063 0.707147 0.000000 0.000000 0.000000 0.000000 1.000000
0.999456 0.024820 -0.021719 -0.000000 -0.032908 0.706714 -0.706733 9.532500 -0.002191 0.707064 0.707147 -0.000000 0.000000 0.000000 0.000000 1.000000
0.999456 0.024820 -0.021720 0.000000 -0.032909 0.706715 -0.706733 9.532500 -0.002191 0.707063 0.707147 0.000000 0.000000 0.000000 0.000000 1.000000
0.999456 0.024820 -0.021720 0.000000 -0.032908 0.706715 -0.706733 9.532500 -0.002191 0.707063 0.707147 -0.000000 0.000000 0.000000 0.000000 1.000000
0.999456 0.024819 -0.021720 0.000000 -0.032909 0.706714 -0.706733 9.532500 -0.002191 0.707064 0.707147 0.000000 0.000000 0.000000 0.000000 1.000000
0.999456 0.024820 -0.021719 0.000000 -0.032908 0.706714 -0.706733 9.532500 -0.002191 0.707064 0.707146 0.000000 0.000000 0.000000 0.000000 1.000000
0.999456 0.024819 -0.021720 -0.000000 -0.032908 0.706714 -0.706733 9.532500 -0.002191 0.707064 0.707147 -0.000000 0.000000 0.000000 0.000000 1.000000
0.999456 0.024820 -0.021721 0.000000 -0.032909 0.706714 -0.706733 9.532500 -0.002191 0.707064 0.707146 -0.000000 0.000000 0.000000 0.000000 1.000000
0.999456 0.024820 -0.021720 0.000000 -0.032908 0.706714 -0.706734 9.532500 -0.002192 0.707064 0.707146 0.000000 0.000000 0.000000 0.000000 1.000000
0.999456 0.024820 -0.021720 0.000000 -0.032908 0.706714 -0.706733 9.532500 -0.002191 0.707063 0.707147 0.000000 0.000000 0.000000 0.000000 1.000000
0.999456 0.024820 -0.021720 -0.000000 -0.032908 0.706714 -0.706734 9.532500 -0.002191 0.707064 0.707146 0.000000 0.000000 0.000000 0.000000 1.000000
0.999456 0.024820 -0.021719 -0.000000 -0.032908 0.706715 -0.706733 9.532500 -0.002191 0.707063 0.707147 0.000000 0.000000 0.000000 0.000000 1.000000
0.999456 0.024820 -0.021720 -0.000000 -0.032908 0.706714 -0.706733 9.532500 -0.002191 0.707064 0.707146 0.000000 0.000000 0.000000 0.000000 1.000000
0.999456 0.024820 -0.021720 -0.000000 -0.032909 0.706714 -0.706733 9.532500 -0.002191 0.707064 0.707147 0.000000 0.000000 0.000000 0.000000 1.000000
0.999456 0.024819 -0.021720 0.000000 -0.032908 0.706714 -0.706733 9.532500 -0.002191 0.707064 0.707147 0.000000 0.000000 0.000000 0.000000 1.000000
0.999456 0.024819 -0.021719 -0.000000 -0.032908 0.706714 -0.706733 9.532500 -0.002191 0.707064 0.707146 0.000000 0.000000 0.000000 0.000000 1.000000
0.999456 0.024820 -0.021720 0.000000 -0.032908 0.706714 -0.706733 9.532500 -0.002191 0.707063 0.707147 0.000000 0.000000 0.000000 0.000000 1.000000
0.999456 0.024820 -0.021720 0.000000 -0.032909 0.706715 -0.706733 9.532500 -0.002191 0.707063 0.707147 0.000000 0.000000 0.000000 0.000000 1.000000
0.999456 0.024820 -0.021719 0.000000 -0.032908 0.706714 -0.706733 9.532500 -0.002192 0.707063 0.707147 0.000000 0.000000 0.000000 0.000000 1.000000</float_array>
        <technique_common>
          <accessor source="#mixamorig_RightHandMiddle1-Matrix-animation-output-transform-array" count="56" stride="16">
            <param type="float4x4"/>
          </accessor>
        </technique_common>
      </source>
      <source id="mixamorig_RightHandMiddle1-Interpolations">
        <Name_array id="mixamorig_RightHandMiddle1-Interpolations-array" count="56">
 LINEAR LINEAR LINEAR LINEAR LINEAR LINEAR LINEAR LINEAR LINEAR LINEAR LINEAR
LINEAR LINEAR LINEAR LINEAR LINEAR LINEAR LINEAR LINEAR LINEAR LINEAR LINEAR LINEAR
LINEAR LINEAR LINEAR LINEAR LINEAR LINEAR LINEAR LINEAR LINEAR LINEAR LINEAR LINEAR
LINEAR LINEAR LINEAR LINEAR LINEAR LINEAR LINEAR LINEAR LINEAR LINEAR LINEAR LINEAR
LINEAR LINEAR LINEAR LINEAR LINEAR LINEAR LINEAR LINEAR LINEAR</Name_array>
        <technique_common>
          <accessor source="#mixamorig_RightHandMiddle1-Interpolations-array" count="56">
            <param type="name"/>
          </accessor>
        </technique_common>
      </source>
      <sampler id="mixamorig_RightHandMiddle1-Matrix-animation-transform">
        <input semantic="INPUT" source="#mixamorig_RightHandMiddle1-Matrix-animation-input"/>
        <input semantic="OUTPUT" source="#mixamorig_RightHandMiddle1-Matrix-animation-output-transform"/>
        <input semantic="INTERPOLATION" source="#mixamorig_RightHandMiddle1-Interpolations"/>
      </sampler>
      <channel source="#mixamorig_RightHandMiddle1-Matrix-animation-transform" target="mixamorig_RightHandMiddle1/matrix"/>
    </animation>
    <animation id="mixamorig_RightHandMiddle2-anim" name="mixamorig_RightHandMiddle2">
      <source id="mixamorig_RightHandMiddle2-Matrix-animation-input">
        <float_array id="mixamorig_RightHandMiddle2-Matrix-animation-input-array" count="56">

0.000000 0.033333 0.066667 0.100000 0.133333 0.166667 0.200000 0.233333 0.266667 0.300000 0.333333 0.366667 0.400000 0.433333 0.466667 0.500000
0.533333 0.566667 0.600000 0.633333 0.666667 0.700000 0.733333 0.766667 0.800000 0.833333 0.866667 0.900000 0.933333 0.966667 1.000000 1.033333
1.066667 1.100000 1.133333 1.166667 1.200000 1.233333 1.266667 1.300000 1.333333 1.366667 1.400000 1.433333 1.466667 1.500000 1.533333 1.566667
1.600000 1.633333 1.666667 1.700000 1.733333 1.766667 1.800000 1.833333</float_array>
        <technique_common>
          <accessor source="#mixamorig_RightHandMiddle2-Matrix-animation-input-array" count="56">
            <param name="TIME" type="float"/>
          </accessor>
        </technique_common>
      </source>
      <source id="mixamorig_RightHandMiddle2-Matrix-animation-output-transform">
        <float_array id="mixamorig_RightHandMiddle2-Matrix-animation-output-transform-array" count="896">

0.998229 0.039524 -0.044464 0.000000 -0.055897 0.367263 -0.928436 3.700000 -0.020366 0.929277 0.368822 0.000000 0.000000 0.000000 0.000000 1.000000
0.998229 0.039525 -0.044465 0.000000 -0.055898 0.367263 -0.928436 3.700000 -0.020366 0.929277 0.368822 0.000000 0.000000 0.000000 0.000000 1.000000
0.998229 0.039525 -0.044464 -0.000000 -0.055897 0.367263 -0.928436 3.700000 -0.020367 0.929277 0.368822 0.000000 0.000000 0.000000 0.000000 1.000000
0.998229 0.039525 -0.044464 0.000000 -0.055897 0.367263 -0.928436 3.700000 -0.020366 0.929277 0.368821 0.000000 0.000000 0.000000 0.000000 1.000000
0.998229 0.039525 -0.044464 0.000000 -0.055897 0.367262 -0.928436 3.700000 -0.020366 0.929277 0.368821 0.000000 0.000000 0.000000 0.000000 1.000000
0.998229 0.039525 -0.044465 0.000000 -0.055898 0.367262 -0.928436 3.700000 -0.020366 0.929277 0.368821 -0.000000 0.000000 0.000000 0.000000 1.000000
0.998229 0.039525 -0.044465 0.000000 -0.055898 0.367263 -0.928436 3.700000 -0.020366 0.929277 0.368821 0.000000 0.000000 0.000000 0.000000 1.000000
0.998229 0.039525 -0.044465 0.000000 -0.055898 0.367262 -0.928436 3.700000 -0.020366 0.929277 0.368821 0.000000 0.000000 0.000000 0.000000 1.000000
0.998229 0.039525 -0.044464 0.000000 -0.055898 0.367263 -0.928436 3.700000 -0.020366 0.929277 0.368822 0.000000 0.000000 0.000000 0.000000 1.000000
0.998229 0.039525 -0.044464 0.000000 -0.055897 0.367262 -0.928436 3.700000 -0.020367 0.929277 0.368821 -0.000000 0.000000 0.000000 0.000000 1.000000
0.998229 0.039525 -0.044465 0.000000 -0.055898 0.367263 -0.928436 3.700000 -0.020366 0.929277 0.368822 -0.000000 0.000000 0.000000 0.000000 1.000000
0.998229 0.039525 -0.044465 0.000000 -0.055898 0.367262 -0.928436 3.700000 -0.020367 0.929277 0.368821 0.000000 0.000000 0.000000 0.000000 1.000000
0.998229 0.039526 -0.044465 0.000000 -0.055898 0.367262 -0.928436 3.700000 -0.020367 0.929277 0.368821 -0.000000 0.000000 0.000000 0.000000 1.000000
0.998229 0.039525 -0.044465 -0.000000 -0.055898 0.367262 -0.928436 3.700000 -0.020366 0.929277 0.368821 0.000000 0.000000 0.000000 0.000000 1.000000
0.998229 0.039525 -0.044464 0.000000 -0.055897 0.367263 -0.928436 3.700000 -0.020367 0.929277 0.368822 0.000000 0.000000 0.000000 0.000000 1.000000
0.998229 0.039526 -0.044465 0.000000 -0.055898 0.367263 -0.928436 3.700000 -0.020367 0.929277 0.368822 -0.000000 0.000000 0.000000 0.000000 1.000000
0.998229 0.039526 -0.044464 -0.000000 -0.055898 0.367262 -0.928436 3.700000 -0.020367 0.929277 0.368821 0.000000 0.000000 0.000000 0.000000 1.000000
0.998229 0.039525 -0.044465 0.000000 -0.055898 0.367262 -0.928436 3.700000 -0.020367 0.929277 0.368821 0.000000 0.000000 0.000000 0.000000 1.000000
0.998229 0.039526 -0.044465 -0.000000 -0.055898 0.367263 -0.928436 3.700000 -0.020367 0.929277 0.368822 0.000000 0.000000 0.000000 0.000000 1.000000
0.998229 0.039525 -0.044465 0.000000 -0.055898 0.367263 -0.928436 3.700000 -0.020366 0.929277 0.368822 0.000000 0.000000 0.000000 0.000000 1.000000
0.998229 0.039525 -0.044464 0.000000 -0.055897 0.367262 -0.928436 3.700000 -0.020366 0.929277 0.368821 0.000000 0.000000 0.000000 0.000000 1.000000
0.998229 0.039525 -0.044465 0.000000 -0.055898 0.367262 -0.928436 3.700000 -0.020366 0.929277 0.368821 0.000000 0.000000 0.000000 0.000000 1.000000
0.998229 0.039525 -0.044464 0.000000 -0.055897 0.367263 -0.928436 3.700000 -0.020366 0.929277 0.368822 -0.000000 0.000000 0.000000 0.000000 1.000000
0.998229 0.039525 -0.044465 0.000000 -0.055898 0.367262 -0.928436 3.700000 -0.020366 0.929277 0.368821 0.000000 0.000000 0.000000 0.000000 1.000000
0.998229 0.039525 -0.044465 0.000000 -0.055898 0.367263 -0.928436 3.700000 -0.020366 0.929277 0.368822 0.000000 0.000000 0.000000 0.000000 1.000000
0.998229 0.039525 -0.044465 0.000000 -0.055898 0.367262 -0.928436 3.700000 -0.020366 0.929277 0.368821 -0.000000 0.000000 0.000000 0.000000 1.000000
0.998229 0.039525 -0.044464 0.000000 -0.055897 0.367262 -0.928436 3.700000 -0.020367 0.929277 0.368821 -0.000000 0.000000 0.000000 0.000000 1.000000
0.998229 0.039525 -0.044464 -0.000000 -0.055897 0.367262 -0.928436 3.700000 -0.020366 0.929277 0.368821 -0.000000 0.000000 0.000000 0.000000 1.000000
0.998229 0.039525 -0.044464 -0.000000 -0.055897 0.367262 -0.928436 3.700000 -0.020366 0.929277 0.368821 0.000000 0.000000 0.000000 0.000000 1.000000
0.998229 0.039525 -0.044465 0.000000 -0.055898 0.367262 -0.928436 3.700000 -0.020366 0.929277 0.368821 0.000000 0.000000 0.000000 0.000000 1.000000
0.998229 0.039525 -0.044465 0.000000 -0.055898 0.367262 -0.928436 3.700000 -0.020366 0.929277 0.368821 -0.000000 0.000000 0.000000 0.000000 1.000000
0.998229 0.039526 -0.044465 -0.000000 -0.055898 0.367263 -0.928436 3.700000 -0.020367 0.929277 0.368821 0.000000 0.000000 0.000000 0.000000 1.000000
0.998229 0.039525 -0.044465 -0.000000 -0.055898 0.367262 -0.928436 3.700000 -0.020366 0.929277 0.368821 0.000000 0.000000 0.000000 0.000000 1.000000
0.998229 0.039525 -0.044464 -0.000000 -0.055897 0.367262 -0.928436 3.700000 -0.020367 0.929277 0.368821 -0.000000 0.000000 0.000000 0.000000 1.000000
0.998229 0.039525 -0.044465 -0.000000 -0.055898 0.367263 -0.928436 3.700000 -0.020366 0.929277 0.368822 -0.000000 0.000000 0.000000 0.000000 1.000000
0.998229 0.039525 -0.044465 0.000000 -0.055898 0.367263 -0.928436 3.700000 -0.020366 0.929277 0.368822 0.000000 0.000000 0.000000 0.000000 1.000000
0.998229 0.039525 -0.044464 0.000000 -0.055898 0.367263 -0.928436 3.700000 -0.020367 0.929277 0.368821 0.000000 0.000000 0.000000 0.000000 1.000000
0.998229 0.039525 -0.044465 0.000000 -0.055898 0.367262 -0.928436 3.700000 -0.020366 0.929277 0.368821 0.000000 0.000000 0.000000 0.000000 1.000000
0.998229 0.039525 -0.044465 0.000000 -0.055898 0.367262 -0.928436 3.700000 -0.020366 0.929277 0.368821 0.000000 0.000000 0.000000 0.000000 1.000000
0.998229 0.039525 -0.044465 -0.000000 -0.055898 0.367262 -0.928436 3.700000 -0.020366 0.929277 0.368821 0.000000 0.000000 0.000000 0.000000 1.000000
0.998229 0.039525 -0.044465 -0.000000 -0.055898 0.367263 -0.928436 3.700000 -0.020366 0.929277 0.368821 0.000000 0.000000 0.000000 0.000000 1.000000
0.998229 0.039525 -0.044465 0.000000 -0.055898 0.367263 -0.928436 3.700000 -0.020367 0.929277 0.368822 0.000000 0.000000 0.000000 0.000000 1.000000
0.998229 0.039525 -0.044464 -0.000000 -0.055897 0.367263 -0.928436 3.700000 -0.020367 0.929277 0.368822 -0.000000 0.000000 0.000000 0.000000 1.000000
0.998229 0.039526 -0.044465 -0.000000 -0.055898 0.367263 -0.928436 3.700000 -0.020367 0.929277 0.368822 0.000000 0.000000 0.000000 0.000000 1.000000
0.998229 0.039525 -0.044465 0.000000 -0.055898 0.367263 -0.928436 3.700000 -0.020367 0.929277 0.368822 0.000000 0.000000 0.000000 0.000000 1.000000
0.998229 0.039525 -0.044465 0.000000 -0.055898 0.367263 -0.928436 3.700000 -0.020366 0.929277 0.368822 -0.000000 0.000000 0.000000 0.000000 1.000000
0.998229 0.039525 -0.044465 0.000000 -0.055898 0.367262 -0.928436 3.700000 -0.020366 0.929277 0.368821 -0.000000 0.000000 0.000000 0.000000 1.000000
0.998229 0.039526 -0.044465 -0.000000 -0.055898 0.367263 -0.928436 3.700000 -0.020367 0.929277 0.368822 0.000000 0.000000 0.000000 0.000000 1.000000
0.998229 0.039525 -0.044465 0.000000 -0.055898 0.367262 -0.928436 3.700000 -0.020366 0.929277 0.368821 -0.000000 0.000000 0.000000 0.000000 1.000000
0.998229 0.039525 -0.044465 0.000000 -0.055898 0.367263 -0.928436 3.700000 -0.020366 0.929277 0.368822 -0.000000 0.000000 0.000000 0.000000 1.000000
0.998229 0.039525 -0.044464 -0.000000 -0.055898 0.367262 -0.928436 3.700000 -0.020367 0.929277 0.368821 0.000000 0.000000 0.000000 0.000000 1.000000
0.998229 0.039525 -0.044465 0.000000 -0.055898 0.367263 -0.928436 3.700000 -0.020366 0.929277 0.368822 0.000000 0.000000 0.000000 0.000000 1.000000
0.998229 0.039525 -0.044465 0.000000 -0.055898 0.367263 -0.928436 3.700000 -0.020366 0.929277 0.368822 0.000000 0.000000 0.000000 0.000000 1.000000
0.998229 0.039525 -0.044465 -0.000000 -0.055898 0.367262 -0.928436 3.700000 -0.020366 0.929277 0.368821 -0.000000 0.000000 0.000000 0.000000 1.000000
0.998229 0.039525 -0.044465 -0.000000 -0.055898 0.367263 -0.928436 3.700000 -0.020366 0.929277 0.368822 0.000000 0.000000 0.000000 0.000000 1.000000
0.998229 0.039524 -0.044465 -0.000000 -0.055897 0.367263 -0.928436 3.700000 -0.020365 0.929277 0.368822 0.000000 0.000000 0.000000 0.000000 1.000000</float_array>
        <technique_common>
          <accessor source="#mixamorig_RightHandMiddle2-Matrix-animation-output-transform-array" count="56" stride="16">
            <param type="float4x4"/>
          </accessor>
        </technique_common>
      </source>
      <source id="mixamorig_RightHandMiddle2-Interpolations">
        <Name_array id="mixamorig_RightHandMiddle2-Interpolations-array" count="56">
 LINEAR LINEAR LINEAR LINEAR LINEAR LINEAR LINEAR LINEAR LINEAR LINEAR LINEAR
LINEAR LINEAR LINEAR LINEAR LINEAR LINEAR LINEAR LINEAR LINEAR LINEAR LINEAR LINEAR
LINEAR LINEAR LINEAR LINEAR LINEAR LINEAR LINEAR LINEAR LINEAR LINEAR LINEAR LINEAR
LINEAR LINEAR LINEAR LINEAR LINEAR LINEAR LINEAR LINEAR LINEAR LINEAR LINEAR LINEAR
LINEAR LINEAR LINEAR LINEAR LINEAR LINEAR LINEAR LINEAR LINEAR</Name_array>
        <technique_common>
          <accessor source="#mixamorig_RightHandMiddle2-Interpolations-array" count="56">
            <param type="name"/>
          </accessor>
        </technique_common>
      </source>
      <sampler id="mixamorig_RightHandMiddle2-Matrix-animation-transform">
        <input semantic="INPUT" source="#mixamorig_RightHandMiddle2-Matrix-animation-input"/>
        <input semantic="OUTPUT" source="#mixamorig_RightHandMiddle2-Matrix-animation-output-transform"/>
        <input semantic="INTERPOLATION" source="#mixamorig_RightHandMiddle2-Interpolations"/>
      </sampler>
      <channel source="#mixamorig_RightHandMiddle2-Matrix-animation-transform" target="mixamorig_RightHandMiddle2/matrix"/>
    </animation>
    <animation id="mixamorig_RightHandMiddle3-anim" name="mixamorig_RightHandMiddle3">
      <source id="mixamorig_RightHandMiddle3-Matrix-animation-input">
        <float_array id="mixamorig_RightHandMiddle3-Matrix-animation-input-array" count="56">

0.000000 0.033333 0.066667 0.100000 0.133333 0.166667 0.200000 0.233333 0.266667 0.300000 0.333333 0.366667 0.400000 0.433333 0.466667 0.500000
0.533333 0.566667 0.600000 0.633333 0.666667 0.700000 0.733333 0.766667 0.800000 0.833333 0.866667 0.900000 0.933333 0.966667 1.000000 1.033333
1.066667 1.100000 1.133333 1.166667 1.200000 1.233333 1.266667 1.300000 1.333333 1.366667 1.400000 1.433333 1.466667 1.500000 1.533333 1.566667
1.600000 1.633333 1.666667 1.700000 1.733333 1.766667 1.800000 1.833333</float_array>
        <technique_common>
          <accessor source="#mixamorig_RightHandMiddle3-Matrix-animation-input-array" count="56">
            <param name="TIME" type="float"/>
          </accessor>
        </technique_common>
      </source>
      <source id="mixamorig_RightHandMiddle3-Matrix-animation-output-transform">
        <float_array id="mixamorig_RightHandMiddle3-Matrix-animation-output-transform-array" count="896">

0.999366 0.034584 -0.008490 -0.000000 -0.031645 0.753099 -0.657145 2.950000 -0.016333 0.656997 0.753716 -0.000000 0.000000 0.000000 0.000000 1.000000
0.999366 0.034584 -0.008490 0.000000 -0.031645 0.753099 -0.657146 2.950000 -0.016333 0.656997 0.753716 0.000000 0.000000 0.000000 0.000000 1.000000
0.999366 0.034584 -0.008490 0.000000 -0.031644 0.753099 -0.657146 2.950000 -0.016333 0.656997 0.753716 0.000000 0.000000 0.000000 0.000000 1.000000
0.999366 0.034584 -0.008490 0.000000 -0.031645 0.753099 -0.657146 2.950000 -0.016333 0.656997 0.753716 0.000000 0.000000 0.000000 0.000000 1.000000
0.999366 0.034584 -0.008490 0.000000 -0.031645 0.753099 -0.657145 2.950000 -0.016333 0.656997 0.753716 0.000000 0.000000 0.000000 0.000000 1.000000
0.999366 0.034584 -0.008490 0.000000 -0.031645 0.753099 -0.657145 2.950000 -0.016333 0.656997 0.753716 0.000000 0.000000 0.000000 0.000000 1.000000
0.999366 0.034585 -0.008490 0.000000 -0.031645 0.753099 -0.657145 2.950000 -0.016333 0.656997 0.753716 0.000000 0.000000 0.000000 0.000000 1.000000
0.999366 0.034584 -0.008490 0.000000 -0.031645 0.753099 -0.657145 2.950000 -0.016333 0.656997 0.753716 0.000000 0.000000 0.000000 0.000000 1.000000
0.999366 0.034585 -0.008490 -0.000000 -0.031645 0.753099 -0.657146 2.950000 -0.016333 0.656997 0.753716 -0.000000 0.000000 0.000000 0.000000 1.000000
0.999366 0.034585 -0.008490 -0.000000 -0.031645 0.753099 -0.657145 2.950000 -0.016333 0.656997 0.753716 0.000000 0.000000 0.000000 0.000000 1.000000
0.999366 0.034585 -0.008490 0.000000 -0.031645 0.753099 -0.657145 2.950000 -0.016333 0.656997 0.753716 -0.000000 0.000000 0.000000 0.000000 1.000000
0.999366 0.034584 -0.008489 -0.000000 -0.031644 0.753099 -0.657145 2.950000 -0.016333 0.656997 0.753716 -0.000000 0.000000 0.000000 0.000000 1.000000
0.999366 0.034584 -0.008490 0.000000 -0.031644 0.753099 -0.657145 2.950000 -0.016333 0.656997 0.753716 0.000000 0.000000 0.000000 0.000000 1.000000
0.999366 0.034584 -0.008490 -0.000000 -0.031645 0.753099 -0.657145 2.950000 -0.016333 0.656997 0.753716 -0.000000 0.000000 0.000000 0.000000 1.000000
0.999366 0.034584 -0.008490 0.000000 -0.031645 0.753099 -0.657145 2.950000 -0.016333 0.656997 0.753716 0.000000 0.000000 0.000000 0.000000 1.000000
0.999366 0.034584 -0.008490 -0.000000 -0.031644 0.753099 -0.657145 2.950000 -0.016333 0.656997 0.753716 0.000000 0.000000 0.000000 0.000000 1.000000
0.999366 0.034584 -0.008490 0.000000 -0.031645 0.753099 -0.657146 2.950000 -0.016333 0.656997 0.753716 0.000000 0.000000 0.000000 0.000000 1.000000
0.999366 0.034584 -0.008489 -0.000000 -0.031644 0.753100 -0.657145 2.950000 -0.016333 0.656997 0.753716 0.000000 0.000000 0.000000 0.000000 1.000000
0.999366 0.034585 -0.008490 0.000000 -0.031645 0.753099 -0.657145 2.950000 -0.016333 0.656997 0.753716 0.000000 0.000000 0.000000 0.000000 1.000000
0.999366 0.034585 -0.008490 0.000000 -0.031645 0.753099 -0.657145 2.950000 -0.016333 0.656997 0.753716 0.000000 0.000000 0.000000 0.000000 1.000000
0.999366 0.034584 -0.008490 0.000000 -0.031645 0.753099 -0.657145 2.950000 -0.016333 0.656997 0.753716 -0.000000 0.000000 0.000000 0.000000 1.000000
0.999366 0.034584 -0.008490 -0.000000 -0.031645 0.753099 -0.657145 2.950000 -0.016333 0.656997 0.753716 0.000000 0.000000 0.000000 0.000000 1.000000
0.999366 0.034584 -0.008491 0.000000 -0.031645 0.753099 -0.657146 2.950000 -0.016333 0.656998 0.753716 0.000000 0.000000 0.000000 0.000000 1.000000
0.999366 0.034585 -0.008490 0.000000 -0.031645 0.753099 -0.657145 2.950000 -0.016333 0.656997 0.753716 0.000000 0.000000 0.000000 0.000000 1.000000
0.999366 0.034584 -0.008490 -0.000000 -0.031645 0.753099 -0.657145 2.950000 -0.016333 0.656997 0.753716 0.000000 0.000000 0.000000 0.000000 1.000000
0.999366 0.034584 -0.008490 -0.000000 -0.031645 0.753099 -0.657146 2.950000 -0.016333 0.656997 0.753716 0.000000 0.000000 0.000000 0.000000 1.000000
0.999366 0.034585 -0.008491 0.000000 -0.031645 0.753099 -0.657145 2.950000 -0.016333 0.656997 0.753716 0.000000 0.000000 0.000000 0.000000 1.000000
0.999366 0.034584 -0.008490 -0.000000 -0.031644 0.753099 -0.657145 2.950000 -0.016333 0.656997 0.753716 -0.000000 0.000000 0.000000 0.000000 1.000000
0.999366 0.034584 -0.008490 -0.000000 -0.031645 0.753099 -0.657146 2.950000 -0.016333 0.656998 0.753716 0.000000 0.000000 0.000000 0.000000 1.000000
0.999366 0.034584 -0.008490 0.000000 -0.031645 0.753099 -0.657145 2.950000 -0.016333 0.656997 0.753716 0.000000 0.000000 0.000000 0.000000 1.000000
0.999366 0.034584 -0.008490 -0.000000 -0.031645 0.753099 -0.657145 2.950000 -0.016333 0.656997 0.753716 0.000000 0.000000 0.000000 0.000000 1.000000
0.999366 0.034584 -0.008490 0.000000 -0.031645 0.753099 -0.657145 2.950000 -0.016333 0.656997 0.753716 0.000000 0.000000 0.000000 0.000000 1.000000
0.999366 0.034584 -0.008490 -0.000000 -0.031645 0.753099 -0.657145 2.950000 -0.016333 0.656997 0.753716 0.000000 0.000000 0.000000 0.000000 1.000000
0.999366 0.034584 -0.008490 0.000000 -0.031644 0.753099 -0.657145 2.950000 -0.016333 0.656997 0.753716 0.000000 0.000000 0.000000 0.000000 1.000000
0.999366 0.034585 -0.008490 0.000000 -0.031645 0.753099 -0.657146 2.950000 -0.016333 0.656997 0.753716 -0.000000 0.000000 0.000000 0.000000 1.000000
0.999366 0.034584 -0.008490 -0.000000 -0.031644 0.753099 -0.657146 2.950000 -0.016333 0.656997 0.753716 0.000000 0.000000 0.000000 0.000000 1.000000
0.999366 0.034584 -0.008490 0.000000 -0.031645 0.753099 -0.657145 2.950000 -0.016333 0.656997 0.753716 0.000000 0.000000 0.000000 0.000000 1.000000
0.999366 0.034584 -0.008490 0.000000 -0.031645 0.753099 -0.657146 2.950000 -0.016334 0.656997 0.753716 0.000000 0.000000 0.000000 0.000000 1.000000
0.999366 0.034584 -0.008490 -0.000000 -0.031644 0.753099 -0.657146 2.950000 -0.016333 0.656997 0.753716 0.000000 0.000000 0.000000 0.000000 1.000000
0.999366 0.034585 -0.008490 -0.000000 -0.031645 0.753099 -0.657146 2.950000 -0.016334 0.656998 0.753716 0.000000 0.000000 0.000000 0.000000 1.000000
0.999366 0.034584 -0.008490 0.000000 -0.031645 0.753099 -0.657145 2.950000 -0.016333 0.656997 0.753716 0.000000 0.000000 0.000000 0.000000 1.000000
0.999366 0.034585 -0.008490 0.000000 -0.031645 0.753099 -0.657145 2.950000 -0.016333 0.656997 0.753716 0.000000 0.000000 0.000000 0.000000 1.000000
0.999366 0.034584 -0.008490 -0.000000 -0.031645 0.753099 -0.657146 2.950000 -0.016333 0.656997 0.753716 0.000000 0.000000 0.000000 0.000000 1.000000
0.999366 0.034585 -0.008490 0.000000 -0.031645 0.753099 -0.657145 2.950000 -0.016333 0.656997 0.753716 0.000000 0.000000 0.000000 0.000000 1.000000
0.999366 0.034584 -0.008490 0.000000 -0.031644 0.753099 -0.657145 2.950000 -0.016333 0.656997 0.753716 -0.000000 0.000000 0.000000 0.000000 1.000000
0.999366 0.034584 -0.008490 -0.000000 -0.031645 0.753099 -0.657145 2.950000 -0.016333 0.656997 0.753716 -0.000000 0.000000 0.000000 0.000000 1.000000
0.999366 0.034585 -0.008490 -0.000000 -0.031645 0.753099 -0.657145 2.950000 -0.016333 0.656997 0.753716 0.000000 0.000000 0.000000 0.000000 1.000000
0.999366 0.034584 -0.008490 -0.000000 -0.031645 0.753099 -0.657145 2.950000 -0.016333 0.656997 0.753716 0.000000 0.000000 0.000000 0.000000 1.000000
0.999366 0.034585 -0.008490 0.000000 -0.031645 0.753099 -0.657145 2.950000 -0.016334 0.656997 0.753716 0.000000 0.000000 0.000000 0.000000 1.000000
0.999366 0.034585 -0.008490 -0.000000 -0.031645 0.753099 -0.657145 2.950000 -0.016333 0.656997 0.753716 0.000000 0.000000 0.000000 0.000000 1.000000
0.999366 0.034585 -0.008490 0.000000 -0.031645 0.753099 -0.657145 2.950000 -0.016334 0.656997 0.753716 -0.000000 0.000000 0.000000 0.000000 1.000000
0.999366 0.034584 -0.008490 0.000000 -0.031645 0.753099 -0.657145 2.950000 -0.016333 0.656997 0.753716 0.000000 0.000000 0.000000 0.000000 1.000000
0.999366 0.034584 -0.008490 0.000000 -0.031645 0.753099 -0.657145 2.950000 -0.016333 0.656997 0.753716 0.000000 0.000000 0.000000 0.000000 1.000000
0.999366 0.034585 -0.008490 0.000000 -0.031645 0.753099 -0.657145 2.950000 -0.016334 0.656997 0.753716 0.000000 0.000000 0.000000 0.000000 1.000000
0.999366 0.034585 -0.008490 0.000000 -0.031645 0.753099 -0.657145 2.950000 -0.016333 0.656997 0.753716 0.000000 0.000000 0.000000 0.000000 1.000000
0.999366 0.034585 -0.008490 0.000000 -0.031645 0.753099 -0.657145 2.950000 -0.016333 0.656997 0.753716 -0.000000 0.000000 0.000000 0.000000 1.000000</float_array>
        <technique_common>
          <accessor source="#mixamorig_RightHandMiddle3-Matrix-animation-output-transform-array" count="56" stride="16">
            <param type="float4x4"/>
          </accessor>
        </technique_common>
      </source>
      <source id="mixamorig_RightHandMiddle3-Interpolations">
        <Name_array id="mixamorig_RightHandMiddle3-Interpolations-array" count="56">
 LINEAR LINEAR LINEAR LINEAR LINEAR LINEAR LINEAR LINEAR LINEAR LINEAR LINEAR
LINEAR LINEAR LINEAR LINEAR LINEAR LINEAR LINEAR LINEAR LINEAR LINEAR LINEAR LINEAR
LINEAR LINEAR LINEAR LINEAR LINEAR LINEAR LINEAR LINEAR LINEAR LINEAR LINEAR LINEAR
LINEAR LINEAR LINEAR LINEAR LINEAR LINEAR LINEAR LINEAR LINEAR LINEAR LINEAR LINEAR
LINEAR LINEAR LINEAR LINEAR LINEAR LINEAR LINEAR LINEAR LINEAR</Name_array>
        <technique_common>
          <accessor source="#mixamorig_RightHandMiddle3-Interpolations-array" count="56">
            <param type="name"/>
          </accessor>
        </technique_common>
      </source>
      <sampler id="mixamorig_RightHandMiddle3-Matrix-animation-transform">
        <input semantic="INPUT" source="#mixamorig_RightHandMiddle3-Matrix-animation-input"/>
        <input semantic="OUTPUT" source="#mixamorig_RightHandMiddle3-Matrix-animation-output-transform"/>
        <input semantic="INTERPOLATION" source="#mixamorig_RightHandMiddle3-Interpolations"/>
      </sampler>
      <channel source="#mixamorig_RightHandMiddle3-Matrix-animation-transform" target="mixamorig_RightHandMiddle3/matrix"/>
    </animation>
    <animation id="mixamorig_RightHandRing1-anim" name="mixamorig_RightHandRing1">
      <source id="mixamorig_RightHandRing1-Matrix-animation-input">
        <float_array id="mixamorig_RightHandRing1-Matrix-animation-input-array" count="56">

0.000000 0.033333 0.066667 0.100000 0.133333 0.166667 0.200000 0.233333 0.266667 0.300000 0.333333 0.366667 0.400000 0.433333 0.466667 0.500000
0.533333 0.566667 0.600000 0.633333 0.666667 0.700000 0.733333 0.766667 0.800000 0.833333 0.866667 0.900000 0.933333 0.966667 1.000000 1.033333
1.066667 1.100000 1.133333 1.166667 1.200000 1.233333 1.266667 1.300000 1.333333 1.366667 1.400000 1.433333 1.466667 1.500000 1.533333 1.566667
1.600000 1.633333 1.666667 1.700000 1.733333 1.766667 1.800000 1.833333</float_array>
        <technique_common>
          <accessor source="#mixamorig_RightHandRing1-Matrix-animation-input-array" count="56">
            <param name="TIME" type="float"/>
          </accessor>
        </technique_common>
      </source>
      <source id="mixamorig_RightHandRing1-Matrix-animation-output-transform">
        <float_array id="mixamorig_RightHandRing1-Matrix-animation-output-transform-array" count="896">

0.995481 0.089983 0.030335 -1.865100 -0.021228 0.522250 -0.852528 9.103600 -0.092555 0.848032 0.521800 0.043100 0.000000 0.000000 0.000000 1.000000
0.995481 0.089983 0.030335 -1.865100 -0.021228 0.522250 -0.852528 9.103600 -0.092555 0.848032 0.521800 0.043100 0.000000 0.000000 0.000000 1.000000
0.995481 0.089983 0.030336 -1.865100 -0.021227 0.522250 -0.852528 9.103600 -0.092555 0.848032 0.521800 0.043100 0.000000 0.000000 0.000000 1.000000
0.995481 0.089983 0.030336 -1.865100 -0.021228 0.522249 -0.852529 9.103600 -0.092556 0.848032 0.521800 0.043100 0.000000 0.000000 0.000000 1.000000
0.995481 0.089983 0.030335 -1.865100 -0.021228 0.522250 -0.852528 9.103600 -0.092555 0.848032 0.521800 0.043100 0.000000 0.000000 0.000000 1.000000
0.995481 0.089983 0.030336 -1.865100 -0.021227 0.522250 -0.852528 9.103600 -0.092556 0.848032 0.521800 0.043100 0.000000 0.000000 0.000000 1.000000
0.995481 0.089983 0.030336 -1.865100 -0.021228 0.522250 -0.852528 9.103600 -0.092556 0.848032 0.521800 0.043100 0.000000 0.000000 0.000000 1.000000
0.995481 0.089983 0.030335 -1.865100 -0.021228 0.522250 -0.852528 9.103600 -0.092555 0.848032 0.521800 0.043100 0.000000 0.000000 0.000000 1.000000
0.995481 0.089983 0.030336 -1.865100 -0.021227 0.522250 -0.852528 9.103600 -0.092556 0.848032 0.521800 0.043100 0.000000 0.000000 0.000000 1.000000
0.995481 0.089983 0.030336 -1.865100 -0.021227 0.522250 -0.852528 9.103600 -0.092556 0.848032 0.521800 0.043100 0.000000 0.000000 0.000000 1.000000
0.995481 0.089983 0.030335 -1.865100 -0.021228 0.522250 -0.852528 9.103600 -0.092556 0.848032 0.521801 0.043100 0.000000 0.000000 0.000000 1.000000
0.995481 0.089983 0.030335 -1.865100 -0.021228 0.522250 -0.852528 9.103600 -0.092555 0.848032 0.521800 0.043100 0.000000 0.000000 0.000000 1.000000
0.995481 0.089983 0.030335 -1.865100 -0.021228 0.522250 -0.852528 9.103600 -0.092556 0.848032 0.521800 0.043100 0.000000 0.000000 0.000000 1.000000
0.995481 0.089983 0.030336 -1.865100 -0.021227 0.522250 -0.852528 9.103600 -0.092556 0.848032 0.521800 0.043100 0.000000 0.000000 0.000000 1.000000
0.995481 0.089983 0.030336 -1.865100 -0.021227 0.522250 -0.852529 9.103600 -0.092556 0.848032 0.521800 0.043100 0.000000 0.000000 0.000000 1.000000
0.995481 0.089983 0.030336 -1.865100 -0.021228 0.522250 -0.852528 9.103600 -0.092556 0.848032 0.521800 0.043100 0.000000 0.000000 0.000000 1.000000
0.995481 0.089983 0.030335 -1.865100 -0.021228 0.522250 -0.852528 9.103600 -0.092556 0.848032 0.521800 0.043100 0.000000 0.000000 0.000000 1.000000
0.995481 0.089982 0.030336 -1.865100 -0.021227 0.522250 -0.852528 9.103600 -0.092555 0.848032 0.521800 0.043100 0.000000 0.000000 0.000000 1.000000
0.995481 0.089983 0.030335 -1.865100 -0.021228 0.522250 -0.852528 9.103600 -0.092555 0.848032 0.521800 0.043100 0.000000 0.000000 0.000000 1.000000
0.995481 0.089983 0.030336 -1.865100 -0.021227 0.522249 -0.852529 9.103600 -0.092556 0.848032 0.521800 0.043100 0.000000 0.000000 0.000000 1.000000
0.995481 0.089983 0.030335 -1.865100 -0.021228 0.522250 -0.852528 9.103600 -0.092556 0.848032 0.521800 0.043100 0.000000 0.000000 0.000000 1.000000
0.995481 0.089983 0.030336 -1.865100 -0.021227 0.522250 -0.852528 9.103600 -0.092556 0.848032 0.521800 0.043100 0.000000 0.000000 0.000000 1.000000
0.995481 0.089983 0.030335 -1.865100 -0.021228 0.522250 -0.852528 9.103600 -0.092556 0.848032 0.521800 0.043100 0.000000 0.000000 0.000000 1.000000
0.995481 0.089983 0.030336 -1.865100 -0.021227 0.522250 -0.852528 9.103600 -0.092556 0.848032 0.521800 0.043100 0.000000 0.000000 0.000000 1.000000
0.995481 0.089983 0.030336 -1.865100 -0.021228 0.522249 -0.852529 9.103600 -0.092556 0.848032 0.521800 0.043100 0.000000 0.000000 0.000000 1.000000
0.995481 0.089983 0.030335 -1.865100 -0.021228 0.522250 -0.852528 9.103600 -0.092556 0.848032 0.521800 0.043100 0.000000 0.000000 0.000000 1.000000
0.995481 0.089983 0.030336 -1.865100 -0.021227 0.522250 -0.852528 9.103600 -0.092556 0.848032 0.521800 0.043100 0.000000 0.000000 0.000000 1.000000
0.995481 0.089983 0.030336 -1.865100 -0.021227 0.522250 -0.852528 9.103600 -0.092556 0.848032 0.521800 0.043100 0.000000 0.000000 0.000000 1.000000
0.995481 0.089983 0.030336 -1.865100 -0.021227 0.522249 -0.852529 9.103600 -0.092556 0.848032 0.521800 0.043100 0.000000 0.000000 0.000000 1.000000
0.995481 0.089982 0.030335 -1.865100 -0.021227 0.522250 -0.852528 9.103600 -0.092555 0.848032 0.521801 0.043100 0.000000 0.000000 0.000000 1.000000
0.995481 0.089983 0.030336 -1.865100 -0.021228 0.522250 -0.852528 9.103600 -0.092556 0.848032 0.521800 0.043100 0.000000 0.000000 0.000000 1.000000
0.995481 0.089983 0.030336 -1.865100 -0.021227 0.522249 -0.852529 9.103600 -0.092556 0.848032 0.521799 0.043100 0.000000 0.000000 0.000000 1.000000
0.995481 0.089983 0.030336 -1.865100 -0.021227 0.522250 -0.852528 9.103600 -0.092556 0.848032 0.521800 0.043100 0.000000 0.000000 0.000000 1.000000
0.995481 0.089982 0.030336 -1.865100 -0.021227 0.522249 -0.852529 9.103600 -0.092555 0.848032 0.521799 0.043100 0.000000 0.000000 0.000000 1.000000
0.995481 0.089983 0.030336 -1.865100 -0.021227 0.522250 -0.852528 9.103600 -0.092556 0.848032 0.521800 0.043100 0.000000 0.000000 0.000000 1.000000
0.995481 0.089984 0.030336 -1.865100 -0.021228 0.522250 -0.852528 9.103600 -0.092556 0.848032 0.521800 0.043100 0.000000 0.000000 0.000000 1.000000
0.995481 0.089983 0.030336 -1.865100 -0.021227 0.522249 -0.852529 9.103600 -0.092556 0.848032 0.521799 0.043100 0.000000 0.000000 0.000000 1.000000
0.995481 0.089983 0.030336 -1.865100 -0.021227 0.522250 -0.852528 9.103600 -0.092556 0.848032 0.521800 0.043100 0.000000 0.000000 0.000000 1.000000
0.995481 0.089983 0.030336 -1.865100 -0.021227 0.522249 -0.852529 9.103600 -0.092556 0.848032 0.521800 0.043100 0.000000 0.000000 0.000000 1.000000
0.995481 0.089984 0.030336 -1.865100 -0.021228 0.522250 -0.852528 9.103600 -0.092556 0.848032 0.521800 0.043100 0.000000 0.000000 0.000000 1.000000
0.995481 0.089983 0.030335 -1.865100 -0.021228 0.522250 -0.852528 9.103600 -0.092556 0.848032 0.521800 0.043100 0.000000 0.000000 0.000000 1.000000
0.995481 0.089983 0.030335 -1.865100 -0.021228 0.522250 -0.852528 9.103600 -0.092555 0.848032 0.521800 0.043100 0.000000 0.000000 0.000000 1.000000
0.995481 0.089983 0.030336 -1.865100 -0.021227 0.522250 -0.852528 9.103600 -0.092556 0.848032 0.521800 0.043100 0.000000 0.000000 0.000000 1.000000
0.995481 0.089983 0.030336 -1.865100 -0.021227 0.522249 -0.852529 9.103600 -0.092556 0.848032 0.521800 0.043100 0.000000 0.000000 0.000000 1.000000
0.995481 0.089983 0.030335 -1.865100 -0.021228 0.522249 -0.852529 9.103600 -0.092556 0.848032 0.521799 0.043100 0.000000 0.000000 0.000000 1.000000
0.995481 0.089983 0.030336 -1.865100 -0.021227 0.522250 -0.852528 9.103600 -0.092556 0.848032 0.521800 0.043100 0.000000 0.000000 0.000000 1.000000
0.995481 0.089983 0.030336 -1.865100 -0.021228 0.522250 -0.852528 9.103600 -0.092556 0.848032 0.521800 0.043100 0.000000 0.000000 0.000000 1.000000
0.995481 0.089983 0.030335 -1.865100 -0.021228 0.522250 -0.852528 9.103600 -0.092556 0.848032 0.521800 0.043100 0.000000 0.000000 0.000000 1.000000
0.995481 0.089983 0.030336 -1.865100 -0.021228 0.522250 -0.852528 9.103600 -0.092556 0.848032 0.521800 0.043100 0.000000 0.000000 0.000000 1.000000
0.995481 0.089983 0.030335 -1.865100 -0.021228 0.522249 -0.852529 9.103600 -0.092556 0.848032 0.521800 0.043100 0.000000 0.000000 0.000000 1.000000
0.995481 0.089983 0.030335 -1.865100 -0.021228 0.522250 -0.852528 9.103600 -0.092556 0.848032 0.521800 0.043100 0.000000 0.000000 0.000000 1.000000
0.995481 0.089983 0.030335 -1.865100 -0.021228 0.522250 -0.852528 9.103600 -0.092556 0.848032 0.521800 0.043100 0.000000 0.000000 0.000000 1.000000
0.995481 0.089983 0.030336 -1.865100 -0.021227 0.522250 -0.852528 9.103600 -0.092556 0.848032 0.521800 0.043100 0.000000 0.000000 0.000000 1.000000
0.995481 0.089983 0.030335 -1.865100 -0.021228 0.522250 -0.852528 9.103600 -0.092556 0.848032 0.521800 0.043100 0.000000 0.000000 0.000000 1.000000
0.995481 0.089984 0.030335 -1.865100 -0.021228 0.522250 -0.852528 9.103600 -0.092556 0.848032 0.521800 0.043100 0.000000 0.000000 0.000000 1.000000
0.995481 0.089983 0.030335 -1.865100 -0.021228 0.522249 -0.852529 9.103600 -0.092555 0.848032 0.521800 0.043100 0.000000 0.000000 0.000000 1.000000</float_array>
        <technique_common>
          <accessor source="#mixamorig_RightHandRing1-Matrix-animation-output-transform-array" count="56" stride="16">
            <param type="float4x4"/>
          </accessor>
        </technique_common>
      </source>
      <source id="mixamorig_RightHandRing1-Interpolations">
        <Name_array id="mixamorig_RightHandRing1-Interpolations-array" count="56">
 LINEAR LINEAR LINEAR LINEAR LINEAR LINEAR LINEAR LINEAR LINEAR LINEAR LINEAR
LINEAR LINEAR LINEAR LINEAR LINEAR LINEAR LINEAR LINEAR LINEAR LINEAR LINEAR LINEAR
LINEAR LINEAR LINEAR LINEAR LINEAR LINEAR LINEAR LINEAR LINEAR LINEAR LINEAR LINEAR
LINEAR LINEAR LINEAR LINEAR LINEAR LINEAR LINEAR LINEAR LINEAR LINEAR LINEAR LINEAR
LINEAR LINEAR LINEAR LINEAR LINEAR LINEAR LINEAR LINEAR LINEAR</Name_array>
        <technique_common>
          <accessor source="#mixamorig_RightHandRing1-Interpolations-array" count="56">
            <param type="name"/>
          </accessor>
        </technique_common>
      </source>
      <sampler id="mixamorig_RightHandRing1-Matrix-animation-transform">
        <input semantic="INPUT" source="#mixamorig_RightHandRing1-Matrix-animation-input"/>
        <input semantic="OUTPUT" source="#mixamorig_RightHandRing1-Matrix-animation-output-transform"/>
        <input semantic="INTERPOLATION" source="#mixamorig_RightHandRing1-Interpolations"/>
      </sampler>
      <channel source="#mixamorig_RightHandRing1-Matrix-animation-transform" target="mixamorig_RightHandRing1/matrix"/>
    </animation>
    <animation id="mixamorig_RightHandRing2-anim" name="mixamorig_RightHandRing2">
      <source id="mixamorig_RightHandRing2-Matrix-animation-input">
        <float_array id="mixamorig_RightHandRing2-Matrix-animation-input-array" count="56">

0.000000 0.033333 0.066667 0.100000 0.133333 0.166667 0.200000 0.233333 0.266667 0.300000 0.333333 0.366667 0.400000 0.433333 0.466667 0.500000
0.533333 0.566667 0.600000 0.633333 0.666667 0.700000 0.733333 0.766667 0.800000 0.833333 0.866667 0.900000 0.933333 0.966667 1.000000 1.033333
1.066667 1.100000 1.133333 1.166667 1.200000 1.233333 1.266667 1.300000 1.333333 1.366667 1.400000 1.433333 1.466667 1.500000 1.533333 1.566667
1.600000 1.633333 1.666667 1.700000 1.733333 1.766667 1.800000 1.833333</float_array>
        <technique_common>
          <accessor source="#mixamorig_RightHandRing2-Matrix-animation-input-array" count="56">
            <param name="TIME" type="float"/>
          </accessor>
        </technique_common>
      </source>
      <source id="mixamorig_RightHandRing2-Matrix-animation-output-transform">
        <float_array id="mixamorig_RightHandRing2-Matrix-animation-output-transform-array" count="896">

0.999492 0.029129 -0.012925 0.000000 -0.029097 0.668701 -0.742962 3.379300 -0.012999 0.742961 0.669209 -0.000000 0.000000 0.000000 0.000000 1.000000
0.999492 0.029129 -0.012925 0.000000 -0.029096 0.668701 -0.742962 3.379300 -0.012999 0.742961 0.669209 -0.000000 0.000000 0.000000 0.000000 1.000000
0.999492 0.029129 -0.012926 -0.000000 -0.029097 0.668701 -0.742962 3.379300 -0.012998 0.742961 0.669209 0.000000 0.000000 0.000000 0.000000 1.000000
0.999492 0.029129 -0.012925 -0.000000 -0.029096 0.668701 -0.742962 3.379300 -0.012999 0.742961 0.669209 -0.000000 0.000000 0.000000 0.000000 1.000000
0.999492 0.029129 -0.012925 0.000000 -0.029096 0.668701 -0.742962 3.379300 -0.012999 0.742961 0.669209 0.000000 0.000000 0.000000 0.000000 1.000000
0.999492 0.029129 -0.012925 0.000000 -0.029096 0.668701 -0.742962 3.379300 -0.012998 0.742961 0.669209 0.000000 0.000000 0.000000 0.000000 1.000000
0.999492 0.029129 -0.012926 -0.000000 -0.029097 0.668701 -0.742962 3.379300 -0.012998 0.742961 0.669209 -0.000000 0.000000 0.000000 0.000000 1.000000
0.999492 0.029129 -0.012925 -0.000000 -0.029096 0.668701 -0.742962 3.379300 -0.012999 0.742960 0.669209 0.000000 0.000000 0.000000 0.000000 1.000000
0.999492 0.029128 -0.012925 0.000000 -0.029096 0.668701 -0.742962 3.379300 -0.012998 0.742961 0.669209 0.000000 0.000000 0.000000 0.000000 1.000000
0.999492 0.029129 -0.012925 0.000000 -0.029097 0.668701 -0.742962 3.379300 -0.012999 0.742961 0.669209 0.000000 0.000000 0.000000 0.000000 1.000000
0.999492 0.029129 -0.012926 0.000000 -0.029097 0.668701 -0.742962 3.379300 -0.012998 0.742961 0.669209 0.000000 0.000000 0.000000 0.000000 1.000000
0.999492 0.029129 -0.012925 0.000000 -0.029096 0.668701 -0.742962 3.379300 -0.012999 0.742961 0.669209 0.000000 0.000000 0.000000 0.000000 1.000000
0.999492 0.029129 -0.012925 -0.000000 -0.029096 0.668701 -0.742962 3.379300 -0.012998 0.742961 0.669209 -0.000000 0.000000 0.000000 0.000000 1.000000
0.999492 0.029129 -0.012926 0.000000 -0.029096 0.668701 -0.742962 3.379300 -0.012998 0.742961 0.669209 0.000000 0.000000 0.000000 0.000000 1.000000
0.999492 0.029129 -0.012925 0.000000 -0.029096 0.668701 -0.742962 3.379300 -0.012998 0.742961 0.669209 -0.000000 0.000000 0.000000 0.000000 1.000000
0.999492 0.029129 -0.012925 -0.000000 -0.029096 0.668701 -0.742962 3.379300 -0.012998 0.742960 0.669209 0.000000 0.000000 0.000000 0.000000 1.000000
0.999492 0.029129 -0.012925 0.000000 -0.029096 0.668701 -0.742962 3.379300 -0.012999 0.742961 0.669209 0.000000 0.000000 0.000000 0.000000 1.000000
0.999492 0.029129 -0.012926 0.000000 -0.029097 0.668701 -0.742962 3.379300 -0.012998 0.742961 0.669209 -0.000000 0.000000 0.000000 0.000000 1.000000
0.999492 0.029130 -0.012926 0.000000 -0.029097 0.668701 -0.742962 3.379300 -0.012999 0.742961 0.669209 -0.000000 0.000000 0.000000 0.000000 1.000000
0.999492 0.029129 -0.012926 -0.000000 -0.029097 0.668701 -0.742962 3.379300 -0.012998 0.742960 0.669209 -0.000000 0.000000 0.000000 0.000000 1.000000
0.999492 0.029129 -0.012925 0.000000 -0.029097 0.668701 -0.742962 3.379300 -0.012999 0.742961 0.669209 0.000000 0.000000 0.000000 0.000000 1.000000
0.999492 0.029129 -0.012926 0.000000 -0.029097 0.668701 -0.742962 3.379300 -0.012998 0.742961 0.669209 0.000000 0.000000 0.000000 0.000000 1.000000
0.999492 0.029129 -0.012926 0.000000 -0.029097 0.668701 -0.742962 3.379300 -0.012998 0.742961 0.669209 0.000000 0.000000 0.000000 0.000000 1.000000
0.999492 0.029129 -0.012925 -0.000000 -0.029096 0.668701 -0.742962 3.379300 -0.012999 0.742961 0.669209 0.000000 0.000000 0.000000 0.000000 1.000000
0.999492 0.029129 -0.012925 -0.000000 -0.029096 0.668701 -0.742962 3.379300 -0.012999 0.742961 0.669209 0.000000 0.000000 0.000000 0.000000 1.000000
0.999492 0.029129 -0.012925 0.000000 -0.029096 0.668701 -0.742962 3.379300 -0.012998 0.742961 0.669209 -0.000000 0.000000 0.000000 0.000000 1.000000
0.999492 0.029129 -0.012925 -0.000000 -0.029096 0.668701 -0.742962 3.379300 -0.012998 0.742960 0.669209 0.000000 0.000000 0.000000 0.000000 1.000000
0.999492 0.029129 -0.012925 0.000000 -0.029096 0.668701 -0.742962 3.379300 -0.012998 0.742961 0.669209 -0.000000 0.000000 0.000000 0.000000 1.000000
0.999492 0.029129 -0.012925 0.000000 -0.029096 0.668701 -0.742962 3.379300 -0.012998 0.742960 0.669209 0.000000 0.000000 0.000000 0.000000 1.000000
0.999492 0.029129 -0.012926 -0.000000 -0.029097 0.668701 -0.742962 3.379300 -0.012998 0.742961 0.669209 -0.000000 0.000000 0.000000 0.000000 1.000000
0.999492 0.029129 -0.012925 0.000000 -0.029096 0.668701 -0.742962 3.379300 -0.012999 0.742961 0.669209 0.000000 0.000000 0.000000 0.000000 1.000000
0.999492 0.029129 -0.012925 0.000000 -0.029096 0.668701 -0.742962 3.379300 -0.012999 0.742961 0.669209 -0.000000 0.000000 0.000000 0.000000 1.000000
0.999492 0.029129 -0.012925 0.000000 -0.029097 0.668701 -0.742962 3.379300 -0.012999 0.742961 0.669209 0.000000 0.000000 0.000000 0.000000 1.000000
0.999492 0.029129 -0.012925 -0.000000 -0.029096 0.668701 -0.742962 3.379300 -0.012998 0.742961 0.669209 0.000000 0.000000 0.000000 0.000000 1.000000
0.999492 0.029129 -0.012925 -0.000000 -0.029096 0.668701 -0.742962 3.379300 -0.012998 0.742960 0.669209 0.000000 0.000000 0.000000 0.000000 1.000000
0.999492 0.029128 -0.012925 0.000000 -0.029096 0.668701 -0.742962 3.379300 -0.012998 0.742961 0.669209 0.000000 0.000000 0.000000 0.000000 1.000000
0.999492 0.029129 -0.012925 0.000000 -0.029096 0.668701 -0.742962 3.379300 -0.012999 0.742960 0.669209 -0.000000 0.000000 0.000000 0.000000 1.000000
0.999492 0.029129 -0.012925 0.000000 -0.029096 0.668701 -0.742962 3.379300 -0.012998 0.742961 0.669209 0.000000 0.000000 0.000000 0.000000 1.000000
0.999492 0.029129 -0.012925 0.000000 -0.029096 0.668701 -0.742962 3.379300 -0.012999 0.742961 0.669209 0.000000 0.000000 0.000000 0.000000 1.000000
0.999492 0.029129 -0.012925 0.000000 -0.029096 0.668701 -0.742962 3.379300 -0.012999 0.742961 0.669209 0.000000 0.000000 0.000000 0.000000 1.000000
0.999492 0.029129 -0.012925 0.000000 -0.029096 0.668701 -0.742962 3.379300 -0.012999 0.742960 0.669209 -0.000000 0.000000 0.000000 0.000000 1.000000
0.999492 0.029129 -0.012925 0.000000 -0.029096 0.668701 -0.742962 3.379300 -0.012999 0.742961 0.669209 0.000000 0.000000 0.000000 0.000000 1.000000
0.999492 0.029129 -0.012925 0.000000 -0.029096 0.668701 -0.742962 3.379300 -0.012999 0.742961 0.669209 0.000000 0.000000 0.000000 0.000000 1.000000
0.999492 0.029129 -0.012925 0.000000 -0.029096 0.668701 -0.742962 3.379300 -0.012998 0.742960 0.669209 0.000000 0.000000 0.000000 0.000000 1.000000
0.999492 0.029129 -0.012925 0.000000 -0.029096 0.668701 -0.742962 3.379300 -0.012999 0.742961 0.669209 0.000000 0.000000 0.000000 0.000000 1.000000
0.999492 0.029129 -0.012925 0.000000 -0.029096 0.668701 -0.742962 3.379300 -0.012998 0.742961 0.669209 0.000000 0.000000 0.000000 0.000000 1.000000
0.999492 0.029129 -0.012926 0.000000 -0.029097 0.668701 -0.742962 3.379300 -0.012998 0.742961 0.669209 0.000000 0.000000 0.000000 0.000000 1.000000
0.999492 0.029129 -0.012925 -0.000000 -0.029096 0.668701 -0.742962 3.379300 -0.012999 0.742960 0.669209 0.000000 0.000000 0.000000 0.000000 1.000000
0.999492 0.029129 -0.012925 0.000000 -0.029096 0.668701 -0.742962 3.379300 -0.012999 0.742961 0.669209 -0.000000 0.000000 0.000000 0.000000 1.000000
0.999492 0.029129 -0.012925 0.000000 -0.029096 0.668701 -0.742962 3.379300 -0.012999 0.742961 0.669209 0.000000 0.000000 0.000000 0.000000 1.000000
0.999492 0.029129 -0.012925 0.000000 -0.029096 0.668701 -0.742962 3.379300 -0.012999 0.742961 0.669209 0.000000 0.000000 0.000000 0.000000 1.000000
0.999492 0.029129 -0.012925 -0.000000 -0.029096 0.668701 -0.742962 3.379300 -0.012999 0.742961 0.669209 0.000000 0.000000 0.000000 0.000000 1.000000
0.999492 0.029129 -0.012925 0.000000 -0.029097 0.668701 -0.742962 3.379300 -0.012999 0.742961 0.669209 0.000000 0.000000 0.000000 0.000000 1.000000
0.999492 0.029129 -0.012925 -0.000000 -0.029096 0.668701 -0.742962 3.379300 -0.012999 0.742961 0.669209 -0.000000 0.000000 0.000000 0.000000 1.000000
0.999492 0.029129 -0.012925 0.000000 -0.029096 0.668701 -0.742962 3.379300 -0.012999 0.742960 0.669209 0.000000 0.000000 0.000000 0.000000 1.000000
0.999492 0.029129 -0.012925 -0.000000 -0.029097 0.668701 -0.742962 3.379300 -0.012999 0.742961 0.669209 0.000000 0.000000 0.000000 0.000000 1.000000</float_array>
        <technique_common>
          <accessor source="#mixamorig_RightHandRing2-Matrix-animation-output-transform-array" count="56" stride="16">
            <param type="float4x4"/>
          </accessor>
        </technique_common>
      </source>
      <source id="mixamorig_RightHandRing2-Interpolations">
        <Name_array id="mixamorig_RightHandRing2-Interpolations-array" count="56">
 LINEAR LINEAR LINEAR LINEAR LINEAR LINEAR LINEAR LINEAR LINEAR LINEAR LINEAR
LINEAR LINEAR LINEAR LINEAR LINEAR LINEAR LINEAR LINEAR LINEAR LINEAR LINEAR LINEAR
LINEAR LINEAR LINEAR LINEAR LINEAR LINEAR LINEAR LINEAR LINEAR LINEAR LINEAR LINEAR
LINEAR LINEAR LINEAR LINEAR LINEAR LINEAR LINEAR LINEAR LINEAR LINEAR LINEAR LINEAR
LINEAR LINEAR LINEAR LINEAR LINEAR LINEAR LINEAR LINEAR LINEAR</Name_array>
        <technique_common>
          <accessor source="#mixamorig_RightHandRing2-Interpolations-array" count="56">
            <param type="name"/>
          </accessor>
        </technique_common>
      </source>
      <sampler id="mixamorig_RightHandRing2-Matrix-animation-transform">
        <input semantic="INPUT" source="#mixamorig_RightHandRing2-Matrix-animation-input"/>
        <input semantic="OUTPUT" source="#mixamorig_RightHandRing2-Matrix-animation-output-transform"/>
        <input semantic="INTERPOLATION" source="#mixamorig_RightHandRing2-Interpolations"/>
      </sampler>
      <channel source="#mixamorig_RightHandRing2-Matrix-animation-transform" target="mixamorig_RightHandRing2/matrix"/>
    </animation>
    <animation id="mixamorig_RightHandRing3-anim" name="mixamorig_RightHandRing3">
      <source id="mixamorig_RightHandRing3-Matrix-animation-input">
        <float_array id="mixamorig_RightHandRing3-Matrix-animation-input-array" count="56">

0.000000 0.033333 0.066667 0.100000 0.133333 0.166667 0.200000 0.233333 0.266667 0.300000 0.333333 0.366667 0.400000 0.433333 0.466667 0.500000
0.533333 0.566667 0.600000 0.633333 0.666667 0.700000 0.733333 0.766667 0.800000 0.833333 0.866667 0.900000 0.933333 0.966667 1.000000 1.033333
1.066667 1.100000 1.133333 1.166667 1.200000 1.233333 1.266667 1.300000 1.333333 1.366667 1.400000 1.433333 1.466667 1.500000 1.533333 1.566667
1.600000 1.633333 1.666667 1.700000 1.733333 1.766667 1.800000 1.833333</float_array>
        <technique_common>
          <accessor source="#mixamorig_RightHandRing3-Matrix-animation-input-array" count="56">
            <param name="TIME" type="float"/>
          </accessor>
        </technique_common>
      </source>
      <source id="mixamorig_RightHandRing3-Matrix-animation-output-transform">
        <float_array id="mixamorig_RightHandRing3-Matrix-animation-output-transform-array" count="896">

0.999383 0.030503 -0.017427 0.000000 -0.032115 0.592178 -0.805167 2.889700 -0.014240 0.805230 0.592792 0.000000 0.000000 0.000000 0.000000 1.000000
0.999383 0.030503 -0.017427 0.000000 -0.032115 0.592178 -0.805167 2.889700 -0.014240 0.805230 0.592792 0.000000 0.000000 0.000000 0.000000 1.000000
0.999383 0.030503 -0.017428 -0.000000 -0.032115 0.592178 -0.805167 2.889700 -0.014240 0.805230 0.592792 0.000000 0.000000 0.000000 0.000000 1.000000
0.999383 0.030503 -0.017428 0.000000 -0.032115 0.592178 -0.805167 2.889700 -0.014240 0.805230 0.592792 0.000000 0.000000 0.000000 0.000000 1.000000
0.999383 0.030503 -0.017427 -0.000000 -0.032115 0.592178 -0.805167 2.889700 -0.014240 0.805230 0.592792 0.000000 0.000000 0.000000 0.000000 1.000000
0.999383 0.030504 -0.017427 0.000000 -0.032115 0.592178 -0.805167 2.889700 -0.014241 0.805230 0.592792 0.000000 0.000000 0.000000 0.000000 1.000000
0.999383 0.030503 -0.017427 0.000000 -0.032115 0.592178 -0.805167 2.889700 -0.014240 0.805230 0.592792 0.000000 0.000000 0.000000 0.000000 1.000000
0.999383 0.030503 -0.017428 0.000000 -0.032115 0.592178 -0.805167 2.889700 -0.014240 0.805230 0.592792 0.000000 0.000000 0.000000 0.000000 1.000000
0.999383 0.030503 -0.017427 -0.000000 -0.032115 0.592178 -0.805167 2.889700 -0.014240 0.805230 0.592792 0.000000 0.000000 0.000000 0.000000 1.000000
0.999383 0.030503 -0.017427 0.000000 -0.032115 0.592178 -0.805167 2.889700 -0.014240 0.805230 0.592792 -0.000000 0.000000 0.000000 0.000000 1.000000
0.999383 0.030503 -0.017427 0.000000 -0.032115 0.592178 -0.805167 2.889700 -0.014240 0.805230 0.592792 0.000000 0.000000 0.000000 0.000000 1.000000
0.999383 0.030503 -0.017427 0.000000 -0.032115 0.592178 -0.805167 2.889700 -0.014240 0.805230 0.592792 -0.000000 0.000000 0.000000 0.000000 1.000000
0.999383 0.030503 -0.017427 0.000000 -0.032115 0.592178 -0.805167 2.889700 -0.014240 0.805230 0.592792 0.000000 0.000000 0.000000 0.000000 1.000000
0.999383 0.030504 -0.017427 0.000000 -0.032115 0.592178 -0.805167 2.889700 -0.014240 0.805230 0.592792 -0.000000 0.000000 0.000000 0.000000 1.000000
0.999383 0.030503 -0.017427 -0.000000 -0.032115 0.592178 -0.805167 2.889700 -0.014241 0.805229 0.592792 -0.000000 0.000000 0.000000 0.000000 1.000000
0.999383 0.030503 -0.017428 0.000000 -0.032115 0.592178 -0.805167 2.889700 -0.014240 0.805230 0.592792 0.000000 0.000000 0.000000 0.000000 1.000000
0.999383 0.030503 -0.017427 0.000000 -0.032115 0.592178 -0.805167 2.889700 -0.014240 0.805230 0.592792 -0.000000 0.000000 0.000000 0.000000 1.000000
0.999383 0.030504 -0.017427 0.000000 -0.032115 0.592178 -0.805167 2.889700 -0.014241 0.805230 0.592792 0.000000 0.000000 0.000000 0.000000 1.000000
0.999383 0.030503 -0.017427 0.000000 -0.032114 0.592178 -0.805167 2.889700 -0.014240 0.805230 0.592792 0.000000 0.000000 0.000000 0.000000 1.000000
0.999383 0.030503 -0.017427 0.000000 -0.032115 0.592178 -0.805167 2.889700 -0.014240 0.805230 0.592792 0.000000 0.000000 0.000000 0.000000 1.000000
0.999383 0.030503 -0.017427 -0.000000 -0.032115 0.592178 -0.805167 2.889700 -0.014240 0.805230 0.592792 0.000000 0.000000 0.000000 0.000000 1.000000
0.999383 0.030503 -0.017427 0.000000 -0.032115 0.592178 -0.805167 2.889700 -0.014240 0.805230 0.592792 0.000000 0.000000 0.000000 0.000000 1.000000
0.999383 0.030503 -0.017428 0.000000 -0.032115 0.592178 -0.805167 2.889700 -0.014240 0.805230 0.592792 -0.000000 0.000000 0.000000 0.000000 1.000000
0.999383 0.030503 -0.017427 0.000000 -0.032115 0.592178 -0.805167 2.889700 -0.014241 0.805229 0.592792 0.000000 0.000000 0.000000 0.000000 1.000000
0.999383 0.030503 -0.017427 0.000000 -0.032115 0.592178 -0.805167 2.889700 -0.014240 0.805230 0.592792 -0.000000 0.000000 0.000000 0.000000 1.000000
0.999383 0.030503 -0.017427 0.000000 -0.032115 0.592178 -0.805167 2.889700 -0.014240 0.805230 0.592792 0.000000 0.000000 0.000000 0.000000 1.000000
0.999383 0.030503 -0.017427 0.000000 -0.032115 0.592178 -0.805167 2.889700 -0.014240 0.805230 0.592792 0.000000 0.000000 0.000000 0.000000 1.000000
0.999383 0.030503 -0.017427 0.000000 -0.032115 0.592178 -0.805167 2.889700 -0.014240 0.805230 0.592792 0.000000 0.000000 0.000000 0.000000 1.000000
0.999383 0.030503 -0.017427 0.000000 -0.032115 0.592178 -0.805167 2.889700 -0.014240 0.805230 0.592792 0.000000 0.000000 0.000000 0.000000 1.000000
0.999383 0.030503 -0.017427 0.000000 -0.032115 0.592178 -0.805167 2.889700 -0.014241 0.805230 0.592792 0.000000 0.000000 0.000000 0.000000 1.000000
0.999383 0.030503 -0.017427 0.000000 -0.032115 0.592178 -0.805167 2.889700 -0.014240 0.805230 0.592792 0.000000 0.000000 0.000000 0.000000 1.000000
0.999383 0.030503 -0.017427 0.000000 -0.032115 0.592178 -0.805167 2.889700 -0.014240 0.805230 0.592792 0.000000 0.000000 0.000000 0.000000 1.000000
0.999383 0.030503 -0.017426 -0.000000 -0.032114 0.592178 -0.805167 2.889700 -0.014240 0.805230 0.592792 0.000000 0.000000 0.000000 0.000000 1.000000
0.999383 0.030503 -0.017427 0.000000 -0.032115 0.592178 -0.805167 2.889700 -0.014240 0.805230 0.592792 -0.000000 0.000000 0.000000 0.000000 1.000000
0.999383 0.030503 -0.017427 0.000000 -0.032114 0.592178 -0.805167 2.889700 -0.014240 0.805230 0.592792 0.000000 0.000000 0.000000 0.000000 1.000000
0.999383 0.030504 -0.017427 0.000000 -0.032115 0.592178 -0.805167 2.889700 -0.014241 0.805230 0.592792 0.000000 0.000000 0.000000 0.000000 1.000000
0.999383 0.030503 -0.017427 0.000000 -0.032114 0.592178 -0.805167 2.889700 -0.014240 0.805230 0.592792 0.000000 0.000000 0.000000 0.000000 1.000000
0.999383 0.030504 -0.017427 -0.000000 -0.032115 0.592178 -0.805167 2.889700 -0.014240 0.805230 0.592792 -0.000000 0.000000 0.000000 0.000000 1.000000
0.999383 0.030503 -0.017427 -0.000000 -0.032115 0.592178 -0.805167 2.889700 -0.014240 0.805230 0.592792 0.000000 0.000000 0.000000 0.000000 1.000000
0.999383 0.030503 -0.017427 0.000000 -0.032115 0.592178 -0.805167 2.889700 -0.014240 0.805230 0.592792 0.000000 0.000000 0.000000 0.000000 1.000000
0.999383 0.030503 -0.017427 0.000000 -0.032115 0.592178 -0.805167 2.889700 -0.014240 0.805230 0.592792 0.000000 0.000000 0.000000 0.000000 1.000000
0.999383 0.030503 -0.017428 0.000000 -0.032115 0.592178 -0.805167 2.889700 -0.014240 0.805230 0.592792 -0.000000 0.000000 0.000000 0.000000 1.000000
0.999383 0.030503 -0.017427 -0.000000 -0.032115 0.592178 -0.805167 2.889700 -0.014240 0.805230 0.592792 0.000000 0.000000 0.000000 0.000000 1.000000
0.999383 0.030503 -0.017427 0.000000 -0.032115 0.592178 -0.805167 2.889700 -0.014240 0.805230 0.592792 -0.000000 0.000000 0.000000 0.000000 1.000000
0.999383 0.030503 -0.017427 0.000000 -0.032115 0.592178 -0.805167 2.889700 -0.014240 0.805230 0.592792 0.000000 0.000000 0.000000 0.000000 1.000000
0.999383 0.030503 -0.017427 0.000000 -0.032115 0.592178 -0.805167 2.889700 -0.014240 0.805230 0.592792 -0.000000 0.000000 0.000000 0.000000 1.000000
0.999383 0.030503 -0.017427 0.000000 -0.032115 0.592178 -0.805167 2.889700 -0.014240 0.805230 0.592792 0.000000 0.000000 0.000000 0.000000 1.000000
0.999383 0.030503 -0.017427 0.000000 -0.032115 0.592178 -0.805167 2.889700 -0.014240 0.805230 0.592792 0.000000 0.000000 0.000000 0.000000 1.000000
0.999383 0.030503 -0.017427 -0.000000 -0.032115 0.592178 -0.805167 2.889700 -0.014240 0.805230 0.592792 0.000000 0.000000 0.000000 0.000000 1.000000
0.999383 0.030503 -0.017427 0.000000 -0.032115 0.592178 -0.805167 2.889700 -0.014240 0.805229 0.592792 -0.000000 0.000000 0.000000 0.000000 1.000000
0.999383 0.030503 -0.017427 0.000000 -0.032115 0.592178 -0.805167 2.889700 -0.014240 0.805230 0.592792 -0.000000 0.000000 0.000000 0.000000 1.000000
0.999383 0.030503 -0.017427 0.000000 -0.032115 0.592178 -0.805167 2.889700 -0.014240 0.805230 0.592792 -0.000000 0.000000 0.000000 0.000000 1.000000
0.999383 0.030503 -0.017427 0.000000 -0.032115 0.592178 -0.805167 2.889700 -0.014240 0.805230 0.592792 -0.000000 0.000000 0.000000 0.000000 1.000000
0.999383 0.030503 -0.017427 0.000000 -0.032115 0.592178 -0.805167 2.889700 -0.014240 0.805230 0.592792 0.000000 0.000000 0.000000 0.000000 1.000000
0.999383 0.030503 -0.017427 0.000000 -0.032115 0.592178 -0.805167 2.889700 -0.014240 0.805230 0.592792 0.000000 0.000000 0.000000 0.000000 1.000000
0.999383 0.030503 -0.017427 0.000000 -0.032115 0.592178 -0.805167 2.889700 -0.014240 0.805230 0.592792 0.000000 0.000000 0.000000 0.000000 1.000000</float_array>
        <technique_common>
          <accessor source="#mixamorig_RightHandRing3-Matrix-animation-output-transform-array" count="56" stride="16">
            <param type="float4x4"/>
          </accessor>
        </technique_common>
      </source>
      <source id="mixamorig_RightHandRing3-Interpolations">
        <Name_array id="mixamorig_RightHandRing3-Interpolations-array" count="56">
 LINEAR LINEAR LINEAR LINEAR LINEAR LINEAR LINEAR LINEAR LINEAR LINEAR LINEAR
LINEAR LINEAR LINEAR LINEAR LINEAR LINEAR LINEAR LINEAR LINEAR LINEAR LINEAR LINEAR
LINEAR LINEAR LINEAR LINEAR LINEAR LINEAR LINEAR LINEAR LINEAR LINEAR LINEAR LINEAR
LINEAR LINEAR LINEAR LINEAR LINEAR LINEAR LINEAR LINEAR LINEAR LINEAR LINEAR LINEAR
LINEAR LINEAR LINEAR LINEAR LINEAR LINEAR LINEAR LINEAR LINEAR</Name_array>
        <technique_common>
          <accessor source="#mixamorig_RightHandRing3-Interpolations-array" count="56">
            <param type="name"/>
          </accessor>
        </technique_common>
      </source>
      <sampler id="mixamorig_RightHandRing3-Matrix-animation-transform">
        <input semantic="INPUT" source="#mixamorig_RightHandRing3-Matrix-animation-input"/>
        <input semantic="OUTPUT" source="#mixamorig_RightHandRing3-Matrix-animation-output-transform"/>
        <input semantic="INTERPOLATION" source="#mixamorig_RightHandRing3-Interpolations"/>
      </sampler>
      <channel source="#mixamorig_RightHandRing3-Matrix-animation-transform" target="mixamorig_RightHandRing3/matrix"/>
    </animation>
    <animation id="mixamorig_RightHandPinky1-anim" name="mixamorig_RightHandPinky1">
      <source id="mixamorig_RightHandPinky1-Matrix-animation-input">
        <float_array id="mixamorig_RightHandPinky1-Matrix-animation-input-array" count="56">

0.000000 0.033333 0.066667 0.100000 0.133333 0.166667 0.200000 0.233333 0.266667 0.300000 0.333333 0.366667 0.400000 0.433333 0.466667 0.500000
0.533333 0.566667 0.600000 0.633333 0.666667 0.700000 0.733333 0.766667 0.800000 0.833333 0.866667 0.900000 0.933333 0.966667 1.000000 1.033333
1.066667 1.100000 1.133333 1.166667 1.200000 1.233333 1.266667 1.300000 1.333333 1.366667 1.400000 1.433333 1.466667 1.500000 1.533333 1.566667
1.600000 1.633333 1.666667 1.700000 1.733333 1.766667 1.800000 1.833333</float_array>
        <technique_common>
          <accessor source="#mixamorig_RightHandPinky1-Matrix-animation-input-array" count="56">
            <param name="TIME" type="float"/>
          </accessor>
        </technique_common>
      </source>
      <source id="mixamorig_RightHandPinky1-Matrix-animation-output-transform">
        <float_array id="mixamorig_RightHandPinky1-Matrix-animation-output-transform-array" count="896">

0.977611 -0.010421 0.210162 -3.806300 0.162924 0.669554 -0.724674 8.076700 -0.133163 0.742690 0.656262 0.486700 0.000000 0.000000 0.000000 1.000000
0.977611 -0.010421 0.210163 -3.806300 0.162925 0.669554 -0.724675 8.076700 -0.133163 0.742690 0.656261 0.486700 0.000000 0.000000 0.000000 1.000000
0.977611 -0.010421 0.210163 -3.806300 0.162925 0.669555 -0.724674 8.076700 -0.133164 0.742690 0.656262 0.486700 0.000000 0.000000 0.000000 1.000000
0.977611 -0.010421 0.210163 -3.806300 0.162925 0.669554 -0.724674 8.076700 -0.133164 0.742690 0.656261 0.486700 0.000000 0.000000 0.000000 1.000000
0.977611 -0.010421 0.210163 -3.806300 0.162924 0.669555 -0.724674 8.076700 -0.133164 0.742690 0.656262 0.486700 0.000000 0.000000 0.000000 1.000000
0.977611 -0.010421 0.210163 -3.806300 0.162925 0.669554 -0.724674 8.076700 -0.133164 0.742690 0.656261 0.486700 0.000000 0.000000 0.000000 1.000000
0.977611 -0.010421 0.210163 -3.806300 0.162925 0.669555 -0.724673 8.076700 -0.133164 0.742689 0.656262 0.486700 0.000000 0.000000 0.000000 1.000000
0.977611 -0.010421 0.210163 -3.806300 0.162925 0.669555 -0.724674 8.076700 -0.133163 0.742690 0.656262 0.486700 0.000000 0.000000 0.000000 1.000000
0.977611 -0.010421 0.210162 -3.806300 0.162924 0.669555 -0.724674 8.076700 -0.133164 0.742690 0.656262 0.486700 0.000000 0.000000 0.000000 1.000000
0.977611 -0.010421 0.210163 -3.806300 0.162925 0.669555 -0.724674 8.076700 -0.133164 0.742690 0.656262 0.486700 0.000000 0.000000 0.000000 1.000000
0.977611 -0.010421 0.210163 -3.806300 0.162925 0.669555 -0.724674 8.076700 -0.133163 0.742690 0.656262 0.486700 0.000000 0.000000 0.000000 1.000000
0.977611 -0.010421 0.210163 -3.806300 0.162925 0.669554 -0.724674 8.076700 -0.133163 0.742690 0.656262 0.486700 0.000000 0.000000 0.000000 1.000000
0.977611 -0.010421 0.210163 -3.806300 0.162924 0.669555 -0.724674 8.076700 -0.133164 0.742690 0.656262 0.486700 0.000000 0.000000 0.000000 1.000000
0.977611 -0.010421 0.210163 -3.806300 0.162925 0.669554 -0.724674 8.076700 -0.133164 0.742690 0.656261 0.486700 0.000000 0.000000 0.000000 1.000000
0.977611 -0.010421 0.210163 -3.806300 0.162925 0.669554 -0.724674 8.076700 -0.133164 0.742690 0.656262 0.486700 0.000000 0.000000 0.000000 1.000000
0.977611 -0.010421 0.210163 -3.806300 0.162925 0.669555 -0.724674 8.076700 -0.133164 0.742690 0.656262 0.486700 0.000000 0.000000 0.000000 1.000000
0.977611 -0.010421 0.210163 -3.806300 0.162925 0.669554 -0.724674 8.076700 -0.133164 0.742690 0.656262 0.486700 0.000000 0.000000 0.000000 1.000000
0.977611 -0.010421 0.210163 -3.806300 0.162925 0.669554 -0.724674 8.076700 -0.133164 0.742690 0.656261 0.486700 0.000000 0.000000 0.000000 1.000000
0.977611 -0.010421 0.210162 -3.806300 0.162924 0.669554 -0.724674 8.076700 -0.133163 0.742690 0.656262 0.486700 0.000000 0.000000 0.000000 1.000000
0.977611 -0.010421 0.210163 -3.806300 0.162925 0.669554 -0.724674 8.076700 -0.133163 0.742690 0.656262 0.486700 0.000000 0.000000 0.000000 1.000000
0.977611 -0.010421 0.210163 -3.806300 0.162925 0.669555 -0.724674 8.076700 -0.133163 0.742690 0.656262 0.486700 0.000000 0.000000 0.000000 1.000000
0.977611 -0.010421 0.210163 -3.806300 0.162925 0.669554 -0.724674 8.076700 -0.133164 0.742690 0.656261 0.486700 0.000000 0.000000 0.000000 1.000000
0.977611 -0.010421 0.210163 -3.806300 0.162925 0.669555 -0.724674 8.076700 -0.133163 0.742690 0.656262 0.486700 0.000000 0.000000 0.000000 1.000000
0.977611 -0.010421 0.210163 -3.806300 0.162925 0.669555 -0.724674 8.076700 -0.133163 0.742690 0.656262 0.486700 0.000000 0.000000 0.000000 1.000000
0.977611 -0.010421 0.210163 -3.806300 0.162925 0.669554 -0.724674 8.076700 -0.133164 0.742690 0.656261 0.486700 0.000000 0.000000 0.000000 1.000000
0.977611 -0.010421 0.210163 -3.806300 0.162925 0.669555 -0.724674 8.076700 -0.133164 0.742690 0.656262 0.486700 0.000000 0.000000 0.000000 1.000000
0.977611 -0.010421 0.210163 -3.806300 0.162925 0.669554 -0.724674 8.076700 -0.133164 0.742690 0.656261 0.486700 0.000000 0.000000 0.000000 1.000000
0.977611 -0.010421 0.210163 -3.806300 0.162925 0.669554 -0.724674 8.076700 -0.133164 0.742690 0.656261 0.486700 0.000000 0.000000 0.000000 1.000000
0.977611 -0.010421 0.210163 -3.806300 0.162925 0.669554 -0.724674 8.076700 -0.133163 0.742690 0.656262 0.486700 0.000000 0.000000 0.000000 1.000000
0.977611 -0.010421 0.210162 -3.806300 0.162924 0.669555 -0.724674 8.076700 -0.133164 0.742690 0.656262 0.486700 0.000000 0.000000 0.000000 1.000000
0.977611 -0.010421 0.210163 -3.806300 0.162925 0.669555 -0.724674 8.076700 -0.133164 0.742690 0.656262 0.486700 0.000000 0.000000 0.000000 1.000000
0.977611 -0.010421 0.210163 -3.806300 0.162925 0.669554 -0.724674 8.076700 -0.133164 0.742690 0.656261 0.486700 0.000000 0.000000 0.000000 1.000000
0.977611 -0.010421 0.210163 -3.806300 0.162925 0.669555 -0.724674 8.076700 -0.133164 0.742690 0.656262 0.486700 0.000000 0.000000 0.000000 1.000000
0.977611 -0.010421 0.210163 -3.806300 0.162925 0.669554 -0.724674 8.076700 -0.133163 0.742690 0.656261 0.486700 0.000000 0.000000 0.000000 1.000000
0.977611 -0.010421 0.210163 -3.806300 0.162925 0.669554 -0.724674 8.076700 -0.133164 0.742690 0.656261 0.486700 0.000000 0.000000 0.000000 1.000000
0.977611 -0.010421 0.210163 -3.806300 0.162925 0.669555 -0.724674 8.076700 -0.133164 0.742690 0.656262 0.486700 0.000000 0.000000 0.000000 1.000000
0.977611 -0.010421 0.210163 -3.806300 0.162925 0.669554 -0.724674 8.076700 -0.133164 0.742690 0.656262 0.486700 0.000000 0.000000 0.000000 1.000000
0.977611 -0.010421 0.210163 -3.806300 0.162925 0.669554 -0.724674 8.076700 -0.133164 0.742690 0.656261 0.486700 0.000000 0.000000 0.000000 1.000000
0.977611 -0.010421 0.210163 -3.806300 0.162925 0.669554 -0.724674 8.076700 -0.133163 0.742690 0.656261 0.486700 0.000000 0.000000 0.000000 1.000000
0.977611 -0.010421 0.210163 -3.806300 0.162925 0.669555 -0.724674 8.076700 -0.133164 0.742690 0.656262 0.486700 0.000000 0.000000 0.000000 1.000000
0.977611 -0.010421 0.210163 -3.806300 0.162925 0.669555 -0.724674 8.076700 -0.133164 0.742690 0.656262 0.486700 0.000000 0.000000 0.000000 1.000000
0.977611 -0.010421 0.210163 -3.806300 0.162925 0.669554 -0.724674 8.076700 -0.133163 0.742690 0.656261 0.486700 0.000000 0.000000 0.000000 1.000000
0.977611 -0.010421 0.210163 -3.806300 0.162925 0.669554 -0.724674 8.076700 -0.133164 0.742690 0.656261 0.486700 0.000000 0.000000 0.000000 1.000000
0.977611 -0.010421 0.210163 -3.806300 0.162925 0.669555 -0.724674 8.076700 -0.133164 0.742690 0.656262 0.486700 0.000000 0.000000 0.000000 1.000000
0.977611 -0.010421 0.210163 -3.806300 0.162924 0.669554 -0.724674 8.076700 -0.133163 0.742690 0.656261 0.486700 0.000000 0.000000 0.000000 1.000000
0.977611 -0.010421 0.210163 -3.806300 0.162924 0.669555 -0.724674 8.076700 -0.133164 0.742690 0.656262 0.486700 0.000000 0.000000 0.000000 1.000000
0.977611 -0.010421 0.210163 -3.806300 0.162924 0.669555 -0.724674 8.076700 -0.133164 0.742690 0.656262 0.486700 0.000000 0.000000 0.000000 1.000000
0.977611 -0.010421 0.210163 -3.806300 0.162925 0.669554 -0.724674 8.076700 -0.133163 0.742690 0.656261 0.486700 0.000000 0.000000 0.000000 1.000000
0.977611 -0.010421 0.210163 -3.806300 0.162925 0.669554 -0.724674 8.076700 -0.133164 0.742690 0.656261 0.486700 0.000000 0.000000 0.000000 1.000000
0.977611 -0.010421 0.210163 -3.806300 0.162925 0.669554 -0.724674 8.076700 -0.133163 0.742690 0.656262 0.486700 0.000000 0.000000 0.000000 1.000000
0.977611 -0.010421 0.210163 -3.806300 0.162925 0.669555 -0.724674 8.076700 -0.133164 0.742690 0.656262 0.486700 0.000000 0.000000 0.000000 1.000000
0.977611 -0.010421 0.210163 -3.806300 0.162925 0.669554 -0.724674 8.076700 -0.133163 0.742690 0.656261 0.486700 0.000000 0.000000 0.000000 1.000000
0.977611 -0.010421 0.210163 -3.806300 0.162925 0.669554 -0.724674 8.076700 -0.133163 0.742690 0.656262 0.486700 0.000000 0.000000 0.000000 1.000000
0.977611 -0.010421 0.210163 -3.806300 0.162925 0.669554 -0.724674 8.076700 -0.133163 0.742690 0.656261 0.486700 0.000000 0.000000 0.000000 1.000000
0.977611 -0.010421 0.210163 -3.806300 0.162925 0.669554 -0.724674 8.076700 -0.133163 0.742690 0.656261 0.486700 0.000000 0.000000 0.000000 1.000000
0.977611 -0.010421 0.210163 -3.806300 0.162925 0.669555 -0.724674 8.076700 -0.133164 0.742690 0.656262 0.486700 0.000000 0.000000 0.000000 1.000000</float_array>
        <technique_common>
          <accessor source="#mixamorig_RightHandPinky1-Matrix-animation-output-transform-array" count="56" stride="16">
            <param type="float4x4"/>
          </accessor>
        </technique_common>
      </source>
      <source id="mixamorig_RightHandPinky1-Interpolations">
        <Name_array id="mixamorig_RightHandPinky1-Interpolations-array" count="56">
 LINEAR LINEAR LINEAR LINEAR LINEAR LINEAR LINEAR LINEAR LINEAR LINEAR LINEAR
LINEAR LINEAR LINEAR LINEAR LINEAR LINEAR LINEAR LINEAR LINEAR LINEAR LINEAR LINEAR
LINEAR LINEAR LINEAR LINEAR LINEAR LINEAR LINEAR LINEAR LINEAR LINEAR LINEAR LINEAR
LINEAR LINEAR LINEAR LINEAR LINEAR LINEAR LINEAR LINEAR LINEAR LINEAR LINEAR LINEAR
LINEAR LINEAR LINEAR LINEAR LINEAR LINEAR LINEAR LINEAR LINEAR</Name_array>
        <technique_common>
          <accessor source="#mixamorig_RightHandPinky1-Interpolations-array" count="56">
            <param type="name"/>
          </accessor>
        </technique_common>
      </source>
      <sampler id="mixamorig_RightHandPinky1-Matrix-animation-transform">
        <input semantic="INPUT" source="#mixamorig_RightHandPinky1-Matrix-animation-input"/>
        <input semantic="OUTPUT" source="#mixamorig_RightHandPinky1-Matrix-animation-output-transform"/>
        <input semantic="INTERPOLATION" source="#mixamorig_RightHandPinky1-Interpolations"/>
      </sampler>
      <channel source="#mixamorig_RightHandPinky1-Matrix-animation-transform" target="mixamorig_RightHandPinky1/matrix"/>
    </animation>
    <animation id="mixamorig_RightHandPinky2-anim" name="mixamorig_RightHandPinky2">
      <source id="mixamorig_RightHandPinky2-Matrix-animation-input">
        <float_array id="mixamorig_RightHandPinky2-Matrix-animation-input-array" count="56">

0.000000 0.033333 0.066667 0.100000 0.133333 0.166667 0.200000 0.233333 0.266667 0.300000 0.333333 0.366667 0.400000 0.433333 0.466667 0.500000
0.533333 0.566667 0.600000 0.633333 0.666667 0.700000 0.733333 0.766667 0.800000 0.833333 0.866667 0.900000 0.933333 0.966667 1.000000 1.033333
1.066667 1.100000 1.133333 1.166667 1.200000 1.233333 1.266667 1.300000 1.333333 1.366667 1.400000 1.433333 1.466667 1.500000 1.533333 1.566667
1.600000 1.633333 1.666667 1.700000 1.733333 1.766667 1.800000 1.833333</float_array>
        <technique_common>
          <accessor source="#mixamorig_RightHandPinky2-Matrix-animation-input-array" count="56">
            <param name="TIME" type="float"/>
          </accessor>
        </technique_common>
      </source>
      <source id="mixamorig_RightHandPinky2-Matrix-animation-output-transform">
        <float_array id="mixamorig_RightHandPinky2-Matrix-animation-output-transform-array" count="896">

0.999596 0.025378 -0.012795 0.000000 -0.026898 0.699403 -0.714221 3.600000 -0.009177 0.714276 0.699804 -0.000000 0.000000 0.000000 0.000000 1.000000
0.999596 0.025378 -0.012796 0.000000 -0.026899 0.699403 -0.714221 3.600000 -0.009176 0.714276 0.699804 -0.000000 0.000000 0.000000 0.000000 1.000000
0.999596 0.025378 -0.012795 0.000000 -0.026899 0.699404 -0.714221 3.600000 -0.009176 0.714276 0.699804 0.000000 0.000000 0.000000 0.000000 1.000000
0.999596 0.025378 -0.012795 0.000000 -0.026898 0.699404 -0.714221 3.600000 -0.009176 0.714276 0.699804 0.000000 0.000000 0.000000 0.000000 1.000000
0.999596 0.025378 -0.012795 -0.000000 -0.026899 0.699403 -0.714221 3.600000 -0.009176 0.714277 0.699803 0.000000 0.000000 0.000000 0.000000 1.000000
0.999596 0.025378 -0.012795 -0.000000 -0.026899 0.699403 -0.714221 3.600000 -0.009176 0.714277 0.699803 -0.000000 0.000000 0.000000 0.000000 1.000000
0.999596 0.025377 -0.012796 0.000000 -0.026899 0.699404 -0.714221 3.600000 -0.009176 0.714276 0.699804 -0.000000 0.000000 0.000000 0.000000 1.000000
0.999596 0.025378 -0.012795 -0.000000 -0.026899 0.699403 -0.714221 3.600000 -0.009176 0.714277 0.699803 -0.000000 0.000000 0.000000 0.000000 1.000000
0.999596 0.025378 -0.012794 -0.000000 -0.026898 0.699403 -0.714221 3.600000 -0.009177 0.714276 0.699803 -0.000000 0.000000 0.000000 0.000000 1.000000
0.999596 0.025377 -0.012795 -0.000000 -0.026898 0.699403 -0.714221 3.600000 -0.009176 0.714276 0.699804 0.000000 0.000000 0.000000 0.000000 1.000000
0.999596 0.025378 -0.012795 -0.000000 -0.026899 0.699404 -0.714221 3.600000 -0.009176 0.714276 0.699804 0.000000 0.000000 0.000000 0.000000 1.000000
0.999596 0.025378 -0.012795 0.000000 -0.026899 0.699403 -0.714221 3.600000 -0.009176 0.714277 0.699803 0.000000 0.000000 0.000000 0.000000 1.000000
0.999596 0.025378 -0.012795 0.000000 -0.026899 0.699403 -0.714221 3.600000 -0.009177 0.714277 0.699803 0.000000 0.000000 0.000000 0.000000 1.000000
0.999596 0.025378 -0.012795 0.000000 -0.026899 0.699403 -0.714221 3.600000 -0.009177 0.714277 0.699803 0.000000 0.000000 0.000000 0.000000 1.000000
0.999596 0.025378 -0.012795 -0.000000 -0.026899 0.699404 -0.714220 3.600000 -0.009176 0.714276 0.699804 -0.000000 0.000000 0.000000 0.000000 1.000000
0.999596 0.025378 -0.012795 0.000000 -0.026898 0.699403 -0.714221 3.600000 -0.009176 0.714277 0.699803 0.000000 0.000000 0.000000 0.000000 1.000000
0.999596 0.025377 -0.012794 0.000000 -0.026898 0.699404 -0.714221 3.600000 -0.009177 0.714276 0.699804 -0.000000 0.000000 0.000000 0.000000 1.000000
0.999596 0.025377 -0.012795 0.000000 -0.026898 0.699403 -0.714221 3.600000 -0.009176 0.714277 0.699803 -0.000000 0.000000 0.000000 0.000000 1.000000
0.999596 0.025378 -0.012795 0.000000 -0.026899 0.699403 -0.714221 3.600000 -0.009177 0.714276 0.699804 0.000000 0.000000 0.000000 0.000000 1.000000
0.999596 0.025378 -0.012794 0.000000 -0.026898 0.699403 -0.714221 3.600000 -0.009177 0.714276 0.699803 0.000000 0.000000 0.000000 0.000000 1.000000
0.999596 0.025378 -0.012795 -0.000000 -0.026898 0.699403 -0.714221 3.600000 -0.009177 0.714277 0.699803 -0.000000 0.000000 0.000000 0.000000 1.000000
0.999596 0.025378 -0.012795 0.000000 -0.026899 0.699404 -0.714220 3.600000 -0.009176 0.714276 0.699804 0.000000 0.000000 0.000000 0.000000 1.000000
0.999596 0.025378 -0.012795 0.000000 -0.026899 0.699403 -0.714221 3.600000 -0.009176 0.714277 0.699803 -0.000000 0.000000 0.000000 0.000000 1.000000
0.999596 0.025378 -0.012795 0.000000 -0.026898 0.699403 -0.714221 3.600000 -0.009176 0.714276 0.699804 0.000000 0.000000 0.000000 0.000000 1.000000
0.999596 0.025378 -0.012795 0.000000 -0.026899 0.699404 -0.714221 3.600000 -0.009176 0.714276 0.699804 0.000000 0.000000 0.000000 0.000000 1.000000
0.999596 0.025378 -0.012795 0.000000 -0.026899 0.699403 -0.714221 3.600000 -0.009176 0.714276 0.699804 0.000000 0.000000 0.000000 0.000000 1.000000
0.999596 0.025377 -0.012795 -0.000000 -0.026899 0.699403 -0.714221 3.600000 -0.009176 0.714277 0.699803 -0.000000 0.000000 0.000000 0.000000 1.000000
0.999596 0.025378 -0.012795 0.000000 -0.026899 0.699403 -0.714221 3.600000 -0.009176 0.714277 0.699803 0.000000 0.000000 0.000000 0.000000 1.000000
0.999596 0.025378 -0.012795 0.000000 -0.026899 0.699403 -0.714221 3.600000 -0.009177 0.714276 0.699804 0.000000 0.000000 0.000000 0.000000 1.000000
0.999596 0.025377 -0.012795 -0.000000 -0.026898 0.699403 -0.714221 3.600000 -0.009176 0.714277 0.699803 0.000000 0.000000 0.000000 0.000000 1.000000
0.999596 0.025378 -0.012794 0.000000 -0.026898 0.699403 -0.714221 3.600000 -0.009177 0.714277 0.699803 0.000000 0.000000 0.000000 0.000000 1.000000
0.999596 0.025378 -0.012795 0.000000 -0.026898 0.699403 -0.714221 3.600000 -0.009176 0.714277 0.699803 0.000000 0.000000 0.000000 0.000000 1.000000
0.999596 0.025378 -0.012795 0.000000 -0.026898 0.699403 -0.714221 3.600000 -0.009177 0.714277 0.699803 0.000000 0.000000 0.000000 0.000000 1.000000
0.999596 0.025378 -0.012795 0.000000 -0.026899 0.699403 -0.714221 3.600000 -0.009176 0.714277 0.699803 0.000000 0.000000 0.000000 0.000000 1.000000
0.999596 0.025378 -0.012795 0.000000 -0.026899 0.699404 -0.714221 3.600000 -0.009176 0.714276 0.699804 0.000000 0.000000 0.000000 0.000000 1.000000
0.999596 0.025377 -0.012795 -0.000000 -0.026898 0.699403 -0.714221 3.600000 -0.009176 0.714277 0.699803 -0.000000 0.000000 0.000000 0.000000 1.000000
0.999596 0.025377 -0.012795 0.000000 -0.026898 0.699403 -0.714221 3.600000 -0.009176 0.714276 0.699804 0.000000 0.000000 0.000000 0.000000 1.000000
0.999596 0.025378 -0.012795 0.000000 -0.026898 0.699404 -0.714220 3.600000 -0.009176 0.714276 0.699804 0.000000 0.000000 0.000000 0.000000 1.000000
0.999596 0.025378 -0.012795 0.000000 -0.026899 0.699403 -0.714221 3.600000 -0.009177 0.714276 0.699804 0.000000 0.000000 0.000000 0.000000 1.000000
0.999596 0.025378 -0.012795 -0.000000 -0.026898 0.699403 -0.714221 3.600000 -0.009176 0.714277 0.699803 0.000000 0.000000 0.000000 0.000000 1.000000
0.999596 0.025377 -0.012794 0.000000 -0.026898 0.699403 -0.714221 3.600000 -0.009176 0.714277 0.699803 -0.000000 0.000000 0.000000 0.000000 1.000000
0.999596 0.025378 -0.012795 0.000000 -0.026898 0.699403 -0.714221 3.600000 -0.009176 0.714276 0.699804 -0.000000 0.000000 0.000000 0.000000 1.000000
0.999596 0.025378 -0.012795 -0.000000 -0.026898 0.699403 -0.714221 3.600000 -0.009176 0.714277 0.699803 -0.000000 0.000000 0.000000 0.000000 1.000000
0.999596 0.025378 -0.012794 0.000000 -0.026898 0.699403 -0.714221 3.600000 -0.009177 0.714276 0.699804 0.000000 0.000000 0.000000 0.000000 1.000000
0.999596 0.025378 -0.012795 0.000000 -0.026899 0.699403 -0.714221 3.600000 -0.009176 0.714276 0.699804 0.000000 0.000000 0.000000 0.000000 1.000000
0.999596 0.025377 -0.012795 0.000000 -0.026898 0.699403 -0.714221 3.600000 -0.009176 0.714277 0.699803 0.000000 0.000000 0.000000 0.000000 1.000000
0.999596 0.025378 -0.012795 0.000000 -0.026898 0.699404 -0.714221 3.600000 -0.009176 0.714276 0.699804 0.000000 0.000000 0.000000 0.000000 1.000000
0.999596 0.025378 -0.012795 -0.000000 -0.026899 0.699403 -0.714221 3.600000 -0.009177 0.714277 0.699803 0.000000 0.000000 0.000000 0.000000 1.000000
0.999596 0.025377 -0.012795 0.000000 -0.026898 0.699404 -0.714221 3.600000 -0.009176 0.714276 0.699804 0.000000 0.000000 0.000000 0.000000 1.000000
0.999596 0.025378 -0.012795 -0.000000 -0.026899 0.699403 -0.714221 3.600000 -0.009176 0.714276 0.699803 0.000000 0.000000 0.000000 0.000000 1.000000
0.999596 0.025378 -0.012795 0.000000 -0.026899 0.699403 -0.714221 3.600000 -0.009177 0.714277 0.699803 0.000000 0.000000 0.000000 0.000000 1.000000
0.999596 0.025377 -0.012795 0.000000 -0.026898 0.699403 -0.714221 3.600000 -0.009176 0.714276 0.699804 -0.000000 0.000000 0.000000 0.000000 1.000000
0.999596 0.025378 -0.012795 0.000000 -0.026899 0.699403 -0.714221 3.600000 -0.009177 0.714276 0.699804 -0.000000 0.000000 0.000000 0.000000 1.000000
0.999596 0.025378 -0.012795 0.000000 -0.026899 0.699403 -0.714221 3.600000 -0.009177 0.714277 0.699803 0.000000 0.000000 0.000000 0.000000 1.000000
0.999596 0.025378 -0.012795 0.000000 -0.026899 0.699403 -0.714221 3.600000 -0.009177 0.714276 0.699804 -0.000000 0.000000 0.000000 0.000000 1.000000
0.999596 0.025378 -0.012795 -0.000000 -0.026899 0.699403 -0.714221 3.600000 -0.009177 0.714276 0.699804 0.000000 0.000000 0.000000 0.000000 1.000000</float_array>
        <technique_common>
          <accessor source="#mixamorig_RightHandPinky2-Matrix-animation-output-transform-array" count="56" stride="16">
            <param type="float4x4"/>
          </accessor>
        </technique_common>
      </source>
      <source id="mixamorig_RightHandPinky2-Interpolations">
        <Name_array id="mixamorig_RightHandPinky2-Interpolations-array" count="56">
 LINEAR LINEAR LINEAR LINEAR LINEAR LINEAR LINEAR LINEAR LINEAR LINEAR LINEAR
LINEAR LINEAR LINEAR LINEAR LINEAR LINEAR LINEAR LINEAR LINEAR LINEAR LINEAR LINEAR
LINEAR LINEAR LINEAR LINEAR LINEAR LINEAR LINEAR LINEAR LINEAR LINEAR LINEAR LINEAR
LINEAR LINEAR LINEAR LINEAR LINEAR LINEAR LINEAR LINEAR LINEAR LINEAR LINEAR LINEAR
LINEAR LINEAR LINEAR LINEAR LINEAR LINEAR LINEAR LINEAR LINEAR</Name_array>
        <technique_common>
          <accessor source="#mixamorig_RightHandPinky2-Interpolations-array" count="56">
            <param type="name"/>
          </accessor>
        </technique_common>
      </source>
      <sampler id="mixamorig_RightHandPinky2-Matrix-animation-transform">
        <input semantic="INPUT" source="#mixamorig_RightHandPinky2-Matrix-animation-input"/>
        <input semantic="OUTPUT" source="#mixamorig_RightHandPinky2-Matrix-animation-output-transform"/>
        <input semantic="INTERPOLATION" source="#mixamorig_RightHandPinky2-Interpolations"/>
      </sampler>
      <channel source="#mixamorig_RightHandPinky2-Matrix-animation-transform" target="mixamorig_RightHandPinky2/matrix"/>
    </animation>
    <animation id="mixamorig_RightHandPinky3-anim" name="mixamorig_RightHandPinky3">
      <source id="mixamorig_RightHandPinky3-Matrix-animation-input">
        <float_array id="mixamorig_RightHandPinky3-Matrix-animation-input-array" count="56">

0.000000 0.033333 0.066667 0.100000 0.133333 0.166667 0.200000 0.233333 0.266667 0.300000 0.333333 0.366667 0.400000 0.433333 0.466667 0.500000
0.533333 0.566667 0.600000 0.633333 0.666667 0.700000 0.733333 0.766667 0.800000 0.833333 0.866667 0.900000 0.933333 0.966667 1.000000 1.033333
1.066667 1.100000 1.133333 1.166667 1.200000 1.233333 1.266667 1.300000 1.333333 1.366667 1.400000 1.433333 1.466667 1.500000 1.533333 1.566667
1.600000 1.633333 1.666667 1.700000 1.733333 1.766667 1.800000 1.833333</float_array>
        <technique_common>
          <accessor source="#mixamorig_RightHandPinky3-Matrix-animation-input-array" count="56">
            <param name="TIME" type="float"/>
          </accessor>
        </technique_common>
      </source>
      <source id="mixamorig_RightHandPinky3-Matrix-animation-output-transform">
        <float_array id="mixamorig_RightHandPinky3-Matrix-animation-output-transform-array" count="896">

0.999862 0.016454 0.002116 0.000000 -0.014020 0.906318 -0.422365 2.100000 -0.008868 0.422277 0.906424 0.000000 0.000000 0.000000 0.000000 1.000000
0.999862 0.016453 0.002117 0.000000 -0.014020 0.906317 -0.422365 2.100000 -0.008868 0.422277 0.906423 0.000000 0.000000 0.000000 0.000000 1.000000
0.999862 0.016453 0.002117 -0.000000 -0.014020 0.906317 -0.422365 2.100000 -0.008868 0.422277 0.906423 -0.000000 0.000000 0.000000 0.000000 1.000000
0.999862 0.016453 0.002117 0.000000 -0.014020 0.906317 -0.422365 2.100000 -0.008868 0.422277 0.906423 0.000000 0.000000 0.000000 0.000000 1.000000
0.999862 0.016453 0.002117 -0.000000 -0.014020 0.906317 -0.422365 2.100000 -0.008868 0.422277 0.906423 -0.000000 0.000000 0.000000 0.000000 1.000000
0.999862 0.016453 0.002116 0.000000 -0.014020 0.906317 -0.422365 2.100000 -0.008868 0.422277 0.906423 -0.000000 0.000000 0.000000 0.000000 1.000000
0.999862 0.016453 0.002117 0.000000 -0.014019 0.906317 -0.422365 2.100000 -0.008868 0.422278 0.906423 -0.000000 0.000000 0.000000 0.000000 1.000000
0.999862 0.016453 0.002117 -0.000000 -0.014019 0.906317 -0.422365 2.100000 -0.008868 0.422278 0.906423 -0.000000 0.000000 0.000000 0.000000 1.000000
0.999862 0.016453 0.002117 0.000000 -0.014020 0.906317 -0.422365 2.100000 -0.008868 0.422277 0.906423 0.000000 0.000000 0.000000 0.000000 1.000000
0.999862 0.016453 0.002117 0.000000 -0.014020 0.906317 -0.422365 2.100000 -0.008868 0.422278 0.906423 -0.000000 0.000000 0.000000 0.000000 1.000000
0.999862 0.016453 0.002117 0.000000 -0.014020 0.906317 -0.422365 2.100000 -0.008868 0.422278 0.906423 -0.000000 0.000000 0.000000 0.000000 1.000000
0.999862 0.016453 0.002116 -0.000000 -0.014020 0.906317 -0.422365 2.100000 -0.008867 0.422277 0.906423 0.000000 0.000000 0.000000 0.000000 1.000000
0.999862 0.016453 0.002117 0.000000 -0.014019 0.906317 -0.422365 2.100000 -0.008868 0.422277 0.906423 0.000000 0.000000 0.000000 0.000000 1.000000
0.999862 0.016453 0.002117 0.000000 -0.014019 0.906317 -0.422365 2.100000 -0.008868 0.422277 0.906423 0.000000 0.000000 0.000000 0.000000 1.000000
0.999862 0.016453 0.002117 0.000000 -0.014019 0.906317 -0.422365 2.100000 -0.008868 0.422278 0.906423 -0.000000 0.000000 0.000000 0.000000 1.000000
0.999862 0.016453 0.002117 0.000000 -0.014020 0.906317 -0.422365 2.100000 -0.008867 0.422277 0.906423 -0.000000 0.000000 0.000000 0.000000 1.000000
0.999862 0.016453 0.002117 -0.000000 -0.014020 0.906317 -0.422365 2.100000 -0.008868 0.422277 0.906423 -0.000000 0.000000 0.000000 0.000000 1.000000
0.999862 0.016453 0.002116 -0.000000 -0.014020 0.906317 -0.422365 2.100000 -0.008867 0.422277 0.906423 0.000000 0.000000 0.000000 0.000000 1.000000
0.999862 0.016453 0.002117 0.000000 -0.014019 0.906317 -0.422366 2.100000 -0.008868 0.422278 0.906423 0.000000 0.000000 0.000000 0.000000 1.000000
0.999862 0.016453 0.002117 0.000000 -0.014020 0.906317 -0.422365 2.100000 -0.008868 0.422277 0.906423 0.000000 0.000000 0.000000 0.000000 1.000000
0.999862 0.016453 0.002116 0.000000 -0.014020 0.906317 -0.422365 2.100000 -0.008867 0.422277 0.906423 0.000000 0.000000 0.000000 0.000000 1.000000
0.999862 0.016453 0.002117 0.000000 -0.014020 0.906317 -0.422365 2.100000 -0.008868 0.422278 0.906423 -0.000000 0.000000 0.000000 0.000000 1.000000
0.999862 0.016453 0.002117 0.000000 -0.014020 0.906317 -0.422365 2.100000 -0.008868 0.422277 0.906423 0.000000 0.000000 0.000000 0.000000 1.000000
0.999862 0.016453 0.002117 0.000000 -0.014020 0.906317 -0.422365 2.100000 -0.008868 0.422278 0.906423 0.000000 0.000000 0.000000 0.000000 1.000000
0.999862 0.016453 0.002117 0.000000 -0.014020 0.906317 -0.422365 2.100000 -0.008868 0.422277 0.906423 0.000000 0.000000 0.000000 0.000000 1.000000
0.999862 0.016453 0.002117 0.000000 -0.014019 0.906317 -0.422365 2.100000 -0.008868 0.422278 0.906423 0.000000 0.000000 0.000000 0.000000 1.000000
0.999862 0.016453 0.002117 0.000000 -0.014019 0.906317 -0.422365 2.100000 -0.008867 0.422278 0.906423 0.000000 0.000000 0.000000 0.000000 1.000000
0.999862 0.016453 0.002117 -0.000000 -0.014020 0.906317 -0.422365 2.100000 -0.008868 0.422277 0.906423 -0.000000 0.000000 0.000000 0.000000 1.000000
0.999862 0.016453 0.002117 0.000000 -0.014020 0.906317 -0.422365 2.100000 -0.008868 0.422278 0.906423 0.000000 0.000000 0.000000 0.000000 1.000000
0.999862 0.016454 0.002117 0.000000 -0.014020 0.906317 -0.422365 2.100000 -0.008868 0.422277 0.906423 0.000000 0.000000 0.000000 0.000000 1.000000
0.999862 0.016453 0.002116 0.000000 -0.014019 0.906317 -0.422365 2.100000 -0.008867 0.422278 0.906423 0.000000 0.000000 0.000000 0.000000 1.000000
0.999862 0.016453 0.002116 0.000000 -0.014020 0.906317 -0.422365 2.100000 -0.008867 0.422277 0.906423 -0.000000 0.000000 0.000000 0.000000 1.000000
0.999862 0.016453 0.002117 -0.000000 -0.014020 0.906317 -0.422365 2.100000 -0.008868 0.422277 0.906423 -0.000000 0.000000 0.000000 0.000000 1.000000
0.999862 0.016454 0.002117 -0.000000 -0.014020 0.906317 -0.422365 2.100000 -0.008868 0.422277 0.906423 0.000000 0.000000 0.000000 0.000000 1.000000
0.999862 0.016453 0.002117 0.000000 -0.014020 0.906317 -0.422365 2.100000 -0.008868 0.422277 0.906423 0.000000 0.000000 0.000000 0.000000 1.000000
0.999862 0.016453 0.002117 0.000000 -0.014020 0.906317 -0.422365 2.100000 -0.008868 0.422278 0.906423 -0.000000 0.000000 0.000000 0.000000 1.000000
0.999862 0.016453 0.002117 0.000000 -0.014020 0.906317 -0.422366 2.100000 -0.008868 0.422278 0.906423 -0.000000 0.000000 0.000000 0.000000 1.000000
0.999862 0.016453 0.002117 0.000000 -0.014020 0.906317 -0.422365 2.100000 -0.008868 0.422278 0.906423 0.000000 0.000000 0.000000 0.000000 1.000000
0.999862 0.016453 0.002117 0.000000 -0.014019 0.906317 -0.422365 2.100000 -0.008868 0.422277 0.906423 -0.000000 0.000000 0.000000 0.000000 1.000000
0.999862 0.016453 0.002116 0.000000 -0.014020 0.906317 -0.422365 2.100000 -0.008867 0.422277 0.906423 0.000000 0.000000 0.000000 0.000000 1.000000
0.999862 0.016453 0.002117 0.000000 -0.014020 0.906317 -0.422365 2.100000 -0.008868 0.422277 0.906423 -0.000000 0.000000 0.000000 0.000000 1.000000
0.999862 0.016453 0.002117 0.000000 -0.014019 0.906317 -0.422365 2.100000 -0.008868 0.422277 0.906423 -0.000000 0.000000 0.000000 0.000000 1.000000
0.999862 0.016453 0.002117 0.000000 -0.014020 0.906317 -0.422365 2.100000 -0.008868 0.422277 0.906423 -0.000000 0.000000 0.000000 0.000000 1.000000
0.999862 0.016453 0.002116 0.000000 -0.014020 0.906317 -0.422366 2.100000 -0.008867 0.422278 0.906423 -0.000000 0.000000 0.000000 0.000000 1.000000
0.999862 0.016453 0.002117 0.000000 -0.014020 0.906317 -0.422365 2.100000 -0.008868 0.422277 0.906423 0.000000 0.000000 0.000000 0.000000 1.000000
0.999862 0.016453 0.002116 0.000000 -0.014020 0.906317 -0.422365 2.100000 -0.008867 0.422277 0.906423 -0.000000 0.000000 0.000000 0.000000 1.000000
0.999862 0.016453 0.002117 -0.000000 -0.014020 0.906317 -0.422365 2.100000 -0.008868 0.422277 0.906423 -0.000000 0.000000 0.000000 0.000000 1.000000
0.999862 0.016453 0.002117 0.000000 -0.014019 0.906317 -0.422365 2.100000 -0.008868 0.422277 0.906423 -0.000000 0.000000 0.000000 0.000000 1.000000
0.999862 0.016454 0.002117 0.000000 -0.014020 0.906317 -0.422365 2.100000 -0.008868 0.422277 0.906423 0.000000 0.000000 0.000000 0.000000 1.000000
0.999862 0.016453 0.002117 0.000000 -0.014020 0.906317 -0.422365 2.100000 -0.008868 0.422277 0.906423 0.000000 0.000000 0.000000 0.000000 1.000000
0.999862 0.016453 0.002117 -0.000000 -0.014020 0.906317 -0.422365 2.100000 -0.008868 0.422278 0.906423 0.000000 0.000000 0.000000 0.000000 1.000000
0.999862 0.016453 0.002117 -0.000000 -0.014019 0.906317 -0.422365 2.100000 -0.008868 0.422277 0.906423 0.000000 0.000000 0.000000 0.000000 1.000000
0.999862 0.016453 0.002117 -0.000000 -0.014020 0.906317 -0.422365 2.100000 -0.008868 0.422277 0.906423 0.000000 0.000000 0.000000 0.000000 1.000000
0.999862 0.016453 0.002117 -0.000000 -0.014019 0.906317 -0.422365 2.100000 -0.008868 0.422277 0.906423 -0.000000 0.000000 0.000000 0.000000 1.000000
0.999862 0.016453 0.002117 0.000000 -0.014020 0.906317 -0.422365 2.100000 -0.008868 0.422277 0.906423 0.000000 0.000000 0.000000 0.000000 1.000000
0.999862 0.016454 0.002117 0.000000 -0.014020 0.906317 -0.422365 2.100000 -0.008868 0.422277 0.906423 0.000000 0.000000 0.000000 0.000000 1.000000</float_array>
        <technique_common>
          <accessor source="#mixamorig_RightHandPinky3-Matrix-animation-output-transform-array" count="56" stride="16">
            <param type="float4x4"/>
          </accessor>
        </technique_common>
      </source>
      <source id="mixamorig_RightHandPinky3-Interpolations">
        <Name_array id="mixamorig_RightHandPinky3-Interpolations-array" count="56">
 LINEAR LINEAR LINEAR LINEAR LINEAR LINEAR LINEAR LINEAR LINEAR LINEAR LINEAR
LINEAR LINEAR LINEAR LINEAR LINEAR LINEAR LINEAR LINEAR LINEAR LINEAR LINEAR LINEAR
LINEAR LINEAR LINEAR LINEAR LINEAR LINEAR LINEAR LINEAR LINEAR LINEAR LINEAR LINEAR
LINEAR LINEAR LINEAR LINEAR LINEAR LINEAR LINEAR LINEAR LINEAR LINEAR LINEAR LINEAR
LINEAR LINEAR LINEAR LINEAR LINEAR LINEAR LINEAR LINEAR LINEAR</Name_array>
        <technique_common>
          <accessor source="#mixamorig_RightHandPinky3-Interpolations-array" count="56">
            <param type="name"/>
          </accessor>
        </technique_common>
      </source>
      <sampler id="mixamorig_RightHandPinky3-Matrix-animation-transform">
        <input semantic="INPUT" source="#mixamorig_RightHandPinky3-Matrix-animation-input"/>
        <input semantic="OUTPUT" source="#mixamorig_RightHandPinky3-Matrix-animation-output-transform"/>
        <input semantic="INTERPOLATION" source="#mixamorig_RightHandPinky3-Interpolations"/>
      </sampler>
      <channel source="#mixamorig_RightHandPinky3-Matrix-animation-transform" target="mixamorig_RightHandPinky3/matrix"/>
    </animation>
    <animation id="mixamorig_LeftShoulder-anim" name="mixamorig_LeftShoulder">
      <source id="mixamorig_LeftShoulder-Matrix-animation-input">
        <float_array id="mixamorig_LeftShoulder-Matrix-animation-input-array" count="56">

0.000000 0.033333 0.066667 0.100000 0.133333 0.166667 0.200000 0.233333 0.266667 0.300000 0.333333 0.366667 0.400000 0.433333 0.466667 0.500000
0.533333 0.566667 0.600000 0.633333 0.666667 0.700000 0.733333 0.766667 0.800000 0.833333 0.866667 0.900000 0.933333 0.966667 1.000000 1.033333
1.066667 1.100000 1.133333 1.166667 1.200000 1.233333 1.266667 1.300000 1.333333 1.366667 1.400000 1.433333 1.466667 1.500000 1.533333 1.566667
1.600000 1.633333 1.666667 1.700000 1.733333 1.766667 1.800000 1.833333</float_array>
        <technique_common>
          <accessor source="#mixamorig_LeftShoulder-Matrix-animation-input-array" count="56">
            <param name="TIME" type="float"/>
          </accessor>
        </technique_common>
      </source>
      <source id="mixamorig_LeftShoulder-Matrix-animation-output-transform">
        <float_array id="mixamorig_LeftShoulder-Matrix-animation-output-transform-array" count="896">

0.075892 0.992534 -0.095481 4.570400 0.109066 -0.103446 -0.988637 11.195600 -0.991133 0.064616 -0.116102 -0.806600 0.000000 0.000000 0.000000 1.000000
0.073723 0.992779 -0.094633 4.570400 0.109222 -0.102358 -0.988733 11.195600 -0.991280 0.062556 -0.115979 -0.806600 0.000000 0.000000 0.000000 1.000000
0.072414 0.992649 -0.096977 4.570400 0.109171 -0.104537 -0.988511 11.195600 -0.991382 0.060995 -0.115938 -0.806600 0.000000 0.000000 0.000000 1.000000
0.069410 0.992490 -0.100722 4.570400 0.109274 -0.107922 -0.988136 11.195600 -0.991585 0.057581 -0.115945 -0.806600 0.000000 0.000000 0.000000 1.000000
0.064804 0.992354 -0.105043 4.570400 0.109478 -0.111699 -0.987693 11.195600 -0.991874 0.052507 -0.115880 -0.806600 0.000000 0.000000 0.000000 1.000000
0.061858 0.992387 -0.106496 4.570400 0.109564 -0.112807 -0.987558 11.195600 -0.992053 0.049420 -0.115708 -0.806600 0.000000 0.000000 0.000000 1.000000
0.060568 0.992398 -0.107131 4.570400 0.109598 -0.113291 -0.987499 11.195600 -0.992129 0.048070 -0.115626 -0.806600 0.000000 0.000000 0.000000 1.000000
0.057128 0.992534 -0.107765 4.570400 0.109685 -0.113527 -0.987462 11.195600 -0.992323 0.044592 -0.115352 -0.806600 0.000000 0.000000 0.000000 1.000000
0.055569 0.992612 -0.107859 4.570400 0.109782 -0.113446 -0.987460 11.195600 -0.992401 0.043031 -0.115275 -0.806600 0.000000 0.000000 0.000000 1.000000
0.054254 0.992871 -0.106130 4.570400 0.109917 -0.111579 -0.987658 11.195600 -0.992459 0.041919 -0.115187 -0.806600 0.000000 0.000000 0.000000 1.000000
0.050638 0.993073 -0.106024 4.570400 0.110098 -0.111064 -0.987696 11.195600 -0.992630 0.038342 -0.114960 -0.806600 0.000000 0.000000 0.000000 1.000000
0.050467 0.992791 -0.108713 4.570400 0.109981 -0.113714 -0.987407 11.195600 -0.992652 0.037875 -0.114927 -0.806600 0.000000 0.000000 0.000000 1.000000
0.047133 0.992930 -0.108939 4.570400 0.110109 -0.113560 -0.987411 11.195600 -0.992801 0.034544 -0.114682 -0.806600 0.000000 0.000000 0.000000 1.000000
0.047222 0.992610 -0.111780 4.570400 0.110070 -0.116394 -0.987085 11.195600 -0.992801 0.034309 -0.114753 -0.806600 0.000000 0.000000 0.000000 1.000000
0.042109 0.993056 -0.109851 4.570400 0.110321 -0.113898 -0.987348 11.195600 -0.993004 0.029457 -0.114351 -0.806600 0.000000 0.000000 0.000000 1.000000
0.036787 0.993792 -0.104994 4.570400 0.110375 -0.108463 -0.987954 11.195600 -0.993209 0.024755 -0.113680 -0.806600 0.000000 0.000000 0.000000 1.000000
0.031419 0.994395 -0.100949 4.570400 0.110500 -0.103836 -0.988437 11.195600 -0.993379 0.019901 -0.113143 -0.806600 0.000000 0.000000 0.000000 1.000000
0.026441 0.994822 -0.098132 4.570400 0.110582 -0.100475 -0.988775 11.195600 -0.993515 0.015292 -0.112666 -0.806600 0.000000 0.000000 0.000000 1.000000
0.023329 0.995050 -0.096595 4.570400 0.110577 -0.098597 -0.988965 11.195600 -0.993594 0.012390 -0.112330 -0.806600 0.000000 0.000000 0.000000 1.000000
0.020925 0.995388 -0.093616 4.570400 0.110627 -0.095367 -0.989276 11.195600 -0.993642 0.010344 -0.112113 -0.806600 0.000000 0.000000 0.000000 1.000000
0.015829 0.995647 -0.091848 4.570400 0.110736 -0.093040 -0.989485 11.195600 -0.993724 0.005492 -0.111727 -0.806600 0.000000 0.000000 0.000000 1.000000
0.016350 0.995684 -0.091355 4.570400 0.110619 -0.092608 -0.989539 11.195600 -0.993728 0.006073 -0.111655 -0.806600 0.000000 0.000000 0.000000 1.000000
0.012240 0.995945 -0.089130 4.570400 0.110642 -0.089939 -0.989782 11.195600 -0.993785 0.002253 -0.111294 -0.806600 0.000000 0.000000 0.000000 1.000000
0.011178 0.996096 -0.087566 4.570400 0.110620 -0.088265 -0.989936 11.195600 -0.993800 0.001379 -0.111174 -0.806600 0.000000 0.000000 0.000000 1.000000
0.010734 0.996433 -0.083698 4.570400 0.110483 -0.084372 -0.990290 11.195600 -0.993820 0.001383 -0.110995 -0.806600 0.000000 0.000000 0.000000 1.000000
0.005322 0.996727 -0.080662 4.570400 0.110623 -0.080755 -0.990576 11.195600 -0.993848 -0.003652 -0.110690 -0.806600 0.000000 0.000000 0.000000 1.000000
0.005375 0.996592 -0.082311 4.570400 0.110549 -0.082399 -0.990449 11.195600 -0.993856 -0.003776 -0.110615 -0.806600 0.000000 0.000000 0.000000 1.000000
0.001405 0.996461 -0.084043 4.570400 0.110723 -0.083681 -0.990322 11.195600 -0.993850 -0.007914 -0.110449 -0.806600 0.000000 0.000000 0.000000 1.000000
-0.006652 0.996171 -0.087178 4.570400 0.111045 -0.085905 -0.990096 11.195600 -0.993793 -0.016267 -0.110049 -0.806600 0.000000 0.000000 0.000000 1.000000
-0.008532 0.995819 -0.090951 4.570400 0.111367 -0.089443 -0.989746 11.195600 -0.993743 -0.018574 -0.110138 -0.806600 0.000000 0.000000 0.000000 1.000000
-0.009611 0.995441 -0.094892 4.570400 0.111515 -0.093238 -0.989379 11.195600 -0.993716 -0.020091 -0.110110 -0.806600 0.000000 0.000000 0.000000 1.000000
-0.010561 0.995017 -0.099145 4.570400 0.111758 -0.097354 -0.988955 11.195600 -0.993679 -0.021525 -0.110173 -0.806600 0.000000 0.000000 0.000000 1.000000
-0.010605 0.994472 -0.104462 4.570400 0.112027 -0.102629 -0.988391 11.195600 -0.993649 -0.022184 -0.110320 -0.806600 0.000000 0.000000 0.000000 1.000000
-0.006499 0.993805 -0.110945 4.570400 0.112214 -0.109521 -0.987630 11.195600 -0.993663 -0.018868 -0.110807 -0.806600 0.000000 0.000000 0.000000 1.000000
-0.004130 0.993402 -0.114607 4.570400 0.112346 -0.113421 -0.987175 11.195600 -0.993661 -0.016953 -0.111136 -0.806600 0.000000 0.000000 0.000000 1.000000
-0.001912 0.993181 -0.116567 4.570400 0.112336 -0.115616 -0.986921 11.195600 -0.993668 -0.014982 -0.111348 -0.806600 0.000000 0.000000 0.000000 1.000000
0.004462 0.992869 -0.119126 4.570400 0.112217 -0.118872 -0.986548 11.195600 -0.993674 -0.008966 -0.111947 -0.806600 0.000000 0.000000 0.000000 1.000000
0.009507 0.992312 -0.123394 4.570400 0.112214 -0.123679 -0.985957 11.195600 -0.993639 -0.004473 -0.112528 -0.806600 0.000000 0.000000 0.000000 1.000000
0.014198 0.992077 -0.124824 4.570400 0.112080 -0.125629 -0.985726 11.195600 -0.993598 0.000005 -0.112976 -0.806600 0.000000 0.000000 0.000000 1.000000
0.021981 0.992004 -0.124281 4.570400 0.111715 -0.125970 -0.985724 11.195600 -0.993497 0.007783 -0.113591 -0.806600 0.000000 0.000000 0.000000 1.000000
0.027533 0.991693 -0.125646 4.570400 0.111518 -0.127956 -0.985490 11.195600 -0.993381 0.013121 -0.114115 -0.806600 0.000000 0.000000 0.000000 1.000000
0.033059 0.991515 -0.125715 4.570400 0.111297 -0.128654 -0.985424 11.195600 -0.993237 0.018586 -0.114606 -0.806600 0.000000 0.000000 0.000000 1.000000
0.039839 0.991470 -0.124098 4.570400 0.110955 -0.127818 -0.985572 11.195600 -0.993027 0.025495 -0.115101 -0.806600 0.000000 0.000000 0.000000 1.000000
0.044556 0.991645 -0.121058 4.570400 0.110686 -0.125332 -0.985921 11.195600 -0.992856 0.030529 -0.115345 -0.806600 0.000000 0.000000 0.000000 1.000000
0.050331 0.991627 -0.118927 4.570400 0.110370 -0.123871 -0.986141 11.195600 -0.992615 0.036507 -0.115680 -0.806600 0.000000 0.000000 0.000000 1.000000
0.055900 0.991404 -0.118297 4.570400 0.110111 -0.123881 -0.986169 11.195600 -0.992346 0.042101 -0.116089 -0.806600 0.000000 0.000000 0.000000 1.000000
0.057591 0.992070 -0.111713 4.570400 0.109951 -0.117521 -0.986965 11.195600 -0.992267 0.044558 -0.115848 -0.806600 0.000000 0.000000 0.000000 1.000000
0.060835 0.992484 -0.106179 4.570400 0.109781 -0.112383 -0.987582 11.195600 -0.992092 0.048424 -0.115793 -0.806600 0.000000 0.000000 0.000000 1.000000
0.065282 0.992508 -0.103274 4.570400 0.109540 -0.109998 -0.987877 11.195600 -0.991836 0.053178 -0.115900 -0.806600 0.000000 0.000000 0.000000 1.000000
0.068352 0.992692 -0.099456 4.570400 0.109384 -0.106545 -0.988273 11.195600 -0.991647 0.056672 -0.115867 -0.806600 0.000000 0.000000 0.000000 1.000000
0.069005 0.993045 -0.095390 4.570400 0.109374 -0.102572 -0.988694 11.195600 -0.991603 0.057792 -0.115691 -0.806600 0.000000 0.000000 0.000000 1.000000
0.072762 0.992833 -0.094810 4.570400 0.109166 -0.102419 -0.988733 11.195600 -0.991357 0.061592 -0.115836 -0.806600 0.000000 0.000000 0.000000 1.000000
0.073968 0.992739 -0.094860 4.570400 0.109132 -0.102607 -0.988717 11.195600 -0.991271 0.062781 -0.115929 -0.806600 0.000000 0.000000 0.000000 1.000000
0.072984 0.992994 -0.092934 4.570400 0.109319 -0.100586 -0.988904 11.195600 -0.991324 0.062014 -0.115895 -0.806600 0.000000 0.000000 0.000000 1.000000
0.074811 0.992803 -0.093514 4.570400 0.109181 -0.101368 -0.988840 11.195600 -0.991203 0.063767 -0.115978 -0.806600 0.000000 0.000000 0.000000 1.000000
0.075892 0.992534 -0.095481 4.570400 0.109066 -0.103446 -0.988637 11.195600 -0.991133 0.064616 -0.116102 -0.806600 0.000000 0.000000 0.000000 1.000000</float_array>
        <technique_common>
          <accessor source="#mixamorig_LeftShoulder-Matrix-animation-output-transform-array" count="56" stride="16">
            <param type="float4x4"/>
          </accessor>
        </technique_common>
      </source>
      <source id="mixamorig_LeftShoulder-Interpolations">
        <Name_array id="mixamorig_LeftShoulder-Interpolations-array" count="56">
 LINEAR LINEAR LINEAR LINEAR LINEAR LINEAR LINEAR LINEAR LINEAR LINEAR LINEAR
LINEAR LINEAR LINEAR LINEAR LINEAR LINEAR LINEAR LINEAR LINEAR LINEAR LINEAR LINEAR
LINEAR LINEAR LINEAR LINEAR LINEAR LINEAR LINEAR LINEAR LINEAR LINEAR LINEAR LINEAR
LINEAR LINEAR LINEAR LINEAR LINEAR LINEAR LINEAR LINEAR LINEAR LINEAR LINEAR LINEAR
LINEAR LINEAR LINEAR LINEAR LINEAR LINEAR LINEAR LINEAR LINEAR</Name_array>
        <technique_common>
          <accessor source="#mixamorig_LeftShoulder-Interpolations-array" count="56">
            <param type="name"/>
          </accessor>
        </technique_common>
      </source>
      <sampler id="mixamorig_LeftShoulder-Matrix-animation-transform">
        <input semantic="INPUT" source="#mixamorig_LeftShoulder-Matrix-animation-input"/>
        <input semantic="OUTPUT" source="#mixamorig_LeftShoulder-Matrix-animation-output-transform"/>
        <input semantic="INTERPOLATION" source="#mixamorig_LeftShoulder-Interpolations"/>
      </sampler>
      <channel source="#mixamorig_LeftShoulder-Matrix-animation-transform" target="mixamorig_LeftShoulder/matrix"/>
    </animation>
    <animation id="mixamorig_LeftArm-anim" name="mixamorig_LeftArm">
      <source id="mixamorig_LeftArm-Matrix-animation-input">
        <float_array id="mixamorig_LeftArm-Matrix-animation-input-array" count="56">

0.000000 0.033333 0.066667 0.100000 0.133333 0.166667 0.200000 0.233333 0.266667 0.300000 0.333333 0.366667 0.400000 0.433333 0.466667 0.500000
0.533333 0.566667 0.600000 0.633333 0.666667 0.700000 0.733333 0.766667 0.800000 0.833333 0.866667 0.900000 0.933333 0.966667 1.000000 1.033333
1.066667 1.100000 1.133333 1.166667 1.200000 1.233333 1.266667 1.300000 1.333333 1.366667 1.400000 1.433333 1.466667 1.500000 1.533333 1.566667
1.600000 1.633333 1.666667 1.700000 1.733333 1.766667 1.800000 1.833333</float_array>
        <technique_common>
          <accessor source="#mixamorig_LeftArm-Matrix-animation-input-array" count="56">
            <param name="TIME" type="float"/>
          </accessor>
        </technique_common>
      </source>
      <source id="mixamorig_LeftArm-Matrix-animation-output-transform">
        <float_array id="mixamorig_LeftArm-Matrix-animation-output-transform-array" count="896">

0.966925 -0.254735 -0.012910 0.000000 0.174286 0.696816 -0.695752 10.837700 0.186228 0.670490 0.718166 -0.000000 0.000000 0.000000 0.000000 1.000000
0.968375 -0.249225 -0.011660 -0.000000 0.170724 0.695986 -0.697464 10.837700 0.181941 0.673417 0.716525 0.000000 0.000000 0.000000 0.000000 1.000000
0.972352 -0.233170 -0.012786 0.000000 0.158539 0.699348 -0.696978 10.837700 0.171456 0.675681 0.716979 0.000000 0.000000 0.000000 0.000000 1.000000
0.975996 -0.217426 -0.012549 0.000000 0.147621 0.702815 -0.695887 10.837700 0.160124 0.677330 0.718042 -0.000000 0.000000 0.000000 0.000000 1.000000
0.978606 -0.205437 -0.011232 0.000000 0.140011 0.704964 -0.695286 10.837700 0.150756 0.678839 0.718645 0.000000 0.000000 0.000000 0.000000 1.000000
0.981523 -0.191066 -0.010315 -0.000000 0.129954 0.705213 -0.696984 10.837700 0.140445 0.682765 0.717013 0.000000 0.000000 0.000000 0.000000 1.000000
0.984621 -0.174453 -0.009379 0.000000 0.118435 0.705989 -0.698250 10.837700 0.128433 0.686400 0.715793 -0.000000 0.000000 0.000000 0.000000 1.000000
0.987493 -0.157528 -0.006566 -0.000000 0.108138 0.707014 -0.698883 10.837700 0.114736 0.689432 0.715205 0.000000 0.000000 0.000000 0.000000 1.000000
0.990224 -0.139469 -0.002013 0.000000 0.098519 0.709544 -0.697740 10.837700 0.098741 0.690721 0.716348 -0.000000 0.000000 0.000000 0.000000 1.000000
0.991928 -0.126747 0.003703 0.000000 0.093148 0.708542 -0.699494 10.837700 0.086035 0.694193 0.714629 0.000000 0.000000 0.000000 0.000000 1.000000
0.993224 -0.115854 0.009148 0.000000 0.089198 0.709508 -0.699029 10.837700 0.074495 0.695109 0.715034 -0.000000 0.000000 0.000000 0.000000 1.000000
0.995318 -0.095955 0.011640 -0.000000 0.077060 0.715034 -0.694829 10.837700 0.058350 0.692473 0.719080 0.000000 0.000000 0.000000 0.000000 1.000000
0.996430 -0.082679 0.017067 0.000000 0.071430 0.717922 -0.692449 10.837700 0.044998 0.691197 0.721265 0.000000 0.000000 0.000000 0.000000 1.000000
0.997950 -0.061051 0.019182 0.000000 0.057578 0.725803 -0.685489 10.837700 0.027928 0.685189 0.727830 -0.000000 0.000000 0.000000 0.000000 1.000000
0.998231 -0.054139 0.024562 -0.000000 0.056262 0.726813 -0.684527 10.837700 0.019208 0.684698 0.728574 0.000000 0.000000 0.000000 0.000000 1.000000
0.998150 -0.052465 0.030720 -0.000000 0.059199 0.723627 -0.687648 10.837700 0.013847 0.688194 0.725394 0.000000 0.000000 0.000000 0.000000 1.000000
0.998127 -0.049177 0.036402 0.000000 0.060694 0.720709 -0.690576 10.837700 0.007725 0.691492 0.722343 0.000000 0.000000 0.000000 0.000000 1.000000
0.998122 -0.045397 0.041127 -0.000000 0.061229 0.719190 -0.692111 10.837700 0.001842 0.693329 0.720619 0.000000 0.000000 0.000000 0.000000 1.000000
0.998333 -0.038377 0.043106 -0.000000 0.057544 0.719178 -0.692439 10.837700 -0.004427 0.693766 0.720187 0.000000 0.000000 0.000000 0.000000 1.000000
0.998464 -0.031480 0.045592 -0.000000 0.054342 0.716770 -0.695189 10.837700 -0.010795 0.696599 0.717380 0.000000 0.000000 0.000000 0.000000 1.000000
0.998308 -0.029569 0.050076 -0.000000 0.056143 0.714550 -0.697328 10.837700 -0.015162 0.698959 0.715001 0.000000 0.000000 0.000000 0.000000 1.000000
0.998489 -0.020885 0.050820 -0.000000 0.050515 0.712766 -0.699580 10.837700 -0.021612 0.701091 0.712745 0.000000 0.000000 0.000000 0.000000 1.000000
0.998344 -0.019088 0.054271 0.000000 0.051781 0.709225 -0.703078 10.837700 -0.025070 0.704724 0.709038 0.000000 0.000000 0.000000 0.000000 1.000000
0.998352 -0.012380 0.056031 0.000000 0.048384 0.706574 -0.705983 10.837700 -0.030850 0.707531 0.706009 0.000000 0.000000 0.000000 0.000000 1.000000
0.998333 -0.007417 0.057241 -0.000000 0.046009 0.701089 -0.711588 10.837700 -0.034853 0.713035 0.700261 0.000000 0.000000 0.000000 0.000000 1.000000
0.998259 -0.005412 0.058739 -0.000000 0.045898 0.696772 -0.715823 10.837700 -0.037054 0.717272 0.695807 0.000000 0.000000 0.000000 0.000000 1.000000
0.998594 0.001885 0.052983 -0.000000 0.036649 0.697597 -0.715553 10.837700 -0.038309 0.716488 0.696547 0.000000 0.000000 0.000000 0.000000 1.000000
0.998793 0.003815 0.048974 0.000000 0.032318 0.699794 -0.713613 10.837700 -0.036994 0.714335 0.698826 0.000000 0.000000 0.000000 0.000000 1.000000
0.998883 -0.003866 0.047102 0.000000 0.036201 0.703296 -0.709974 10.837700 -0.030382 0.710886 0.702650 -0.000000 0.000000 0.000000 0.000000 1.000000
0.998958 -0.006092 0.045233 -0.000000 0.036189 0.709637 -0.703637 10.837700 -0.027812 0.704541 0.709118 0.000000 0.000000 0.000000 0.000000 1.000000
0.999114 -0.014162 0.039623 0.000000 0.037835 0.714404 -0.698710 10.837700 -0.018412 0.699590 0.714307 0.000000 0.000000 0.000000 0.000000 1.000000
0.999120 -0.026211 0.032741 0.000000 0.041607 0.717648 -0.695162 10.837700 -0.005276 0.695913 0.718107 -0.000000 0.000000 0.000000 0.000000 1.000000
0.998833 -0.041694 0.024365 0.000000 0.046964 0.721214 -0.691118 10.837700 0.011244 0.691456 0.722331 0.000000 0.000000 0.000000 0.000000 1.000000
0.998398 -0.054537 0.015075 0.000000 0.050083 0.727793 -0.683966 10.837700 0.026330 0.683625 0.729358 0.000000 0.000000 0.000000 0.000000 1.000000
0.997303 -0.073185 0.005472 -0.000000 0.057297 0.729868 -0.681182 10.837700 0.045859 0.679659 0.732094 0.000000 0.000000 0.000000 0.000000 1.000000
0.995030 -0.099574 -0.001146 0.000000 0.072043 0.727771 -0.682026 10.837700 0.068746 0.678553 0.731327 0.000000 0.000000 0.000000 0.000000 1.000000
0.993395 -0.114540 -0.006851 -0.000000 0.079384 0.729148 -0.679736 10.837700 0.082853 0.674703 0.733425 0.000000 0.000000 0.000000 0.000000 1.000000
0.991608 -0.128810 -0.011053 -0.000000 0.087550 0.731960 -0.675699 10.837700 0.095128 0.669061 0.737095 0.000000 0.000000 0.000000 0.000000 1.000000
0.989913 -0.140864 -0.015133 -0.000000 0.093914 0.732421 -0.674344 10.837700 0.106075 0.666121 0.738262 0.000000 0.000000 0.000000 0.000000 1.000000
0.988603 -0.149387 -0.018629 -0.000000 0.097986 0.732460 -0.673722 10.837700 0.114291 0.664218 0.738750 0.000000 0.000000 0.000000 0.000000 1.000000
0.986692 -0.161321 -0.020352 -0.000000 0.105921 0.732664 -0.672298 10.837700 0.123367 0.661195 0.740001 0.000000 0.000000 0.000000 0.000000 1.000000
0.985430 -0.168663 -0.021919 0.000000 0.110661 0.733676 -0.670428 10.837700 0.129157 0.658234 0.741651 0.000000 0.000000 0.000000 0.000000 1.000000
0.984013 -0.176911 -0.020517 0.000000 0.117842 0.733142 -0.669788 10.837700 0.133535 0.656662 0.742269 0.000000 0.000000 0.000000 0.000000 1.000000
0.981788 -0.189100 -0.018288 -0.000000 0.127938 0.729249 -0.672181 10.837700 0.140446 0.657599 0.740161 -0.000000 0.000000 0.000000 0.000000 1.000000
0.980031 -0.198129 -0.016853 -0.000000 0.135534 0.727611 -0.672468 10.837700 0.145498 0.656755 0.739934 0.000000 0.000000 0.000000 0.000000 1.000000
0.978568 -0.205168 -0.017650 -0.000000 0.140174 0.726452 -0.672769 10.837700 0.150852 0.655876 0.739642 -0.000000 0.000000 0.000000 0.000000 1.000000
0.975510 -0.219498 -0.014189 -0.000000 0.151751 0.718313 -0.678968 10.837700 0.159224 0.660187 0.734031 0.000000 0.000000 0.000000 0.000000 1.000000
0.973394 -0.228816 -0.012111 -0.000000 0.158974 0.712459 -0.683468 10.837700 0.165017 0.663359 0.729880 0.000000 0.000000 0.000000 0.000000 1.000000
0.972001 -0.234578 -0.013646 0.000000 0.161722 0.709985 -0.685396 10.837700 0.170468 0.663999 0.728043 0.000000 0.000000 0.000000 0.000000 1.000000
0.970151 -0.242090 -0.014113 0.000000 0.165949 0.705209 -0.689305 10.837700 0.176827 0.666388 0.724334 0.000000 0.000000 0.000000 0.000000 1.000000
0.967983 -0.250683 -0.012941 0.000000 0.171679 0.698769 -0.694441 10.837700 0.183127 0.669985 0.719433 0.000000 0.000000 0.000000 0.000000 1.000000
0.967966 -0.250610 -0.015350 0.000000 0.169546 0.697505 -0.696233 10.837700 0.185190 0.671328 0.717651 0.000000 0.000000 0.000000 0.000000 1.000000
0.967488 -0.252418 -0.015890 0.000000 0.170370 0.696863 -0.696675 10.837700 0.186926 0.671318 0.717211 0.000000 0.000000 0.000000 0.000000 1.000000
0.966355 -0.256804 -0.014499 -0.000000 0.173854 0.693678 -0.698989 10.837700 0.189561 0.672950 0.714986 0.000000 0.000000 0.000000 0.000000 1.000000
0.965994 -0.258182 -0.014042 -0.000000 0.175319 0.693943 -0.698360 10.837700 0.190049 0.672150 0.715609 0.000000 0.000000 0.000000 0.000000 1.000000
0.966925 -0.254735 -0.012910 0.000000 0.174286 0.696816 -0.695752 10.837700 0.186228 0.670490 0.718166 0.000000 0.000000 0.000000 0.000000 1.000000</float_array>
        <technique_common>
          <accessor source="#mixamorig_LeftArm-Matrix-animation-output-transform-array" count="56" stride="16">
            <param type="float4x4"/>
          </accessor>
        </technique_common>
      </source>
      <source id="mixamorig_LeftArm-Interpolations">
        <Name_array id="mixamorig_LeftArm-Interpolations-array" count="56">
 LINEAR LINEAR LINEAR LINEAR LINEAR LINEAR LINEAR LINEAR LINEAR LINEAR LINEAR
LINEAR LINEAR LINEAR LINEAR LINEAR LINEAR LINEAR LINEAR LINEAR LINEAR LINEAR LINEAR
LINEAR LINEAR LINEAR LINEAR LINEAR LINEAR LINEAR LINEAR LINEAR LINEAR LINEAR LINEAR
LINEAR LINEAR LINEAR LINEAR LINEAR LINEAR LINEAR LINEAR LINEAR LINEAR LINEAR LINEAR
LINEAR LINEAR LINEAR LINEAR LINEAR LINEAR LINEAR LINEAR LINEAR</Name_array>
        <technique_common>
          <accessor source="#mixamorig_LeftArm-Interpolations-array" count="56">
            <param type="name"/>
          </accessor>
        </technique_common>
      </source>
      <sampler id="mixamorig_LeftArm-Matrix-animation-transform">
        <input semantic="INPUT" source="#mixamorig_LeftArm-Matrix-animation-input"/>
        <input semantic="OUTPUT" source="#mixamorig_LeftArm-Matrix-animation-output-transform"/>
        <input semantic="INTERPOLATION" source="#mixamorig_LeftArm-Interpolations"/>
      </sampler>
      <channel source="#mixamorig_LeftArm-Matrix-animation-transform" target="mixamorig_LeftArm/matrix"/>
    </animation>
    <animation id="mixamorig_LeftForeArm-anim" name="mixamorig_LeftForeArm">
      <source id="mixamorig_LeftForeArm-Matrix-animation-input">
        <float_array id="mixamorig_LeftForeArm-Matrix-animation-input-array" count="56">

0.000000 0.033333 0.066667 0.100000 0.133333 0.166667 0.200000 0.233333 0.266667 0.300000 0.333333 0.366667 0.400000 0.433333 0.466667 0.500000
0.533333 0.566667 0.600000 0.633333 0.666667 0.700000 0.733333 0.766667 0.800000 0.833333 0.866667 0.900000 0.933333 0.966667 1.000000 1.033333
1.066667 1.100000 1.133333 1.166667 1.200000 1.233333 1.266667 1.300000 1.333333 1.366667 1.400000 1.433333 1.466667 1.500000 1.533333 1.566667
1.600000 1.633333 1.666667 1.700000 1.733333 1.766667 1.800000 1.833333</float_array>
        <technique_common>
          <accessor source="#mixamorig_LeftForeArm-Matrix-animation-input-array" count="56">
            <param name="TIME" type="float"/>
          </accessor>
        </technique_common>
      </source>
      <source id="mixamorig_LeftForeArm-Matrix-animation-output-transform">
        <float_array id="mixamorig_LeftForeArm-Matrix-animation-output-transform-array" count="896">

0.829686 -0.491813 -0.264084 -0.000000 0.435016 0.866096 -0.246251 27.841499 0.349831 0.089431 0.932534 -0.000000 0.000000 0.000000 0.000000 1.000000
0.828065 -0.495332 -0.262593 -0.000000 0.438198 0.864002 -0.247957 27.841499 0.349702 0.090257 0.932503 -0.000000 0.000000 0.000000 0.000000 1.000000
0.823986 -0.503620 -0.259642 -0.000000 0.445820 0.859070 -0.251483 27.841499 0.349702 0.091465 0.932385 0.000000 0.000000 0.000000 0.000000 1.000000
0.822495 -0.506946 -0.257891 0.000000 0.448564 0.856931 -0.253891 27.841499 0.349704 0.093143 0.932219 -0.000000 0.000000 0.000000 0.000000 1.000000
0.824893 -0.502738 -0.258468 0.000000 0.444147 0.859250 -0.253818 27.841499 0.349692 0.094575 0.932079 -0.000000 0.000000 0.000000 0.000000 1.000000
0.829826 -0.493241 -0.260964 -0.000000 0.434872 0.864670 -0.251460 27.841499 0.349678 0.095181 0.932022 0.000000 0.000000 0.000000 0.000000 1.000000
0.835872 -0.481430 -0.263709 -0.000000 0.423154 0.871141 -0.249105 27.841499 0.349655 0.096631 0.931882 0.000000 0.000000 0.000000 0.000000 1.000000
0.839971 -0.473031 -0.265877 -0.000000 0.415012 0.875690 -0.246843 27.841499 0.349590 0.096999 0.931868 0.000000 0.000000 0.000000 0.000000 1.000000
0.844009 -0.465474 -0.266427 0.000000 0.406839 0.879340 -0.247475 27.841499 0.349473 0.100478 0.931543 0.000000 0.000000 0.000000 0.000000 1.000000
0.850312 -0.451481 -0.270433 0.000000 0.393540 0.886651 -0.242849 27.841499 0.349421 0.100072 0.931606 0.000000 0.000000 0.000000 0.000000 1.000000
0.854270 -0.442582 -0.272661 -0.000000 0.384894 0.891079 -0.240490 27.841499 0.349399 0.100498 0.931569 -0.000000 0.000000 0.000000 0.000000 1.000000
0.852668 -0.446473 -0.271328 0.000000 0.388434 0.889058 -0.242269 27.841499 0.349393 0.101182 0.931497 0.000000 0.000000 0.000000 0.000000 1.000000
0.852743 -0.446656 -0.270791 0.000000 0.388260 0.888824 -0.243407 27.841499 0.349404 0.102426 0.931357 0.000000 0.000000 0.000000 0.000000 1.000000
0.848226 -0.458731 -0.264723 -0.000000 0.398226 0.881920 -0.252257 27.841499 0.349183 0.108552 0.930746 0.000000 0.000000 0.000000 0.000000 1.000000
0.849306 -0.457033 -0.264199 0.000000 0.395945 0.882503 -0.253802 27.841499 0.349152 0.110947 0.930475 -0.000000 0.000000 0.000000 0.000000 1.000000
0.852969 -0.448677 -0.266709 -0.000000 0.388017 0.886827 -0.250958 27.841499 0.349124 0.110572 0.930530 0.000000 0.000000 0.000000 0.000000 1.000000
0.855510 -0.442572 -0.268760 0.000000 0.382399 0.890000 -0.248337 27.841499 0.349104 0.109681 0.930643 -0.000000 0.000000 0.000000 0.000000 1.000000
0.858186 -0.436315 -0.270457 0.000000 0.376366 0.893074 -0.246510 27.841499 0.349094 0.109760 0.930638 -0.000000 0.000000 0.000000 0.000000 1.000000
0.859870 -0.432626 -0.271032 -0.000000 0.372495 0.894725 -0.246405 27.841499 0.349100 0.110918 0.930498 0.000000 0.000000 0.000000 0.000000 1.000000
0.861497 -0.428368 -0.272625 0.000000 0.368698 0.896902 -0.244190 27.841499 0.349121 0.109853 0.930617 0.000000 0.000000 0.000000 0.000000 1.000000
0.863650 -0.422836 -0.274442 0.000000 0.363586 0.899614 -0.241868 27.841499 0.349162 0.109106 0.930689 0.000000 0.000000 0.000000 0.000000 1.000000
0.863767 -0.421981 -0.275388 0.000000 0.363244 0.900226 -0.240096 27.841499 0.349227 0.107354 0.930868 0.000000 0.000000 0.000000 0.000000 1.000000
0.865079 -0.417997 -0.277339 0.000000 0.360001 0.902334 -0.237051 27.841499 0.349339 0.105225 0.931069 -0.000000 0.000000 0.000000 0.000000 1.000000
0.864437 -0.418997 -0.277831 0.000000 0.361506 0.902094 -0.235669 27.841499 0.349375 0.103283 0.931273 0.000000 0.000000 0.000000 0.000000 1.000000
0.864729 -0.417233 -0.279572 0.000000 0.360761 0.903287 -0.232214 27.841499 0.349421 0.099943 0.931620 0.000000 0.000000 0.000000 0.000000 1.000000
0.863926 -0.418868 -0.279608 0.000000 0.362638 0.902654 -0.231755 27.841499 0.349464 0.098823 0.931724 -0.000000 0.000000 0.000000 0.000000 1.000000
0.860791 -0.427138 -0.276754 0.000000 0.370018 0.898561 -0.235954 27.841499 0.349465 0.100703 0.931522 0.000000 0.000000 0.000000 0.000000 1.000000
0.857574 -0.435767 -0.273264 0.000000 0.377506 0.894081 -0.241056 27.841499 0.349365 0.103564 0.931246 -0.000000 0.000000 0.000000 0.000000 1.000000
0.855306 -0.441748 -0.270758 0.000000 0.382685 0.890899 -0.244646 27.841499 0.349290 0.105632 0.931042 0.000000 0.000000 0.000000 0.000000 1.000000
0.850492 -0.453800 -0.265948 -0.000000 0.393314 0.884398 -0.251286 27.841499 0.349238 0.109115 0.930659 -0.000000 0.000000 0.000000 0.000000 1.000000
0.846717 -0.461886 -0.264066 0.000000 0.401406 0.880339 -0.252737 27.841499 0.349203 0.107999 0.930803 0.000000 0.000000 0.000000 0.000000 1.000000
0.844286 -0.466140 -0.264378 0.000000 0.406418 0.878515 -0.251071 27.841499 0.349294 0.104528 0.931165 0.000000 0.000000 0.000000 0.000000 1.000000
0.842964 -0.468086 -0.265154 -0.000000 0.409032 0.877815 -0.249265 27.841499 0.349434 0.101665 0.931429 -0.000000 0.000000 0.000000 0.000000 1.000000
0.841552 -0.471245 -0.264041 -0.000000 0.411895 0.876055 -0.250740 27.841499 0.349475 0.102254 0.931349 0.000000 0.000000 0.000000 0.000000 1.000000
0.843055 -0.467270 -0.266301 -0.000000 0.408786 0.878482 -0.247311 27.841499 0.349502 0.099637 0.931623 0.000000 0.000000 0.000000 0.000000 1.000000
0.848887 -0.452878 -0.272565 0.000000 0.396381 0.886555 -0.238542 27.841499 0.349674 0.094455 0.932098 0.000000 0.000000 0.000000 0.000000 1.000000
0.849835 -0.449996 -0.274379 -0.000000 0.394267 0.888270 -0.235645 27.841499 0.349762 0.092081 0.932302 0.000000 0.000000 0.000000 0.000000 1.000000
0.849602 -0.449969 -0.275144 -0.000000 0.394731 0.888467 -0.234124 27.841499 0.349805 0.090304 0.932460 0.000000 0.000000 0.000000 0.000000 1.000000
0.849333 -0.449875 -0.276128 0.000000 0.395289 0.888746 -0.232113 27.841499 0.349830 0.087991 0.932672 0.000000 0.000000 0.000000 0.000000 1.000000
0.849128 -0.450185 -0.276254 -0.000000 0.395711 0.888635 -0.231820 27.841499 0.349851 0.087529 0.932707 0.000000 0.000000 0.000000 0.000000 1.000000
0.849458 -0.449184 -0.276866 -0.000000 0.394986 0.889223 -0.230800 27.841499 0.349867 0.086697 0.932779 0.000000 0.000000 0.000000 0.000000 1.000000
0.847013 -0.454465 -0.275737 0.000000 0.400193 0.886592 -0.231950 27.841499 0.349879 0.086117 0.932828 -0.000000 0.000000 0.000000 0.000000 1.000000
0.846707 -0.455305 -0.275289 0.000000 0.400830 0.886105 -0.232710 27.841499 0.349889 0.086693 0.932771 -0.000000 0.000000 0.000000 0.000000 1.000000
0.848444 -0.450931 -0.277134 -0.000000 0.397135 0.888504 -0.229879 27.841499 0.349894 0.084980 0.932927 -0.000000 0.000000 0.000000 0.000000 1.000000
0.848629 -0.450684 -0.276971 -0.000000 0.396737 0.888575 -0.230290 27.841499 0.349898 0.085546 0.932874 0.000000 0.000000 0.000000 0.000000 1.000000
0.846646 -0.455164 -0.275711 0.000000 0.400951 0.886266 -0.231886 27.841499 0.349899 0.085779 0.932852 0.000000 0.000000 0.000000 0.000000 1.000000
0.849191 -0.449048 -0.277905 0.000000 0.395533 0.889524 -0.228695 27.841499 0.349898 0.084285 0.932989 -0.000000 0.000000 0.000000 0.000000 1.000000
0.849064 -0.449132 -0.278157 0.000000 0.395808 0.889546 -0.228134 27.841499 0.349896 0.083603 0.933051 -0.000000 0.000000 0.000000 0.000000 1.000000
0.847190 -0.453659 -0.276520 0.000000 0.399804 0.887136 -0.230534 27.841499 0.349894 0.084752 0.932947 -0.000000 0.000000 0.000000 0.000000 1.000000
0.846503 -0.455166 -0.276146 0.000000 0.401259 0.886369 -0.230958 27.841499 0.349891 0.084700 0.932953 0.000000 0.000000 0.000000 0.000000 1.000000
0.846248 -0.455300 -0.276706 0.000000 0.401799 0.886438 -0.229750 27.841499 0.349888 0.083245 0.933086 0.000000 0.000000 0.000000 0.000000 1.000000
0.842467 -0.463610 -0.274438 0.000000 0.409671 0.882099 -0.232532 27.841499 0.349886 0.083471 0.933066 0.000000 0.000000 0.000000 0.000000 1.000000
0.838714 -0.471840 -0.271894 -0.000000 0.417300 0.877644 -0.235799 27.841499 0.349886 0.084307 0.932991 -0.000000 0.000000 0.000000 0.000000 1.000000
0.836760 -0.475920 -0.270801 0.000000 0.421203 0.875440 -0.237051 27.841499 0.349887 0.084292 0.932992 0.000000 0.000000 0.000000 0.000000 1.000000
0.834635 -0.481007 -0.268359 0.000000 0.425393 0.872417 -0.240685 27.841499 0.349892 0.086726 0.932767 0.000000 0.000000 0.000000 0.000000 1.000000
0.829686 -0.491813 -0.264084 0.000000 0.435015 0.866096 -0.246251 27.841499 0.349832 0.089431 0.932534 -0.000000 0.000000 0.000000 0.000000 1.000000</float_array>
        <technique_common>
          <accessor source="#mixamorig_LeftForeArm-Matrix-animation-output-transform-array" count="56" stride="16">
            <param type="float4x4"/>
          </accessor>
        </technique_common>
      </source>
      <source id="mixamorig_LeftForeArm-Interpolations">
        <Name_array id="mixamorig_LeftForeArm-Interpolations-array" count="56">
 LINEAR LINEAR LINEAR LINEAR LINEAR LINEAR LINEAR LINEAR LINEAR LINEAR LINEAR
LINEAR LINEAR LINEAR LINEAR LINEAR LINEAR LINEAR LINEAR LINEAR LINEAR LINEAR LINEAR
LINEAR LINEAR LINEAR LINEAR LINEAR LINEAR LINEAR LINEAR LINEAR LINEAR LINEAR LINEAR
LINEAR LINEAR LINEAR LINEAR LINEAR LINEAR LINEAR LINEAR LINEAR LINEAR LINEAR LINEAR
LINEAR LINEAR LINEAR LINEAR LINEAR LINEAR LINEAR LINEAR LINEAR</Name_array>
        <technique_common>
          <accessor source="#mixamorig_LeftForeArm-Interpolations-array" count="56">
            <param type="name"/>
          </accessor>
        </technique_common>
      </source>
      <sampler id="mixamorig_LeftForeArm-Matrix-animation-transform">
        <input semantic="INPUT" source="#mixamorig_LeftForeArm-Matrix-animation-input"/>
        <input semantic="OUTPUT" source="#mixamorig_LeftForeArm-Matrix-animation-output-transform"/>
        <input semantic="INTERPOLATION" source="#mixamorig_LeftForeArm-Interpolations"/>
      </sampler>
      <channel source="#mixamorig_LeftForeArm-Matrix-animation-transform" target="mixamorig_LeftForeArm/matrix"/>
    </animation>
    <animation id="mixamorig_LeftHand-anim" name="mixamorig_LeftHand">
      <source id="mixamorig_LeftHand-Matrix-animation-input">
        <float_array id="mixamorig_LeftHand-Matrix-animation-input-array" count="56">

0.000000 0.033333 0.066667 0.100000 0.133333 0.166667 0.200000 0.233333 0.266667 0.300000 0.333333 0.366667 0.400000 0.433333 0.466667 0.500000
0.533333 0.566667 0.600000 0.633333 0.666667 0.700000 0.733333 0.766667 0.800000 0.833333 0.866667 0.900000 0.933333 0.966667 1.000000 1.033333
1.066667 1.100000 1.133333 1.166667 1.200000 1.233333 1.266667 1.300000 1.333333 1.366667 1.400000 1.433333 1.466667 1.500000 1.533333 1.566667
1.600000 1.633333 1.666667 1.700000 1.733333 1.766667 1.800000 1.833333</float_array>
        <technique_common>
          <accessor source="#mixamorig_LeftHand-Matrix-animation-input-array" count="56">
            <param name="TIME" type="float"/>
          </accessor>
        </technique_common>
      </source>
      <source id="mixamorig_LeftHand-Matrix-animation-output-transform">
        <float_array id="mixamorig_LeftHand-Matrix-animation-output-transform-array" count="896">

0.998095 -0.048664 0.037922 -0.000000 0.043827 0.991886 0.119338 28.328800 -0.043422 -0.117448 0.992129 0.000000 0.000000 0.000000 0.000000 1.000000
0.998304 -0.045876 0.035847 0.000000 0.041186 0.991661 0.122118 28.328800 -0.041151 -0.120434 0.991868 0.000000 0.000000 0.000000 0.000000 1.000000
0.998607 -0.039005 0.035542 0.000000 0.034271 0.991534 0.125245 28.328800 -0.040126 -0.123852 0.991489 0.000000 0.000000 0.000000 0.000000 1.000000
0.998735 -0.033712 0.037316 0.000000 0.028690 0.991389 0.127764 28.328800 -0.041302 -0.126532 0.991102 0.000000 0.000000 0.000000 0.000000 1.000000
0.998616 -0.031854 0.041857 0.000000 0.026260 0.991429 0.127981 28.328800 -0.045575 -0.126705 0.990893 0.000000 0.000000 0.000000 0.000000 1.000000
0.998242 -0.034781 0.047985 0.000000 0.028390 0.991370 0.127986 28.328800 -0.052023 -0.126399 0.990614 -0.000000 0.000000 0.000000 0.000000 1.000000
0.997724 -0.039935 0.054341 0.000000 0.032694 0.991215 0.128157 28.328800 -0.058982 -0.126089 0.990264 0.000000 0.000000 0.000000 0.000000 1.000000
0.997201 -0.042506 0.061516 0.000000 0.034331 0.991138 0.128326 28.328800 -0.066426 -0.125855 0.989822 0.000000 0.000000 0.000000 0.000000 1.000000
0.996749 -0.046241 0.065982 0.000000 0.037353 0.990798 0.130091 28.328800 -0.071391 -0.127204 0.989304 0.000000 0.000000 0.000000 0.000000 1.000000
0.996001 -0.053584 0.071496 0.000000 0.044072 0.990722 0.128562 28.328800 -0.077722 -0.124897 0.989121 0.000000 0.000000 0.000000 0.000000 1.000000
0.995346 -0.058527 0.076553 0.000000 0.048390 0.990574 0.128147 28.328800 -0.083332 -0.123847 0.988796 0.000000 0.000000 0.000000 0.000000 1.000000
0.995116 -0.055725 0.081477 0.000000 0.044992 0.990741 0.128093 28.328800 -0.087861 -0.123802 0.988410 -0.000000 0.000000 0.000000 0.000000 1.000000
0.994825 -0.054441 0.085781 0.000000 0.043230 0.990893 0.127521 28.328800 -0.091943 -0.123153 0.988119 0.000000 0.000000 0.000000 0.000000 1.000000
0.994793 -0.047601 0.090111 0.000000 0.035722 0.990984 0.129129 28.328800 -0.095446 -0.125237 0.987525 0.000000 0.000000 0.000000 0.000000 1.000000
0.994423 -0.047412 0.094209 0.000000 0.035102 0.991117 0.128273 28.328800 -0.099454 -0.124251 0.987254 0.000000 0.000000 0.000000 0.000000 1.000000
0.994252 -0.050753 0.094268 0.000000 0.038432 0.991004 0.128198 28.328800 -0.099926 -0.123838 0.987258 0.000000 0.000000 0.000000 0.000000 1.000000
0.994220 -0.051868 0.093998 0.000000 0.039602 0.990988 0.127959 28.328800 -0.099788 -0.123497 0.987315 0.000000 0.000000 0.000000 0.000000 1.000000
0.993964 -0.052932 0.096091 -0.000000 0.040651 0.991255 0.125542 28.328800 -0.101896 -0.120878 0.987424 0.000000 0.000000 0.000000 0.000000 1.000000
0.993433 -0.053674 0.101048 0.000000 0.041101 0.991600 0.122639 28.328800 -0.106782 -0.117680 0.987294 0.000000 0.000000 0.000000 0.000000 1.000000
0.992995 -0.057081 0.103458 -0.000000 0.044515 0.991782 0.119943 28.328800 -0.109454 -0.114497 0.987375 0.000000 0.000000 0.000000 0.000000 1.000000
0.992856 -0.059282 0.103547 0.000000 0.046919 0.991905 0.118000 28.328800 -0.109704 -0.112298 0.987600 0.000000 0.000000 0.000000 0.000000 1.000000
0.992794 -0.060037 0.103710 0.000000 0.047949 0.992166 0.115357 28.328800 -0.109823 -0.109553 0.987895 0.000000 0.000000 0.000000 0.000000 1.000000
0.992499 -0.061017 0.105941 -0.000000 0.049064 0.992498 0.111986 28.328800 -0.111979 -0.105948 0.988046 0.000000 0.000000 0.000000 0.000000 1.000000
0.992386 -0.061726 0.106584 -0.000000 0.049897 0.992646 0.110289 28.328800 -0.112608 -0.104131 0.988168 -0.000000 0.000000 0.000000 0.000000 1.000000
0.992424 -0.063509 0.105169 -0.000000 0.051902 0.992615 0.109640 28.328800 -0.111356 -0.103351 0.988392 0.000000 0.000000 0.000000 0.000000 1.000000
0.992723 -0.060971 0.103844 0.000000 0.049423 0.992662 0.110357 28.328800 -0.109811 -0.104422 0.988452 0.000000 0.000000 0.000000 0.000000 1.000000
0.993081 -0.055862 0.103294 0.000000 0.044037 0.992571 0.113417 28.328800 -0.108862 -0.108084 0.988163 0.000000 0.000000 0.000000 0.000000 1.000000
0.993397 -0.051408 0.102568 0.000000 0.039210 0.992288 0.117587 28.328800 -0.107822 -0.112789 0.987752 0.000000 0.000000 0.000000 0.000000 1.000000
0.993743 -0.047811 0.100941 0.000000 0.035389 0.991966 0.121451 28.328800 -0.105937 -0.117119 0.987452 0.000000 0.000000 0.000000 0.000000 1.000000
0.994868 -0.043762 0.091232 -0.000000 0.031963 0.991387 0.127001 28.328800 -0.096004 -0.123433 0.987698 0.000000 0.000000 0.000000 0.000000 1.000000
0.995764 -0.041925 0.081830 0.000000 0.031118 0.991139 0.129136 28.328800 -0.086519 -0.126043 0.988245 -0.000000 0.000000 0.000000 0.000000 1.000000
0.996336 -0.042093 0.074453 0.000000 0.032139 0.990969 0.130182 28.328800 -0.079261 -0.127312 0.988691 0.000000 0.000000 0.000000 0.000000 1.000000
0.996581 -0.042744 0.070710 0.000000 0.033223 0.990861 0.130732 28.328800 -0.075651 -0.127936 0.988893 0.000000 0.000000 0.000000 0.000000 1.000000
0.996804 -0.045073 0.065960 0.000000 0.036047 0.990574 0.132149 28.328800 -0.071294 -0.129349 0.989033 0.000000 0.000000 0.000000 0.000000 1.000000
0.996636 -0.050674 0.064413 0.000000 0.042035 0.990749 0.129031 28.328800 -0.070355 -0.125889 0.989546 0.000000 0.000000 0.000000 0.000000 1.000000
0.996222 -0.061268 0.061544 -0.000000 0.053234 0.990775 0.124625 28.328800 -0.068612 -0.120878 0.990293 0.000000 0.000000 0.000000 0.000000 1.000000
0.996390 -0.063831 0.055965 0.000000 0.056449 0.990575 0.124796 28.328800 -0.063404 -0.121186 0.990603 0.000000 0.000000 0.000000 0.000000 1.000000
0.996650 -0.062732 0.052475 0.000000 0.055789 0.990628 0.124672 28.328800 -0.059804 -0.121327 0.990809 0.000000 0.000000 0.000000 0.000000 1.000000
0.996621 -0.062550 0.053240 0.000000 0.055631 0.990875 0.122768 28.328800 -0.060433 -0.119392 0.991006 0.000000 0.000000 0.000000 0.000000 1.000000
0.996570 -0.063798 0.052710 0.000000 0.057022 0.990972 0.121335 28.328800 -0.059975 -0.117913 0.991211 0.000000 0.000000 0.000000 0.000000 1.000000
0.996498 -0.064765 0.052885 0.000000 0.058150 0.991281 0.118243 28.328800 -0.060082 -0.114753 0.991575 0.000000 0.000000 0.000000 0.000000 1.000000
0.996752 -0.061525 0.051968 0.000000 0.055096 0.991580 0.117190 28.328800 -0.058741 -0.113946 0.991749 0.000000 0.000000 0.000000 0.000000 1.000000
0.996991 -0.061610 0.047047 0.000000 0.055733 0.991523 0.117371 28.328800 -0.053879 -0.114396 0.991973 0.000000 0.000000 0.000000 0.000000 1.000000
0.996921 -0.064409 0.044712 0.000000 0.058928 0.991659 0.114628 28.328800 -0.051722 -0.111640 0.992402 -0.000000 0.000000 0.000000 0.000000 1.000000
0.996939 -0.066023 0.041876 0.000000 0.060918 0.991695 0.113270 28.328800 -0.049006 -0.110372 0.992681 0.000000 0.000000 0.000000 0.000000 1.000000
0.997002 -0.064955 0.042047 0.000000 0.059889 0.991877 0.112216 28.328800 -0.048994 -0.109362 0.992794 0.000000 0.000000 0.000000 0.000000 1.000000
0.996769 -0.069760 0.039803 0.000000 0.064964 0.991675 0.111180 28.328800 -0.047227 -0.108235 0.993003 0.000000 0.000000 0.000000 0.000000 1.000000
0.996857 -0.070802 0.035535 0.000000 0.066482 0.991623 0.110743 28.328800 -0.043078 -0.108033 0.993214 -0.000000 0.000000 0.000000 0.000000 1.000000
0.997079 -0.068992 0.032761 0.000000 0.064998 0.991762 0.110375 28.328800 -0.040106 -0.107924 0.993350 0.000000 0.000000 0.000000 0.000000 1.000000
0.997121 -0.068707 0.032087 0.000000 0.064823 0.991877 0.109446 28.328800 -0.039346 -0.107051 0.993475 0.000000 0.000000 0.000000 0.000000 1.000000
0.997087 -0.069294 0.031867 0.000000 0.065470 0.991942 0.108466 28.328800 -0.039126 -0.106064 0.993589 0.000000 0.000000 0.000000 0.000000 1.000000
0.997328 -0.065636 0.032080 0.000000 0.061758 0.992039 0.109748 28.328800 -0.039028 -0.107474 0.993442 0.000000 0.000000 0.000000 0.000000 1.000000
0.997627 -0.060870 0.032185 -0.000000 0.056981 0.992254 0.110385 28.328800 -0.038655 -0.108289 0.993368 0.000000 0.000000 0.000000 0.000000 1.000000
0.997722 -0.058573 0.033464 0.000000 0.054555 0.992383 0.110457 28.328800 -0.039679 -0.108380 0.993317 0.000000 0.000000 0.000000 0.000000 1.000000
0.997848 -0.055573 0.034798 0.000000 0.051263 0.992109 0.114419 28.328800 -0.040882 -0.112389 0.992823 0.000000 0.000000 0.000000 0.000000 1.000000
0.998095 -0.048664 0.037922 0.000000 0.043827 0.991886 0.119337 28.328800 -0.043422 -0.117448 0.992129 0.000000 0.000000 0.000000 0.000000 1.000000</float_array>
        <technique_common>
          <accessor source="#mixamorig_LeftHand-Matrix-animation-output-transform-array" count="56" stride="16">
            <param type="float4x4"/>
          </accessor>
        </technique_common>
      </source>
      <source id="mixamorig_LeftHand-Interpolations">
        <Name_array id="mixamorig_LeftHand-Interpolations-array" count="56">
 LINEAR LINEAR LINEAR LINEAR LINEAR LINEAR LINEAR LINEAR LINEAR LINEAR LINEAR
LINEAR LINEAR LINEAR LINEAR LINEAR LINEAR LINEAR LINEAR LINEAR LINEAR LINEAR LINEAR
LINEAR LINEAR LINEAR LINEAR LINEAR LINEAR LINEAR LINEAR LINEAR LINEAR LINEAR LINEAR
LINEAR LINEAR LINEAR LINEAR LINEAR LINEAR LINEAR LINEAR LINEAR LINEAR LINEAR LINEAR
LINEAR LINEAR LINEAR LINEAR LINEAR LINEAR LINEAR LINEAR LINEAR</Name_array>
        <technique_common>
          <accessor source="#mixamorig_LeftHand-Interpolations-array" count="56">
            <param type="name"/>
          </accessor>
        </technique_common>
      </source>
      <sampler id="mixamorig_LeftHand-Matrix-animation-transform">
        <input semantic="INPUT" source="#mixamorig_LeftHand-Matrix-animation-input"/>
        <input semantic="OUTPUT" source="#mixamorig_LeftHand-Matrix-animation-output-transform"/>
        <input semantic="INTERPOLATION" source="#mixamorig_LeftHand-Interpolations"/>
      </sampler>
      <channel source="#mixamorig_LeftHand-Matrix-animation-transform" target="mixamorig_LeftHand/matrix"/>
    </animation>
    <animation id="mixamorig_LeftHandThumb1-anim" name="mixamorig_LeftHandThumb1">
      <source id="mixamorig_LeftHandThumb1-Matrix-animation-input">
        <float_array id="mixamorig_LeftHandThumb1-Matrix-animation-input-array" count="56">

0.000000 0.033333 0.066667 0.100000 0.133333 0.166667 0.200000 0.233333 0.266667 0.300000 0.333333 0.366667 0.400000 0.433333 0.466667 0.500000
0.533333 0.566667 0.600000 0.633333 0.666667 0.700000 0.733333 0.766667 0.800000 0.833333 0.866667 0.900000 0.933333 0.966667 1.000000 1.033333
1.066667 1.100000 1.133333 1.166667 1.200000 1.233333 1.266667 1.300000 1.333333 1.366667 1.400000 1.433333 1.466667 1.500000 1.533333 1.566667
1.600000 1.633333 1.666667 1.700000 1.733333 1.766667 1.800000 1.833333</float_array>
        <technique_common>
          <accessor source="#mixamorig_LeftHandThumb1-Matrix-animation-input-array" count="56">
            <param name="TIME" type="float"/>
          </accessor>
        </technique_common>
      </source>
      <source id="mixamorig_LeftHandThumb1-Matrix-animation-output-transform">
        <float_array id="mixamorig_LeftHandThumb1-Matrix-animation-output-transform-array" count="896">

0.811024 -0.470858 0.347179 -2.681700 0.569682 0.770632 -0.285637 2.466100 -0.133052 0.429440 0.893240 1.576200 0.000000 0.000000 0.000000 1.000000
0.811024 -0.470858 0.347179 -2.681700 0.569682 0.770632 -0.285637 2.466100 -0.133053 0.429440 0.893240 1.576200 0.000000 0.000000 0.000000 1.000000
0.811024 -0.470857 0.347179 -2.681700 0.569681 0.770633 -0.285637 2.466100 -0.133053 0.429440 0.893240 1.576200 0.000000 0.000000 0.000000 1.000000
0.811024 -0.470858 0.347179 -2.681700 0.569681 0.770632 -0.285637 2.466100 -0.133052 0.429440 0.893240 1.576200 0.000000 0.000000 0.000000 1.000000
0.811024 -0.470858 0.347179 -2.681700 0.569681 0.770633 -0.285637 2.466100 -0.133053 0.429440 0.893240 1.576200 0.000000 0.000000 0.000000 1.000000
0.811024 -0.470858 0.347179 -2.681700 0.569682 0.770633 -0.285637 2.466100 -0.133053 0.429440 0.893240 1.576200 0.000000 0.000000 0.000000 1.000000
0.811024 -0.470858 0.347179 -2.681700 0.569682 0.770632 -0.285637 2.466100 -0.133053 0.429440 0.893240 1.576200 0.000000 0.000000 0.000000 1.000000
0.811024 -0.470858 0.347179 -2.681700 0.569682 0.770632 -0.285637 2.466100 -0.133053 0.429440 0.893240 1.576200 0.000000 0.000000 0.000000 1.000000
0.811024 -0.470858 0.347178 -2.681700 0.569682 0.770632 -0.285637 2.466100 -0.133052 0.429439 0.893241 1.576200 0.000000 0.000000 0.000000 1.000000
0.811024 -0.470858 0.347179 -2.681700 0.569681 0.770632 -0.285637 2.466100 -0.133053 0.429440 0.893240 1.576200 0.000000 0.000000 0.000000 1.000000
0.811024 -0.470858 0.347179 -2.681700 0.569682 0.770632 -0.285637 2.466100 -0.133053 0.429440 0.893240 1.576200 0.000000 0.000000 0.000000 1.000000
0.811024 -0.470858 0.347179 -2.681700 0.569681 0.770633 -0.285637 2.466100 -0.133053 0.429440 0.893240 1.576200 0.000000 0.000000 0.000000 1.000000
0.811024 -0.470858 0.347179 -2.681700 0.569682 0.770632 -0.285637 2.466100 -0.133053 0.429440 0.893240 1.576200 0.000000 0.000000 0.000000 1.000000
0.811024 -0.470858 0.347179 -2.681700 0.569682 0.770632 -0.285637 2.466100 -0.133053 0.429440 0.893240 1.576200 0.000000 0.000000 0.000000 1.000000
0.811024 -0.470858 0.347179 -2.681700 0.569682 0.770632 -0.285637 2.466100 -0.133053 0.429440 0.893240 1.576200 0.000000 0.000000 0.000000 1.000000
0.811024 -0.470858 0.347179 -2.681700 0.569681 0.770632 -0.285637 2.466100 -0.133053 0.429440 0.893240 1.576200 0.000000 0.000000 0.000000 1.000000
0.811024 -0.470858 0.347179 -2.681700 0.569681 0.770633 -0.285637 2.466100 -0.133053 0.429440 0.893240 1.576200 0.000000 0.000000 0.000000 1.000000
0.811024 -0.470858 0.347179 -2.681700 0.569682 0.770632 -0.285637 2.466100 -0.133052 0.429440 0.893240 1.576200 0.000000 0.000000 0.000000 1.000000
0.811024 -0.470858 0.347179 -2.681700 0.569682 0.770632 -0.285637 2.466100 -0.133053 0.429440 0.893240 1.576200 0.000000 0.000000 0.000000 1.000000
0.811024 -0.470858 0.347179 -2.681700 0.569682 0.770632 -0.285637 2.466100 -0.133053 0.429440 0.893240 1.576200 0.000000 0.000000 0.000000 1.000000
0.811024 -0.470858 0.347179 -2.681700 0.569682 0.770632 -0.285637 2.466100 -0.133053 0.429440 0.893240 1.576200 0.000000 0.000000 0.000000 1.000000
0.811024 -0.470858 0.347179 -2.681700 0.569682 0.770632 -0.285637 2.466100 -0.133053 0.429440 0.893240 1.576200 0.000000 0.000000 0.000000 1.000000
0.811024 -0.470858 0.347179 -2.681700 0.569682 0.770632 -0.285637 2.466100 -0.133052 0.429440 0.893240 1.576200 0.000000 0.000000 0.000000 1.000000
0.811024 -0.470858 0.347179 -2.681700 0.569682 0.770632 -0.285637 2.466100 -0.133053 0.429440 0.893240 1.576200 0.000000 0.000000 0.000000 1.000000
0.811024 -0.470858 0.347179 -2.681700 0.569682 0.770632 -0.285638 2.466100 -0.133052 0.429440 0.893240 1.576200 0.000000 0.000000 0.000000 1.000000
0.811024 -0.470858 0.347179 -2.681700 0.569682 0.770632 -0.285637 2.466100 -0.133053 0.429440 0.893240 1.576200 0.000000 0.000000 0.000000 1.000000
0.811024 -0.470858 0.347179 -2.681700 0.569682 0.770632 -0.285637 2.466100 -0.133053 0.429440 0.893240 1.576200 0.000000 0.000000 0.000000 1.000000
0.811024 -0.470858 0.347179 -2.681700 0.569682 0.770632 -0.285637 2.466100 -0.133053 0.429440 0.893240 1.576200 0.000000 0.000000 0.000000 1.000000
0.811024 -0.470858 0.347179 -2.681700 0.569682 0.770632 -0.285637 2.466100 -0.133052 0.429440 0.893240 1.576200 0.000000 0.000000 0.000000 1.000000
0.811024 -0.470858 0.347179 -2.681700 0.569682 0.770632 -0.285637 2.466100 -0.133053 0.429440 0.893240 1.576200 0.000000 0.000000 0.000000 1.000000
0.811024 -0.470858 0.347179 -2.681700 0.569682 0.770632 -0.285637 2.466100 -0.133052 0.429440 0.893240 1.576200 0.000000 0.000000 0.000000 1.000000
0.811024 -0.470858 0.347179 -2.681700 0.569682 0.770632 -0.285637 2.466100 -0.133053 0.429440 0.893240 1.576200 0.000000 0.000000 0.000000 1.000000
0.811024 -0.470858 0.347179 -2.681700 0.569682 0.770632 -0.285637 2.466100 -0.133053 0.429440 0.893240 1.576200 0.000000 0.000000 0.000000 1.000000
0.811024 -0.470858 0.347179 -2.681700 0.569682 0.770632 -0.285637 2.466100 -0.133053 0.429440 0.893240 1.576200 0.000000 0.000000 0.000000 1.000000
0.811024 -0.470858 0.347179 -2.681700 0.569682 0.770632 -0.285637 2.466100 -0.133053 0.429440 0.893240 1.576200 0.000000 0.000000 0.000000 1.000000
0.811024 -0.470858 0.347179 -2.681700 0.569682 0.770632 -0.285637 2.466100 -0.133053 0.429440 0.893240 1.576200 0.000000 0.000000 0.000000 1.000000
0.811024 -0.470858 0.347179 -2.681700 0.569681 0.770633 -0.285637 2.466100 -0.133053 0.429440 0.893240 1.576200 0.000000 0.000000 0.000000 1.000000
0.811024 -0.470858 0.347179 -2.681700 0.569682 0.770632 -0.285637 2.466100 -0.133053 0.429440 0.893240 1.576200 0.000000 0.000000 0.000000 1.000000
0.811024 -0.470858 0.347179 -2.681700 0.569681 0.770632 -0.285638 2.466100 -0.133052 0.429440 0.893240 1.576200 0.000000 0.000000 0.000000 1.000000
0.811024 -0.470858 0.347179 -2.681700 0.569682 0.770632 -0.285637 2.466100 -0.133053 0.429440 0.893240 1.576200 0.000000 0.000000 0.000000 1.000000
0.811024 -0.470858 0.347179 -2.681700 0.569682 0.770632 -0.285637 2.466100 -0.133053 0.429440 0.893240 1.576200 0.000000 0.000000 0.000000 1.000000
0.811024 -0.470858 0.347179 -2.681700 0.569682 0.770632 -0.285637 2.466100 -0.133053 0.429440 0.893240 1.576200 0.000000 0.000000 0.000000 1.000000
0.811024 -0.470858 0.347179 -2.681700 0.569682 0.770632 -0.285637 2.466100 -0.133053 0.429439 0.893241 1.576200 0.000000 0.000000 0.000000 1.000000
0.811024 -0.470858 0.347179 -2.681700 0.569682 0.770632 -0.285637 2.466100 -0.133053 0.429440 0.893240 1.576200 0.000000 0.000000 0.000000 1.000000
0.811024 -0.470858 0.347179 -2.681700 0.569681 0.770633 -0.285637 2.466100 -0.133053 0.429440 0.893240 1.576200 0.000000 0.000000 0.000000 1.000000
0.811024 -0.470858 0.347178 -2.681700 0.569681 0.770633 -0.285637 2.466100 -0.133053 0.429440 0.893240 1.576200 0.000000 0.000000 0.000000 1.000000
0.811024 -0.470858 0.347179 -2.681700 0.569682 0.770633 -0.285637 2.466100 -0.133053 0.429440 0.893241 1.576200 0.000000 0.000000 0.000000 1.000000
0.811024 -0.470857 0.347178 -2.681700 0.569681 0.770633 -0.285637 2.466100 -0.133053 0.429440 0.893241 1.576200 0.000000 0.000000 0.000000 1.000000
0.811024 -0.470858 0.347179 -2.681700 0.569682 0.770632 -0.285637 2.466100 -0.133052 0.429440 0.893240 1.576200 0.000000 0.000000 0.000000 1.000000
0.811024 -0.470858 0.347179 -2.681700 0.569682 0.770632 -0.285637 2.466100 -0.133053 0.429440 0.893240 1.576200 0.000000 0.000000 0.000000 1.000000
0.811024 -0.470858 0.347178 -2.681700 0.569682 0.770632 -0.285637 2.466100 -0.133052 0.429440 0.893240 1.576200 0.000000 0.000000 0.000000 1.000000
0.811024 -0.470858 0.347179 -2.681700 0.569682 0.770632 -0.285637 2.466100 -0.133053 0.429440 0.893240 1.576200 0.000000 0.000000 0.000000 1.000000
0.811024 -0.470858 0.347179 -2.681700 0.569682 0.770632 -0.285637 2.466100 -0.133053 0.429440 0.893240 1.576200 0.000000 0.000000 0.000000 1.000000
0.811024 -0.470858 0.347179 -2.681700 0.569682 0.770633 -0.285637 2.466100 -0.133053 0.429440 0.893240 1.576200 0.000000 0.000000 0.000000 1.000000
0.811024 -0.470858 0.347179 -2.681700 0.569681 0.770633 -0.285637 2.466100 -0.133053 0.429440 0.893240 1.576200 0.000000 0.000000 0.000000 1.000000
0.811024 -0.470858 0.347179 -2.681700 0.569682 0.770633 -0.285637 2.466100 -0.133053 0.429440 0.893241 1.576200 0.000000 0.000000 0.000000 1.000000</float_array>
        <technique_common>
          <accessor source="#mixamorig_LeftHandThumb1-Matrix-animation-output-transform-array" count="56" stride="16">
            <param type="float4x4"/>
          </accessor>
        </technique_common>
      </source>
      <source id="mixamorig_LeftHandThumb1-Interpolations">
        <Name_array id="mixamorig_LeftHandThumb1-Interpolations-array" count="56">
 LINEAR LINEAR LINEAR LINEAR LINEAR LINEAR LINEAR LINEAR LINEAR LINEAR LINEAR
LINEAR LINEAR LINEAR LINEAR LINEAR LINEAR LINEAR LINEAR LINEAR LINEAR LINEAR LINEAR
LINEAR LINEAR LINEAR LINEAR LINEAR LINEAR LINEAR LINEAR LINEAR LINEAR LINEAR LINEAR
LINEAR LINEAR LINEAR LINEAR LINEAR LINEAR LINEAR LINEAR LINEAR LINEAR LINEAR LINEAR
LINEAR LINEAR LINEAR LINEAR LINEAR LINEAR LINEAR LINEAR LINEAR</Name_array>
        <technique_common>
          <accessor source="#mixamorig_LeftHandThumb1-Interpolations-array" count="56">
            <param type="name"/>
          </accessor>
        </technique_common>
      </source>
      <sampler id="mixamorig_LeftHandThumb1-Matrix-animation-transform">
        <input semantic="INPUT" source="#mixamorig_LeftHandThumb1-Matrix-animation-input"/>
        <input semantic="OUTPUT" source="#mixamorig_LeftHandThumb1-Matrix-animation-output-transform"/>
        <input semantic="INTERPOLATION" source="#mixamorig_LeftHandThumb1-Interpolations"/>
      </sampler>
      <channel source="#mixamorig_LeftHandThumb1-Matrix-animation-transform" target="mixamorig_LeftHandThumb1/matrix"/>
    </animation>
    <animation id="mixamorig_LeftHandThumb2-anim" name="mixamorig_LeftHandThumb2">
      <source id="mixamorig_LeftHandThumb2-Matrix-animation-input">
        <float_array id="mixamorig_LeftHandThumb2-Matrix-animation-input-array" count="56">

0.000000 0.033333 0.066667 0.100000 0.133333 0.166667 0.200000 0.233333 0.266667 0.300000 0.333333 0.366667 0.400000 0.433333 0.466667 0.500000
0.533333 0.566667 0.600000 0.633333 0.666667 0.700000 0.733333 0.766667 0.800000 0.833333 0.866667 0.900000 0.933333 0.966667 1.000000 1.033333
1.066667 1.100000 1.133333 1.166667 1.200000 1.233333 1.266667 1.300000 1.333333 1.366667 1.400000 1.433333 1.466667 1.500000 1.533333 1.566667
1.600000 1.633333 1.666667 1.700000 1.733333 1.766667 1.800000 1.833333</float_array>
        <technique_common>
          <accessor source="#mixamorig_LeftHandThumb2-Matrix-animation-input-array" count="56">
            <param name="TIME" type="float"/>
          </accessor>
        </technique_common>
      </source>
      <source id="mixamorig_LeftHandThumb2-Matrix-animation-output-transform">
        <float_array id="mixamorig_LeftHandThumb2-Matrix-animation-output-transform-array" count="896">

0.972867 0.143187 -0.181736 0.000000 -0.156559 0.985757 -0.061427 4.187100 0.170352 0.088212 0.981427 -0.000000 0.000000 0.000000 0.000000 1.000000
0.972732 0.144126 -0.181716 0.000000 -0.157491 0.985614 -0.061329 4.187100 0.170262 0.088275 0.981437 0.000000 0.000000 0.000000 0.000000 1.000000
0.972603 0.144996 -0.181714 -0.000000 -0.158378 0.985470 -0.061362 4.187100 0.170176 0.088460 0.981435 0.000000 0.000000 0.000000 0.000000 1.000000
0.972462 0.145949 -0.181705 -0.000000 -0.159337 0.985318 -0.061327 4.187100 0.170087 0.088590 0.981439 -0.000000 0.000000 0.000000 0.000000 1.000000
0.972295 0.147059 -0.181702 0.000000 -0.160454 0.985139 -0.061285 4.187100 0.169989 0.088742 0.981442 0.000000 0.000000 0.000000 0.000000 1.000000
0.972099 0.148351 -0.181703 0.000000 -0.161756 0.984929 -0.061236 4.187100 0.169881 0.088919 0.981445 0.000000 0.000000 0.000000 0.000000 1.000000
0.971879 0.149772 -0.181711 0.000000 -0.163186 0.984697 -0.061180 4.187100 0.169767 0.089112 0.981447 0.000000 0.000000 0.000000 0.000000 1.000000
0.971642 0.151290 -0.181720 0.000000 -0.164715 0.984446 -0.061121 4.187100 0.169647 0.089320 0.981449 -0.000000 0.000000 0.000000 0.000000 1.000000
0.971391 0.152882 -0.181731 0.000000 -0.166318 0.984180 -0.061059 4.187100 0.169521 0.089537 0.981451 0.000000 0.000000 0.000000 0.000000 1.000000
0.971130 0.154517 -0.181744 -0.000000 -0.167964 0.983904 -0.060995 4.187100 0.169394 0.089760 0.981452 0.000000 0.000000 0.000000 0.000000 1.000000
0.970862 0.156170 -0.181763 0.000000 -0.169629 0.983623 -0.060928 4.187100 0.169271 0.089985 0.981453 0.000000 0.000000 0.000000 0.000000 1.000000
0.970592 0.157812 -0.181787 0.000000 -0.171284 0.983340 -0.060861 4.187100 0.169154 0.090209 0.981453 0.000000 0.000000 0.000000 0.000000 1.000000
0.970325 0.159418 -0.181812 -0.000000 -0.172902 0.983061 -0.060795 4.187100 0.169040 0.090426 0.981452 0.000000 0.000000 0.000000 0.000000 1.000000
0.970066 0.160958 -0.181834 0.000000 -0.174454 0.982791 -0.060733 4.187100 0.168929 0.090637 0.981452 0.000000 0.000000 0.000000 0.000000 1.000000
0.969821 0.162408 -0.181855 0.000000 -0.175914 0.982534 -0.060673 4.187100 0.168824 0.090833 0.981452 0.000000 0.000000 0.000000 0.000000 1.000000
0.969594 0.163738 -0.181873 -0.000000 -0.177254 0.982296 -0.060619 4.187100 0.168727 0.091014 0.981452 0.000000 0.000000 0.000000 0.000000 1.000000
0.969390 0.164923 -0.181888 0.000000 -0.178448 0.982083 -0.060571 4.187100 0.168640 0.091174 0.981452 0.000000 0.000000 0.000000 0.000000 1.000000
0.969211 0.165961 -0.181900 0.000000 -0.179493 0.981895 -0.060529 4.187100 0.168561 0.091315 0.981452 -0.000000 0.000000 0.000000 0.000000 1.000000
0.969032 0.166986 -0.181913 -0.000000 -0.180526 0.981709 -0.060487 4.187100 0.168485 0.091454 0.981453 0.000000 0.000000 0.000000 0.000000 1.000000
0.968855 0.167999 -0.181926 0.000000 -0.181546 0.981523 -0.060446 4.187100 0.168410 0.091592 0.981453 0.000000 0.000000 0.000000 0.000000 1.000000
0.968683 0.168972 -0.181939 0.000000 -0.182526 0.981344 -0.060406 4.187100 0.168338 0.091723 0.981453 0.000000 0.000000 0.000000 0.000000 1.000000
0.968522 0.169879 -0.181952 0.000000 -0.183440 0.981175 -0.060369 4.187100 0.168272 0.091846 0.981452 0.000000 0.000000 0.000000 0.000000 1.000000
0.968376 0.170695 -0.181963 0.000000 -0.184261 0.981024 -0.060335 4.187100 0.168211 0.091956 0.981452 0.000000 0.000000 0.000000 0.000000 1.000000
0.968252 0.171391 -0.181973 0.000000 -0.184962 0.980894 -0.060304 4.187100 0.168160 0.092047 0.981453 -0.000000 0.000000 0.000000 0.000000 1.000000
0.968153 0.171935 -0.181983 0.000000 -0.185514 0.980790 -0.060297 4.187100 0.168120 0.092137 0.981451 0.000000 0.000000 0.000000 0.000000 1.000000
0.968085 0.172308 -0.181992 -0.000000 -0.185892 0.980718 -0.060298 4.187100 0.168093 0.092204 0.981450 0.000000 0.000000 0.000000 0.000000 1.000000
0.968053 0.172484 -0.181995 0.000000 -0.186070 0.980685 -0.060297 4.187100 0.168079 0.092234 0.981449 0.000000 0.000000 0.000000 0.000000 1.000000
0.968062 0.172439 -0.181993 0.000000 -0.186023 0.980694 -0.060289 4.187100 0.168083 0.092219 0.981450 0.000000 0.000000 0.000000 0.000000 1.000000
0.968116 0.172146 -0.181982 0.000000 -0.185723 0.980752 -0.060276 4.187100 0.168103 0.092153 0.981453 0.000000 0.000000 0.000000 0.000000 1.000000
0.968221 0.171564 -0.181973 0.000000 -0.185137 0.980861 -0.060304 4.187100 0.168144 0.092078 0.981453 0.000000 0.000000 0.000000 0.000000 1.000000
0.968378 0.170690 -0.181958 0.000000 -0.184256 0.981025 -0.060337 4.187100 0.168206 0.091956 0.981453 -0.000000 0.000000 0.000000 0.000000 1.000000
0.968582 0.169553 -0.181938 0.000000 -0.183111 0.981236 -0.060384 4.187100 0.168286 0.091802 0.981454 0.000000 0.000000 0.000000 0.000000 1.000000
0.968822 0.168196 -0.181915 -0.000000 -0.181743 0.981487 -0.060441 4.187100 0.168382 0.091618 0.981455 0.000000 0.000000 0.000000 0.000000 1.000000
0.969093 0.166656 -0.181890 -0.000000 -0.180192 0.981769 -0.060504 4.187100 0.168491 0.091410 0.981456 0.000000 0.000000 0.000000 0.000000 1.000000
0.969383 0.164973 -0.181880 0.000000 -0.178497 0.982074 -0.060570 4.187100 0.168627 0.091181 0.981453 0.000000 0.000000 0.000000 0.000000 1.000000
0.969688 0.163184 -0.181869 0.000000 -0.176696 0.982396 -0.060641 4.187100 0.168772 0.090938 0.981451 -0.000000 0.000000 0.000000 0.000000 1.000000
0.970000 0.161330 -0.181857 0.000000 -0.174829 0.982725 -0.060715 4.187100 0.168920 0.090687 0.981449 0.000000 0.000000 0.000000 0.000000 1.000000
0.970314 0.159449 -0.181844 -0.000000 -0.172935 0.983056 -0.060789 4.187100 0.169070 0.090431 0.981447 0.000000 0.000000 0.000000 0.000000 1.000000
0.970621 0.157581 -0.181831 0.000000 -0.171054 0.983380 -0.060862 4.187100 0.169218 0.090177 0.981445 0.000000 0.000000 0.000000 0.000000 1.000000
0.970917 0.155764 -0.181817 0.000000 -0.169225 0.983692 -0.060934 4.187100 0.169361 0.089930 0.981443 0.000000 0.000000 0.000000 0.000000 1.000000
0.971195 0.154039 -0.181802 0.000000 -0.167487 0.983985 -0.061002 4.187100 0.169494 0.089694 0.981441 0.000000 0.000000 0.000000 0.000000 1.000000
0.971449 0.152445 -0.181788 0.000000 -0.165881 0.984253 -0.061065 4.187100 0.169617 0.089477 0.981440 -0.000000 0.000000 0.000000 0.000000 1.000000
0.971674 0.151018 -0.181779 0.000000 -0.164445 0.984491 -0.061122 4.187100 0.169729 0.089283 0.981438 0.000000 0.000000 0.000000 0.000000 1.000000
0.971865 0.149788 -0.181774 0.000000 -0.163206 0.984694 -0.061169 4.187100 0.169829 0.089115 0.981436 0.000000 0.000000 0.000000 0.000000 1.000000
0.972037 0.148688 -0.181759 0.000000 -0.162098 0.984874 -0.061214 4.187100 0.169908 0.088965 0.981436 0.000000 0.000000 0.000000 0.000000 1.000000
0.972192 0.147702 -0.181731 0.000000 -0.161104 0.985035 -0.061256 4.187100 0.169964 0.088830 0.981438 -0.000000 0.000000 0.000000 0.000000 1.000000
0.972330 0.146822 -0.181707 0.000000 -0.160216 0.985177 -0.061293 4.187100 0.170015 0.088710 0.981441 0.000000 0.000000 0.000000 0.000000 1.000000
0.972452 0.146037 -0.181686 -0.000000 -0.159425 0.985303 -0.061327 4.187100 0.170060 0.088603 0.981442 0.000000 0.000000 0.000000 0.000000 1.000000
0.972560 0.145342 -0.181667 -0.000000 -0.158724 0.985415 -0.061356 4.187100 0.170099 0.088507 0.981444 0.000000 0.000000 0.000000 0.000000 1.000000
0.972655 0.144728 -0.181650 0.000000 -0.158105 0.985513 -0.061383 4.187100 0.170134 0.088424 0.981446 0.000000 0.000000 0.000000 0.000000 1.000000
0.972738 0.144188 -0.181634 0.000000 -0.157560 0.985599 -0.061404 4.187100 0.170164 0.088348 0.981447 0.000000 0.000000 0.000000 0.000000 1.000000
0.972810 0.143722 -0.181616 0.000000 -0.157084 0.985675 -0.061392 4.187100 0.170191 0.088252 0.981451 -0.000000 0.000000 0.000000 0.000000 1.000000
0.972873 0.143323 -0.181596 0.000000 -0.156670 0.985744 -0.061348 4.187100 0.170215 0.088135 0.981458 0.000000 0.000000 0.000000 0.000000 1.000000
0.972894 0.143188 -0.181588 0.000000 -0.156530 0.985767 -0.061333 4.187100 0.170222 0.088095 0.981460 0.000000 0.000000 0.000000 0.000000 1.000000
0.972894 0.143187 -0.181589 0.000000 -0.156530 0.985767 -0.061334 4.187100 0.170222 0.088095 0.981460 0.000000 0.000000 0.000000 0.000000 1.000000
0.972867 0.143187 -0.181736 0.000000 -0.156559 0.985757 -0.061427 4.187100 0.170352 0.088213 0.981427 0.000000 0.000000 0.000000 0.000000 1.000000</float_array>
        <technique_common>
          <accessor source="#mixamorig_LeftHandThumb2-Matrix-animation-output-transform-array" count="56" stride="16">
            <param type="float4x4"/>
          </accessor>
        </technique_common>
      </source>
      <source id="mixamorig_LeftHandThumb2-Interpolations">
        <Name_array id="mixamorig_LeftHandThumb2-Interpolations-array" count="56">
 LINEAR LINEAR LINEAR LINEAR LINEAR LINEAR LINEAR LINEAR LINEAR LINEAR LINEAR
LINEAR LINEAR LINEAR LINEAR LINEAR LINEAR LINEAR LINEAR LINEAR LINEAR LINEAR LINEAR
LINEAR LINEAR LINEAR LINEAR LINEAR LINEAR LINEAR LINEAR LINEAR LINEAR LINEAR LINEAR
LINEAR LINEAR LINEAR LINEAR LINEAR LINEAR LINEAR LINEAR LINEAR LINEAR LINEAR LINEAR
LINEAR LINEAR LINEAR LINEAR LINEAR LINEAR LINEAR LINEAR LINEAR</Name_array>
        <technique_common>
          <accessor source="#mixamorig_LeftHandThumb2-Interpolations-array" count="56">
            <param type="name"/>
          </accessor>
        </technique_common>
      </source>
      <sampler id="mixamorig_LeftHandThumb2-Matrix-animation-transform">
        <input semantic="INPUT" source="#mixamorig_LeftHandThumb2-Matrix-animation-input"/>
        <input semantic="OUTPUT" source="#mixamorig_LeftHandThumb2-Matrix-animation-output-transform"/>
        <input semantic="INTERPOLATION" source="#mixamorig_LeftHandThumb2-Interpolations"/>
      </sampler>
      <channel source="#mixamorig_LeftHandThumb2-Matrix-animation-transform" target="mixamorig_LeftHandThumb2/matrix"/>
    </animation>
    <animation id="mixamorig_LeftHandThumb3-anim" name="mixamorig_LeftHandThumb3">
      <source id="mixamorig_LeftHandThumb3-Matrix-animation-input">
        <float_array id="mixamorig_LeftHandThumb3-Matrix-animation-input-array" count="56">

0.000000 0.033333 0.066667 0.100000 0.133333 0.166667 0.200000 0.233333 0.266667 0.300000 0.333333 0.366667 0.400000 0.433333 0.466667 0.500000
0.533333 0.566667 0.600000 0.633333 0.666667 0.700000 0.733333 0.766667 0.800000 0.833333 0.866667 0.900000 0.933333 0.966667 1.000000 1.033333
1.066667 1.100000 1.133333 1.166667 1.200000 1.233333 1.266667 1.300000 1.333333 1.366667 1.400000 1.433333 1.466667 1.500000 1.533333 1.566667
1.600000 1.633333 1.666667 1.700000 1.733333 1.766667 1.800000 1.833333</float_array>
        <technique_common>
          <accessor source="#mixamorig_LeftHandThumb3-Matrix-animation-input-array" count="56">
            <param name="TIME" type="float"/>
          </accessor>
        </technique_common>
      </source>
      <source id="mixamorig_LeftHandThumb3-Matrix-animation-output-transform">
        <float_array id="mixamorig_LeftHandThumb3-Matrix-animation-output-transform-array" count="896">

0.984187 0.176994 0.007060 -0.000000 -0.176903 0.984156 -0.011934 3.418400 -0.009061 0.010496 0.999904 0.000000 0.000000 0.000000 0.000000 1.000000
0.984186 0.176995 0.007061 -0.000000 -0.176904 0.984156 -0.011934 3.418400 -0.009061 0.010496 0.999904 0.000000 0.000000 0.000000 0.000000 1.000000
0.984186 0.176995 0.007060 0.000000 -0.176904 0.984156 -0.011934 3.418400 -0.009061 0.010496 0.999904 -0.000000 0.000000 0.000000 0.000000 1.000000
0.984187 0.176995 0.007060 0.000000 -0.176903 0.984156 -0.011934 3.418400 -0.009060 0.010496 0.999904 0.000000 0.000000 0.000000 0.000000 1.000000
0.984187 0.176994 0.007061 0.000000 -0.176903 0.984156 -0.011934 3.418400 -0.009061 0.010497 0.999904 0.000000 0.000000 0.000000 0.000000 1.000000
0.984187 0.176995 0.007060 0.000000 -0.176903 0.984156 -0.011934 3.418400 -0.009061 0.010496 0.999904 0.000000 0.000000 0.000000 0.000000 1.000000
0.984187 0.176995 0.007060 0.000000 -0.176903 0.984156 -0.011935 3.418400 -0.009061 0.010497 0.999904 0.000000 0.000000 0.000000 0.000000 1.000000
0.984186 0.176995 0.007060 0.000000 -0.176904 0.984156 -0.011934 3.418400 -0.009060 0.010496 0.999904 -0.000000 0.000000 0.000000 0.000000 1.000000
0.984187 0.176994 0.007061 0.000000 -0.176903 0.984156 -0.011934 3.418400 -0.009061 0.010496 0.999904 0.000000 0.000000 0.000000 0.000000 1.000000
0.984186 0.176995 0.007060 -0.000000 -0.176904 0.984156 -0.011934 3.418400 -0.009060 0.010496 0.999904 -0.000000 0.000000 0.000000 0.000000 1.000000
0.984187 0.176994 0.007060 -0.000000 -0.176903 0.984156 -0.011934 3.418400 -0.009061 0.010496 0.999904 0.000000 0.000000 0.000000 0.000000 1.000000
0.984187 0.176995 0.007060 0.000000 -0.176903 0.984156 -0.011934 3.418400 -0.009060 0.010496 0.999904 0.000000 0.000000 0.000000 0.000000 1.000000
0.984187 0.176995 0.007060 0.000000 -0.176903 0.984156 -0.011934 3.418400 -0.009061 0.010497 0.999904 0.000000 0.000000 0.000000 0.000000 1.000000
0.984187 0.176994 0.007060 0.000000 -0.176903 0.984156 -0.011934 3.418400 -0.009060 0.010496 0.999904 -0.000000 0.000000 0.000000 0.000000 1.000000
0.984187 0.176994 0.007060 0.000000 -0.176903 0.984156 -0.011935 3.418400 -0.009060 0.010497 0.999904 0.000000 0.000000 0.000000 0.000000 1.000000
0.984187 0.176994 0.007060 0.000000 -0.176903 0.984156 -0.011934 3.418400 -0.009061 0.010496 0.999904 0.000000 0.000000 0.000000 0.000000 1.000000
0.984187 0.176994 0.007060 0.000000 -0.176903 0.984156 -0.011934 3.418400 -0.009061 0.010497 0.999904 0.000000 0.000000 0.000000 0.000000 1.000000
0.984187 0.176995 0.007060 -0.000000 -0.176903 0.984156 -0.011934 3.418400 -0.009060 0.010496 0.999904 0.000000 0.000000 0.000000 0.000000 1.000000
0.984187 0.176994 0.007060 0.000000 -0.176903 0.984156 -0.011934 3.418400 -0.009061 0.010496 0.999904 0.000000 0.000000 0.000000 0.000000 1.000000
0.984187 0.176994 0.007060 -0.000000 -0.176903 0.984156 -0.011934 3.418400 -0.009060 0.010497 0.999904 0.000000 0.000000 0.000000 0.000000 1.000000
0.984186 0.176995 0.007060 0.000000 -0.176904 0.984156 -0.011934 3.418400 -0.009061 0.010496 0.999904 0.000000 0.000000 0.000000 0.000000 1.000000
0.984187 0.176994 0.007060 0.000000 -0.176903 0.984156 -0.011934 3.418400 -0.009060 0.010497 0.999904 0.000000 0.000000 0.000000 0.000000 1.000000
0.984187 0.176994 0.007060 0.000000 -0.176903 0.984156 -0.011934 3.418400 -0.009060 0.010497 0.999904 0.000000 0.000000 0.000000 0.000000 1.000000
0.984187 0.176994 0.007060 0.000000 -0.176903 0.984156 -0.011934 3.418400 -0.009061 0.010497 0.999904 0.000000 0.000000 0.000000 0.000000 1.000000
0.984186 0.176995 0.007060 0.000000 -0.176904 0.984156 -0.011934 3.418400 -0.009060 0.010496 0.999904 -0.000000 0.000000 0.000000 0.000000 1.000000
0.984186 0.176995 0.007060 0.000000 -0.176904 0.984156 -0.011935 3.418400 -0.009060 0.010497 0.999904 0.000000 0.000000 0.000000 0.000000 1.000000
0.984187 0.176994 0.007060 0.000000 -0.176903 0.984156 -0.011934 3.418400 -0.009060 0.010496 0.999904 0.000000 0.000000 0.000000 0.000000 1.000000
0.984187 0.176995 0.007060 -0.000000 -0.176903 0.984156 -0.011934 3.418400 -0.009060 0.010496 0.999904 0.000000 0.000000 0.000000 0.000000 1.000000
0.984187 0.176994 0.007060 0.000000 -0.176903 0.984156 -0.011934 3.418400 -0.009060 0.010497 0.999904 0.000000 0.000000 0.000000 0.000000 1.000000
0.984186 0.176995 0.007060 0.000000 -0.176904 0.984156 -0.011934 3.418400 -0.009060 0.010496 0.999904 0.000000 0.000000 0.000000 0.000000 1.000000
0.984187 0.176994 0.007060 0.000000 -0.176903 0.984156 -0.011934 3.418400 -0.009061 0.010496 0.999904 0.000000 0.000000 0.000000 0.000000 1.000000
0.984187 0.176994 0.007060 0.000000 -0.176903 0.984156 -0.011934 3.418400 -0.009061 0.010496 0.999904 0.000000 0.000000 0.000000 0.000000 1.000000
0.984187 0.176995 0.007060 0.000000 -0.176903 0.984156 -0.011934 3.418400 -0.009060 0.010497 0.999904 0.000000 0.000000 0.000000 0.000000 1.000000
0.984186 0.176995 0.007060 0.000000 -0.176904 0.984156 -0.011934 3.418400 -0.009061 0.010496 0.999904 0.000000 0.000000 0.000000 0.000000 1.000000
0.984187 0.176994 0.007060 0.000000 -0.176903 0.984156 -0.011934 3.418400 -0.009061 0.010497 0.999904 0.000000 0.000000 0.000000 0.000000 1.000000
0.984187 0.176994 0.007060 -0.000000 -0.176903 0.984156 -0.011934 3.418400 -0.009061 0.010496 0.999904 0.000000 0.000000 0.000000 0.000000 1.000000
0.984187 0.176994 0.007060 -0.000000 -0.176903 0.984156 -0.011934 3.418400 -0.009060 0.010497 0.999904 0.000000 0.000000 0.000000 0.000000 1.000000
0.984187 0.176994 0.007060 0.000000 -0.176903 0.984156 -0.011934 3.418400 -0.009061 0.010497 0.999904 0.000000 0.000000 0.000000 0.000000 1.000000
0.984187 0.176995 0.007060 -0.000000 -0.176903 0.984156 -0.011934 3.418400 -0.009061 0.010496 0.999904 -0.000000 0.000000 0.000000 0.000000 1.000000
0.984186 0.176995 0.007060 -0.000000 -0.176904 0.984156 -0.011934 3.418400 -0.009061 0.010497 0.999904 -0.000000 0.000000 0.000000 0.000000 1.000000
0.984187 0.176994 0.007060 0.000000 -0.176903 0.984156 -0.011935 3.418400 -0.009060 0.010497 0.999904 0.000000 0.000000 0.000000 0.000000 1.000000
0.984187 0.176994 0.007060 0.000000 -0.176903 0.984156 -0.011934 3.418400 -0.009060 0.010496 0.999904 0.000000 0.000000 0.000000 0.000000 1.000000
0.984186 0.176995 0.007060 0.000000 -0.176904 0.984156 -0.011934 3.418400 -0.009060 0.010497 0.999904 0.000000 0.000000 0.000000 0.000000 1.000000
0.984187 0.176994 0.007060 0.000000 -0.176903 0.984156 -0.011934 3.418400 -0.009061 0.010497 0.999904 -0.000000 0.000000 0.000000 0.000000 1.000000
0.984186 0.176995 0.007060 0.000000 -0.176904 0.984156 -0.011934 3.418400 -0.009061 0.010496 0.999904 0.000000 0.000000 0.000000 0.000000 1.000000
0.984187 0.176995 0.007060 -0.000000 -0.176903 0.984156 -0.011934 3.418400 -0.009060 0.010497 0.999904 0.000000 0.000000 0.000000 0.000000 1.000000
0.984187 0.176994 0.007060 0.000000 -0.176903 0.984156 -0.011935 3.418400 -0.009060 0.010497 0.999904 0.000000 0.000000 0.000000 0.000000 1.000000
0.984187 0.176994 0.007060 0.000000 -0.176903 0.984156 -0.011934 3.418400 -0.009060 0.010497 0.999904 0.000000 0.000000 0.000000 0.000000 1.000000
0.984187 0.176995 0.007060 -0.000000 -0.176903 0.984156 -0.011934 3.418400 -0.009060 0.010496 0.999904 -0.000000 0.000000 0.000000 0.000000 1.000000
0.984186 0.176995 0.007060 0.000000 -0.176904 0.984156 -0.011934 3.418400 -0.009061 0.010497 0.999904 0.000000 0.000000 0.000000 0.000000 1.000000
0.984187 0.176994 0.007060 0.000000 -0.176903 0.984156 -0.011934 3.418400 -0.009061 0.010496 0.999904 0.000000 0.000000 0.000000 0.000000 1.000000
0.984186 0.176995 0.007060 0.000000 -0.176904 0.984156 -0.011934 3.418400 -0.009060 0.010496 0.999904 0.000000 0.000000 0.000000 0.000000 1.000000
0.984187 0.176994 0.007060 -0.000000 -0.176903 0.984156 -0.011934 3.418400 -0.009061 0.010496 0.999904 0.000000 0.000000 0.000000 0.000000 1.000000
0.984187 0.176994 0.007060 0.000000 -0.176903 0.984156 -0.011934 3.418400 -0.009060 0.010496 0.999904 0.000000 0.000000 0.000000 0.000000 1.000000
0.984186 0.176995 0.007060 0.000000 -0.176904 0.984156 -0.011934 3.418400 -0.009061 0.010496 0.999904 0.000000 0.000000 0.000000 0.000000 1.000000
0.984187 0.176994 0.007060 -0.000000 -0.176903 0.984156 -0.011934 3.418400 -0.009061 0.010496 0.999904 -0.000000 0.000000 0.000000 0.000000 1.000000</float_array>
        <technique_common>
          <accessor source="#mixamorig_LeftHandThumb3-Matrix-animation-output-transform-array" count="56" stride="16">
            <param type="float4x4"/>
          </accessor>
        </technique_common>
      </source>
      <source id="mixamorig_LeftHandThumb3-Interpolations">
        <Name_array id="mixamorig_LeftHandThumb3-Interpolations-array" count="56">
 LINEAR LINEAR LINEAR LINEAR LINEAR LINEAR LINEAR LINEAR LINEAR LINEAR LINEAR
LINEAR LINEAR LINEAR LINEAR LINEAR LINEAR LINEAR LINEAR LINEAR LINEAR LINEAR LINEAR
LINEAR LINEAR LINEAR LINEAR LINEAR LINEAR LINEAR LINEAR LINEAR LINEAR LINEAR LINEAR
LINEAR LINEAR LINEAR LINEAR LINEAR LINEAR LINEAR LINEAR LINEAR LINEAR LINEAR LINEAR
LINEAR LINEAR LINEAR LINEAR LINEAR LINEAR LINEAR LINEAR LINEAR</Name_array>
        <technique_common>
          <accessor source="#mixamorig_LeftHandThumb3-Interpolations-array" count="56">
            <param type="name"/>
          </accessor>
        </technique_common>
      </source>
      <sampler id="mixamorig_LeftHandThumb3-Matrix-animation-transform">
        <input semantic="INPUT" source="#mixamorig_LeftHandThumb3-Matrix-animation-input"/>
        <input semantic="OUTPUT" source="#mixamorig_LeftHandThumb3-Matrix-animation-output-transform"/>
        <input semantic="INTERPOLATION" source="#mixamorig_LeftHandThumb3-Interpolations"/>
      </sampler>
      <channel source="#mixamorig_LeftHandThumb3-Matrix-animation-transform" target="mixamorig_LeftHandThumb3/matrix"/>
    </animation>
    <animation id="mixamorig_LeftHandIndex1-anim" name="mixamorig_LeftHandIndex1">
      <source id="mixamorig_LeftHandIndex1-Matrix-animation-input">
        <float_array id="mixamorig_LeftHandIndex1-Matrix-animation-input-array" count="56">

0.000000 0.033333 0.066667 0.100000 0.133333 0.166667 0.200000 0.233333 0.266667 0.300000 0.333333 0.366667 0.400000 0.433333 0.466667 0.500000
0.533333 0.566667 0.600000 0.633333 0.666667 0.700000 0.733333 0.766667 0.800000 0.833333 0.866667 0.900000 0.933333 0.966667 1.000000 1.033333
1.066667 1.100000 1.133333 1.166667 1.200000 1.233333 1.266667 1.300000 1.333333 1.366667 1.400000 1.433333 1.466667 1.500000 1.533333 1.566667
1.600000 1.633333 1.666667 1.700000 1.733333 1.766667 1.800000 1.833333</float_array>
        <technique_common>
          <accessor source="#mixamorig_LeftHandIndex1-Matrix-animation-input-array" count="56">
            <param name="TIME" type="float"/>
          </accessor>
        </technique_common>
      </source>
      <source id="mixamorig_LeftHandIndex1-Matrix-animation-output-transform">
        <float_array id="mixamorig_LeftHandIndex1-Matrix-animation-output-transform-array" count="896">

0.994700 -0.100618 -0.021177 -2.259900 0.100569 0.994924 -0.003340 9.109300 0.021405 0.001193 0.999770 0.518000 0.000000 0.000000 0.000000 1.000000
0.994948 -0.098214 -0.020803 -2.259900 0.098114 0.995159 -0.005764 9.109300 0.021269 0.003694 0.999767 0.518000 0.000000 0.000000 0.000000 1.000000
0.995196 -0.095711 -0.020585 -2.259900 0.095571 0.995393 -0.007664 9.109300 0.021224 0.005660 0.999759 0.518000 0.000000 0.000000 0.000000 1.000000
0.995443 -0.093191 -0.020205 -2.259900 0.092991 0.995610 -0.010635 9.109300 0.021108 0.008708 0.999739 0.518000 0.000000 0.000000 0.000000 1.000000
0.995683 -0.090736 -0.019548 -2.259900 0.090425 0.995770 -0.016289 9.109300 0.020944 0.014451 0.999676 0.518000 0.000000 0.000000 0.000000 1.000000
0.995914 -0.088370 -0.018597 -2.259900 0.087899 0.995822 -0.024747 9.109300 0.020706 0.023011 0.999521 0.518000 0.000000 0.000000 0.000000 1.000000
0.996137 -0.086060 -0.017469 -2.259900 0.085414 0.995736 -0.034852 9.109300 0.020394 0.033225 0.999240 0.518000 0.000000 0.000000 0.000000 1.000000
0.996350 -0.083814 -0.016194 -2.259900 0.082987 0.995474 -0.046301 9.109300 0.020002 0.044788 0.998796 0.518000 0.000000 0.000000 0.000000 1.000000
0.996553 -0.081633 -0.014804 -2.259900 0.080633 0.995009 -0.058786 9.109300 0.019529 0.057390 0.998161 0.518000 0.000000 0.000000 0.000000 1.000000
0.996744 -0.079526 -0.013327 -2.259900 0.078370 0.994321 -0.072003 9.109300 0.018978 0.070725 0.997315 0.518000 0.000000 0.000000 0.000000 1.000000
0.996923 -0.077495 -0.011799 -2.259900 0.076208 0.993407 -0.085646 9.109300 0.018358 0.084484 0.996256 0.518000 0.000000 0.000000 0.000000 1.000000
0.997090 -0.075545 -0.010251 -2.259900 0.074159 0.992279 -0.099409 9.109300 0.017681 0.098359 0.994994 0.518000 0.000000 0.000000 0.000000 1.000000
0.997244 -0.073682 -0.008715 -2.259900 0.072231 0.990968 -0.112986 9.109300 0.016961 0.112045 0.993558 0.518000 0.000000 0.000000 0.000000 1.000000
0.997385 -0.071911 -0.007226 -2.259900 0.070430 0.989518 -0.126074 9.109300 0.016216 0.125235 0.991995 0.518000 0.000000 0.000000 0.000000 1.000000
0.997513 -0.070235 -0.005819 -2.259900 0.068758 0.987991 -0.138372 9.109300 0.015467 0.137628 0.990363 0.518000 0.000000 0.000000 0.000000 1.000000
0.997630 -0.068661 -0.004528 -2.259900 0.067214 0.986462 -0.149580 9.109300 0.014737 0.148921 0.988739 0.518000 0.000000 0.000000 0.000000 1.000000
0.997734 -0.067193 -0.003389 -2.259900 0.065796 0.985019 -0.159403 9.109300 0.014050 0.158818 0.987208 0.518000 0.000000 0.000000 0.000000 1.000000
0.997828 -0.065832 -0.002411 -2.259900 0.064495 0.983710 -0.167793 9.109300 0.013418 0.167273 0.985819 0.518000 0.000000 0.000000 0.000000 1.000000
0.997913 -0.064553 -0.001452 -2.259900 0.063291 0.982354 -0.175997 9.109300 0.012788 0.175538 0.984390 0.518000 0.000000 0.000000 0.000000 1.000000
0.997990 -0.063371 -0.000509 -2.259900 0.062195 0.980945 -0.184062 9.109300 0.012163 0.183661 0.982914 0.518000 0.000000 0.000000 0.000000 1.000000
0.998057 -0.062309 0.000397 -2.259900 0.061228 0.979524 -0.191792 9.109300 0.011561 0.191444 0.981435 0.518000 0.000000 0.000000 0.000000 1.000000
0.998113 -0.061388 0.001244 -2.259900 0.060408 0.978138 -0.198991 9.109300 0.010999 0.198691 0.980001 0.518000 0.000000 0.000000 0.000000 1.000000
0.998158 -0.060633 0.002007 -2.259900 0.059751 0.976839 -0.205465 9.109300 0.010497 0.205206 0.978662 0.518000 0.000000 0.000000 0.000000 1.000000
0.998191 -0.060064 0.002665 -2.259900 0.059273 0.975683 -0.211020 9.109300 0.010074 0.210797 0.977478 0.518000 0.000000 0.000000 0.000000 1.000000
0.998211 -0.059704 0.003194 -2.259900 0.058989 0.974728 -0.215465 9.109300 0.009751 0.215268 0.976506 0.518000 0.000000 0.000000 0.000000 1.000000
0.998217 -0.059576 0.003570 -2.259900 0.058914 0.974033 -0.218605 9.109300 0.009547 0.218426 0.975807 0.518000 0.000000 0.000000 0.000000 1.000000
0.998209 -0.059702 0.003766 -2.259900 0.059064 0.973654 -0.220250 9.109300 0.009483 0.220078 0.975436 0.518000 0.000000 0.000000 0.000000 1.000000
0.998185 -0.060102 0.003774 -2.259900 0.059457 0.973640 -0.220204 9.109300 0.009560 0.220029 0.975447 0.518000 0.000000 0.000000 0.000000 1.000000
0.998144 -0.060802 0.003556 -2.259900 0.060111 0.974035 -0.218274 9.109300 0.009807 0.218082 0.975881 0.518000 0.000000 0.000000 0.000000 1.000000
0.998082 -0.061834 0.003095 -2.259900 0.061061 0.974873 -0.214229 9.109300 0.010229 0.214007 0.976779 0.518000 0.000000 0.000000 0.000000 1.000000
0.997994 -0.063258 0.002380 -2.259900 0.062371 0.976165 -0.207876 9.109300 0.010826 0.207607 0.978152 0.518000 0.000000 0.000000 0.000000 1.000000
0.997882 -0.065035 0.001444 -2.259900 0.064015 0.977811 -0.199471 9.109300 0.011560 0.199141 0.979903 0.518000 0.000000 0.000000 0.000000 1.000000
0.997746 -0.067107 0.000322 -2.259900 0.065954 0.979696 -0.189328 9.109300 0.012390 0.188923 0.981914 0.518000 0.000000 0.000000 0.000000 1.000000
0.997587 -0.069421 -0.000954 -2.259900 0.068146 0.981711 -0.177761 9.109300 0.013277 0.177267 0.984073 0.518000 0.000000 0.000000 0.000000 1.000000
0.997408 -0.071920 -0.002347 -2.259900 0.070547 0.983753 -0.165086 9.109300 0.014182 0.164492 0.986276 0.518000 0.000000 0.000000 0.000000 1.000000
0.997210 -0.074550 -0.003825 -2.259900 0.073111 0.985731 -0.151620 9.109300 0.015074 0.150917 0.988431 0.518000 0.000000 0.000000 0.000000 1.000000
0.996997 -0.077254 -0.005355 -2.259900 0.075785 0.987572 -0.137687 9.109300 0.015925 0.136868 0.990461 0.518000 0.000000 0.000000 0.000000 1.000000
0.996773 -0.079980 -0.006902 -2.259900 0.078519 0.989220 -0.123610 9.109300 0.016714 0.122669 0.992307 0.518000 0.000000 0.000000 0.000000 1.000000
0.996541 -0.082671 -0.008436 -2.259900 0.081253 0.990636 -0.109717 9.109300 0.017427 0.108652 0.993927 0.518000 0.000000 0.000000 0.000000 1.000000
0.996308 -0.085275 -0.009926 -2.259900 0.083929 0.991804 -0.096333 9.109300 0.018059 0.095144 0.995300 0.518000 0.000000 0.000000 0.000000 1.000000
0.996079 -0.087734 -0.011341 -2.259900 0.086485 0.992723 -0.083789 9.109300 0.018610 0.082479 0.996419 0.518000 0.000000 0.000000 0.000000 1.000000
0.995862 -0.089996 -0.012653 -2.259900 0.088855 0.993409 -0.072411 9.109300 0.019086 0.070987 0.997295 0.518000 0.000000 0.000000 0.000000 1.000000
0.995662 -0.092007 -0.013831 -2.259900 0.090974 0.993888 -0.062528 9.109300 0.019500 0.060999 0.997947 0.518000 0.000000 0.000000 0.000000 1.000000
0.995488 -0.093720 -0.014863 -2.259900 0.092788 0.994201 -0.054357 9.109300 0.019871 0.052733 0.998411 0.518000 0.000000 0.000000 0.000000 1.000000
0.995335 -0.095172 -0.015819 -2.259900 0.094331 0.994412 -0.047390 9.109300 0.020241 0.045677 0.998751 0.518000 0.000000 0.000000 0.000000 1.000000
0.995203 -0.096397 -0.016715 -2.259900 0.095639 0.994555 -0.041394 9.109300 0.020614 0.039597 0.999003 0.518000 0.000000 0.000000 0.000000 1.000000
0.995089 -0.097421 -0.017546 -2.259900 0.096739 0.994650 -0.036227 9.109300 0.020982 0.034351 0.999190 0.518000 0.000000 0.000000 0.000000 1.000000
0.994991 -0.098274 -0.018312 -2.259900 0.097662 0.994713 -0.031744 9.109300 0.021335 0.029797 0.999328 0.518000 0.000000 0.000000 0.000000 1.000000
0.994908 -0.098983 -0.019011 -2.259900 0.098436 0.994755 -0.027804 9.109300 0.021663 0.025791 0.999433 0.518000 0.000000 0.000000 0.000000 1.000000
0.994836 -0.099576 -0.019639 -2.259900 0.099092 0.994783 -0.024262 9.109300 0.021953 0.022190 0.999513 0.518000 0.000000 0.000000 0.000000 1.000000
0.994774 -0.100080 -0.020197 -2.259900 0.099657 0.994801 -0.020976 9.109300 0.022191 0.018853 0.999576 0.518000 0.000000 0.000000 0.000000 1.000000
0.994720 -0.100526 -0.020679 -2.259900 0.100165 0.994812 -0.017802 9.109300 0.022361 0.015637 0.999628 0.518000 0.000000 0.000000 0.000000 1.000000
0.994669 -0.100938 -0.021085 -2.259900 0.100644 0.994815 -0.014598 9.109300 0.022449 0.012398 0.999671 0.518000 0.000000 0.000000 0.000000 1.000000
0.994652 -0.101066 -0.021265 -2.259900 0.100845 0.994839 -0.011211 9.109300 0.022289 0.009007 0.999711 0.518000 0.000000 0.000000 0.000000 1.000000
0.994676 -0.100843 -0.021221 -2.259900 0.100704 0.994888 -0.007501 9.109300 0.021869 0.005324 0.999747 0.518000 0.000000 0.000000 0.000000 1.000000
0.994700 -0.100618 -0.021177 -2.259900 0.100569 0.994924 -0.003340 9.109300 0.021405 0.001193 0.999770 0.518000 0.000000 0.000000 0.000000 1.000000</float_array>
        <technique_common>
          <accessor source="#mixamorig_LeftHandIndex1-Matrix-animation-output-transform-array" count="56" stride="16">
            <param type="float4x4"/>
          </accessor>
        </technique_common>
      </source>
      <source id="mixamorig_LeftHandIndex1-Interpolations">
        <Name_array id="mixamorig_LeftHandIndex1-Interpolations-array" count="56">
 LINEAR LINEAR LINEAR LINEAR LINEAR LINEAR LINEAR LINEAR LINEAR LINEAR LINEAR
LINEAR LINEAR LINEAR LINEAR LINEAR LINEAR LINEAR LINEAR LINEAR LINEAR LINEAR LINEAR
LINEAR LINEAR LINEAR LINEAR LINEAR LINEAR LINEAR LINEAR LINEAR LINEAR LINEAR LINEAR
LINEAR LINEAR LINEAR LINEAR LINEAR LINEAR LINEAR LINEAR LINEAR LINEAR LINEAR LINEAR
LINEAR LINEAR LINEAR LINEAR LINEAR LINEAR LINEAR LINEAR LINEAR</Name_array>
        <technique_common>
          <accessor source="#mixamorig_LeftHandIndex1-Interpolations-array" count="56">
            <param type="name"/>
          </accessor>
        </technique_common>
      </source>
      <sampler id="mixamorig_LeftHandIndex1-Matrix-animation-transform">
        <input semantic="INPUT" source="#mixamorig_LeftHandIndex1-Matrix-animation-input"/>
        <input semantic="OUTPUT" source="#mixamorig_LeftHandIndex1-Matrix-animation-output-transform"/>
        <input semantic="INTERPOLATION" source="#mixamorig_LeftHandIndex1-Interpolations"/>
      </sampler>
      <channel source="#mixamorig_LeftHandIndex1-Matrix-animation-transform" target="mixamorig_LeftHandIndex1/matrix"/>
    </animation>
    <animation id="mixamorig_LeftHandIndex2-anim" name="mixamorig_LeftHandIndex2">
      <source id="mixamorig_LeftHandIndex2-Matrix-animation-input">
        <float_array id="mixamorig_LeftHandIndex2-Matrix-animation-input-array" count="56">

0.000000 0.033333 0.066667 0.100000 0.133333 0.166667 0.200000 0.233333 0.266667 0.300000 0.333333 0.366667 0.400000 0.433333 0.466667 0.500000
0.533333 0.566667 0.600000 0.633333 0.666667 0.700000 0.733333 0.766667 0.800000 0.833333 0.866667 0.900000 0.933333 0.966667 1.000000 1.033333
1.066667 1.100000 1.133333 1.166667 1.200000 1.233333 1.266667 1.300000 1.333333 1.366667 1.400000 1.433333 1.466667 1.500000 1.533333 1.566667
1.600000 1.633333 1.666667 1.700000 1.733333 1.766667 1.800000 1.833333</float_array>
        <technique_common>
          <accessor source="#mixamorig_LeftHandIndex2-Matrix-animation-input-array" count="56">
            <param name="TIME" type="float"/>
          </accessor>
        </technique_common>
      </source>
      <source id="mixamorig_LeftHandIndex2-Matrix-animation-output-transform">
        <float_array id="mixamorig_LeftHandIndex2-Matrix-animation-output-transform-array" count="896">

0.999991 -0.003251 0.002607 -0.000000 0.003450 0.996770 -0.080235 3.700000 -0.002338 0.080243 0.996773 0.000000 0.000000 0.000000 0.000000 1.000000
0.999991 -0.003406 0.002620 -0.000000 0.003606 0.996740 -0.080604 3.700000 -0.002337 0.080612 0.996743 -0.000000 0.000000 0.000000 0.000000 1.000000
0.999991 -0.003415 0.002621 0.000000 0.003616 0.996721 -0.080832 3.700000 -0.002337 0.080841 0.996724 -0.000000 0.000000 0.000000 0.000000 1.000000
0.999991 -0.003434 0.002623 0.000000 0.003636 0.996679 -0.081350 3.700000 -0.002335 0.081359 0.996682 0.000000 0.000000 0.000000 0.000000 1.000000
0.999990 -0.003480 0.002627 0.000000 0.003685 0.996577 -0.082591 3.700000 -0.002330 0.082600 0.996580 0.000000 0.000000 0.000000 0.000000 1.000000
0.999990 -0.003553 0.002634 0.000000 0.003763 0.996410 -0.084580 3.700000 -0.002324 0.084589 0.996413 0.000000 0.000000 0.000000 0.000000 1.000000
0.999990 -0.003642 0.002642 -0.000000 0.003858 0.996201 -0.087001 3.700000 -0.002315 0.087010 0.996205 0.000000 0.000000 0.000000 0.000000 1.000000
0.999989 -0.003745 0.002653 0.000000 0.003968 0.995954 -0.089774 3.700000 -0.002306 0.089783 0.995959 0.000000 0.000000 0.000000 0.000000 1.000000
0.999989 -0.003858 0.002664 -0.000000 0.004088 0.995674 -0.092825 3.700000 -0.002295 0.092834 0.995679 0.000000 0.000000 0.000000 0.000000 1.000000
0.999989 -0.003977 0.002677 0.000000 0.004216 0.995366 -0.096071 3.700000 -0.002282 0.096081 0.995371 0.000000 0.000000 0.000000 0.000000 1.000000
0.999988 -0.004102 0.002691 0.000000 0.004349 0.995034 -0.099436 3.700000 -0.002269 0.099447 0.995040 0.000000 0.000000 0.000000 0.000000 1.000000
0.999987 -0.004227 0.002705 0.000000 0.004483 0.994688 -0.102842 3.700000 -0.002256 0.102853 0.994694 0.000000 0.000000 0.000000 0.000000 1.000000
0.999987 -0.004351 0.002720 0.000000 0.004615 0.994333 -0.106210 3.700000 -0.002242 0.106221 0.994340 0.000000 0.000000 0.000000 0.000000 1.000000
0.999986 -0.004471 0.002734 0.000000 0.004743 0.993980 -0.109463 3.700000 -0.002228 0.109474 0.993987 0.000000 0.000000 0.000000 0.000000 1.000000
0.999986 -0.004584 0.002748 0.000000 0.004864 0.993637 -0.112521 3.700000 -0.002215 0.112533 0.993646 0.000000 0.000000 0.000000 0.000000 1.000000
0.999985 -0.004687 0.002761 0.000000 0.004974 0.993317 -0.115309 3.700000 -0.002202 0.115321 0.993326 0.000000 0.000000 0.000000 0.000000 1.000000
0.999985 -0.004777 0.002773 0.000000 0.005070 0.993031 -0.117748 3.700000 -0.002191 0.117760 0.993040 0.000000 0.000000 0.000000 0.000000 1.000000
0.999984 -0.004853 0.002783 0.000000 0.005152 0.992782 -0.119824 3.700000 -0.002181 0.119837 0.992791 0.000000 0.000000 0.000000 0.000000 1.000000
0.999984 -0.004928 0.002793 -0.000000 0.005231 0.992534 -0.121852 3.700000 -0.002171 0.121865 0.992544 0.000000 0.000000 0.000000 0.000000 1.000000
0.999984 -0.005001 0.002802 0.000000 0.005310 0.992287 -0.123846 3.700000 -0.002161 0.123859 0.992297 0.000000 0.000000 0.000000 0.000000 1.000000
0.999983 -0.005071 0.002812 0.000000 0.005385 0.992046 -0.125759 3.700000 -0.002152 0.125772 0.992057 0.000000 0.000000 0.000000 0.000000 1.000000
0.999983 -0.005138 0.002822 -0.000000 0.005456 0.991818 -0.127543 3.700000 -0.002143 0.127556 0.991829 0.000000 0.000000 0.000000 0.000000 1.000000
0.999982 -0.005197 0.002830 0.000000 0.005519 0.991610 -0.129151 3.700000 -0.002135 0.129164 0.991621 0.000000 0.000000 0.000000 0.000000 1.000000
0.999982 -0.005248 0.002837 0.000000 0.005573 0.991428 -0.130536 3.700000 -0.002128 0.130550 0.991439 0.000000 0.000000 0.000000 0.000000 1.000000
0.999982 -0.005289 0.002843 0.000000 0.005618 0.991280 -0.131650 3.700000 -0.002122 0.131664 0.991292 0.000000 0.000000 0.000000 0.000000 1.000000
0.999982 -0.005318 0.002848 0.000000 0.005649 0.991174 -0.132445 3.700000 -0.002118 0.132458 0.991186 0.000000 0.000000 0.000000 0.000000 1.000000
0.999982 -0.005334 0.002849 0.000000 0.005666 0.991117 -0.132875 3.700000 -0.002115 0.132889 0.991129 0.000000 0.000000 0.000000 0.000000 1.000000
0.999982 -0.005335 0.002850 0.000000 0.005666 0.991114 -0.132892 3.700000 -0.002116 0.132905 0.991126 0.000000 0.000000 0.000000 0.000000 1.000000
0.999982 -0.005318 0.002848 0.000000 0.005649 0.991174 -0.132448 3.700000 -0.002118 0.132462 0.991186 0.000000 0.000000 0.000000 0.000000 1.000000
0.999982 -0.005283 0.002842 0.000000 0.005611 0.991302 -0.131491 3.700000 -0.002123 0.131504 0.991313 0.000000 0.000000 0.000000 0.000000 1.000000
0.999982 -0.005228 0.002834 -0.000000 0.005552 0.991502 -0.129971 3.700000 -0.002131 0.129985 0.991514 0.000000 0.000000 0.000000 0.000000 1.000000
0.999983 -0.005153 0.002824 -0.000000 0.005472 0.991765 -0.127958 3.700000 -0.002141 0.127971 0.991776 0.000000 0.000000 0.000000 0.000000 1.000000
0.999983 -0.005063 0.002811 0.000000 0.005376 0.992076 -0.125524 3.700000 -0.002153 0.125537 0.992087 0.000000 0.000000 0.000000 0.000000 1.000000
0.999984 -0.004961 0.002798 0.000000 0.005267 0.992424 -0.122749 3.700000 -0.002167 0.122762 0.992434 -0.000000 0.000000 0.000000 0.000000 1.000000
0.999984 -0.004849 0.002782 0.000000 0.005147 0.992796 -0.119709 3.700000 -0.002181 0.119721 0.992805 0.000000 0.000000 0.000000 0.000000 1.000000
0.999985 -0.004730 0.002767 0.000000 0.005020 0.993180 -0.116480 3.700000 -0.002197 0.116492 0.993189 0.000000 0.000000 0.000000 0.000000 1.000000
0.999986 -0.004607 0.002751 0.000000 0.004888 0.993567 -0.113139 3.700000 -0.002212 0.113151 0.993575 0.000000 0.000000 0.000000 0.000000 1.000000
0.999986 -0.004482 0.002735 0.000000 0.004755 0.993946 -0.109765 3.700000 -0.002227 0.109776 0.993954 0.000000 0.000000 0.000000 0.000000 1.000000
0.999987 -0.004359 0.002720 0.000000 0.004624 0.994309 -0.106434 3.700000 -0.002241 0.106445 0.994316 0.000000 0.000000 0.000000 0.000000 1.000000
0.999987 -0.004241 0.002707 0.000000 0.004498 0.994648 -0.103222 3.700000 -0.002254 0.103233 0.994655 0.000000 0.000000 0.000000 0.000000 1.000000
0.999988 -0.004130 0.002694 0.000000 0.004379 0.994957 -0.100209 3.700000 -0.002267 0.100220 0.994963 -0.000000 0.000000 0.000000 0.000000 1.000000
0.999988 -0.004029 0.002683 -0.000000 0.004271 0.995229 -0.097471 3.700000 -0.002277 0.097481 0.995235 -0.000000 0.000000 0.000000 0.000000 1.000000
0.999989 -0.003941 0.002674 -0.000000 0.004177 0.995460 -0.095086 3.700000 -0.002287 0.095096 0.995466 0.000000 0.000000 0.000000 0.000000 1.000000
0.999989 -0.003868 0.002665 -0.000000 0.004099 0.995648 -0.093105 3.700000 -0.002294 0.093115 0.995653 0.000000 0.000000 0.000000 0.000000 1.000000
0.999989 -0.003805 0.002659 -0.000000 0.004032 0.995806 -0.091402 3.700000 -0.002300 0.091412 0.995811 0.000000 0.000000 0.000000 0.000000 1.000000
0.999989 -0.003750 0.002654 0.000000 0.003974 0.995941 -0.089923 3.700000 -0.002306 0.089932 0.995945 0.000000 0.000000 0.000000 0.000000 1.000000
0.999990 -0.003703 0.002648 0.000000 0.003923 0.996056 -0.088634 3.700000 -0.002310 0.088644 0.996061 0.000000 0.000000 0.000000 0.000000 1.000000
0.999990 -0.003661 0.002644 0.000000 0.003879 0.996157 -0.087504 3.700000 -0.002314 0.087513 0.996161 0.000000 0.000000 0.000000 0.000000 1.000000
0.999990 -0.003624 0.002641 0.000000 0.003839 0.996244 -0.086500 3.700000 -0.002318 0.086509 0.996248 0.000000 0.000000 0.000000 0.000000 1.000000
0.999990 -0.003591 0.002638 0.000000 0.003803 0.996323 -0.085588 3.700000 -0.002321 0.085597 0.996327 0.000000 0.000000 0.000000 0.000000 1.000000
0.999990 -0.003559 0.002634 0.000000 0.003769 0.996396 -0.084736 3.700000 -0.002323 0.084745 0.996400 0.000000 0.000000 0.000000 0.000000 1.000000
0.999990 -0.003529 0.002631 -0.000000 0.003737 0.996466 -0.083911 3.700000 -0.002326 0.083920 0.996470 0.000000 0.000000 0.000000 0.000000 1.000000
0.999990 -0.003498 0.002629 0.000000 0.003704 0.996536 -0.083081 3.700000 -0.002329 0.083090 0.996539 0.000000 0.000000 0.000000 0.000000 1.000000
0.999991 -0.003466 0.002625 0.000000 0.003670 0.996608 -0.082214 3.700000 -0.002331 0.082223 0.996611 0.000000 0.000000 0.000000 0.000000 1.000000
0.999991 -0.003431 0.002622 -0.000000 0.003633 0.996685 -0.081273 3.700000 -0.002334 0.081282 0.996688 0.000000 0.000000 0.000000 0.000000 1.000000
0.999991 -0.003251 0.002607 0.000000 0.003449 0.996770 -0.080235 3.700000 -0.002338 0.080243 0.996773 0.000000 0.000000 0.000000 0.000000 1.000000</float_array>
        <technique_common>
          <accessor source="#mixamorig_LeftHandIndex2-Matrix-animation-output-transform-array" count="56" stride="16">
            <param type="float4x4"/>
          </accessor>
        </technique_common>
      </source>
      <source id="mixamorig_LeftHandIndex2-Interpolations">
        <Name_array id="mixamorig_LeftHandIndex2-Interpolations-array" count="56">
 LINEAR LINEAR LINEAR LINEAR LINEAR LINEAR LINEAR LINEAR LINEAR LINEAR LINEAR
LINEAR LINEAR LINEAR LINEAR LINEAR LINEAR LINEAR LINEAR LINEAR LINEAR LINEAR LINEAR
LINEAR LINEAR LINEAR LINEAR LINEAR LINEAR LINEAR LINEAR LINEAR LINEAR LINEAR LINEAR
LINEAR LINEAR LINEAR LINEAR LINEAR LINEAR LINEAR LINEAR LINEAR LINEAR LINEAR LINEAR
LINEAR LINEAR LINEAR LINEAR LINEAR LINEAR LINEAR LINEAR LINEAR</Name_array>
        <technique_common>
          <accessor source="#mixamorig_LeftHandIndex2-Interpolations-array" count="56">
            <param type="name"/>
          </accessor>
        </technique_common>
      </source>
      <sampler id="mixamorig_LeftHandIndex2-Matrix-animation-transform">
        <input semantic="INPUT" source="#mixamorig_LeftHandIndex2-Matrix-animation-input"/>
        <input semantic="OUTPUT" source="#mixamorig_LeftHandIndex2-Matrix-animation-output-transform"/>
        <input semantic="INTERPOLATION" source="#mixamorig_LeftHandIndex2-Interpolations"/>
      </sampler>
      <channel source="#mixamorig_LeftHandIndex2-Matrix-animation-transform" target="mixamorig_LeftHandIndex2/matrix"/>
    </animation>
    <animation id="mixamorig_LeftHandIndex3-anim" name="mixamorig_LeftHandIndex3">
      <source id="mixamorig_LeftHandIndex3-Matrix-animation-input">
        <float_array id="mixamorig_LeftHandIndex3-Matrix-animation-input-array" count="56">

0.000000 0.033333 0.066667 0.100000 0.133333 0.166667 0.200000 0.233333 0.266667 0.300000 0.333333 0.366667 0.400000 0.433333 0.466667 0.500000
0.533333 0.566667 0.600000 0.633333 0.666667 0.700000 0.733333 0.766667 0.800000 0.833333 0.866667 0.900000 0.933333 0.966667 1.000000 1.033333
1.066667 1.100000 1.133333 1.166667 1.200000 1.233333 1.266667 1.300000 1.333333 1.366667 1.400000 1.433333 1.466667 1.500000 1.533333 1.566667
1.600000 1.633333 1.666667 1.700000 1.733333 1.766667 1.800000 1.833333</float_array>
        <technique_common>
          <accessor source="#mixamorig_LeftHandIndex3-Matrix-animation-input-array" count="56">
            <param name="TIME" type="float"/>
          </accessor>
        </technique_common>
      </source>
      <source id="mixamorig_LeftHandIndex3-Matrix-animation-output-transform">
        <float_array id="mixamorig_LeftHandIndex3-Matrix-animation-output-transform-array" count="896">

0.999969 -0.007626 0.001994 -0.000000 0.007822 0.991258 -0.131702 2.850000 -0.000972 0.131714 0.991287 0.000000 0.000000 0.000000 0.000000 1.000000
0.999969 -0.007646 0.001998 -0.000000 0.007843 0.991209 -0.132073 2.850000 -0.000971 0.132084 0.991238 0.000000 0.000000 0.000000 0.000000 1.000000
0.999969 -0.007655 0.001999 0.000000 0.007852 0.991179 -0.132300 2.850000 -0.000969 0.132312 0.991208 0.000000 0.000000 0.000000 0.000000 1.000000
0.999969 -0.007677 0.002004 -0.000000 0.007876 0.991110 -0.132815 2.850000 -0.000967 0.132827 0.991139 -0.000000 0.000000 0.000000 0.000000 1.000000
0.999968 -0.007741 0.002016 0.000000 0.007941 0.990943 -0.134048 2.850000 -0.000960 0.134060 0.990973 -0.000000 0.000000 0.000000 0.000000 1.000000
0.999967 -0.007837 0.002035 0.000000 0.008041 0.990673 -0.136025 2.850000 -0.000950 0.136037 0.990703 0.000000 0.000000 0.000000 0.000000 1.000000
0.999966 -0.007952 0.002057 0.000000 0.008160 0.990339 -0.138430 2.850000 -0.000936 0.138442 0.990370 0.000000 0.000000 0.000000 0.000000 1.000000
0.999965 -0.008083 0.002083 -0.000000 0.008296 0.989948 -0.141187 2.850000 -0.000921 0.141200 0.989981 0.000000 0.000000 0.000000 0.000000 1.000000
0.999964 -0.008222 0.002112 0.000000 0.008441 0.989510 -0.144217 2.850000 -0.000904 0.144230 0.989544 0.000000 0.000000 0.000000 0.000000 1.000000
0.999963 -0.008367 0.002143 0.000000 0.008591 0.989033 -0.147442 2.850000 -0.000886 0.147455 0.989068 0.000000 0.000000 0.000000 0.000000 1.000000
0.999961 -0.008512 0.002174 0.000000 0.008742 0.988528 -0.150785 2.850000 -0.000865 0.150799 0.988564 0.000000 0.000000 0.000000 0.000000 1.000000
0.999960 -0.008653 0.002205 0.000000 0.008889 0.988005 -0.154167 2.850000 -0.000845 0.154181 0.988042 0.000000 0.000000 0.000000 0.000000 1.000000
0.999959 -0.008792 0.002237 0.000000 0.009035 0.987476 -0.157512 2.850000 -0.000824 0.157526 0.987515 0.000000 0.000000 0.000000 0.000000 1.000000
0.999958 -0.008926 0.002268 0.000000 0.009175 0.986954 -0.160741 2.850000 -0.000804 0.160755 0.986994 0.000000 0.000000 0.000000 0.000000 1.000000
0.999956 -0.009053 0.002298 0.000000 0.009307 0.986453 -0.163778 2.850000 -0.000784 0.163793 0.986494 0.000000 0.000000 0.000000 0.000000 1.000000
0.999955 -0.009169 0.002325 0.000000 0.009428 0.985989 -0.166545 2.850000 -0.000766 0.166559 0.986031 0.000000 0.000000 0.000000 0.000000 1.000000
0.999954 -0.009271 0.002350 0.000000 0.009535 0.985576 -0.168965 2.850000 -0.000749 0.168980 0.985619 0.000000 0.000000 0.000000 0.000000 1.000000
0.999953 -0.009360 0.002371 0.000000 0.009628 0.985220 -0.171025 2.850000 -0.000736 0.171040 0.985264 0.000000 0.000000 0.000000 0.000000 1.000000
0.999953 -0.009447 0.002393 0.000000 0.009718 0.984867 -0.173037 2.850000 -0.000722 0.173052 0.984912 -0.000000 0.000000 0.000000 0.000000 1.000000
0.999952 -0.009530 0.002414 0.000000 0.009806 0.984517 -0.175014 2.850000 -0.000709 0.175030 0.984563 0.000000 0.000000 0.000000 0.000000 1.000000
0.999951 -0.009611 0.002433 0.000000 0.009890 0.984177 -0.176912 2.850000 -0.000694 0.176928 0.984224 -0.000000 0.000000 0.000000 0.000000 1.000000
0.999950 -0.009686 0.002452 0.000000 0.009969 0.983856 -0.178682 2.850000 -0.000682 0.178697 0.983904 0.000000 0.000000 0.000000 0.000000 1.000000
0.999949 -0.009754 0.002469 0.000000 0.010039 0.983565 -0.180277 2.850000 -0.000670 0.180292 0.983613 0.000000 0.000000 0.000000 0.000000 1.000000
0.999949 -0.009812 0.002484 0.000000 0.010100 0.983312 -0.181649 2.850000 -0.000661 0.181665 0.983360 -0.000000 0.000000 0.000000 0.000000 1.000000
0.999948 -0.009859 0.002497 0.000000 0.010150 0.983106 -0.182754 2.850000 -0.000653 0.182769 0.983156 0.000000 0.000000 0.000000 0.000000 1.000000
0.999948 -0.009894 0.002506 0.000000 0.010186 0.982959 -0.183543 2.850000 -0.000647 0.183559 0.983009 0.000000 0.000000 0.000000 0.000000 1.000000
0.999948 -0.009913 0.002511 0.000000 0.010206 0.982879 -0.183969 2.850000 -0.000644 0.183985 0.982929 0.000000 0.000000 0.000000 0.000000 1.000000
0.999948 -0.009917 0.002511 0.000000 0.010209 0.982876 -0.183986 2.850000 -0.000644 0.184002 0.982926 0.000000 0.000000 0.000000 0.000000 1.000000
0.999948 -0.009901 0.002507 -0.000000 0.010193 0.982958 -0.183546 2.850000 -0.000647 0.183562 0.983008 0.000000 0.000000 0.000000 0.000000 1.000000
0.999948 -0.009866 0.002497 0.000000 0.010156 0.983136 -0.182595 2.850000 -0.000654 0.182611 0.983185 0.000000 0.000000 0.000000 0.000000 1.000000
0.999949 -0.009807 0.002482 0.000000 0.010095 0.983415 -0.181089 2.850000 -0.000665 0.181105 0.983464 0.000000 0.000000 0.000000 0.000000 1.000000
0.999950 -0.009729 0.002462 0.000000 0.010013 0.983782 -0.179091 2.850000 -0.000679 0.179107 0.983829 0.000000 0.000000 0.000000 0.000000 1.000000
0.999951 -0.009635 0.002438 0.000000 0.009914 0.984219 -0.176678 2.850000 -0.000697 0.176694 0.984266 0.000000 0.000000 0.000000 0.000000 1.000000
0.999952 -0.009525 0.002409 0.000000 0.009799 0.984710 -0.173925 2.850000 -0.000715 0.173940 0.984756 0.000000 0.000000 0.000000 0.000000 1.000000
0.999953 -0.009404 0.002379 0.000000 0.009672 0.985240 -0.170908 2.850000 -0.000737 0.170923 0.985284 0.000000 0.000000 0.000000 0.000000 1.000000
0.999954 -0.009274 0.002347 -0.000000 0.009536 0.985791 -0.167704 2.850000 -0.000758 0.167719 0.985835 0.000000 0.000000 0.000000 0.000000 1.000000
0.999956 -0.009130 0.002312 0.000000 0.009386 0.986351 -0.164390 2.850000 -0.000780 0.164404 0.986393 0.000000 0.000000 0.000000 0.000000 1.000000
0.999957 -0.008978 0.002277 0.000000 0.009227 0.986905 -0.161040 2.850000 -0.000802 0.161054 0.986945 0.000000 0.000000 0.000000 0.000000 1.000000
0.999959 -0.008828 0.002244 0.000000 0.009072 0.987440 -0.157733 2.850000 -0.000823 0.157747 0.987479 0.000000 0.000000 0.000000 0.000000 1.000000
0.999960 -0.008683 0.002211 -0.000000 0.008920 0.987945 -0.154545 2.850000 -0.000843 0.154559 0.987983 0.000000 0.000000 0.000000 0.000000 1.000000
0.999961 -0.008545 0.002181 0.000000 0.008777 0.988410 -0.151553 2.850000 -0.000861 0.151566 0.988447 0.000000 0.000000 0.000000 0.000000 1.000000
0.999962 -0.008418 0.002154 0.000000 0.008645 0.988824 -0.148834 2.850000 -0.000877 0.148847 0.988860 0.000000 0.000000 0.000000 0.000000 1.000000
0.999963 -0.008316 0.002132 0.000000 0.008538 0.989179 -0.146465 2.850000 -0.000891 0.146478 0.989214 0.000000 0.000000 0.000000 0.000000 1.000000
0.999964 -0.008242 0.002115 0.000000 0.008461 0.989469 -0.144495 2.850000 -0.000902 0.144508 0.989503 0.000000 0.000000 0.000000 0.000000 1.000000
0.999964 -0.008178 0.002102 0.000000 0.008395 0.989716 -0.142803 2.850000 -0.000912 0.142815 0.989749 0.000000 0.000000 0.000000 0.000000 1.000000
0.999965 -0.008123 0.002089 0.000000 0.008337 0.989927 -0.141332 2.850000 -0.000920 0.141345 0.989960 0.000000 0.000000 0.000000 0.000000 1.000000
0.999965 -0.008074 0.002079 0.000000 0.008286 0.990110 -0.140052 2.850000 -0.000928 0.140064 0.990142 0.000000 0.000000 0.000000 0.000000 1.000000
0.999966 -0.008032 0.002070 -0.000000 0.008242 0.990268 -0.138929 2.850000 -0.000934 0.138941 0.990300 0.000000 0.000000 0.000000 0.000000 1.000000
0.999966 -0.007995 0.002061 0.000000 0.008203 0.990408 -0.137930 2.850000 -0.000939 0.137943 0.990440 0.000000 0.000000 0.000000 0.000000 1.000000
0.999966 -0.007961 0.002054 0.000000 0.008167 0.990534 -0.137024 2.850000 -0.000944 0.137036 0.990566 0.000000 0.000000 0.000000 0.000000 1.000000
0.999966 -0.007929 0.002048 -0.000000 0.008134 0.990651 -0.136176 2.850000 -0.000949 0.136188 0.990683 0.000000 0.000000 0.000000 0.000000 1.000000
0.999967 -0.007898 0.002041 0.000000 0.008102 0.990764 -0.135357 2.850000 -0.000953 0.135369 0.990795 0.000000 0.000000 0.000000 0.000000 1.000000
0.999967 -0.007867 0.002035 -0.000000 0.008069 0.990876 -0.134531 2.850000 -0.000958 0.134543 0.990907 0.000000 0.000000 0.000000 0.000000 1.000000
0.999967 -0.007834 0.002028 0.000000 0.008035 0.990994 -0.133667 2.850000 -0.000963 0.133679 0.991024 0.000000 0.000000 0.000000 0.000000 1.000000
0.999968 -0.007799 0.002021 0.000000 0.007999 0.991120 -0.132733 2.850000 -0.000968 0.132745 0.991150 0.000000 0.000000 0.000000 0.000000 1.000000
0.999969 -0.007626 0.001994 0.000000 0.007822 0.991258 -0.131703 2.850000 -0.000972 0.131714 0.991287 0.000000 0.000000 0.000000 0.000000 1.000000</float_array>
        <technique_common>
          <accessor source="#mixamorig_LeftHandIndex3-Matrix-animation-output-transform-array" count="56" stride="16">
            <param type="float4x4"/>
          </accessor>
        </technique_common>
      </source>
      <source id="mixamorig_LeftHandIndex3-Interpolations">
        <Name_array id="mixamorig_LeftHandIndex3-Interpolations-array" count="56">
 LINEAR LINEAR LINEAR LINEAR LINEAR LINEAR LINEAR LINEAR LINEAR LINEAR LINEAR
LINEAR LINEAR LINEAR LINEAR LINEAR LINEAR LINEAR LINEAR LINEAR LINEAR LINEAR LINEAR
LINEAR LINEAR LINEAR LINEAR LINEAR LINEAR LINEAR LINEAR LINEAR LINEAR LINEAR LINEAR
LINEAR LINEAR LINEAR LINEAR LINEAR LINEAR LINEAR LINEAR LINEAR LINEAR LINEAR LINEAR
LINEAR LINEAR LINEAR LINEAR LINEAR LINEAR LINEAR LINEAR LINEAR</Name_array>
        <technique_common>
          <accessor source="#mixamorig_LeftHandIndex3-Interpolations-array" count="56">
            <param type="name"/>
          </accessor>
        </technique_common>
      </source>
      <sampler id="mixamorig_LeftHandIndex3-Matrix-animation-transform">
        <input semantic="INPUT" source="#mixamorig_LeftHandIndex3-Matrix-animation-input"/>
        <input semantic="OUTPUT" source="#mixamorig_LeftHandIndex3-Matrix-animation-output-transform"/>
        <input semantic="INTERPOLATION" source="#mixamorig_LeftHandIndex3-Interpolations"/>
      </sampler>
      <channel source="#mixamorig_LeftHandIndex3-Matrix-animation-transform" target="mixamorig_LeftHandIndex3/matrix"/>
    </animation>
    <animation id="mixamorig_LeftHandMiddle1-anim" name="mixamorig_LeftHandMiddle1">
      <source id="mixamorig_LeftHandMiddle1-Matrix-animation-input">
        <float_array id="mixamorig_LeftHandMiddle1-Matrix-animation-input-array" count="56">

0.000000 0.033333 0.066667 0.100000 0.133333 0.166667 0.200000 0.233333 0.266667 0.300000 0.333333 0.366667 0.400000 0.433333 0.466667 0.500000
0.533333 0.566667 0.600000 0.633333 0.666667 0.700000 0.733333 0.766667 0.800000 0.833333 0.866667 0.900000 0.933333 0.966667 1.000000 1.033333
1.066667 1.100000 1.133333 1.166667 1.200000 1.233333 1.266667 1.300000 1.333333 1.366667 1.400000 1.433333 1.466667 1.500000 1.533333 1.566667
1.600000 1.633333 1.666667 1.700000 1.733333 1.766667 1.800000 1.833333</float_array>
        <technique_common>
          <accessor source="#mixamorig_LeftHandMiddle1-Matrix-animation-input-array" count="56">
            <param name="TIME" type="float"/>
          </accessor>
        </technique_common>
      </source>
      <source id="mixamorig_LeftHandMiddle1-Matrix-animation-output-transform">
        <float_array id="mixamorig_LeftHandMiddle1-Matrix-animation-output-transform-array" count="896">

0.996150 0.083632 0.026270 0.000000 -0.081301 0.993483 -0.079888 9.533400 -0.032780 0.077445 0.996458 0.000000 0.000000 0.000000 0.000000 1.000000
0.996076 0.084674 0.025735 0.000000 -0.082200 0.992947 -0.085441 9.533400 -0.032788 0.082990 0.996011 -0.000000 0.000000 0.000000 0.000000 1.000000
0.995993 0.085788 0.025275 0.000000 -0.083193 0.992442 -0.090214 9.533400 -0.032823 0.087750 0.995602 0.000000 0.000000 0.000000 0.000000 1.000000
0.995914 0.086869 0.024685 0.000000 -0.084114 0.991768 -0.096542 9.533400 -0.032868 0.094071 0.995023 0.000000 0.000000 0.000000 0.000000 1.000000
0.995853 0.087810 0.023776 -0.000000 -0.084804 0.990662 -0.106755 9.533400 -0.032928 0.104296 0.994001 0.000000 0.000000 0.000000 0.000000 1.000000
0.995811 0.088599 0.022577 0.000000 -0.085247 0.988978 -0.121060 9.533400 -0.033054 0.118628 0.992388 0.000000 0.000000 0.000000 0.000000 1.000000
0.995780 0.089295 0.021196 0.000000 -0.085553 0.986759 -0.137791 9.533400 -0.033219 0.135396 0.990235 0.000000 0.000000 0.000000 0.000000 1.000000
0.995756 0.089907 0.019675 0.000000 -0.085750 0.983954 -0.156467 9.533400 -0.033427 0.154116 0.987487 0.000000 0.000000 0.000000 0.000000 1.000000
0.995738 0.090446 0.018054 0.000000 -0.085862 0.980529 -0.176606 9.533400 -0.033676 0.174303 0.984116 0.000000 0.000000 0.000000 0.000000 1.000000
0.995723 0.090924 0.016372 0.000000 -0.085916 0.976485 -0.197728 9.533400 -0.033965 0.195475 0.980120 0.000000 0.000000 0.000000 0.000000 1.000000
0.995711 0.091349 0.014666 0.000000 -0.085930 0.971854 -0.219353 9.533400 -0.034291 0.217152 0.975535 0.000000 0.000000 0.000000 0.000000 1.000000
0.995699 0.091735 0.012972 -0.000000 -0.085925 0.966711 -0.241012 9.533400 -0.034649 0.238861 0.970436 0.000000 0.000000 0.000000 0.000000 1.000000
0.995686 0.092089 0.011324 0.000000 -0.085915 0.961170 -0.262241 9.533400 -0.035034 0.260137 0.964936 0.000000 0.000000 0.000000 0.000000 1.000000
0.995672 0.092424 0.009753 0.000000 -0.085916 0.955386 -0.282588 9.533400 -0.035436 0.280527 0.959192 0.000000 0.000000 0.000000 0.000000 1.000000
0.995655 0.092747 0.008292 0.000000 -0.085940 0.949549 -0.301615 9.533400 -0.035848 0.299592 0.953394 0.000000 0.000000 0.000000 0.000000 1.000000
0.995635 0.093068 0.006970 0.000000 -0.085997 0.943882 -0.318892 9.533400 -0.036258 0.316900 0.947766 0.000000 0.000000 0.000000 0.000000 1.000000
0.995612 0.093394 0.005815 0.000000 -0.086098 0.938631 -0.334005 9.533400 -0.036652 0.332039 0.942553 0.000000 0.000000 0.000000 0.000000 1.000000
0.995586 0.093726 0.004828 0.000000 -0.086238 0.933921 -0.346922 9.533400 -0.037025 0.344974 0.937882 -0.000000 0.000000 0.000000 0.000000 1.000000
0.995562 0.094025 0.003870 -0.000000 -0.086353 0.929130 -0.359528 9.533400 -0.037401 0.357599 0.933126 0.000000 0.000000 0.000000 0.000000 1.000000
0.995541 0.094283 0.002935 0.000000 -0.086434 0.924246 -0.371885 9.533400 -0.037775 0.369973 0.928274 0.000000 0.000000 0.000000 0.000000 1.000000
0.995523 0.094495 0.002046 0.000000 -0.086482 0.919404 -0.383689 9.533400 -0.038138 0.381794 0.923460 0.000000 0.000000 0.000000 0.000000 1.000000
0.995509 0.094660 0.001223 -0.000000 -0.086496 0.914755 -0.394642 9.533400 -0.038476 0.392764 0.918834 -0.000000 0.000000 0.000000 0.000000 1.000000
0.995499 0.094774 0.000488 0.000000 -0.086480 0.910461 -0.404454 9.533400 -0.038776 0.402591 0.914558 0.000000 0.000000 0.000000 0.000000 1.000000
0.995493 0.094833 -0.000140 0.000000 -0.086432 0.906694 -0.412838 9.533400 -0.039023 0.410990 0.910804 0.000000 0.000000 0.000000 0.000000 1.000000
0.995493 0.094833 -0.000640 0.000000 -0.086352 0.903634 -0.419511 9.533400 -0.039206 0.417676 0.907750 0.000000 0.000000 0.000000 0.000000 1.000000
0.995501 0.094751 -0.000981 -0.000000 -0.086218 0.901459 -0.424191 9.533400 -0.039308 0.422367 0.905572 -0.000000 0.000000 0.000000 0.000000 1.000000
0.995511 0.094638 -0.001186 0.000000 -0.086099 0.900335 -0.426595 9.533400 -0.039305 0.424782 0.904442 -0.000000 0.000000 0.000000 0.000000 1.000000
0.995529 0.094447 -0.001169 -0.000000 -0.085926 0.900429 -0.426432 9.533400 -0.039223 0.424626 0.904519 -0.000000 0.000000 0.000000 0.000000 1.000000
0.995555 0.094179 -0.000952 0.000000 -0.085722 0.901877 -0.423402 9.533400 -0.039017 0.421602 0.905941 0.000000 0.000000 0.000000 0.000000 1.000000
0.995588 0.093830 -0.000501 0.000000 -0.085483 0.904799 -0.417170 9.533400 -0.038690 0.415373 0.908828 0.000000 0.000000 0.000000 0.000000 1.000000
0.995631 0.093374 0.000197 0.000000 -0.085187 0.909198 -0.407556 9.533400 -0.038234 0.405758 0.913180 0.000000 0.000000 0.000000 0.000000 1.000000
0.995682 0.092823 0.001117 -0.000000 -0.084839 0.914797 -0.394902 9.533400 -0.037678 0.393102 0.918722 0.000000 0.000000 0.000000 0.000000 1.000000
0.995739 0.092193 0.002233 0.000000 -0.084448 0.921285 -0.379608 9.533400 -0.037055 0.377801 0.925145 -0.000000 0.000000 0.000000 0.000000 1.000000
0.995799 0.091503 0.003517 0.000000 -0.084027 0.928354 -0.362075 9.533400 -0.036397 0.360258 0.932142 0.000000 0.000000 0.000000 0.000000 1.000000
0.995859 0.090771 0.004942 -0.000000 -0.083588 0.935712 -0.342718 9.533400 -0.035733 0.340886 0.939425 0.000000 0.000000 0.000000 0.000000 1.000000
0.995919 0.090013 0.006477 0.000000 -0.083145 0.943094 -0.321964 9.533400 -0.035090 0.320112 0.946730 0.000000 0.000000 0.000000 0.000000 1.000000
0.995977 0.089246 0.008094 0.000000 -0.082710 0.950265 -0.300259 9.533400 -0.034488 0.298382 0.953823 0.000000 0.000000 0.000000 0.000000 1.000000
0.996030 0.088484 0.009759 0.000000 -0.082295 0.957031 -0.278063 9.533400 -0.033944 0.276156 0.960513 0.000000 0.000000 0.000000 0.000000 1.000000
0.996077 0.087744 0.011440 -0.000000 -0.081913 0.963240 -0.255849 9.533400 -0.033469 0.253909 0.966649 0.000000 0.000000 0.000000 0.000000 1.000000
0.996119 0.087038 0.013102 0.000000 -0.081570 0.968783 -0.234107 9.533400 -0.033069 0.232130 0.972123 0.000000 0.000000 0.000000 0.000000 1.000000
0.996154 0.086382 0.014707 0.000000 -0.081276 0.973593 -0.213332 9.533400 -0.032747 0.211316 0.976869 0.000000 0.000000 0.000000 0.000000 1.000000
0.996181 0.085789 0.016215 0.000000 -0.081034 0.977643 -0.194028 9.533400 -0.032498 0.191973 0.980862 0.000000 0.000000 0.000000 0.000000 1.000000
0.996202 0.085273 0.017588 0.000000 -0.080847 0.980939 -0.176700 9.533400 -0.032320 0.174607 0.984108 -0.000000 0.000000 0.000000 0.000000 1.000000
0.996216 0.084849 0.018801 0.000000 -0.080718 0.983539 -0.161665 9.533400 -0.032209 0.159536 0.986667 0.000000 0.000000 0.000000 0.000000 1.000000
0.996222 0.084526 0.019951 0.000000 -0.080666 0.985678 -0.148094 9.533400 -0.032183 0.145925 0.988772 0.000000 0.000000 0.000000 0.000000 1.000000
0.996220 0.084286 0.021031 0.000000 -0.080678 0.987450 -0.135768 9.533400 -0.032211 0.133558 0.990517 0.000000 0.000000 0.000000 0.000000 1.000000
0.996213 0.084113 0.022015 0.000000 -0.080743 0.988912 -0.124637 9.533400 -0.032255 0.122388 0.991958 0.000000 0.000000 0.000000 0.000000 1.000000
0.996203 0.083994 0.022908 0.000000 -0.080844 0.990111 -0.114648 9.533400 -0.032311 0.112360 0.993142 0.000000 0.000000 0.000000 0.000000 1.000000
0.996191 0.083912 0.023709 0.000000 -0.080966 0.991092 -0.105745 9.533400 -0.032371 0.103422 0.994111 0.000000 0.000000 0.000000 0.000000 1.000000
0.996178 0.083857 0.024437 -0.000000 -0.081095 0.991889 -0.097875 9.533400 -0.032446 0.095520 0.994899 0.000000 0.000000 0.000000 0.000000 1.000000
0.996166 0.083813 0.025092 0.000000 -0.081216 0.992535 -0.090981 9.533400 -0.032530 0.088594 0.995536 0.000000 0.000000 0.000000 0.000000 1.000000
0.996155 0.083765 0.025666 -0.000000 -0.081315 0.993057 -0.085004 9.533400 -0.032609 0.082590 0.996050 -0.000000 0.000000 0.000000 0.000000 1.000000
0.996148 0.083697 0.026138 0.000000 -0.081377 0.993477 -0.079883 9.533400 -0.032654 0.077448 0.996461 0.000000 0.000000 0.000000 0.000000 1.000000
0.996141 0.083724 0.026314 -0.000000 -0.081459 0.993636 -0.077791 9.533400 -0.032660 0.075348 0.996622 0.000000 0.000000 0.000000 0.000000 1.000000
0.996145 0.083711 0.026227 -0.000000 -0.081417 0.993557 -0.078836 9.533400 -0.032657 0.076397 0.996543 -0.000000 0.000000 0.000000 0.000000 1.000000
0.996150 0.083632 0.026270 -0.000000 -0.081301 0.993483 -0.079888 9.533400 -0.032780 0.077445 0.996458 0.000000 0.000000 0.000000 0.000000 1.000000</float_array>
        <technique_common>
          <accessor source="#mixamorig_LeftHandMiddle1-Matrix-animation-output-transform-array" count="56" stride="16">
            <param type="float4x4"/>
          </accessor>
        </technique_common>
      </source>
      <source id="mixamorig_LeftHandMiddle1-Interpolations">
        <Name_array id="mixamorig_LeftHandMiddle1-Interpolations-array" count="56">
 LINEAR LINEAR LINEAR LINEAR LINEAR LINEAR LINEAR LINEAR LINEAR LINEAR LINEAR
LINEAR LINEAR LINEAR LINEAR LINEAR LINEAR LINEAR LINEAR LINEAR LINEAR LINEAR LINEAR
LINEAR LINEAR LINEAR LINEAR LINEAR LINEAR LINEAR LINEAR LINEAR LINEAR LINEAR LINEAR
LINEAR LINEAR LINEAR LINEAR LINEAR LINEAR LINEAR LINEAR LINEAR LINEAR LINEAR LINEAR
LINEAR LINEAR LINEAR LINEAR LINEAR LINEAR LINEAR LINEAR LINEAR</Name_array>
        <technique_common>
          <accessor source="#mixamorig_LeftHandMiddle1-Interpolations-array" count="56">
            <param type="name"/>
          </accessor>
        </technique_common>
      </source>
      <sampler id="mixamorig_LeftHandMiddle1-Matrix-animation-transform">
        <input semantic="INPUT" source="#mixamorig_LeftHandMiddle1-Matrix-animation-input"/>
        <input semantic="OUTPUT" source="#mixamorig_LeftHandMiddle1-Matrix-animation-output-transform"/>
        <input semantic="INTERPOLATION" source="#mixamorig_LeftHandMiddle1-Interpolations"/>
      </sampler>
      <channel source="#mixamorig_LeftHandMiddle1-Matrix-animation-transform" target="mixamorig_LeftHandMiddle1/matrix"/>
    </animation>
    <animation id="mixamorig_LeftHandMiddle2-anim" name="mixamorig_LeftHandMiddle2">
      <source id="mixamorig_LeftHandMiddle2-Matrix-animation-input">
        <float_array id="mixamorig_LeftHandMiddle2-Matrix-animation-input-array" count="56">

0.000000 0.033333 0.066667 0.100000 0.133333 0.166667 0.200000 0.233333 0.266667 0.300000 0.333333 0.366667 0.400000 0.433333 0.466667 0.500000
0.533333 0.566667 0.600000 0.633333 0.666667 0.700000 0.733333 0.766667 0.800000 0.833333 0.866667 0.900000 0.933333 0.966667 1.000000 1.033333
1.066667 1.100000 1.133333 1.166667 1.200000 1.233333 1.266667 1.300000 1.333333 1.366667 1.400000 1.433333 1.466667 1.500000 1.533333 1.566667
1.600000 1.633333 1.666667 1.700000 1.733333 1.766667 1.800000 1.833333</float_array>
        <technique_common>
          <accessor source="#mixamorig_LeftHandMiddle2-Matrix-animation-input-array" count="56">
            <param name="TIME" type="float"/>
          </accessor>
        </technique_common>
      </source>
      <source id="mixamorig_LeftHandMiddle2-Matrix-animation-output-transform">
        <float_array id="mixamorig_LeftHandMiddle2-Matrix-animation-output-transform-array" count="896">

0.999810 -0.015303 0.012067 0.000000 0.017624 0.974272 -0.224686 3.700000 -0.008318 0.224856 0.974357 0.000000 0.000000 0.000000 0.000000 1.000000
0.999812 -0.015204 0.012045 0.000000 0.017522 0.974285 -0.224636 3.700000 -0.008320 0.224805 0.974368 0.000000 0.000000 0.000000 0.000000 1.000000
0.999812 -0.015170 0.012037 0.000000 0.017487 0.974290 -0.224619 3.700000 -0.008320 0.224788 0.974372 0.000000 0.000000 0.000000 0.000000 1.000000
0.999812 -0.015175 0.012040 0.000000 0.017494 0.974246 -0.224806 3.700000 -0.008318 0.224975 0.974329 0.000000 0.000000 0.000000 0.000000 1.000000
0.999812 -0.015200 0.012055 -0.000000 0.017530 0.974031 -0.225737 3.700000 -0.008311 0.225906 0.974114 0.000000 0.000000 0.000000 0.000000 1.000000
0.999811 -0.015246 0.012081 0.000000 0.017595 0.973636 -0.227430 3.700000 -0.008295 0.227599 0.973720 0.000000 0.000000 0.000000 0.000000 1.000000
0.999809 -0.015305 0.012115 0.000000 0.017678 0.973136 -0.229552 3.700000 -0.008276 0.229722 0.973221 0.000000 0.000000 0.000000 0.000000 1.000000
0.999808 -0.015379 0.012155 0.000000 0.017781 0.972547 -0.232028 3.700000 -0.008253 0.232199 0.972633 0.000000 0.000000 0.000000 0.000000 1.000000
0.999806 -0.015479 0.012199 0.000000 0.017911 0.971884 -0.234779 3.700000 -0.008222 0.234952 0.971972 0.000000 0.000000 0.000000 0.000000 1.000000
0.999803 -0.015589 0.012249 0.000000 0.018055 0.971163 -0.237732 3.700000 -0.008190 0.237907 0.971253 0.000000 0.000000 0.000000 0.000000 1.000000
0.999801 -0.015704 0.012301 0.000000 0.018205 0.970402 -0.240809 3.700000 -0.008155 0.240985 0.970495 0.000000 0.000000 0.000000 0.000000 1.000000
0.999799 -0.015821 0.012355 0.000000 0.018357 0.969618 -0.243933 3.700000 -0.008121 0.244111 0.969713 0.000000 0.000000 0.000000 0.000000 1.000000
0.999796 -0.015932 0.012407 0.000000 0.018504 0.968831 -0.247031 3.700000 -0.008085 0.247210 0.968928 0.000000 0.000000 0.000000 0.000000 1.000000
0.999794 -0.016034 0.012458 0.000000 0.018640 0.968060 -0.250025 3.700000 -0.008051 0.250206 0.968159 0.000000 0.000000 0.000000 0.000000 1.000000
0.999792 -0.016127 0.012503 0.000000 0.018766 0.967326 -0.252841 3.700000 -0.008017 0.253023 0.967427 0.000000 0.000000 0.000000 0.000000 1.000000
0.999790 -0.016214 0.012546 -0.000000 0.018881 0.966650 -0.255403 3.700000 -0.007986 0.255586 0.966753 0.000000 0.000000 0.000000 0.000000 1.000000
0.999788 -0.016290 0.012582 0.000000 0.018983 0.966055 -0.257637 3.700000 -0.007958 0.257821 0.966160 0.000000 0.000000 0.000000 0.000000 1.000000
0.999787 -0.016358 0.012614 0.000000 0.019072 0.965548 -0.259526 3.700000 -0.007934 0.259711 0.965654 0.000000 0.000000 0.000000 0.000000 1.000000
0.999785 -0.016424 0.012644 0.000000 0.019159 0.965051 -0.261362 3.700000 -0.007910 0.261548 0.965158 0.000000 0.000000 0.000000 0.000000 1.000000
0.999784 -0.016488 0.012674 0.000000 0.019243 0.964559 -0.263165 3.700000 -0.007885 0.263352 0.964668 0.000000 0.000000 0.000000 0.000000 1.000000
0.999782 -0.016549 0.012702 0.000000 0.019323 0.964085 -0.264891 3.700000 -0.007862 0.265079 0.964195 0.000000 0.000000 0.000000 0.000000 1.000000
0.999781 -0.016604 0.012728 0.000000 0.019397 0.963639 -0.266501 3.700000 -0.007840 0.266690 0.963751 0.000000 0.000000 0.000000 0.000000 1.000000
0.999780 -0.016656 0.012751 0.000000 0.019465 0.963235 -0.267954 3.700000 -0.007820 0.268144 0.963347 0.000000 0.000000 0.000000 0.000000 1.000000
0.999779 -0.016700 0.012771 0.000000 0.019523 0.962884 -0.269209 3.700000 -0.007801 0.269399 0.962997 0.000000 0.000000 0.000000 0.000000 1.000000
0.999778 -0.016736 0.012786 0.000000 0.019570 0.962598 -0.270227 3.700000 -0.007785 0.270417 0.962712 0.000000 0.000000 0.000000 0.000000 1.000000
0.999778 -0.016763 0.012796 0.000000 0.019604 0.962389 -0.270965 3.700000 -0.007772 0.271156 0.962504 0.000000 0.000000 0.000000 0.000000 1.000000
0.999777 -0.016779 0.012799 0.000000 0.019624 0.962271 -0.271384 3.700000 -0.007762 0.271575 0.962386 0.000000 0.000000 0.000000 0.000000 1.000000
0.999777 -0.016783 0.012796 -0.000000 0.019627 0.962254 -0.271443 3.700000 -0.007757 0.271634 0.962369 0.000000 0.000000 0.000000 0.000000 1.000000
0.999778 -0.016775 0.012784 0.000000 0.019613 0.962351 -0.271102 3.700000 -0.007755 0.271292 0.962466 0.000000 0.000000 0.000000 0.000000 1.000000
0.999778 -0.016751 0.012765 -0.000000 0.019579 0.962572 -0.270318 3.700000 -0.007760 0.270508 0.962687 -0.000000 0.000000 0.000000 0.000000 1.000000
0.999779 -0.016713 0.012737 0.000000 0.019524 0.962921 -0.269075 3.700000 -0.007768 0.269265 0.963035 0.000000 0.000000 0.000000 0.000000 1.000000
0.999781 -0.016661 0.012701 0.000000 0.019451 0.963381 -0.267429 3.700000 -0.007780 0.267618 0.963494 0.000000 0.000000 0.000000 0.000000 1.000000
0.999782 -0.016596 0.012659 0.000000 0.019362 0.963934 -0.265435 3.700000 -0.007797 0.265622 0.964046 -0.000000 0.000000 0.000000 0.000000 1.000000
0.999784 -0.016520 0.012610 0.000000 0.019257 0.964562 -0.263152 3.700000 -0.007816 0.263338 0.964672 0.000000 0.000000 0.000000 0.000000 1.000000
0.999787 -0.016411 0.012551 0.000000 0.019116 0.965247 -0.260639 3.700000 -0.007837 0.260823 0.965355 -0.000000 0.000000 0.000000 0.000000 1.000000
0.999789 -0.016291 0.012488 0.000000 0.018962 0.965971 -0.257953 3.700000 -0.007860 0.258135 0.966077 0.000000 0.000000 0.000000 0.000000 1.000000
0.999792 -0.016169 0.012429 0.000000 0.018806 0.966718 -0.255151 3.700000 -0.007890 0.255331 0.966821 0.000000 0.000000 0.000000 0.000000 1.000000
0.999795 -0.016058 0.012372 0.000000 0.018661 0.967471 -0.252292 3.700000 -0.007919 0.252471 0.967572 0.000000 0.000000 0.000000 0.000000 1.000000
0.999797 -0.015958 0.012319 -0.000000 0.018527 0.968215 -0.249434 3.700000 -0.007947 0.249611 0.968313 0.000000 0.000000 0.000000 0.000000 1.000000
0.999799 -0.015864 0.012268 -0.000000 0.018400 0.968933 -0.246637 3.700000 -0.007975 0.246813 0.969030 0.000000 0.000000 0.000000 0.000000 1.000000
0.999801 -0.015777 0.012222 0.000000 0.018283 0.969613 -0.243960 3.700000 -0.008001 0.244135 0.969708 0.000000 0.000000 0.000000 0.000000 1.000000
0.999803 -0.015697 0.012178 0.000000 0.018174 0.970241 -0.241460 3.700000 -0.008025 0.241634 0.970334 -0.000000 0.000000 0.000000 0.000000 1.000000
0.999804 -0.015628 0.012140 -0.000000 0.018080 0.970802 -0.239200 3.700000 -0.008048 0.239373 0.970894 0.000000 0.000000 0.000000 0.000000 1.000000
0.999806 -0.015569 0.012106 -0.000000 0.017997 0.971293 -0.237205 3.700000 -0.008066 0.237377 0.971384 0.000000 0.000000 0.000000 0.000000 1.000000
0.999807 -0.015514 0.012076 0.000000 0.017921 0.971751 -0.235326 3.700000 -0.008084 0.235497 0.971842 0.000000 0.000000 0.000000 0.000000 1.000000
0.999808 -0.015463 0.012047 -0.000000 0.017850 0.972182 -0.233544 3.700000 -0.008100 0.233714 0.972272 -0.000000 0.000000 0.000000 0.000000 1.000000
0.999809 -0.015416 0.012020 0.000000 0.017784 0.972584 -0.231871 3.700000 -0.008116 0.232040 0.972672 0.000000 0.000000 0.000000 0.000000 1.000000
0.999810 -0.015374 0.011995 0.000000 0.017724 0.972955 -0.230316 3.700000 -0.008130 0.230484 0.973042 0.000000 0.000000 0.000000 0.000000 1.000000
0.999811 -0.015334 0.011973 0.000000 0.017668 0.973292 -0.228890 3.700000 -0.008143 0.229058 0.973379 0.000000 0.000000 0.000000 0.000000 1.000000
0.999812 -0.015298 0.011952 -0.000000 0.017618 0.973594 -0.227604 3.700000 -0.008155 0.227772 0.973680 0.000000 0.000000 0.000000 0.000000 1.000000
0.999812 -0.015265 0.011934 0.000000 0.017572 0.973860 -0.226470 3.700000 -0.008165 0.226637 0.973945 0.000000 0.000000 0.000000 0.000000 1.000000
0.999813 -0.015236 0.011918 0.000000 0.017531 0.974086 -0.225497 3.700000 -0.008173 0.225664 0.974171 0.000000 0.000000 0.000000 0.000000 1.000000
0.999813 -0.015208 0.011905 0.000000 0.017495 0.974272 -0.224696 3.700000 -0.008181 0.224862 0.974356 0.000000 0.000000 0.000000 0.000000 1.000000
0.999814 -0.015199 0.011900 0.000000 0.017483 0.974345 -0.224379 3.700000 -0.008184 0.224545 0.974429 0.000000 0.000000 0.000000 0.000000 1.000000
0.999814 -0.015204 0.011901 0.000000 0.017489 0.974309 -0.224536 3.700000 -0.008182 0.224702 0.974393 -0.000000 0.000000 0.000000 0.000000 1.000000
0.999810 -0.015303 0.012067 0.000000 0.017624 0.974272 -0.224686 3.700000 -0.008318 0.224856 0.974357 0.000000 0.000000 0.000000 0.000000 1.000000</float_array>
        <technique_common>
          <accessor source="#mixamorig_LeftHandMiddle2-Matrix-animation-output-transform-array" count="56" stride="16">
            <param type="float4x4"/>
          </accessor>
        </technique_common>
      </source>
      <source id="mixamorig_LeftHandMiddle2-Interpolations">
        <Name_array id="mixamorig_LeftHandMiddle2-Interpolations-array" count="56">
 LINEAR LINEAR LINEAR LINEAR LINEAR LINEAR LINEAR LINEAR LINEAR LINEAR LINEAR
LINEAR LINEAR LINEAR LINEAR LINEAR LINEAR LINEAR LINEAR LINEAR LINEAR LINEAR LINEAR
LINEAR LINEAR LINEAR LINEAR LINEAR LINEAR LINEAR LINEAR LINEAR LINEAR LINEAR LINEAR
LINEAR LINEAR LINEAR LINEAR LINEAR LINEAR LINEAR LINEAR LINEAR LINEAR LINEAR LINEAR
LINEAR LINEAR LINEAR LINEAR LINEAR LINEAR LINEAR LINEAR LINEAR</Name_array>
        <technique_common>
          <accessor source="#mixamorig_LeftHandMiddle2-Interpolations-array" count="56">
            <param type="name"/>
          </accessor>
        </technique_common>
      </source>
      <sampler id="mixamorig_LeftHandMiddle2-Matrix-animation-transform">
        <input semantic="INPUT" source="#mixamorig_LeftHandMiddle2-Matrix-animation-input"/>
        <input semantic="OUTPUT" source="#mixamorig_LeftHandMiddle2-Matrix-animation-output-transform"/>
        <input semantic="INTERPOLATION" source="#mixamorig_LeftHandMiddle2-Interpolations"/>
      </sampler>
      <channel source="#mixamorig_LeftHandMiddle2-Matrix-animation-transform" target="mixamorig_LeftHandMiddle2/matrix"/>
    </animation>
    <animation id="mixamorig_LeftHandMiddle3-anim" name="mixamorig_LeftHandMiddle3">
      <source id="mixamorig_LeftHandMiddle3-Matrix-animation-input">
        <float_array id="mixamorig_LeftHandMiddle3-Matrix-animation-input-array" count="56">

0.000000 0.033333 0.066667 0.100000 0.133333 0.166667 0.200000 0.233333 0.266667 0.300000 0.333333 0.366667 0.400000 0.433333 0.466667 0.500000
0.533333 0.566667 0.600000 0.633333 0.666667 0.700000 0.733333 0.766667 0.800000 0.833333 0.866667 0.900000 0.933333 0.966667 1.000000 1.033333
1.066667 1.100000 1.133333 1.166667 1.200000 1.233333 1.266667 1.300000 1.333333 1.366667 1.400000 1.433333 1.466667 1.500000 1.533333 1.566667
1.600000 1.633333 1.666667 1.700000 1.733333 1.766667 1.800000 1.833333</float_array>
        <technique_common>
          <accessor source="#mixamorig_LeftHandMiddle3-Matrix-animation-input-array" count="56">
            <param name="TIME" type="float"/>
          </accessor>
        </technique_common>
      </source>
      <source id="mixamorig_LeftHandMiddle3-Matrix-animation-output-transform">
        <float_array id="mixamorig_LeftHandMiddle3-Matrix-animation-output-transform-array" count="896">

0.999664 -0.019400 0.017211 0.000000 0.023501 0.958287 -0.284840 2.950000 -0.010967 0.285149 0.958421 -0.000000 0.000000 0.000000 0.000000 1.000000
0.999666 -0.019313 0.017181 0.000000 0.023409 0.958303 -0.284792 2.950000 -0.010964 0.285099 0.958435 0.000000 0.000000 0.000000 0.000000 1.000000
0.999667 -0.019283 0.017170 -0.000000 0.023377 0.958309 -0.284776 2.950000 -0.010963 0.285082 0.958440 -0.000000 0.000000 0.000000 0.000000 1.000000
0.999666 -0.019287 0.017175 -0.000000 0.023384 0.958254 -0.284959 2.950000 -0.010962 0.285266 0.958386 0.000000 0.000000 0.000000 0.000000 1.000000
0.999666 -0.019308 0.017193 0.000000 0.023420 0.957981 -0.285875 2.950000 -0.010951 0.286182 0.958113 0.000000 0.000000 0.000000 0.000000 1.000000
0.999664 -0.019345 0.017227 0.000000 0.023484 0.957481 -0.287539 2.950000 -0.010932 0.287847 0.957614 -0.000000 0.000000 0.000000 0.000000 1.000000
0.999663 -0.019392 0.017269 0.000000 0.023565 0.956850 -0.289626 2.950000 -0.010907 0.289935 0.956984 0.000000 0.000000 0.000000 0.000000 1.000000
0.999661 -0.019447 0.017318 0.000000 0.023659 0.956107 -0.292060 2.950000 -0.010879 0.292371 0.956243 0.000000 0.000000 0.000000 0.000000 1.000000
0.999659 -0.019511 0.017364 -0.000000 0.023765 0.955274 -0.294767 2.950000 -0.010837 0.295079 0.955411 0.000000 0.000000 0.000000 0.000000 1.000000
0.999656 -0.019612 0.017408 0.000000 0.023907 0.954370 -0.297669 2.950000 -0.010776 0.297982 0.954511 -0.000000 0.000000 0.000000 0.000000 1.000000
0.999653 -0.019723 0.017457 0.000000 0.024061 0.953418 -0.300692 2.950000 -0.010713 0.301008 0.953562 0.000000 0.000000 0.000000 0.000000 1.000000
0.999650 -0.019837 0.017505 0.000000 0.024219 0.952440 -0.303761 2.950000 -0.010647 0.304079 0.952587 0.000000 0.000000 0.000000 0.000000 1.000000
0.999647 -0.019946 0.017554 -0.000000 0.024372 0.951461 -0.306803 2.950000 -0.010583 0.307123 0.951611 0.000000 0.000000 0.000000 0.000000 1.000000
0.999644 -0.020044 0.017602 0.000000 0.024512 0.950504 -0.309743 2.950000 -0.010522 0.310064 0.950657 0.000000 0.000000 0.000000 0.000000 1.000000
0.999642 -0.020130 0.017648 0.000000 0.024639 0.949596 -0.312508 2.950000 -0.010468 0.312830 0.949751 0.000000 0.000000 0.000000 0.000000 1.000000
0.999639 -0.020210 0.017692 0.000000 0.024757 0.948761 -0.315023 2.950000 -0.010419 0.315347 0.948919 0.000000 0.000000 0.000000 0.000000 1.000000
0.999637 -0.020282 0.017729 0.000000 0.024861 0.948028 -0.317214 2.950000 -0.010374 0.317540 0.948188 0.000000 0.000000 0.000000 0.000000 1.000000
0.999635 -0.020346 0.017761 0.000000 0.024952 0.947403 -0.319068 2.950000 -0.010335 0.319395 0.947565 0.000000 0.000000 0.000000 0.000000 1.000000
0.999633 -0.020407 0.017791 0.000000 0.025039 0.946792 -0.320870 2.950000 -0.010296 0.321198 0.946956 0.000000 0.000000 0.000000 0.000000 1.000000
0.999632 -0.020466 0.017821 0.000000 0.025124 0.946189 -0.322638 2.950000 -0.010259 0.322967 0.946355 0.000000 0.000000 0.000000 0.000000 1.000000
0.999630 -0.020523 0.017851 0.000000 0.025206 0.945607 -0.324332 2.950000 -0.010224 0.324662 0.945775 0.000000 0.000000 0.000000 0.000000 1.000000
0.999628 -0.020575 0.017878 0.000000 0.025281 0.945063 -0.325910 2.950000 -0.010190 0.326241 0.945232 0.000000 0.000000 0.000000 0.000000 1.000000
0.999627 -0.020621 0.017903 0.000000 0.025348 0.944568 -0.327335 2.950000 -0.010161 0.327667 0.944739 0.000000 0.000000 0.000000 0.000000 1.000000
0.999626 -0.020661 0.017924 0.000000 0.025406 0.944139 -0.328566 2.950000 -0.010134 0.328899 0.944311 0.000000 0.000000 0.000000 0.000000 1.000000
0.999625 -0.020693 0.017942 0.000000 0.025452 0.943790 -0.329563 2.950000 -0.010114 0.329896 0.943963 0.000000 0.000000 0.000000 0.000000 1.000000
0.999624 -0.020716 0.017953 0.000000 0.025485 0.943536 -0.330287 2.950000 -0.010098 0.330621 0.943710 -0.000000 0.000000 0.000000 0.000000 1.000000
0.999624 -0.020728 0.017959 0.000000 0.025503 0.943392 -0.330698 2.950000 -0.010088 0.331032 0.943566 0.000000 0.000000 0.000000 0.000000 1.000000
0.999624 -0.020729 0.017959 0.000000 0.025505 0.943371 -0.330757 2.950000 -0.010085 0.331090 0.943545 0.000000 0.000000 0.000000 0.000000 1.000000
0.999624 -0.020717 0.017950 0.000000 0.025487 0.943489 -0.330422 2.950000 -0.010090 0.330755 0.943663 0.000000 0.000000 0.000000 0.000000 1.000000
0.999625 -0.020693 0.017932 0.000000 0.025450 0.943759 -0.329654 2.950000 -0.010102 0.329986 0.943932 -0.000000 0.000000 0.000000 0.000000 1.000000
0.999626 -0.020653 0.017905 0.000000 0.025390 0.944185 -0.328437 2.950000 -0.010123 0.328768 0.944356 0.000000 0.000000 0.000000 0.000000 1.000000
0.999628 -0.020595 0.017886 0.000000 0.025312 0.944747 -0.326822 2.950000 -0.010167 0.327153 0.944917 0.000000 0.000000 0.000000 0.000000 1.000000
0.999630 -0.020523 0.017863 0.000000 0.025216 0.945424 -0.324867 2.950000 -0.010221 0.325197 0.945591 0.000000 0.000000 0.000000 0.000000 1.000000
0.999632 -0.020428 0.017830 0.000000 0.025090 0.946193 -0.322629 2.950000 -0.010280 0.322957 0.946358 -0.000000 0.000000 0.000000 0.000000 1.000000
0.999636 -0.020308 0.017786 0.000000 0.024936 0.947034 -0.320164 2.950000 -0.010342 0.320491 0.947195 0.000000 0.000000 0.000000 0.000000 1.000000
0.999639 -0.020183 0.017739 0.000000 0.024773 0.947925 -0.317528 2.950000 -0.010407 0.317853 0.948083 0.000000 0.000000 0.000000 0.000000 1.000000
0.999642 -0.020054 0.017690 0.000000 0.024606 0.948846 -0.314780 2.950000 -0.010473 0.315103 0.949000 0.000000 0.000000 0.000000 0.000000 1.000000
0.999646 -0.019930 0.017611 -0.000000 0.024432 0.949776 -0.311976 2.950000 -0.010509 0.312296 0.949927 0.000000 0.000000 0.000000 0.000000 1.000000
0.999650 -0.019812 0.017534 0.000000 0.024264 0.950696 -0.309173 2.950000 -0.010544 0.309490 0.950844 0.000000 0.000000 0.000000 0.000000 1.000000
0.999653 -0.019714 0.017465 0.000000 0.024120 0.951588 -0.306428 2.950000 -0.010578 0.306743 0.951734 0.000000 0.000000 0.000000 0.000000 1.000000
0.999656 -0.019627 0.017402 0.000000 0.023988 0.952434 -0.303799 2.950000 -0.010611 0.304112 0.952577 0.000000 0.000000 0.000000 0.000000 1.000000
0.999658 -0.019549 0.017344 0.000000 0.023869 0.953216 -0.301345 2.950000 -0.010642 0.301656 0.953357 -0.000000 0.000000 0.000000 0.000000 1.000000
0.999661 -0.019481 0.017293 0.000000 0.023764 0.953918 -0.299124 2.950000 -0.010669 0.299433 0.954058 0.000000 0.000000 0.000000 0.000000 1.000000
0.999663 -0.019423 0.017249 0.000000 0.023673 0.954533 -0.297164 2.950000 -0.010693 0.297472 0.954671 0.000000 0.000000 0.000000 0.000000 1.000000
0.999664 -0.019372 0.017208 0.000000 0.023592 0.955108 -0.295317 2.950000 -0.010715 0.295624 0.955244 0.000000 0.000000 0.000000 0.000000 1.000000
0.999666 -0.019327 0.017171 -0.000000 0.023518 0.955649 -0.293566 2.950000 -0.010736 0.293872 0.955785 0.000000 0.000000 0.000000 0.000000 1.000000
0.999667 -0.019288 0.017137 0.000000 0.023453 0.956155 -0.291921 2.950000 -0.010755 0.292225 0.956289 0.000000 0.000000 0.000000 0.000000 1.000000
0.999668 -0.019256 0.017107 0.000000 0.023396 0.956622 -0.290392 2.950000 -0.010773 0.290695 0.956755 0.000000 0.000000 0.000000 0.000000 1.000000
0.999669 -0.019230 0.017081 0.000000 0.023348 0.957048 -0.288989 2.950000 -0.010790 0.289292 0.957180 0.000000 0.000000 0.000000 0.000000 1.000000
0.999670 -0.019219 0.017061 0.000000 0.023317 0.957429 -0.287724 2.950000 -0.010805 0.288027 0.957561 0.000000 0.000000 0.000000 0.000000 1.000000
0.999670 -0.019231 0.017049 0.000000 0.023313 0.957765 -0.286606 2.950000 -0.010817 0.286909 0.957897 -0.000000 0.000000 0.000000 0.000000 1.000000
0.999669 -0.019250 0.017043 0.000000 0.023318 0.958052 -0.285646 2.950000 -0.010829 0.285949 0.958184 0.000000 0.000000 0.000000 0.000000 1.000000
0.999669 -0.019274 0.017039 -0.000000 0.023332 0.958286 -0.284856 2.950000 -0.010838 0.285159 0.958419 0.000000 0.000000 0.000000 0.000000 1.000000
0.999668 -0.019309 0.017046 0.000000 0.023364 0.958379 -0.284542 2.950000 -0.010842 0.284845 0.958512 0.000000 0.000000 0.000000 0.000000 1.000000
0.999668 -0.019312 0.017048 0.000000 0.023369 0.958333 -0.284695 2.950000 -0.010840 0.284999 0.958467 -0.000000 0.000000 0.000000 0.000000 1.000000
0.999664 -0.019400 0.017210 0.000000 0.023501 0.958287 -0.284840 2.950000 -0.010967 0.285149 0.958421 0.000000 0.000000 0.000000 0.000000 1.000000</float_array>
        <technique_common>
          <accessor source="#mixamorig_LeftHandMiddle3-Matrix-animation-output-transform-array" count="56" stride="16">
            <param type="float4x4"/>
          </accessor>
        </technique_common>
      </source>
      <source id="mixamorig_LeftHandMiddle3-Interpolations">
        <Name_array id="mixamorig_LeftHandMiddle3-Interpolations-array" count="56">
 LINEAR LINEAR LINEAR LINEAR LINEAR LINEAR LINEAR LINEAR LINEAR LINEAR LINEAR
LINEAR LINEAR LINEAR LINEAR LINEAR LINEAR LINEAR LINEAR LINEAR LINEAR LINEAR LINEAR
LINEAR LINEAR LINEAR LINEAR LINEAR LINEAR LINEAR LINEAR LINEAR LINEAR LINEAR LINEAR
LINEAR LINEAR LINEAR LINEAR LINEAR LINEAR LINEAR LINEAR LINEAR LINEAR LINEAR LINEAR
LINEAR LINEAR LINEAR LINEAR LINEAR LINEAR LINEAR LINEAR LINEAR</Name_array>
        <technique_common>
          <accessor source="#mixamorig_LeftHandMiddle3-Interpolations-array" count="56">
            <param type="name"/>
          </accessor>
        </technique_common>
      </source>
      <sampler id="mixamorig_LeftHandMiddle3-Matrix-animation-transform">
        <input semantic="INPUT" source="#mixamorig_LeftHandMiddle3-Matrix-animation-input"/>
        <input semantic="OUTPUT" source="#mixamorig_LeftHandMiddle3-Matrix-animation-output-transform"/>
        <input semantic="INTERPOLATION" source="#mixamorig_LeftHandMiddle3-Interpolations"/>
      </sampler>
      <channel source="#mixamorig_LeftHandMiddle3-Matrix-animation-transform" target="mixamorig_LeftHandMiddle3/matrix"/>
    </animation>
    <animation id="mixamorig_LeftHandRing1-anim" name="mixamorig_LeftHandRing1">
      <source id="mixamorig_LeftHandRing1-Matrix-animation-input">
        <float_array id="mixamorig_LeftHandRing1-Matrix-animation-input-array" count="56">

0.000000 0.033333 0.066667 0.100000 0.133333 0.166667 0.200000 0.233333 0.266667 0.300000 0.333333 0.366667 0.400000 0.433333 0.466667 0.500000
0.533333 0.566667 0.600000 0.633333 0.666667 0.700000 0.733333 0.766667 0.800000 0.833333 0.866667 0.900000 0.933333 0.966667 1.000000 1.033333
1.066667 1.100000 1.133333 1.166667 1.200000 1.233333 1.266667 1.300000 1.333333 1.366667 1.400000 1.433333 1.466667 1.500000 1.533333 1.566667
1.600000 1.633333 1.666667 1.700000 1.733333 1.766667 1.800000 1.833333</float_array>
        <technique_common>
          <accessor source="#mixamorig_LeftHandRing1-Matrix-animation-input-array" count="56">
            <param name="TIME" type="float"/>
          </accessor>
        </technique_common>
      </source>
      <source id="mixamorig_LeftHandRing1-Matrix-animation-output-transform">
        <float_array id="mixamorig_LeftHandRing1-Matrix-animation-output-transform-array" count="896">

0.989036 0.146625 0.017566 1.865100 -0.138117 0.960562 -0.241339 9.104500 -0.052259 0.236267 0.970282 0.043000 0.000000 0.000000 0.000000 1.000000
0.989018 0.146870 0.016485 1.865100 -0.138210 0.958631 -0.248846 9.104500 -0.052351 0.243834 0.968403 0.043000 0.000000 0.000000 0.000000 1.000000
0.988991 0.147163 0.015503 1.865100 -0.138372 0.956835 -0.255578 9.104500 -0.052445 0.250619 0.966664 0.043000 0.000000 0.000000 0.000000 1.000000
0.988972 0.147408 0.014331 1.865100 -0.138460 0.954584 -0.263814 9.104500 -0.052568 0.258921 0.964467 0.043000 0.000000 0.000000 0.000000 1.000000
0.988979 0.147510 0.012682 1.865100 -0.138339 0.951206 -0.275806 9.104500 -0.052747 0.271012 0.961130 0.043000 0.000000 0.000000 0.000000 1.000000
0.989013 0.147453 0.010527 1.865100 -0.138006 0.946479 -0.291774 9.104500 -0.052987 0.287116 0.956429 0.043000 0.000000 0.000000 0.000000 1.000000
0.989059 0.147302 0.008068 1.865100 -0.137569 0.940696 -0.310106 9.104500 -0.053269 0.305603 0.950668 0.043000 0.000000 0.000000 0.000000 1.000000
0.989111 0.147073 0.005373 1.865100 -0.137065 0.933877 -0.330282 9.104500 -0.053594 0.325949 0.943867 0.043000 0.000000 0.000000 0.000000 1.000000
0.989166 0.146783 0.002505 1.865100 -0.136529 0.926069 -0.351790 9.104500 -0.053956 0.347636 0.936076 0.043000 0.000000 0.000000 0.000000 1.000000
0.989218 0.146451 -0.000471 1.865100 -0.135990 0.917355 -0.374121 9.104500 -0.054359 0.370151 0.927380 0.043000 0.000000 0.000000 0.000000 1.000000
0.989265 0.146091 -0.003492 1.865100 -0.135471 0.907862 -0.396779 9.104500 -0.054795 0.392993 0.917907 0.043000 0.000000 0.000000 0.000000 1.000000
0.989304 0.145721 -0.006500 1.865100 -0.134992 0.897762 -0.419286 9.104500 -0.055264 0.415679 0.907831 0.043000 0.000000 0.000000 0.000000 1.000000
0.989335 0.145355 -0.009434 1.865100 -0.134567 0.887272 -0.441181 9.104500 -0.055757 0.437745 0.897369 0.043000 0.000000 0.000000 0.000000 1.000000
0.989355 0.145007 -0.012239 1.865100 -0.134204 0.876655 -0.462024 9.104500 -0.056267 0.458748 0.886783 0.043000 0.000000 0.000000 0.000000 1.000000
0.989365 0.144691 -0.014859 1.865100 -0.133910 0.866212 -0.481400 9.104500 -0.056783 0.478270 0.876375 0.043000 0.000000 0.000000 0.000000 1.000000
0.989366 0.144419 -0.017241 1.865100 -0.133686 0.856279 -0.498912 9.104500 -0.057289 0.495912 0.866481 0.043000 0.000000 0.000000 0.000000 1.000000
0.989359 0.144202 -0.019332 1.865100 -0.133532 0.847218 -0.514189 9.104500 -0.057769 0.511299 0.857459 0.043000 0.000000 0.000000 0.000000 1.000000
0.989346 0.144041 -0.021130 1.865100 -0.133438 0.839176 -0.527237 9.104500 -0.058212 0.524439 0.849456 0.043000 0.000000 0.000000 0.000000 1.000000
0.989331 0.143875 -0.022883 1.865100 -0.133350 0.831083 -0.539924 9.104500 -0.058663 0.537216 0.841402 0.043000 0.000000 0.000000 0.000000 1.000000
0.989316 0.143698 -0.024601 1.865100 -0.133264 0.822921 -0.552306 9.104500 -0.059120 0.549683 0.833279 0.043000 0.000000 0.000000 0.000000 1.000000
0.989300 0.143517 -0.026242 1.865100 -0.133181 0.814911 -0.564077 9.104500 -0.059570 0.561536 0.825305 0.043000 0.000000 0.000000 0.000000 1.000000
0.989284 0.143337 -0.027764 1.865100 -0.133104 0.807289 -0.574950 9.104500 -0.059999 0.572484 0.817717 0.043000 0.000000 0.000000 0.000000 1.000000
0.989271 0.143162 -0.029126 1.865100 -0.133030 0.800308 -0.584645 9.104500 -0.060389 0.582246 0.810766 0.043000 0.000000 0.000000 0.000000 1.000000
0.989259 0.142998 -0.030292 1.865100 -0.132962 0.794231 -0.592890 9.104500 -0.060724 0.590550 0.804713 0.043000 0.000000 0.000000 0.000000 1.000000
0.989252 0.142849 -0.031220 1.865100 -0.132896 0.789323 -0.599423 9.104500 -0.060984 0.597129 0.799824 0.043000 0.000000 0.000000 0.000000 1.000000
0.989253 0.142703 -0.031858 1.865100 -0.132813 0.785857 -0.603978 9.104500 -0.061154 0.601718 0.796364 0.043000 0.000000 0.000000 0.000000 1.000000
0.989259 0.142583 -0.032190 1.865100 -0.132740 0.784089 -0.606288 9.104500 -0.061206 0.604049 0.794594 0.043000 0.000000 0.000000 0.000000 1.000000
0.989267 0.142530 -0.032180 1.865100 -0.132708 0.784259 -0.606075 9.104500 -0.061147 0.603841 0.794756 0.043000 0.000000 0.000000 0.000000 1.000000
0.989287 0.142484 -0.031757 1.865100 -0.132651 0.786603 -0.603042 9.104500 -0.060944 0.600795 0.797077 0.043000 0.000000 0.000000 0.000000 1.000000
0.989316 0.142476 -0.030891 1.865100 -0.132598 0.791320 -0.596850 9.104500 -0.060592 0.594570 0.801758 0.043000 0.000000 0.000000 0.000000 1.000000
0.989353 0.142498 -0.029561 1.865100 -0.132549 0.798442 -0.587300 9.104500 -0.060086 0.584966 0.808829 0.043000 0.000000 0.000000 0.000000 1.000000
0.989397 0.142551 -0.027816 1.865100 -0.132510 0.807568 -0.574696 9.104500 -0.059461 0.572288 0.817894 0.043000 0.000000 0.000000 0.000000 1.000000
0.989442 0.142634 -0.025708 1.865100 -0.132490 0.818249 -0.559387 9.104500 -0.058752 0.556887 0.828508 0.043000 0.000000 0.000000 0.000000 1.000000
0.989485 0.142746 -0.023296 1.865100 -0.132499 0.830041 -0.541735 9.104500 -0.057994 0.539125 0.840227 0.043000 0.000000 0.000000 0.000000 1.000000
0.989524 0.142889 -0.020632 1.865100 -0.132547 0.842512 -0.522116 9.104500 -0.057221 0.519380 0.852625 0.043000 0.000000 0.000000 0.000000 1.000000
0.989555 0.143059 -0.017776 1.865100 -0.132643 0.855261 -0.500933 9.104500 -0.056459 0.498058 0.865303 0.043000 0.000000 0.000000 0.000000 1.000000
0.989575 0.143255 -0.014786 1.865100 -0.132796 0.867923 -0.478617 9.104500 -0.055731 0.475591 0.877899 0.043000 0.000000 0.000000 0.000000 1.000000
0.989585 0.143472 -0.011721 1.865100 -0.133006 0.880176 -0.455631 9.104500 -0.055054 0.452444 0.890092 0.043000 0.000000 0.000000 0.000000 1.000000
0.989583 0.143705 -0.008644 1.865100 -0.133275 0.891747 -0.432463 9.104500 -0.054439 0.429110 0.901610 0.043000 0.000000 0.000000 0.000000 1.000000
0.989569 0.143948 -0.005618 1.865100 -0.133596 0.902418 -0.409628 9.104500 -0.053895 0.406105 0.912236 0.043000 0.000000 0.000000 0.000000 1.000000
0.989546 0.144194 -0.002711 1.865100 -0.133959 0.912016 -0.387662 9.104500 -0.053426 0.383973 0.921798 0.043000 0.000000 0.000000 0.000000 1.000000
0.989514 0.144435 0.000008 1.865100 -0.134347 0.920421 -0.367118 9.104500 -0.053032 0.363268 0.930174 0.043000 0.000000 0.000000 0.000000 1.000000
0.989478 0.144664 0.002470 1.865100 -0.134740 0.927551 -0.348560 9.104500 -0.052715 0.344559 0.937283 0.043000 0.000000 0.000000 0.000000 1.000000
0.989439 0.144877 0.004633 1.865100 -0.135120 0.933429 -0.332345 9.104500 -0.052473 0.328209 0.943147 0.043000 0.000000 0.000000 0.000000 1.000000
0.989395 0.145100 0.006625 1.865100 -0.135510 0.938503 -0.317568 9.104500 -0.052297 0.313302 0.948212 0.043000 0.000000 0.000000 0.000000 1.000000
0.989347 0.145331 0.008473 1.865100 -0.135907 0.942920 -0.304025 9.104500 -0.052174 0.299635 0.952626 0.043000 0.000000 0.000000 0.000000 1.000000
0.989296 0.145566 0.010176 1.865100 -0.136305 0.946750 -0.291693 9.104500 -0.052095 0.287183 0.956458 0.043000 0.000000 0.000000 0.000000 1.000000
0.989246 0.145791 0.011735 1.865100 -0.136688 0.950060 -0.280541 9.104500 -0.052050 0.275920 0.959770 0.043000 0.000000 0.000000 0.000000 1.000000
0.989192 0.146033 0.013142 1.865100 -0.137081 0.952899 -0.270542 9.104500 -0.052031 0.265816 0.962618 0.043000 0.000000 0.000000 0.000000 1.000000
0.989144 0.146242 0.014410 1.865100 -0.137431 0.955326 -0.261657 9.104500 -0.052032 0.256836 0.965053 0.043000 0.000000 0.000000 0.000000 1.000000
0.989099 0.146427 0.015565 1.865100 -0.137737 0.957385 -0.253856 9.104500 -0.052073 0.248945 0.967117 0.043000 0.000000 0.000000 0.000000 1.000000
0.989059 0.146584 0.016583 1.865100 -0.138003 0.959113 -0.247097 9.104500 -0.052126 0.242105 0.968849 0.043000 0.000000 0.000000 0.000000 1.000000
0.989025 0.146714 0.017461 1.865100 -0.138229 0.960546 -0.241338 9.104500 -0.052180 0.236276 0.970284 0.043000 0.000000 0.000000 0.000000 1.000000
0.989011 0.146766 0.017820 1.865100 -0.138320 0.961119 -0.238994 9.104500 -0.052203 0.233902 0.970858 0.043000 0.000000 0.000000 0.000000 1.000000
0.989018 0.146739 0.017636 1.865100 -0.138275 0.960834 -0.240162 9.104500 -0.052186 0.235086 0.970573 0.043000 0.000000 0.000000 0.000000 1.000000
0.989036 0.146625 0.017566 1.865100 -0.138117 0.960562 -0.241339 9.104500 -0.052259 0.236266 0.970282 0.043000 0.000000 0.000000 0.000000 1.000000</float_array>
        <technique_common>
          <accessor source="#mixamorig_LeftHandRing1-Matrix-animation-output-transform-array" count="56" stride="16">
            <param type="float4x4"/>
          </accessor>
        </technique_common>
      </source>
      <source id="mixamorig_LeftHandRing1-Interpolations">
        <Name_array id="mixamorig_LeftHandRing1-Interpolations-array" count="56">
 LINEAR LINEAR LINEAR LINEAR LINEAR LINEAR LINEAR LINEAR LINEAR LINEAR LINEAR
LINEAR LINEAR LINEAR LINEAR LINEAR LINEAR LINEAR LINEAR LINEAR LINEAR LINEAR LINEAR
LINEAR LINEAR LINEAR LINEAR LINEAR LINEAR LINEAR LINEAR LINEAR LINEAR LINEAR LINEAR
LINEAR LINEAR LINEAR LINEAR LINEAR LINEAR LINEAR LINEAR LINEAR LINEAR LINEAR LINEAR
LINEAR LINEAR LINEAR LINEAR LINEAR LINEAR LINEAR LINEAR LINEAR</Name_array>
        <technique_common>
          <accessor source="#mixamorig_LeftHandRing1-Interpolations-array" count="56">
            <param type="name"/>
          </accessor>
        </technique_common>
      </source>
      <sampler id="mixamorig_LeftHandRing1-Matrix-animation-transform">
        <input semantic="INPUT" source="#mixamorig_LeftHandRing1-Matrix-animation-input"/>
        <input semantic="OUTPUT" source="#mixamorig_LeftHandRing1-Matrix-animation-output-transform"/>
        <input semantic="INTERPOLATION" source="#mixamorig_LeftHandRing1-Interpolations"/>
      </sampler>
      <channel source="#mixamorig_LeftHandRing1-Matrix-animation-transform" target="mixamorig_LeftHandRing1/matrix"/>
    </animation>
    <animation id="mixamorig_LeftHandRing2-anim" name="mixamorig_LeftHandRing2">
      <source id="mixamorig_LeftHandRing2-Matrix-animation-input">
        <float_array id="mixamorig_LeftHandRing2-Matrix-animation-input-array" count="56">

0.000000 0.033333 0.066667 0.100000 0.133333 0.166667 0.200000 0.233333 0.266667 0.300000 0.333333 0.366667 0.400000 0.433333 0.466667 0.500000
0.533333 0.566667 0.600000 0.633333 0.666667 0.700000 0.733333 0.766667 0.800000 0.833333 0.866667 0.900000 0.933333 0.966667 1.000000 1.033333
1.066667 1.100000 1.133333 1.166667 1.200000 1.233333 1.266667 1.300000 1.333333 1.366667 1.400000 1.433333 1.466667 1.500000 1.533333 1.566667
1.600000 1.633333 1.666667 1.700000 1.733333 1.766667 1.800000 1.833333</float_array>
        <technique_common>
          <accessor source="#mixamorig_LeftHandRing2-Matrix-animation-input-array" count="56">
            <param name="TIME" type="float"/>
          </accessor>
        </technique_common>
      </source>
      <source id="mixamorig_LeftHandRing2-Matrix-animation-output-transform">
        <float_array id="mixamorig_LeftHandRing2-Matrix-animation-output-transform-array" count="896">

0.999875 -0.013351 -0.008491 0.000000 0.009883 0.946063 -0.323832 3.150000 0.012357 0.323707 0.946077 0.000000 0.000000 0.000000 0.000000 1.000000
0.999875 -0.013487 -0.008287 0.000000 0.010064 0.945725 -0.324811 3.150000 0.012218 0.324687 0.945743 0.000000 0.000000 0.000000 0.000000 1.000000
0.999874 -0.013530 -0.008275 0.000000 0.010098 0.945430 -0.325669 3.150000 0.012230 0.325544 0.945448 0.000000 0.000000 0.000000 0.000000 1.000000
0.999874 -0.013585 -0.008260 0.000000 0.010141 0.945047 -0.326777 3.150000 0.012245 0.326652 0.945065 0.000000 0.000000 0.000000 0.000000 1.000000
0.999873 -0.013673 -0.008234 0.000000 0.010209 0.944443 -0.328516 3.150000 0.012268 0.328390 0.944463 0.000000 0.000000 0.000000 0.000000 1.000000
0.999871 -0.013793 -0.008199 0.000000 0.010303 0.943603 -0.330919 3.150000 0.012301 0.330792 0.943623 0.000000 0.000000 0.000000 0.000000 1.000000
0.999870 -0.013934 -0.008158 0.000000 0.010414 0.942614 -0.333723 3.150000 0.012340 0.333594 0.942636 0.000000 0.000000 0.000000 0.000000 1.000000
0.999868 -0.014091 -0.008112 0.000000 0.010536 0.941500 -0.336848 3.150000 0.012384 0.336718 0.941524 0.000000 0.000000 0.000000 0.000000 1.000000
0.999866 -0.014260 -0.008061 -0.000000 0.010667 0.940286 -0.340219 3.150000 0.012431 0.340087 0.940312 0.000000 0.000000 0.000000 0.000000 1.000000
0.999864 -0.014438 -0.008007 0.000000 0.010806 0.938996 -0.343758 3.150000 0.012481 0.343625 0.939024 -0.000000 0.000000 0.000000 0.000000 1.000000
0.999862 -0.014621 -0.007951 0.000000 0.010949 0.937657 -0.347390 3.150000 0.012534 0.347255 0.937687 0.000000 0.000000 0.000000 0.000000 1.000000
0.999859 -0.014804 -0.007893 0.000000 0.011092 0.936296 -0.351037 3.150000 0.012587 0.350900 0.936328 -0.000000 0.000000 0.000000 0.000000 1.000000
0.999857 -0.014984 -0.007836 0.000000 0.011232 0.934941 -0.354626 3.150000 0.012640 0.354487 0.934975 0.000000 0.000000 0.000000 0.000000 1.000000
0.999855 -0.015158 -0.007780 0.000000 0.011368 0.933622 -0.358080 3.150000 0.012691 0.357939 0.933659 0.000000 0.000000 0.000000 0.000000 1.000000
0.999853 -0.015321 -0.007727 0.000000 0.011495 0.932369 -0.361324 3.150000 0.012740 0.361182 0.932408 0.000000 0.000000 0.000000 0.000000 1.000000
0.999851 -0.015470 -0.007678 -0.000000 0.011611 0.931214 -0.364287 3.150000 0.012786 0.364143 0.931255 0.000000 0.000000 0.000000 0.000000 1.000000
0.999849 -0.015600 -0.007635 0.000000 0.011712 0.930190 -0.366890 3.150000 0.012826 0.366746 0.930233 0.000000 0.000000 0.000000 0.000000 1.000000
0.999848 -0.015713 -0.007597 0.000000 0.011800 0.929304 -0.369127 3.150000 0.012860 0.368982 0.929348 0.000000 0.000000 0.000000 0.000000 1.000000
0.999846 -0.015823 -0.007560 0.000000 0.011885 0.928431 -0.371314 3.150000 0.012895 0.371167 0.928477 0.000000 0.000000 0.000000 0.000000 1.000000
0.999845 -0.015932 -0.007523 -0.000000 0.011970 0.927568 -0.373461 3.150000 0.012928 0.373313 0.927615 0.000000 0.000000 0.000000 0.000000 1.000000
0.999843 -0.016035 -0.007488 0.000000 0.012050 0.926737 -0.375518 3.150000 0.012961 0.375369 0.926785 0.000000 0.000000 0.000000 0.000000 1.000000
0.999842 -0.016132 -0.007455 0.000000 0.012126 0.925958 -0.377432 3.150000 0.012991 0.377282 0.926007 0.000000 0.000000 0.000000 0.000000 1.000000
0.999841 -0.016218 -0.007425 0.000000 0.012193 0.925254 -0.379152 3.150000 0.013019 0.379001 0.925304 0.000000 0.000000 0.000000 0.000000 1.000000
0.999840 -0.016293 -0.007399 0.000000 0.012251 0.924646 -0.380630 3.150000 0.013043 0.380479 0.924698 0.000000 0.000000 0.000000 0.000000 1.000000
0.999839 -0.016352 -0.007378 0.000000 0.012297 0.924158 -0.381811 3.150000 0.013062 0.381659 0.924211 0.000000 0.000000 0.000000 0.000000 1.000000
0.999838 -0.016394 -0.007363 0.000000 0.012330 0.923812 -0.382647 3.150000 0.013076 0.382494 0.923865 0.000000 0.000000 0.000000 0.000000 1.000000
0.999838 -0.016416 -0.007355 0.000000 0.012347 0.923630 -0.383085 3.150000 0.013082 0.382933 0.923684 0.000000 0.000000 0.000000 0.000000 1.000000
0.999838 -0.016415 -0.007355 0.000000 0.012346 0.923634 -0.383076 3.150000 0.013082 0.382923 0.923688 -0.000000 0.000000 0.000000 0.000000 1.000000
0.999839 -0.016391 -0.007365 0.000000 0.012327 0.923846 -0.382567 3.150000 0.013074 0.382414 0.923899 0.000000 0.000000 0.000000 0.000000 1.000000
0.999839 -0.016337 -0.007383 0.000000 0.012285 0.924286 -0.381503 3.150000 0.013057 0.381351 0.924338 0.000000 0.000000 0.000000 0.000000 1.000000
0.999840 -0.016254 -0.007412 -0.000000 0.012221 0.924962 -0.379863 3.150000 0.013030 0.379712 0.925013 0.000000 0.000000 0.000000 0.000000 1.000000
0.999842 -0.016145 -0.007450 0.000000 0.012136 0.925844 -0.377712 3.150000 0.012996 0.377562 0.925893 0.000000 0.000000 0.000000 0.000000 1.000000
0.999844 -0.016015 -0.007495 0.000000 0.012035 0.926897 -0.375124 3.150000 0.012954 0.374975 0.926944 0.000000 0.000000 0.000000 0.000000 1.000000
0.999846 -0.015867 -0.007546 0.000000 0.011919 0.928087 -0.372171 3.150000 0.012908 0.372024 0.928133 0.000000 0.000000 0.000000 0.000000 1.000000
0.999848 -0.015703 -0.007601 0.000000 0.011792 0.929383 -0.368928 3.150000 0.012857 0.368783 0.929427 0.000000 0.000000 0.000000 0.000000 1.000000
0.999850 -0.015530 -0.007659 0.000000 0.011657 0.930751 -0.365468 3.150000 0.012804 0.365324 0.930792 0.000000 0.000000 0.000000 0.000000 1.000000
0.999852 -0.015348 -0.007719 0.000000 0.011515 0.932159 -0.361866 3.150000 0.012749 0.361724 0.932198 0.000000 0.000000 0.000000 0.000000 1.000000
0.999855 -0.015164 -0.007778 0.000000 0.011372 0.933577 -0.358196 3.150000 0.012693 0.358056 0.933614 0.000000 0.000000 0.000000 0.000000 1.000000
0.999857 -0.014980 -0.007838 0.000000 0.011229 0.934976 -0.354534 3.150000 0.012639 0.354396 0.935010 0.000000 0.000000 0.000000 0.000000 1.000000
0.999859 -0.014800 -0.007895 0.000000 0.011088 0.936326 -0.350955 3.150000 0.012586 0.350819 0.936359 0.000000 0.000000 0.000000 0.000000 1.000000
0.999861 -0.014628 -0.007948 -0.000000 0.010954 0.937603 -0.347536 3.150000 0.012536 0.347400 0.937633 0.000000 0.000000 0.000000 0.000000 1.000000
0.999863 -0.014468 -0.007998 0.000000 0.010829 0.938778 -0.344353 3.150000 0.012490 0.344219 0.938806 0.000000 0.000000 0.000000 0.000000 1.000000
0.999865 -0.014324 -0.008042 -0.000000 0.010717 0.939827 -0.341482 3.150000 0.012450 0.341350 0.939854 0.000000 0.000000 0.000000 0.000000 1.000000
0.999867 -0.014197 -0.008080 -0.000000 0.010619 0.940739 -0.338964 3.150000 0.012413 0.338833 0.940764 -0.000000 0.000000 0.000000 0.000000 1.000000
0.999868 -0.014081 -0.008115 0.000000 0.010528 0.941574 -0.336641 3.150000 0.012381 0.336511 0.941598 -0.000000 0.000000 0.000000 0.000000 1.000000
0.999869 -0.013972 -0.008147 0.000000 0.010443 0.942346 -0.334478 3.150000 0.012351 0.334349 0.942368 0.000000 0.000000 0.000000 0.000000 1.000000
0.999870 -0.013871 -0.008176 0.000000 0.010364 0.943054 -0.332479 3.150000 0.012323 0.332351 0.943075 0.000000 0.000000 0.000000 0.000000 1.000000
0.999871 -0.013779 -0.008203 -0.000000 0.010293 0.943699 -0.330646 3.150000 0.012297 0.330519 0.943719 0.000000 0.000000 0.000000 0.000000 1.000000
0.999872 -0.013696 -0.008228 0.000000 0.010228 0.944282 -0.328980 3.150000 0.012275 0.328853 0.944301 0.000000 0.000000 0.000000 0.000000 1.000000
0.999873 -0.013621 -0.008249 -0.000000 0.010169 0.944802 -0.327484 3.150000 0.012255 0.327359 0.944821 0.000000 0.000000 0.000000 0.000000 1.000000
0.999874 -0.013554 -0.008268 0.000000 0.010117 0.945261 -0.326160 3.150000 0.012237 0.326035 0.945279 0.000000 0.000000 0.000000 0.000000 1.000000
0.999875 -0.013497 -0.008284 0.000000 0.010072 0.945657 -0.325009 3.150000 0.012221 0.324885 0.945675 -0.000000 0.000000 0.000000 0.000000 1.000000
0.999875 -0.013448 -0.008299 0.000000 0.010034 0.945992 -0.324034 3.150000 0.012208 0.323910 0.946009 0.000000 0.000000 0.000000 0.000000 1.000000
0.999875 -0.013426 -0.008305 0.000000 0.010017 0.946141 -0.323601 3.150000 0.012203 0.323478 0.946157 0.000000 0.000000 0.000000 0.000000 1.000000
0.999875 -0.013432 -0.008303 0.000000 0.010021 0.946101 -0.323717 3.150000 0.012204 0.323594 0.946117 -0.000000 0.000000 0.000000 0.000000 1.000000
0.999875 -0.013351 -0.008491 -0.000000 0.009883 0.946063 -0.323832 3.150000 0.012357 0.323707 0.946077 0.000000 0.000000 0.000000 0.000000 1.000000</float_array>
        <technique_common>
          <accessor source="#mixamorig_LeftHandRing2-Matrix-animation-output-transform-array" count="56" stride="16">
            <param type="float4x4"/>
          </accessor>
        </technique_common>
      </source>
      <source id="mixamorig_LeftHandRing2-Interpolations">
        <Name_array id="mixamorig_LeftHandRing2-Interpolations-array" count="56">
 LINEAR LINEAR LINEAR LINEAR LINEAR LINEAR LINEAR LINEAR LINEAR LINEAR LINEAR
LINEAR LINEAR LINEAR LINEAR LINEAR LINEAR LINEAR LINEAR LINEAR LINEAR LINEAR LINEAR
LINEAR LINEAR LINEAR LINEAR LINEAR LINEAR LINEAR LINEAR LINEAR LINEAR LINEAR LINEAR
LINEAR LINEAR LINEAR LINEAR LINEAR LINEAR LINEAR LINEAR LINEAR LINEAR LINEAR LINEAR
LINEAR LINEAR LINEAR LINEAR LINEAR LINEAR LINEAR LINEAR LINEAR</Name_array>
        <technique_common>
          <accessor source="#mixamorig_LeftHandRing2-Interpolations-array" count="56">
            <param type="name"/>
          </accessor>
        </technique_common>
      </source>
      <sampler id="mixamorig_LeftHandRing2-Matrix-animation-transform">
        <input semantic="INPUT" source="#mixamorig_LeftHandRing2-Matrix-animation-input"/>
        <input semantic="OUTPUT" source="#mixamorig_LeftHandRing2-Matrix-animation-output-transform"/>
        <input semantic="INTERPOLATION" source="#mixamorig_LeftHandRing2-Interpolations"/>
      </sampler>
      <channel source="#mixamorig_LeftHandRing2-Matrix-animation-transform" target="mixamorig_LeftHandRing2/matrix"/>
    </animation>
    <animation id="mixamorig_LeftHandRing3-anim" name="mixamorig_LeftHandRing3">
      <source id="mixamorig_LeftHandRing3-Matrix-animation-input">
        <float_array id="mixamorig_LeftHandRing3-Matrix-animation-input-array" count="56">

0.000000 0.033333 0.066667 0.100000 0.133333 0.166667 0.200000 0.233333 0.266667 0.300000 0.333333 0.366667 0.400000 0.433333 0.466667 0.500000
0.533333 0.566667 0.600000 0.633333 0.666667 0.700000 0.733333 0.766667 0.800000 0.833333 0.866667 0.900000 0.933333 0.966667 1.000000 1.033333
1.066667 1.100000 1.133333 1.166667 1.200000 1.233333 1.266667 1.300000 1.333333 1.366667 1.400000 1.433333 1.466667 1.500000 1.533333 1.566667
1.600000 1.633333 1.666667 1.700000 1.733333 1.766667 1.800000 1.833333</float_array>
        <technique_common>
          <accessor source="#mixamorig_LeftHandRing3-Matrix-animation-input-array" count="56">
            <param name="TIME" type="float"/>
          </accessor>
        </technique_common>
      </source>
      <source id="mixamorig_LeftHandRing3-Matrix-animation-output-transform">
        <float_array id="mixamorig_LeftHandRing3-Matrix-animation-output-transform-array" count="896">

0.999844 -0.016165 -0.007129 0.000000 0.012305 0.926731 -0.375523 2.950000 0.012677 0.375377 0.926786 0.000000 0.000000 0.000000 0.000000 1.000000
0.999841 -0.016313 -0.007225 0.000000 0.012394 0.926357 -0.376443 2.950000 0.012834 0.376293 0.926412 -0.000000 0.000000 0.000000 0.000000 1.000000
0.999840 -0.016403 -0.007191 0.000000 0.012479 0.926032 -0.377239 2.950000 0.012846 0.377089 0.926088 -0.000000 0.000000 0.000000 0.000000 1.000000
0.999838 -0.016507 -0.007151 -0.000000 0.012576 0.925605 -0.378281 2.950000 0.012863 0.378130 0.925663 0.000000 0.000000 0.000000 0.000000 1.000000
0.999836 -0.016644 -0.007100 0.000000 0.012699 0.924927 -0.379932 2.950000 0.012891 0.379780 0.924987 0.000000 0.000000 0.000000 0.000000 1.000000
0.999834 -0.016817 -0.007035 0.000000 0.012852 0.923979 -0.382227 2.950000 0.012928 0.382074 0.924041 0.000000 0.000000 0.000000 0.000000 1.000000
0.999831 -0.017011 -0.006962 0.000000 0.013021 0.922863 -0.384909 2.950000 0.012972 0.384754 0.922928 0.000000 0.000000 0.000000 0.000000 1.000000
0.999828 -0.017220 -0.006882 0.000000 0.013203 0.921606 -0.387901 2.950000 0.013022 0.387744 0.921675 0.000000 0.000000 0.000000 0.000000 1.000000
0.999825 -0.017442 -0.006796 0.000000 0.013395 0.920238 -0.391130 2.950000 0.013077 0.390970 0.920310 0.000000 0.000000 0.000000 0.000000 1.000000
0.999821 -0.017672 -0.006707 -0.000000 0.013594 0.918786 -0.394522 2.950000 0.013134 0.394360 0.918862 -0.000000 0.000000 0.000000 0.000000 1.000000
0.999818 -0.017906 -0.006615 -0.000000 0.013795 0.917281 -0.398002 2.950000 0.013194 0.397838 0.917361 0.000000 0.000000 0.000000 0.000000 1.000000
0.999814 -0.018138 -0.006522 0.000000 0.013994 0.915753 -0.401499 2.950000 0.013255 0.401333 0.915836 0.000000 0.000000 0.000000 0.000000 1.000000
0.999811 -0.018366 -0.006430 0.000000 0.014190 0.914234 -0.404938 2.950000 0.013315 0.404770 0.914322 0.000000 0.000000 0.000000 0.000000 1.000000
0.999807 -0.018586 -0.006340 0.000000 0.014379 0.912758 -0.408248 2.950000 0.013374 0.408078 0.912849 0.000000 0.000000 0.000000 0.000000 1.000000
0.999804 -0.018795 -0.006252 0.000000 0.014561 0.911358 -0.411357 2.950000 0.013429 0.411185 0.911453 0.000000 0.000000 0.000000 0.000000 1.000000
0.999801 -0.018978 -0.006176 0.000000 0.014716 0.910070 -0.414194 2.950000 0.013481 0.414021 0.910168 0.000000 0.000000 0.000000 0.000000 1.000000
0.999798 -0.019129 -0.006112 0.000000 0.014843 0.908928 -0.416688 2.950000 0.013526 0.416513 0.909029 0.000000 0.000000 0.000000 0.000000 1.000000
0.999796 -0.019259 -0.006057 0.000000 0.014952 0.907942 -0.418830 2.950000 0.013566 0.418654 0.908045 -0.000000 0.000000 0.000000 0.000000 1.000000
0.999794 -0.019385 -0.006003 0.000000 0.015058 0.906970 -0.420926 2.950000 0.013604 0.420749 0.907075 0.000000 0.000000 0.000000 0.000000 1.000000
0.999792 -0.019507 -0.005951 -0.000000 0.015160 0.906009 -0.422986 2.950000 0.013643 0.422808 0.906117 0.000000 0.000000 0.000000 0.000000 1.000000
0.999790 -0.019622 -0.005901 0.000000 0.015255 0.905083 -0.424962 2.950000 0.013679 0.424783 0.905192 0.000000 0.000000 0.000000 0.000000 1.000000
0.999788 -0.019728 -0.005855 0.000000 0.015343 0.904215 -0.426802 2.950000 0.013714 0.426621 0.904326 -0.000000 0.000000 0.000000 0.000000 1.000000
0.999787 -0.019822 -0.005813 -0.000000 0.015421 0.903431 -0.428456 2.950000 0.013744 0.428275 0.903544 0.000000 0.000000 0.000000 0.000000 1.000000
0.999785 -0.019903 -0.005778 -0.000000 0.015487 0.902755 -0.429875 2.950000 0.013772 0.429693 0.902870 0.000000 0.000000 0.000000 0.000000 1.000000
0.999784 -0.019967 -0.005749 0.000000 0.015540 0.902214 -0.431010 2.950000 0.013793 0.430827 0.902329 0.000000 0.000000 0.000000 0.000000 1.000000
0.999783 -0.020012 -0.005729 -0.000000 0.015577 0.901830 -0.431810 2.950000 0.013808 0.431627 0.901947 0.000000 0.000000 0.000000 0.000000 1.000000
0.999783 -0.020037 -0.005718 0.000000 0.015597 0.901631 -0.432225 2.950000 0.013816 0.432042 0.901748 0.000000 0.000000 0.000000 0.000000 1.000000
0.999783 -0.020037 -0.005718 0.000000 0.015598 0.901640 -0.432206 2.950000 0.013816 0.432023 0.901757 0.000000 0.000000 0.000000 0.000000 1.000000
0.999783 -0.020011 -0.005730 0.000000 0.015577 0.901881 -0.431703 2.950000 0.013806 0.431520 0.901998 0.000000 0.000000 0.000000 0.000000 1.000000
0.999784 -0.019956 -0.005754 0.000000 0.015533 0.902380 -0.430661 2.950000 0.013787 0.430479 0.902496 -0.000000 0.000000 0.000000 0.000000 1.000000
0.999786 -0.019871 -0.005792 0.000000 0.015464 0.903145 -0.429057 2.950000 0.013756 0.428876 0.903259 0.000000 0.000000 0.000000 0.000000 1.000000
0.999788 -0.019758 -0.005840 -0.000000 0.015374 0.904142 -0.426956 2.950000 0.013716 0.426775 0.904254 0.000000 0.000000 0.000000 0.000000 1.000000
0.999790 -0.019624 -0.005899 0.000000 0.015265 0.905333 -0.424427 2.950000 0.013670 0.424248 0.905443 -0.000000 0.000000 0.000000 0.000000 1.000000
0.999793 -0.019468 -0.005965 0.000000 0.015140 0.906681 -0.421545 2.950000 0.013615 0.421367 0.906788 0.000000 0.000000 0.000000 0.000000 1.000000
0.999796 -0.019298 -0.006038 0.000000 0.015002 0.908148 -0.418380 2.950000 0.013558 0.418204 0.908252 0.000000 0.000000 0.000000 0.000000 1.000000
0.999799 -0.019116 -0.006115 0.000000 0.014855 0.909697 -0.415006 2.950000 0.013496 0.414831 0.909798 0.000000 0.000000 0.000000 0.000000 1.000000
0.999802 -0.018906 -0.006202 0.000000 0.014680 0.911294 -0.411496 2.950000 0.013432 0.411323 0.911391 0.000000 0.000000 0.000000 0.000000 1.000000
0.999805 -0.018692 -0.006291 -0.000000 0.014501 0.912901 -0.407922 2.950000 0.013368 0.407752 0.912995 0.000000 0.000000 0.000000 0.000000 1.000000
0.999809 -0.018477 -0.006379 0.000000 0.014320 0.914488 -0.404360 2.950000 0.013304 0.404191 0.914578 -0.000000 0.000000 0.000000 0.000000 1.000000
0.999812 -0.018266 -0.006465 0.000000 0.014143 0.916021 -0.400882 2.950000 0.013244 0.400715 0.916107 0.000000 0.000000 0.000000 0.000000 1.000000
0.999815 -0.018061 -0.006547 -0.000000 0.013970 0.917467 -0.397566 2.950000 0.013187 0.397401 0.917550 0.000000 0.000000 0.000000 0.000000 1.000000
0.999818 -0.017866 -0.006624 0.000000 0.013805 0.918799 -0.394484 2.950000 0.013134 0.394321 0.918879 0.000000 0.000000 0.000000 0.000000 1.000000
0.999821 -0.017686 -0.006694 0.000000 0.013651 0.919985 -0.391715 2.950000 0.013086 0.391553 0.920062 0.000000 0.000000 0.000000 0.000000 1.000000
0.999824 -0.017524 -0.006758 0.000000 0.013511 0.921012 -0.389300 2.950000 0.013046 0.389140 0.921086 0.000000 0.000000 0.000000 0.000000 1.000000
0.999826 -0.017369 -0.006817 -0.000000 0.013377 0.921944 -0.387092 2.950000 0.013009 0.386934 0.922016 0.000000 0.000000 0.000000 0.000000 1.000000
0.999828 -0.017218 -0.006876 0.000000 0.013244 0.922797 -0.385060 2.950000 0.012975 0.384902 0.922866 0.000000 0.000000 0.000000 0.000000 1.000000
0.999830 -0.017075 -0.006931 0.000000 0.013116 0.923572 -0.383201 2.950000 0.012944 0.383045 0.923639 0.000000 0.000000 0.000000 0.000000 1.000000
0.999832 -0.016939 -0.006983 -0.000000 0.012994 0.924272 -0.381512 2.950000 0.012917 0.381358 0.924337 0.000000 0.000000 0.000000 0.000000 1.000000
0.999834 -0.016809 -0.007033 0.000000 0.012876 0.924900 -0.379993 2.950000 0.012892 0.379839 0.924963 0.000000 0.000000 0.000000 0.000000 1.000000
0.999836 -0.016686 -0.007079 0.000000 0.012764 0.925456 -0.378639 2.950000 0.012870 0.378486 0.925517 0.000000 0.000000 0.000000 0.000000 1.000000
0.999837 -0.016571 -0.007122 0.000000 0.012658 0.925944 -0.377448 2.950000 0.012849 0.377297 0.926003 0.000000 0.000000 0.000000 0.000000 1.000000
0.999839 -0.016465 -0.007163 -0.000000 0.012559 0.926364 -0.376420 2.950000 0.012834 0.376269 0.926421 0.000000 0.000000 0.000000 0.000000 1.000000
0.999840 -0.016368 -0.007200 0.000000 0.012466 0.926719 -0.375549 2.950000 0.012819 0.375400 0.926774 -0.000000 0.000000 0.000000 0.000000 1.000000
0.999841 -0.016296 -0.007227 -0.000000 0.012395 0.926864 -0.375192 2.950000 0.012813 0.375043 0.926919 -0.000000 0.000000 0.000000 0.000000 1.000000
0.999841 -0.016305 -0.007225 0.000000 0.012401 0.926798 -0.375356 2.950000 0.012816 0.375207 0.926852 0.000000 0.000000 0.000000 0.000000 1.000000
0.999844 -0.016165 -0.007129 0.000000 0.012305 0.926731 -0.375523 2.950000 0.012677 0.375377 0.926786 -0.000000 0.000000 0.000000 0.000000 1.000000</float_array>
        <technique_common>
          <accessor source="#mixamorig_LeftHandRing3-Matrix-animation-output-transform-array" count="56" stride="16">
            <param type="float4x4"/>
          </accessor>
        </technique_common>
      </source>
      <source id="mixamorig_LeftHandRing3-Interpolations">
        <Name_array id="mixamorig_LeftHandRing3-Interpolations-array" count="56">
 LINEAR LINEAR LINEAR LINEAR LINEAR LINEAR LINEAR LINEAR LINEAR LINEAR LINEAR
LINEAR LINEAR LINEAR LINEAR LINEAR LINEAR LINEAR LINEAR LINEAR LINEAR LINEAR LINEAR
LINEAR LINEAR LINEAR LINEAR LINEAR LINEAR LINEAR LINEAR LINEAR LINEAR LINEAR LINEAR
LINEAR LINEAR LINEAR LINEAR LINEAR LINEAR LINEAR LINEAR LINEAR LINEAR LINEAR LINEAR
LINEAR LINEAR LINEAR LINEAR LINEAR LINEAR LINEAR LINEAR LINEAR</Name_array>
        <technique_common>
          <accessor source="#mixamorig_LeftHandRing3-Interpolations-array" count="56">
            <param type="name"/>
          </accessor>
        </technique_common>
      </source>
      <sampler id="mixamorig_LeftHandRing3-Matrix-animation-transform">
        <input semantic="INPUT" source="#mixamorig_LeftHandRing3-Matrix-animation-input"/>
        <input semantic="OUTPUT" source="#mixamorig_LeftHandRing3-Matrix-animation-output-transform"/>
        <input semantic="INTERPOLATION" source="#mixamorig_LeftHandRing3-Interpolations"/>
      </sampler>
      <channel source="#mixamorig_LeftHandRing3-Matrix-animation-transform" target="mixamorig_LeftHandRing3/matrix"/>
    </animation>
    <animation id="mixamorig_LeftHandPinky1-anim" name="mixamorig_LeftHandPinky1">
      <source id="mixamorig_LeftHandPinky1-Matrix-animation-input">
        <float_array id="mixamorig_LeftHandPinky1-Matrix-animation-input-array" count="56">

0.000000 0.033333 0.066667 0.100000 0.133333 0.166667 0.200000 0.233333 0.266667 0.300000 0.333333 0.366667 0.400000 0.433333 0.466667 0.500000
0.533333 0.566667 0.600000 0.633333 0.666667 0.700000 0.733333 0.766667 0.800000 0.833333 0.866667 0.900000 0.933333 0.966667 1.000000 1.033333
1.066667 1.100000 1.133333 1.166667 1.200000 1.233333 1.266667 1.300000 1.333333 1.366667 1.400000 1.433333 1.466667 1.500000 1.533333 1.566667
1.600000 1.633333 1.666667 1.700000 1.733333 1.766667 1.800000 1.833333</float_array>
        <technique_common>
          <accessor source="#mixamorig_LeftHandPinky1-Matrix-animation-input-array" count="56">
            <param name="TIME" type="float"/>
          </accessor>
        </technique_common>
      </source>
      <source id="mixamorig_LeftHandPinky1-Matrix-animation-output-transform">
        <float_array id="mixamorig_LeftHandPinky1-Matrix-animation-output-transform-array" count="896">

0.993338 0.114858 -0.009370 3.806300 -0.109838 0.919041 -0.378548 8.077800 -0.034868 0.377056 0.925534 0.486900 0.000000 0.000000 0.000000 1.000000
0.993463 0.113679 -0.010449 3.806300 -0.108813 0.915290 -0.387819 8.077800 -0.034523 0.386421 0.921676 0.486900 0.000000 0.000000 0.000000 1.000000
0.993571 0.112624 -0.011477 3.806300 -0.107933 0.911812 -0.396169 8.077800 -0.034153 0.394861 0.918106 0.486900 0.000000 0.000000 0.000000 1.000000
0.993704 0.111326 -0.012597 3.806300 -0.106819 0.907499 -0.406247 8.077800 -0.033794 0.405034 0.913677 0.486900 0.000000 0.000000 0.000000 1.000000
0.993898 0.109419 -0.013948 3.806300 -0.105108 0.901115 -0.420646 8.077800 -0.033458 0.419546 0.907117 0.486900 0.000000 0.000000 0.000000 1.000000
0.994152 0.106861 -0.015560 3.806300 -0.102793 0.892299 -0.439586 8.077800 -0.033090 0.438614 0.898066 0.486900 0.000000 0.000000 0.000000 1.000000
0.994435 0.103913 -0.017328 3.806300 -0.100163 0.881647 -0.461156 8.077800 -0.032642 0.460326 0.887150 0.486900 0.000000 0.000000 0.000000 1.000000
0.994735 0.100664 -0.019194 3.806300 -0.097317 0.869244 -0.484710 8.077800 -0.032108 0.484026 0.874465 0.486900 0.000000 0.000000 0.000000 1.000000
0.995042 0.097188 -0.021130 3.806300 -0.094353 0.855220 -0.509605 8.077800 -0.031457 0.509072 0.860149 0.486900 0.000000 0.000000 0.000000 1.000000
0.995346 0.093558 -0.023107 3.806300 -0.091359 0.839759 -0.535218 8.077800 -0.030669 0.534838 0.844398 0.486900 0.000000 0.000000 0.000000 1.000000
0.995639 0.089854 -0.025081 3.806300 -0.088415 0.823111 -0.560956 8.077800 -0.029760 0.560727 0.827465 0.486900 0.000000 0.000000 0.000000 1.000000
0.995915 0.086156 -0.027016 3.806300 -0.085594 0.805589 -0.586260 8.077800 -0.028746 0.586177 0.809673 0.486900 0.000000 0.000000 0.000000 1.000000
0.996169 0.082537 -0.028880 3.806300 -0.082956 0.787572 -0.610613 8.077800 -0.027653 0.610670 0.791402 0.486900 0.000000 0.000000 0.000000 1.000000
0.996398 0.079072 -0.030644 3.806300 -0.080551 0.769504 -0.633542 8.077800 -0.026514 0.633728 0.773101 0.486900 0.000000 0.000000 0.000000 1.000000
0.996598 0.075832 -0.032280 3.806300 -0.078414 0.751877 -0.654623 8.077800 -0.025371 0.654928 0.755266 0.486900 0.000000 0.000000 0.000000 1.000000
0.996769 0.072885 -0.033761 3.806300 -0.076572 0.735232 -0.673476 8.077800 -0.024264 0.673885 0.738438 0.486900 0.000000 0.000000 0.000000 1.000000
0.996909 0.070302 -0.035064 3.806300 -0.075045 0.720139 -0.689759 8.077800 -0.023240 0.690259 0.723189 0.486900 0.000000 0.000000 0.000000 1.000000
0.997023 0.068084 -0.036192 3.806300 -0.073805 0.706811 -0.703542 8.077800 -0.022319 0.704119 0.709731 0.486900 0.000000 0.000000 0.000000 1.000000
0.997127 0.065923 -0.037296 3.806300 -0.072659 0.693481 -0.716802 8.077800 -0.021390 0.717452 0.696279 0.486900 0.000000 0.000000 0.000000 1.000000
0.997224 0.063807 -0.038377 3.806300 -0.071595 0.680118 -0.729599 8.077800 -0.020453 0.730321 0.682798 0.486900 0.000000 0.000000 0.000000 1.000000
0.997311 0.061788 -0.039407 3.806300 -0.070632 0.667072 -0.741637 8.077800 -0.019537 0.742426 0.669643 0.486900 0.000000 0.000000 0.000000 1.000000
0.997387 0.059914 -0.040359 3.806300 -0.069785 0.654718 -0.752645 8.077800 -0.018670 0.753495 0.657189 0.486900 0.000000 0.000000 0.000000 1.000000
0.997452 0.058236 -0.041209 3.806300 -0.069064 0.643447 -0.762368 8.077800 -0.017882 0.763272 0.645830 0.486900 0.000000 0.000000 0.000000 1.000000
0.997505 0.056801 -0.041930 3.806300 -0.068474 0.633662 -0.770574 8.077800 -0.017200 0.771522 0.635970 0.486900 0.000000 0.000000 0.000000 1.000000
0.997545 0.055658 -0.042497 3.806300 -0.068018 0.625770 -0.777036 8.077800 -0.016655 0.778019 0.628020 0.486900 0.000000 0.000000 0.000000 1.000000
0.997573 0.054855 -0.042885 3.806300 -0.067700 0.620181 -0.781532 8.077800 -0.016275 0.782539 0.622389 0.486900 0.000000 0.000000 0.000000 1.000000
0.997585 0.054487 -0.043076 3.806300 -0.067561 0.617286 -0.783832 8.077800 -0.016118 0.784850 0.619477 0.486900 0.000000 0.000000 0.000000 1.000000
0.997585 0.054504 -0.043041 3.806300 -0.067549 0.617478 -0.783682 8.077800 -0.016137 0.784697 0.619669 0.486900 0.000000 0.000000 0.000000 1.000000
0.997573 0.054981 -0.042733 3.806300 -0.067679 0.621107 -0.780798 8.077800 -0.016387 0.781795 0.623320 0.486900 0.000000 0.000000 0.000000 1.000000
0.997541 0.056016 -0.042119 3.806300 -0.068009 0.628501 -0.774830 8.077800 -0.016931 0.775789 0.630765 0.486900 0.000000 0.000000 0.000000 1.000000
0.997487 0.057634 -0.041218 3.806300 -0.068596 0.639718 -0.765543 8.077800 -0.017753 0.766446 0.642064 0.486900 0.000000 0.000000 0.000000 1.000000
0.997409 0.059759 -0.040040 3.806300 -0.069429 0.654169 -0.753155 8.077800 -0.018815 0.753984 0.656624 0.486900 0.000000 0.000000 0.000000 1.000000
0.997308 0.062327 -0.038620 3.806300 -0.070522 0.671192 -0.737921 8.077800 -0.020071 0.738659 0.673781 0.486900 0.000000 0.000000 0.000000 1.000000
0.997182 0.065269 -0.036992 3.806300 -0.071885 0.690121 -0.720115 8.077800 -0.021472 0.720744 0.692868 0.486900 0.000000 0.000000 0.000000 1.000000
0.997029 0.068517 -0.035191 3.806300 -0.073522 0.710310 -0.700039 8.077800 -0.022968 0.700546 0.713237 0.486900 0.000000 0.000000 0.000000 1.000000
0.996850 0.072001 -0.033254 3.806300 -0.075429 0.731141 -0.678044 8.077800 -0.024506 0.678417 0.734269 0.486900 0.000000 0.000000 0.000000 1.000000
0.996646 0.075648 -0.031218 3.806300 -0.077584 0.752038 -0.654537 8.077800 -0.026037 0.654764 0.755385 0.486900 0.000000 0.000000 0.000000 1.000000
0.996419 0.079382 -0.029122 3.806300 -0.079954 0.772484 -0.629980 8.077800 -0.027512 0.630053 0.776065 0.486900 0.000000 0.000000 0.000000 1.000000
0.996173 0.083127 -0.027010 3.806300 -0.082492 0.792022 -0.604893 8.077800 -0.028890 0.604806 0.795849 0.486900 0.000000 0.000000 0.000000 1.000000
0.995914 0.086801 -0.024925 3.806300 -0.085132 0.810266 -0.579845 8.077800 -0.030136 0.579598 0.814345 0.486900 0.000000 0.000000 0.000000 1.000000
0.995649 0.090327 -0.022915 3.806300 -0.087801 0.826898 -0.555455 8.077800 -0.031224 0.555050 0.831231 0.486900 0.000000 0.000000 0.000000 1.000000
0.995386 0.093619 -0.021031 3.806300 -0.090410 0.841668 -0.532372 8.077800 -0.032139 0.531817 0.846249 0.486900 0.000000 0.000000 0.000000 1.000000
0.995136 0.096595 -0.019325 3.806300 -0.092861 0.854385 -0.511275 8.077800 -0.032876 0.510583 0.859200 0.486900 0.000000 0.000000 0.000000 1.000000
0.994907 0.099208 -0.017832 3.806300 -0.095088 0.865046 -0.492599 8.077800 -0.033444 0.491785 0.870074 0.486900 0.000000 0.000000 0.000000 1.000000
0.994688 0.101610 -0.016491 3.806300 -0.097208 0.874455 -0.475267 8.077800 -0.033871 0.474346 0.879687 0.486900 0.000000 0.000000 0.000000 1.000000
0.994476 0.103843 -0.015267 3.806300 -0.099233 0.882828 -0.459094 8.077800 -0.034196 0.458073 0.888256 0.486900 0.000000 0.000000 0.000000 1.000000
0.994275 0.105914 -0.014137 3.806300 -0.101147 0.890243 -0.444113 8.077800 -0.034453 0.443000 0.895859 0.486900 0.000000 0.000000 0.000000 1.000000
0.994085 0.107812 -0.013113 3.806300 -0.102936 0.896777 -0.430343 8.077800 -0.034636 0.429148 0.902570 0.486900 0.000000 0.000000 0.000000 1.000000
0.993909 0.109528 -0.012208 3.806300 -0.104586 0.902497 -0.417806 8.077800 -0.034744 0.416537 0.908454 0.486900 0.000000 0.000000 0.000000 1.000000
0.993747 0.111069 -0.011396 3.806300 -0.106087 0.907464 -0.406515 8.077800 -0.034810 0.405182 0.913573 0.486900 0.000000 0.000000 0.000000 1.000000
0.993602 0.112434 -0.010679 3.806300 -0.107432 0.911735 -0.396482 8.077800 -0.034842 0.395093 0.917980 0.486900 0.000000 0.000000 0.000000 1.000000
0.993473 0.113623 -0.010046 3.806300 -0.108610 0.915359 -0.387713 8.077800 -0.034857 0.386274 0.921725 0.486900 0.000000 0.000000 0.000000 1.000000
0.993361 0.114653 -0.009449 3.806300 -0.109615 0.918379 -0.380217 8.077800 -0.034915 0.378729 0.924849 0.486900 0.000000 0.000000 0.000000 1.000000
0.993309 0.115122 -0.009155 3.806300 -0.110065 0.919707 -0.376861 8.077800 -0.034965 0.375347 0.926225 0.486900 0.000000 0.000000 0.000000 1.000000
0.993322 0.115003 -0.009229 3.806300 -0.109950 0.919373 -0.377709 8.077800 -0.034953 0.376202 0.925878 0.486900 0.000000 0.000000 0.000000 1.000000
0.993338 0.114858 -0.009370 3.806300 -0.109838 0.919041 -0.378549 8.077800 -0.034868 0.377056 0.925534 0.486900 0.000000 0.000000 0.000000 1.000000</float_array>
        <technique_common>
          <accessor source="#mixamorig_LeftHandPinky1-Matrix-animation-output-transform-array" count="56" stride="16">
            <param type="float4x4"/>
          </accessor>
        </technique_common>
      </source>
      <source id="mixamorig_LeftHandPinky1-Interpolations">
        <Name_array id="mixamorig_LeftHandPinky1-Interpolations-array" count="56">
 LINEAR LINEAR LINEAR LINEAR LINEAR LINEAR LINEAR LINEAR LINEAR LINEAR LINEAR
LINEAR LINEAR LINEAR LINEAR LINEAR LINEAR LINEAR LINEAR LINEAR LINEAR LINEAR LINEAR
LINEAR LINEAR LINEAR LINEAR LINEAR LINEAR LINEAR LINEAR LINEAR LINEAR LINEAR LINEAR
LINEAR LINEAR LINEAR LINEAR LINEAR LINEAR LINEAR LINEAR LINEAR LINEAR LINEAR LINEAR
LINEAR LINEAR LINEAR LINEAR LINEAR LINEAR LINEAR LINEAR LINEAR</Name_array>
        <technique_common>
          <accessor source="#mixamorig_LeftHandPinky1-Interpolations-array" count="56">
            <param type="name"/>
          </accessor>
        </technique_common>
      </source>
      <sampler id="mixamorig_LeftHandPinky1-Matrix-animation-transform">
        <input semantic="INPUT" source="#mixamorig_LeftHandPinky1-Matrix-animation-input"/>
        <input semantic="OUTPUT" source="#mixamorig_LeftHandPinky1-Matrix-animation-output-transform"/>
        <input semantic="INTERPOLATION" source="#mixamorig_LeftHandPinky1-Interpolations"/>
      </sampler>
      <channel source="#mixamorig_LeftHandPinky1-Matrix-animation-transform" target="mixamorig_LeftHandPinky1/matrix"/>
    </animation>
    <animation id="mixamorig_LeftHandPinky2-anim" name="mixamorig_LeftHandPinky2">
      <source id="mixamorig_LeftHandPinky2-Matrix-animation-input">
        <float_array id="mixamorig_LeftHandPinky2-Matrix-animation-input-array" count="56">

0.000000 0.033333 0.066667 0.100000 0.133333 0.166667 0.200000 0.233333 0.266667 0.300000 0.333333 0.366667 0.400000 0.433333 0.466667 0.500000
0.533333 0.566667 0.600000 0.633333 0.666667 0.700000 0.733333 0.766667 0.800000 0.833333 0.866667 0.900000 0.933333 0.966667 1.000000 1.033333
1.066667 1.100000 1.133333 1.166667 1.200000 1.233333 1.266667 1.300000 1.333333 1.366667 1.400000 1.433333 1.466667 1.500000 1.533333 1.566667
1.600000 1.633333 1.666667 1.700000 1.733333 1.766667 1.800000 1.833333</float_array>
        <technique_common>
          <accessor source="#mixamorig_LeftHandPinky2-Matrix-animation-input-array" count="56">
            <param name="TIME" type="float"/>
          </accessor>
        </technique_common>
      </source>
      <source id="mixamorig_LeftHandPinky2-Matrix-animation-output-transform">
        <float_array id="mixamorig_LeftHandPinky2-Matrix-animation-output-transform-array" count="896">

0.999892 -0.007623 -0.012568 0.000000 0.003679 0.957582 -0.288136 3.600000 0.014231 0.288059 0.957507 0.000000 0.000000 0.000000 0.000000 1.000000
0.999888 -0.007906 -0.012671 -0.000000 0.003882 0.956826 -0.290636 3.600000 0.014421 0.290554 0.956750 0.000000 0.000000 0.000000 0.000000 1.000000
0.999888 -0.008031 -0.012651 0.000000 0.003972 0.956096 -0.293025 3.600000 0.014449 0.292942 0.956021 0.000000 0.000000 0.000000 0.000000 1.000000
0.999887 -0.008191 -0.012623 0.000000 0.004093 0.955292 -0.295636 3.600000 0.014480 0.295551 0.955217 0.000000 0.000000 0.000000 0.000000 1.000000
0.999886 -0.008412 -0.012578 -0.000000 0.004270 0.954306 -0.298800 3.600000 0.014517 0.298712 0.954233 0.000000 0.000000 0.000000 0.000000 1.000000
0.999884 -0.008672 -0.012524 0.000000 0.004476 0.953112 -0.302585 3.600000 0.014561 0.302494 0.953040 0.000000 0.000000 0.000000 0.000000 1.000000
0.999882 -0.008959 -0.012464 0.000000 0.004704 0.951768 -0.306783 3.600000 0.014612 0.306688 0.951698 0.000000 0.000000 0.000000 0.000000 1.000000
0.999880 -0.009270 -0.012397 0.000000 0.004951 0.950297 -0.311305 3.600000 0.014667 0.311206 0.950229 0.000000 0.000000 0.000000 0.000000 1.000000
0.999878 -0.009599 -0.012335 0.000000 0.005209 0.948725 -0.316060 3.600000 0.014736 0.315957 0.948659 0.000000 0.000000 0.000000 0.000000 1.000000
0.999875 -0.009943 -0.012277 0.000000 0.005477 0.947076 -0.320964 3.600000 0.014819 0.320857 0.947012 0.000000 0.000000 0.000000 0.000000 1.000000
0.999872 -0.010290 -0.012218 0.000000 0.005747 0.945377 -0.325928 3.600000 0.014904 0.325817 0.945316 0.000000 0.000000 0.000000 0.000000 1.000000
0.999870 -0.010636 -0.012156 0.000000 0.006016 0.943658 -0.330867 3.600000 0.014991 0.330751 0.943599 0.000000 0.000000 0.000000 0.000000 1.000000
0.999867 -0.010974 -0.012094 0.000000 0.006278 0.941951 -0.335692 3.600000 0.015076 0.335572 0.941894 0.000000 0.000000 0.000000 0.000000 1.000000
0.999864 -0.011298 -0.012033 -0.000000 0.006529 0.940286 -0.340322 3.600000 0.015159 0.340197 0.940232 0.000000 0.000000 0.000000 0.000000 1.000000
0.999861 -0.011602 -0.011973 0.000000 0.006765 0.938700 -0.344670 3.600000 0.015238 0.344541 0.938648 0.000000 0.000000 0.000000 0.000000 1.000000
0.999858 -0.011879 -0.011916 -0.000000 0.006980 0.937227 -0.348651 3.600000 0.015310 0.348519 0.937177 0.000000 0.000000 0.000000 0.000000 1.000000
0.999856 -0.012127 -0.011863 -0.000000 0.007173 0.935903 -0.352184 3.600000 0.015373 0.352048 0.935856 0.000000 0.000000 0.000000 0.000000 1.000000
0.999854 -0.012341 -0.011816 0.000000 0.007339 0.934737 -0.355265 3.600000 0.015429 0.355127 0.934691 0.000000 0.000000 0.000000 0.000000 1.000000
0.999852 -0.012554 -0.011769 0.000000 0.007504 0.933576 -0.358301 3.600000 0.015485 0.358160 0.933532 -0.000000 0.000000 0.000000 0.000000 1.000000
0.999850 -0.012757 -0.011724 0.000000 0.007660 0.932420 -0.361295 3.600000 0.015541 0.361151 0.932378 0.000000 0.000000 0.000000 0.000000 1.000000
0.999848 -0.012941 -0.011686 0.000000 0.007797 0.931300 -0.364169 3.600000 0.015596 0.364023 0.931260 -0.000000 0.000000 0.000000 0.000000 1.000000
0.999846 -0.013109 -0.011651 0.000000 0.007921 0.930248 -0.366846 3.600000 0.015647 0.366697 0.930209 -0.000000 0.000000 0.000000 0.000000 1.000000
0.999845 -0.013260 -0.011620 0.000000 0.008033 0.929296 -0.369249 3.600000 0.015695 0.369098 0.929258 -0.000000 0.000000 0.000000 0.000000 1.000000
0.999843 -0.013390 -0.011596 -0.000000 0.008128 0.928477 -0.371300 3.600000 0.015738 0.371147 0.928441 0.000000 0.000000 0.000000 0.000000 1.000000
0.999842 -0.013496 -0.011577 0.000000 0.008205 0.927826 -0.372923 3.600000 0.015775 0.372769 0.927790 -0.000000 0.000000 0.000000 0.000000 1.000000
0.999841 -0.013571 -0.011567 0.000000 0.008261 0.927375 -0.374042 3.600000 0.015803 0.373887 0.927340 0.000000 0.000000 0.000000 0.000000 1.000000
0.999840 -0.013614 -0.011565 0.000000 0.008291 0.927158 -0.374578 3.600000 0.015822 0.374423 0.927123 0.000000 0.000000 0.000000 0.000000 1.000000
0.999840 -0.013619 -0.011574 0.000000 0.008295 0.927208 -0.374456 3.600000 0.015831 0.374300 0.927173 0.000000 0.000000 0.000000 0.000000 1.000000
0.999841 -0.013583 -0.011593 -0.000000 0.008269 0.927554 -0.373597 3.600000 0.015828 0.373441 0.927519 -0.000000 0.000000 0.000000 0.000000 1.000000
0.999841 -0.013501 -0.011625 0.000000 0.008210 0.928230 -0.371917 3.600000 0.015812 0.371763 0.928193 -0.000000 0.000000 0.000000 0.000000 1.000000
0.999843 -0.013372 -0.011669 0.000000 0.008117 0.929245 -0.369375 3.600000 0.015782 0.369223 0.929207 0.000000 0.000000 0.000000 0.000000 1.000000
0.999844 -0.013199 -0.011723 0.000000 0.007992 0.930553 -0.366070 3.600000 0.015741 0.365919 0.930514 0.000000 0.000000 0.000000 0.000000 1.000000
0.999846 -0.012990 -0.011785 -0.000000 0.007842 0.932102 -0.362111 3.600000 0.015689 0.361963 0.932060 0.000000 0.000000 0.000000 0.000000 1.000000
0.999848 -0.012750 -0.011855 0.000000 0.007669 0.933839 -0.357611 3.600000 0.015630 0.357466 0.933795 0.000000 0.000000 0.000000 0.000000 1.000000
0.999851 -0.012485 -0.011927 0.000000 0.007478 0.935714 -0.352681 3.600000 0.015563 0.352539 0.935668 -0.000000 0.000000 0.000000 0.000000 1.000000
0.999854 -0.012196 -0.012005 -0.000000 0.007266 0.937676 -0.347435 3.600000 0.015494 0.347297 0.937627 0.000000 0.000000 0.000000 0.000000 1.000000
0.999856 -0.011881 -0.012087 0.000000 0.007032 0.939679 -0.341985 3.600000 0.015421 0.341851 0.939628 0.000000 0.000000 0.000000 0.000000 1.000000
0.999859 -0.011559 -0.012166 0.000000 0.006793 0.941678 -0.336446 3.600000 0.015346 0.336316 0.941624 0.000000 0.000000 0.000000 0.000000 1.000000
0.999862 -0.011236 -0.012244 0.000000 0.006552 0.943632 -0.330933 3.600000 0.015272 0.330807 0.943575 0.000000 0.000000 0.000000 0.000000 1.000000
0.999865 -0.010919 -0.012317 -0.000000 0.006315 0.945499 -0.325564 3.600000 0.015200 0.325442 0.945440 0.000000 0.000000 0.000000 0.000000 1.000000
0.999867 -0.010612 -0.012383 0.000000 0.006085 0.947244 -0.320454 3.600000 0.015130 0.320336 0.947183 -0.000000 0.000000 0.000000 0.000000 1.000000
0.999869 -0.010317 -0.012446 0.000000 0.005861 0.948833 -0.315724 3.600000 0.015066 0.315610 0.948769 0.000000 0.000000 0.000000 0.000000 1.000000
0.999871 -0.010043 -0.012500 0.000000 0.005650 0.950233 -0.311490 3.600000 0.015006 0.311379 0.950167 0.000000 0.000000 0.000000 0.000000 1.000000
0.999873 -0.009795 -0.012547 0.000000 0.005457 0.951426 -0.307828 3.600000 0.014952 0.307721 0.951359 0.000000 0.000000 0.000000 0.000000 1.000000
0.999875 -0.009560 -0.012589 0.000000 0.005272 0.952481 -0.304554 3.600000 0.014902 0.304449 0.952412 0.000000 0.000000 0.000000 0.000000 1.000000
0.999877 -0.009329 -0.012629 0.000000 0.005087 0.953419 -0.301606 3.600000 0.014854 0.301505 0.953349 0.000000 0.000000 0.000000 0.000000 1.000000
0.999878 -0.009109 -0.012654 0.000000 0.004909 0.954251 -0.298966 3.600000 0.014798 0.298868 0.954180 0.000000 0.000000 0.000000 0.000000 1.000000
0.999880 -0.008891 -0.012664 0.000000 0.004735 0.954986 -0.296613 3.600000 0.014731 0.296518 0.954914 0.000000 0.000000 0.000000 0.000000 1.000000
0.999882 -0.008682 -0.012669 0.000000 0.004566 0.955633 -0.294525 3.600000 0.014664 0.294432 0.955560 0.000000 0.000000 0.000000 0.000000 1.000000
0.999884 -0.008483 -0.012671 0.000000 0.004403 0.956200 -0.292680 3.600000 0.014598 0.292590 0.956127 0.000000 0.000000 0.000000 0.000000 1.000000
0.999885 -0.008292 -0.012668 0.000000 0.004247 0.956696 -0.291057 3.600000 0.014533 0.290970 0.956622 0.000000 0.000000 0.000000 0.000000 1.000000
0.999887 -0.008111 -0.012659 0.000000 0.004097 0.957129 -0.289634 3.600000 0.014466 0.289550 0.957054 0.000000 0.000000 0.000000 0.000000 1.000000
0.999888 -0.007938 -0.012648 0.000000 0.003953 0.957505 -0.288390 3.600000 0.014400 0.288308 0.957430 0.000000 0.000000 0.000000 0.000000 1.000000
0.999890 -0.007805 -0.012630 -0.000000 0.003840 0.957675 -0.287826 3.600000 0.014342 0.287746 0.957599 0.000000 0.000000 0.000000 0.000000 1.000000
0.999890 -0.007729 -0.012654 0.000000 0.003757 0.957629 -0.287981 3.600000 0.014344 0.287902 0.957552 0.000000 0.000000 0.000000 0.000000 1.000000
0.999892 -0.007623 -0.012568 0.000000 0.003679 0.957582 -0.288136 3.600000 0.014231 0.288059 0.957507 -0.000000 0.000000 0.000000 0.000000 1.000000</float_array>
        <technique_common>
          <accessor source="#mixamorig_LeftHandPinky2-Matrix-animation-output-transform-array" count="56" stride="16">
            <param type="float4x4"/>
          </accessor>
        </technique_common>
      </source>
      <source id="mixamorig_LeftHandPinky2-Interpolations">
        <Name_array id="mixamorig_LeftHandPinky2-Interpolations-array" count="56">
 LINEAR LINEAR LINEAR LINEAR LINEAR LINEAR LINEAR LINEAR LINEAR LINEAR LINEAR
LINEAR LINEAR LINEAR LINEAR LINEAR LINEAR LINEAR LINEAR LINEAR LINEAR LINEAR LINEAR
LINEAR LINEAR LINEAR LINEAR LINEAR LINEAR LINEAR LINEAR LINEAR LINEAR LINEAR LINEAR
LINEAR LINEAR LINEAR LINEAR LINEAR LINEAR LINEAR LINEAR LINEAR LINEAR LINEAR LINEAR
LINEAR LINEAR LINEAR LINEAR LINEAR LINEAR LINEAR LINEAR LINEAR</Name_array>
        <technique_common>
          <accessor source="#mixamorig_LeftHandPinky2-Interpolations-array" count="56">
            <param type="name"/>
          </accessor>
        </technique_common>
      </source>
      <sampler id="mixamorig_LeftHandPinky2-Matrix-animation-transform">
        <input semantic="INPUT" source="#mixamorig_LeftHandPinky2-Matrix-animation-input"/>
        <input semantic="OUTPUT" source="#mixamorig_LeftHandPinky2-Matrix-animation-output-transform"/>
        <input semantic="INTERPOLATION" source="#mixamorig_LeftHandPinky2-Interpolations"/>
      </sampler>
      <channel source="#mixamorig_LeftHandPinky2-Matrix-animation-transform" target="mixamorig_LeftHandPinky2/matrix"/>
    </animation>
    <animation id="mixamorig_LeftHandPinky3-anim" name="mixamorig_LeftHandPinky3">
      <source id="mixamorig_LeftHandPinky3-Matrix-animation-input">
        <float_array id="mixamorig_LeftHandPinky3-Matrix-animation-input-array" count="56">

0.000000 0.033333 0.066667 0.100000 0.133333 0.166667 0.200000 0.233333 0.266667 0.300000 0.333333 0.366667 0.400000 0.433333 0.466667 0.500000
0.533333 0.566667 0.600000 0.633333 0.666667 0.700000 0.733333 0.766667 0.800000 0.833333 0.866667 0.900000 0.933333 0.966667 1.000000 1.033333
1.066667 1.100000 1.133333 1.166667 1.200000 1.233333 1.266667 1.300000 1.333333 1.366667 1.400000 1.433333 1.466667 1.500000 1.533333 1.566667
1.600000 1.633333 1.666667 1.700000 1.733333 1.766667 1.800000 1.833333</float_array>
        <technique_common>
          <accessor source="#mixamorig_LeftHandPinky3-Matrix-animation-input-array" count="56">
            <param name="TIME" type="float"/>
          </accessor>
        </technique_common>
      </source>
      <source id="mixamorig_LeftHandPinky3-Matrix-animation-output-transform">
        <float_array id="mixamorig_LeftHandPinky3-Matrix-animation-output-transform-array" count="896">

0.999241 -0.021891 -0.032227 0.000000 -0.000331 0.822404 -0.568904 2.100000 0.038958 0.568482 0.821772 0.000000 0.000000 0.000000 0.000000 1.000000
0.999233 -0.022194 -0.032261 0.000000 -0.000203 0.820915 -0.571051 2.100000 0.039158 0.570619 0.820281 0.000000 0.000000 0.000000 0.000000 1.000000
0.999231 -0.022369 -0.032194 0.000000 -0.000119 0.819485 -0.573101 2.100000 0.039202 0.572664 0.818852 0.000000 0.000000 0.000000 0.000000 1.000000
0.999229 -0.022580 -0.032105 0.000000 -0.000003 0.817917 -0.575337 2.100000 0.039251 0.574894 0.817286 0.000000 0.000000 0.000000 0.000000 1.000000
0.999227 -0.022832 -0.032001 0.000000 0.000133 0.816005 -0.578045 2.100000 0.039311 0.577594 0.815377 0.000000 0.000000 0.000000 0.000000 1.000000
0.999223 -0.023152 -0.031910 0.000000 0.000290 0.813703 -0.581280 2.100000 0.039423 0.580819 0.813078 0.000000 0.000000 0.000000 0.000000 1.000000
0.999218 -0.023511 -0.031802 0.000000 0.000471 0.811133 -0.584862 2.100000 0.039546 0.584389 0.810509 0.000000 0.000000 0.000000 0.000000 1.000000
0.999212 -0.023895 -0.031680 0.000000 0.000665 0.808343 -0.588712 2.100000 0.039676 0.588227 0.807722 0.000000 0.000000 0.000000 0.000000 1.000000
0.999207 -0.024297 -0.031549 0.000000 0.000868 0.805382 -0.592755 2.100000 0.039811 0.592257 0.804765 0.000000 0.000000 0.000000 0.000000 1.000000
0.999201 -0.024712 -0.031411 0.000000 0.001078 0.802304 -0.596915 2.100000 0.039952 0.596404 0.801690 -0.000000 0.000000 0.000000 0.000000 1.000000
0.999195 -0.025131 -0.031269 0.000000 0.001289 0.799160 -0.601117 2.100000 0.040096 0.600593 0.798549 0.000000 0.000000 0.000000 0.000000 1.000000
0.999189 -0.025548 -0.031125 0.000000 0.001498 0.796005 -0.605288 2.100000 0.040240 0.604750 0.795398 0.000000 0.000000 0.000000 0.000000 1.000000
0.999183 -0.025954 -0.030982 -0.000000 0.001701 0.792895 -0.609356 2.100000 0.040381 0.608805 0.792291 0.000000 0.000000 0.000000 0.000000 1.000000
0.999177 -0.026343 -0.030844 0.000000 0.001894 0.789886 -0.613250 2.100000 0.040518 0.612687 0.789286 -0.000000 0.000000 0.000000 0.000000 1.000000
0.999171 -0.026710 -0.030712 0.000000 0.002077 0.787039 -0.616900 2.100000 0.040649 0.616325 0.786442 0.000000 0.000000 0.000000 0.000000 1.000000
0.999166 -0.027044 -0.030593 0.000000 0.002240 0.784412 -0.620237 2.100000 0.040771 0.619651 0.783818 -0.000000 0.000000 0.000000 0.000000 1.000000
0.999161 -0.027341 -0.030488 0.000000 0.002385 0.782066 -0.623192 2.100000 0.040882 0.622596 0.781475 0.000000 0.000000 0.000000 0.000000 1.000000
0.999157 -0.027596 -0.030386 0.000000 0.002513 0.780007 -0.625765 2.100000 0.040970 0.625162 0.779419 0.000000 0.000000 0.000000 0.000000 1.000000
0.999153 -0.027840 -0.030288 0.000000 0.002631 0.777969 -0.628298 2.100000 0.041055 0.627686 0.777383 -0.000000 0.000000 0.000000 0.000000 1.000000
0.999150 -0.028074 -0.030192 0.000000 0.002742 0.775947 -0.630792 2.100000 0.041136 0.630173 0.775365 0.000000 0.000000 0.000000 0.000000 1.000000
0.999146 -0.028297 -0.030098 -0.000000 0.002847 0.773997 -0.633183 2.100000 0.041213 0.632556 0.773417 -0.000000 0.000000 0.000000 0.000000 1.000000
0.999143 -0.028505 -0.030009 0.000000 0.002946 0.772172 -0.635407 2.100000 0.041284 0.634774 0.771594 -0.000000 0.000000 0.000000 0.000000 1.000000
0.999140 -0.028693 -0.029928 -0.000000 0.003035 0.770527 -0.637400 2.100000 0.041349 0.636761 0.769952 0.000000 0.000000 0.000000 0.000000 1.000000
0.999138 -0.028853 -0.029859 0.000000 0.003111 0.769117 -0.639101 2.100000 0.041405 0.638456 0.768543 0.000000 0.000000 0.000000 0.000000 1.000000
0.999135 -0.028984 -0.029805 0.000000 0.003174 0.767998 -0.640445 2.100000 0.041453 0.639796 0.767426 0.000000 0.000000 0.000000 0.000000 1.000000
0.999134 -0.029081 -0.029766 -0.000000 0.003224 0.767225 -0.641370 2.100000 0.041489 0.640719 0.766654 -0.000000 0.000000 0.000000 0.000000 1.000000
0.999132 -0.029144 -0.029750 0.000000 0.003258 0.766853 -0.641814 2.100000 0.041519 0.641161 0.766283 0.000000 0.000000 0.000000 0.000000 1.000000
0.999132 -0.029165 -0.029757 0.000000 0.003275 0.766938 -0.641713 2.100000 0.041538 0.641058 0.766367 0.000000 0.000000 0.000000 0.000000 1.000000
0.999131 -0.029138 -0.029790 0.000000 0.003272 0.767532 -0.641002 2.100000 0.041542 0.640348 0.766961 -0.000000 0.000000 0.000000 0.000000 1.000000
0.999132 -0.029058 -0.029851 0.000000 0.003246 0.768691 -0.639612 2.100000 0.041532 0.638960 0.768118 -0.000000 0.000000 0.000000 0.000000 1.000000
0.999133 -0.028923 -0.029943 0.000000 0.003198 0.770439 -0.637506 2.100000 0.041508 0.636857 0.769864 0.000000 0.000000 0.000000 0.000000 1.000000
0.999135 -0.028739 -0.030062 0.000000 0.003127 0.772700 -0.634763 2.100000 0.041471 0.634120 0.772122 -0.000000 0.000000 0.000000 0.000000 1.000000
0.999137 -0.028519 -0.030205 0.000000 0.003043 0.775392 -0.631473 2.100000 0.041430 0.630836 0.774810 0.000000 0.000000 0.000000 0.000000 1.000000
0.999139 -0.028273 -0.030374 -0.000000 0.002945 0.778429 -0.627725 2.100000 0.041392 0.627095 0.777842 0.000000 0.000000 0.000000 0.000000 1.000000
0.999141 -0.027999 -0.030555 0.000000 0.002836 0.781730 -0.623611 2.100000 0.041346 0.622989 0.781137 0.000000 0.000000 0.000000 0.000000 1.000000
0.999144 -0.027695 -0.030733 0.000000 0.002718 0.785211 -0.619222 2.100000 0.041281 0.618608 0.784614 -0.000000 0.000000 0.000000 0.000000 1.000000
0.999148 -0.027369 -0.030906 0.000000 0.002594 0.788794 -0.614652 2.100000 0.041201 0.614048 0.788192 -0.000000 0.000000 0.000000 0.000000 1.000000
0.999151 -0.027033 -0.031080 0.000000 0.002465 0.792400 -0.609997 2.100000 0.041118 0.609402 0.791794 0.000000 0.000000 0.000000 0.000000 1.000000
0.999155 -0.026694 -0.031250 0.000000 0.002332 0.795955 -0.605352 2.100000 0.041033 0.604768 0.795344 0.000000 0.000000 0.000000 0.000000 1.000000
0.999159 -0.026358 -0.031413 0.000000 0.002198 0.799384 -0.600816 2.100000 0.040947 0.600242 0.798770 0.000000 0.000000 0.000000 0.000000 1.000000
0.999163 -0.026031 -0.031566 0.000000 0.002066 0.802617 -0.596492 2.100000 0.040862 0.595927 0.801998 0.000000 0.000000 0.000000 0.000000 1.000000
0.999166 -0.025718 -0.031704 0.000000 0.001936 0.805584 -0.592478 2.100000 0.040778 0.591923 0.804963 0.000000 0.000000 0.000000 0.000000 1.000000
0.999170 -0.025429 -0.031825 0.000000 0.001813 0.808219 -0.588879 2.100000 0.040697 0.588332 0.807594 0.000000 0.000000 0.000000 0.000000 1.000000
0.999173 -0.025141 -0.031945 0.000000 0.001665 0.810482 -0.585762 2.100000 0.040617 0.585224 0.809854 0.000000 0.000000 0.000000 0.000000 1.000000
0.999177 -0.024859 -0.032054 -0.000000 0.001512 0.812493 -0.582969 2.100000 0.040536 0.582440 0.811862 0.000000 0.000000 0.000000 0.000000 1.000000
0.999182 -0.024562 -0.032121 0.000000 0.001357 0.814293 -0.580452 2.100000 0.040413 0.579934 0.813661 0.000000 0.000000 0.000000 0.000000 1.000000
0.999188 -0.024260 -0.032180 0.000000 0.001188 0.815897 -0.578195 2.100000 0.040282 0.577688 0.815263 0.000000 0.000000 0.000000 0.000000 1.000000
0.999193 -0.023961 -0.032228 0.000000 0.001015 0.817322 -0.576181 2.100000 0.040147 0.575683 0.816687 -0.000000 0.000000 0.000000 0.000000 1.000000
0.999199 -0.023662 -0.032263 0.000000 0.000838 0.818580 -0.574392 2.100000 0.040001 0.573905 0.817945 0.000000 0.000000 0.000000 0.000000 1.000000
0.999205 -0.023367 -0.032290 0.000000 0.000658 0.819688 -0.572809 2.100000 0.039853 0.572333 0.819052 -0.000000 0.000000 0.000000 0.000000 1.000000
0.999211 -0.023078 -0.032308 0.000000 0.000478 0.820660 -0.571417 2.100000 0.039702 0.570951 0.820024 0.000000 0.000000 0.000000 0.000000 1.000000
0.999218 -0.022795 -0.032319 -0.000000 0.000298 0.821510 -0.570194 2.100000 0.039548 0.569739 0.820874 -0.000000 0.000000 0.000000 0.000000 1.000000
0.999224 -0.022522 -0.032324 0.000000 0.000122 0.822251 -0.569126 2.100000 0.039396 0.568680 0.821615 -0.000000 0.000000 0.000000 0.000000 1.000000
0.999230 -0.022283 -0.032307 0.000000 -0.000042 0.822586 -0.568641 2.100000 0.039246 0.568204 0.821951 -0.000000 0.000000 0.000000 0.000000 1.000000
0.999235 -0.022083 -0.032267 0.000000 -0.000189 0.822495 -0.568772 2.100000 0.039100 0.568343 0.821862 0.000000 0.000000 0.000000 0.000000 1.000000
0.999241 -0.021891 -0.032227 0.000000 -0.000331 0.822404 -0.568904 2.100000 0.038958 0.568483 0.821772 0.000000 0.000000 0.000000 0.000000 1.000000</float_array>
        <technique_common>
          <accessor source="#mixamorig_LeftHandPinky3-Matrix-animation-output-transform-array" count="56" stride="16">
            <param type="float4x4"/>
          </accessor>
        </technique_common>
      </source>
      <source id="mixamorig_LeftHandPinky3-Interpolations">
        <Name_array id="mixamorig_LeftHandPinky3-Interpolations-array" count="56">
 LINEAR LINEAR LINEAR LINEAR LINEAR LINEAR LINEAR LINEAR LINEAR LINEAR LINEAR
LINEAR LINEAR LINEAR LINEAR LINEAR LINEAR LINEAR LINEAR LINEAR LINEAR LINEAR LINEAR
LINEAR LINEAR LINEAR LINEAR LINEAR LINEAR LINEAR LINEAR LINEAR LINEAR LINEAR LINEAR
LINEAR LINEAR LINEAR LINEAR LINEAR LINEAR LINEAR LINEAR LINEAR LINEAR LINEAR LINEAR
LINEAR LINEAR LINEAR LINEAR LINEAR LINEAR LINEAR LINEAR LINEAR</Name_array>
        <technique_common>
          <accessor source="#mixamorig_LeftHandPinky3-Interpolations-array" count="56">
            <param type="name"/>
          </accessor>
        </technique_common>
      </source>
      <sampler id="mixamorig_LeftHandPinky3-Matrix-animation-transform">
        <input semantic="INPUT" source="#mixamorig_LeftHandPinky3-Matrix-animation-input"/>
        <input semantic="OUTPUT" source="#mixamorig_LeftHandPinky3-Matrix-animation-output-transform"/>
        <input semantic="INTERPOLATION" source="#mixamorig_LeftHandPinky3-Interpolations"/>
      </sampler>
      <channel source="#mixamorig_LeftHandPinky3-Matrix-animation-transform" target="mixamorig_LeftHandPinky3/matrix"/>
    </animation>
    <animation id="mixamorig_RightUpLeg-anim" name="mixamorig_RightUpLeg">
      <source id="mixamorig_RightUpLeg-Matrix-animation-input">
        <float_array id="mixamorig_RightUpLeg-Matrix-animation-input-array" count="56">

0.000000 0.033333 0.066667 0.100000 0.133333 0.166667 0.200000 0.233333 0.266667 0.300000 0.333333 0.366667 0.400000 0.433333 0.466667 0.500000
0.533333 0.566667 0.600000 0.633333 0.666667 0.700000 0.733333 0.766667 0.800000 0.833333 0.866667 0.900000 0.933333 0.966667 1.000000 1.033333
1.066667 1.100000 1.133333 1.166667 1.200000 1.233333 1.266667 1.300000 1.333333 1.366667 1.400000 1.433333 1.466667 1.500000 1.533333 1.566667
1.600000 1.633333 1.666667 1.700000 1.733333 1.766667 1.800000 1.833333</float_array>
        <technique_common>
          <accessor source="#mixamorig_RightUpLeg-Matrix-animation-input-array" count="56">
            <param name="TIME" type="float"/>
          </accessor>
        </technique_common>
      </source>
      <source id="mixamorig_RightUpLeg-Matrix-animation-output-transform">
        <float_array id="mixamorig_RightUpLeg-Matrix-animation-output-transform-array" count="896">

-0.920238 -0.390760 -0.021666 -8.207800 0.309641 -0.760824 0.570325 -6.771800 -0.239344 0.518125 0.821134 -1.512200 0.000000 0.000000 0.000000 1.000000
-0.920243 -0.390720 -0.022141 -8.207800 0.309921 -0.762153 0.568394 -6.771800 -0.238958 0.516198 0.822459 -1.512200 0.000000 0.000000 0.000000 1.000000
-0.920420 -0.390273 -0.022656 -8.207800 0.309923 -0.763791 0.566190 -6.771800 -0.238273 0.514111 0.823964 -1.512200 0.000000 0.000000 0.000000 1.000000
-0.921014 -0.388928 -0.021620 -8.207800 0.310335 -0.766181 0.562725 -6.771800 -0.235424 0.511568 0.826361 -1.512200 0.000000 0.000000 0.000000 1.000000
-0.921801 -0.387111 -0.020673 -8.207800 0.310323 -0.768811 0.559134 -6.771800 -0.232340 0.508995 0.828820 -1.512200 0.000000 0.000000 0.000000 1.000000
-0.922444 -0.385601 -0.020229 -8.207800 0.310348 -0.771554 0.555327 -6.771800 -0.229743 0.505980 0.831386 -1.512200 0.000000 0.000000 0.000000 1.000000
-0.923382 -0.383392 -0.019373 -8.207800 0.310309 -0.775172 0.550287 -6.771800 -0.225994 0.502114 0.834751 -1.512200 0.000000 0.000000 0.000000 1.000000
-0.924395 -0.380985 -0.018569 -8.207800 0.310305 -0.779429 0.544243 -6.771800 -0.221821 0.497334 0.838722 -1.512200 0.000000 0.000000 0.000000 1.000000
-0.924885 -0.379714 -0.020111 -8.207800 0.310234 -0.784119 0.537506 -6.771800 -0.219868 0.490892 0.843020 -1.512200 0.000000 0.000000 0.000000 1.000000
-0.924775 -0.379857 -0.022342 -8.207800 0.311134 -0.788658 0.530297 -6.771800 -0.219057 0.483454 0.847518 -1.512200 0.000000 0.000000 0.000000 1.000000
-0.924081 -0.381282 -0.026409 -8.207800 0.311857 -0.792160 0.524621 -6.771800 -0.220949 0.476557 0.850926 -1.512200 0.000000 0.000000 0.000000 1.000000
-0.923591 -0.382415 -0.027173 -8.207800 0.313499 -0.794143 0.520630 -6.771800 -0.220676 0.472331 0.853350 -1.512200 0.000000 0.000000 0.000000 1.000000
-0.922993 -0.383613 -0.030410 -8.207800 0.313905 -0.796266 0.517131 -6.771800 -0.222593 0.467762 0.855366 -1.512200 0.000000 0.000000 0.000000 1.000000
-0.922306 -0.385068 -0.032773 -8.207800 0.314604 -0.797365 0.515008 -6.771800 -0.224445 0.464685 0.856558 -1.512200 0.000000 0.000000 0.000000 1.000000
-0.921565 -0.386698 -0.034401 -8.207800 0.315864 -0.798365 0.512682 -6.771800 -0.225718 0.461604 0.857889 -1.512200 0.000000 0.000000 0.000000 1.000000
-0.921234 -0.387537 -0.033807 -8.207800 0.317709 -0.799687 0.509473 -6.771800 -0.224474 0.458603 0.859822 -1.512200 0.000000 0.000000 0.000000 1.000000
-0.921290 -0.387544 -0.032163 -8.207800 0.319470 -0.801425 0.505625 -6.771800 -0.221728 0.455552 0.862154 -1.512200 0.000000 0.000000 0.000000 1.000000
-0.921232 -0.387807 -0.030613 -8.207800 0.321149 -0.802572 0.502734 -6.771800 -0.219533 0.453304 0.863899 -1.512200 0.000000 0.000000 0.000000 1.000000
-0.920772 -0.388923 -0.030279 -8.207800 0.322451 -0.802485 0.502040 -6.771800 -0.219553 0.452501 0.864314 -1.512200 0.000000 0.000000 0.000000 1.000000
-0.919682 -0.391325 -0.032415 -8.207800 0.323905 -0.802712 0.500738 -6.771800 -0.221971 0.450020 0.864992 -1.512200 0.000000 0.000000 0.000000 1.000000
-0.919071 -0.392646 -0.033734 -8.207800 0.325030 -0.803633 0.498527 -6.771800 -0.222854 0.447217 0.866218 -1.512200 0.000000 0.000000 0.000000 1.000000
-0.918370 -0.394059 -0.036251 -8.207800 0.325332 -0.803989 0.497757 -6.771800 -0.225291 0.445331 0.866559 -1.512200 0.000000 0.000000 0.000000 1.000000
-0.918164 -0.394392 -0.037811 -8.207800 0.325410 -0.805111 0.495888 -6.771800 -0.226016 0.443002 0.867563 -1.512200 0.000000 0.000000 0.000000 1.000000
-0.918201 -0.394113 -0.039770 -8.207800 0.324723 -0.806408 0.494228 -6.771800 -0.226852 0.440887 0.868422 -1.512200 0.000000 0.000000 0.000000 1.000000
-0.917912 -0.394448 -0.042984 -8.207800 0.323897 -0.807461 0.493050 -6.771800 -0.229190 0.438654 0.868939 -1.512200 0.000000 0.000000 0.000000 1.000000
-0.917750 -0.394594 -0.045057 -8.207800 0.323506 -0.808540 0.491536 -6.771800 -0.230388 0.436531 0.869691 -1.512200 0.000000 0.000000 0.000000 1.000000
-0.917663 -0.394545 -0.047215 -8.207800 0.322768 -0.809423 0.490566 -6.771800 -0.231767 0.434935 0.870124 -1.512200 0.000000 0.000000 0.000000 1.000000
-0.917169 -0.395449 -0.049213 -8.207800 0.322705 -0.809495 0.490489 -6.771800 -0.233801 0.433980 0.870056 -1.512200 0.000000 0.000000 0.000000 1.000000
-0.916600 -0.396597 -0.050562 -8.207800 0.322877 -0.808870 0.491405 -6.771800 -0.235788 0.434097 0.869462 -1.512200 0.000000 0.000000 0.000000 1.000000
-0.916310 -0.397390 -0.049578 -8.207800 0.323376 -0.807246 0.493742 -6.771800 -0.236230 0.436389 0.868194 -1.512200 0.000000 0.000000 0.000000 1.000000
-0.916085 -0.398126 -0.047784 -8.207800 0.323608 -0.804415 0.498191 -6.771800 -0.236781 0.440922 0.865749 -1.512200 0.000000 0.000000 0.000000 1.000000
-0.915951 -0.398745 -0.045133 -8.207800 0.323849 -0.800914 0.503646 -6.771800 -0.236974 0.446699 0.862730 -1.512200 0.000000 0.000000 0.000000 1.000000
-0.915730 -0.399493 -0.042942 -8.207800 0.324241 -0.797865 0.508211 -6.771800 -0.237289 0.451461 0.860161 -1.512200 0.000000 0.000000 0.000000 1.000000
-0.914358 -0.402513 -0.043967 -8.207800 0.324831 -0.794021 0.513825 -6.771800 -0.241731 0.455538 0.856768 -1.512200 0.000000 0.000000 0.000000 1.000000
-0.913810 -0.403995 -0.041705 -8.207800 0.325721 -0.790330 0.518927 -6.771800 -0.242604 0.460616 0.853801 -1.512200 0.000000 0.000000 0.000000 1.000000
-0.914573 -0.402746 -0.036763 -8.207800 0.326364 -0.788681 0.521026 -6.771800 -0.238836 0.464518 0.852749 -1.512200 0.000000 0.000000 0.000000 1.000000
-0.912708 -0.406933 -0.037011 -8.207800 0.328679 -0.784960 0.525175 -6.771800 -0.242763 0.467166 0.850189 -1.512200 0.000000 0.000000 0.000000 1.000000
-0.912886 -0.406759 -0.034433 -8.207800 0.328904 -0.782865 0.528152 -6.771800 -0.241787 0.470817 0.848452 -1.512200 0.000000 0.000000 0.000000 1.000000
-0.911904 -0.408926 -0.034785 -8.207800 0.329724 -0.780467 0.531181 -6.771800 -0.244362 0.472917 0.846544 -1.512200 0.000000 0.000000 0.000000 1.000000
-0.912623 -0.407701 -0.029989 -8.207800 0.330935 -0.779867 0.531309 -6.771800 -0.240003 0.474961 0.846647 -1.512200 0.000000 0.000000 0.000000 1.000000
-0.913176 -0.406535 -0.028978 -8.207800 0.329420 -0.778082 0.534857 -6.771800 -0.239985 0.478872 0.844446 -1.512200 0.000000 0.000000 0.000000 1.000000
-0.913076 -0.406786 -0.028575 -8.207800 0.329450 -0.777151 0.536189 -6.771800 -0.240321 0.480167 0.843614 -1.512200 0.000000 0.000000 0.000000 1.000000
-0.913695 -0.405419 -0.028233 -8.207800 0.327674 -0.776012 0.538920 -6.771800 -0.240398 0.483158 0.841883 -1.512200 0.000000 0.000000 0.000000 1.000000
-0.914312 -0.404039 -0.028026 -8.207800 0.325353 -0.773935 0.543295 -6.771800 -0.241202 0.487623 0.839074 -1.512200 0.000000 0.000000 0.000000 1.000000
-0.915071 -0.402380 -0.027107 -8.207800 0.323322 -0.772135 0.547056 -6.771800 -0.241054 0.491831 0.836657 -1.512200 0.000000 0.000000 0.000000 1.000000
-0.916019 -0.400277 -0.026215 -8.207800 0.320880 -0.770403 0.550923 -6.771800 -0.240717 0.496244 0.834145 -1.512200 0.000000 0.000000 0.000000 1.000000
-0.916462 -0.399241 -0.026530 -8.207800 0.318501 -0.768042 0.555579 -6.771800 -0.242185 0.500717 0.831040 -1.512200 0.000000 0.000000 0.000000 1.000000
-0.916979 -0.398090 -0.025962 -8.207800 0.316553 -0.765681 0.559935 -6.771800 -0.242783 0.505231 0.828129 -1.512200 0.000000 0.000000 0.000000 1.000000
-0.918072 -0.395680 -0.024098 -8.207800 0.314842 -0.764746 0.562173 -6.771800 -0.240870 0.508528 0.826668 -1.512200 0.000000 0.000000 0.000000 1.000000
-0.919096 -0.393395 -0.022415 -8.207800 0.313151 -0.763780 0.564426 -6.771800 -0.239162 0.511742 0.825179 -1.512200 0.000000 0.000000 0.000000 1.000000
-0.919127 -0.393305 -0.022722 -8.207800 0.312030 -0.761977 0.567475 -6.771800 -0.240505 0.514492 0.823077 -1.512200 0.000000 0.000000 0.000000 1.000000
-0.919286 -0.392985 -0.021801 -8.207800 0.311736 -0.760803 0.569210 -6.771800 -0.240277 0.516471 0.821903 -1.512200 0.000000 0.000000 0.000000 1.000000
-0.919613 -0.392262 -0.021044 -8.207800 0.311172 -0.760110 0.570443 -6.771800 -0.239759 0.518038 0.821067 -1.512200 0.000000 0.000000 0.000000 1.000000
-0.920129 -0.391110 -0.019920 -8.207800 0.310655 -0.759930 0.570964 -6.771800 -0.238447 0.519172 0.820733 -1.512200 0.000000 0.000000 0.000000 1.000000
-0.920274 -0.390763 -0.020009 -8.207800 0.310201 -0.759803 0.571380 -6.771800 -0.238477 0.519619 0.820442 -1.512200 0.000000 0.000000 0.000000 1.000000
-0.920238 -0.390760 -0.021665 -8.207800 0.309641 -0.760823 0.570325 -6.771800 -0.239344 0.518126 0.821133 -1.512200 0.000000 0.000000 0.000000 1.000000</float_array>
        <technique_common>
          <accessor source="#mixamorig_RightUpLeg-Matrix-animation-output-transform-array" count="56" stride="16">
            <param type="float4x4"/>
          </accessor>
        </technique_common>
      </source>
      <source id="mixamorig_RightUpLeg-Interpolations">
        <Name_array id="mixamorig_RightUpLeg-Interpolations-array" count="56">
 LINEAR LINEAR LINEAR LINEAR LINEAR LINEAR LINEAR LINEAR LINEAR LINEAR LINEAR
LINEAR LINEAR LINEAR LINEAR LINEAR LINEAR LINEAR LINEAR LINEAR LINEAR LINEAR LINEAR
LINEAR LINEAR LINEAR LINEAR LINEAR LINEAR LINEAR LINEAR LINEAR LINEAR LINEAR LINEAR
LINEAR LINEAR LINEAR LINEAR LINEAR LINEAR LINEAR LINEAR LINEAR LINEAR LINEAR LINEAR
LINEAR LINEAR LINEAR LINEAR LINEAR LINEAR LINEAR LINEAR LINEAR</Name_array>
        <technique_common>
          <accessor source="#mixamorig_RightUpLeg-Interpolations-array" count="56">
            <param type="name"/>
          </accessor>
        </technique_common>
      </source>
      <sampler id="mixamorig_RightUpLeg-Matrix-animation-transform">
        <input semantic="INPUT" source="#mixamorig_RightUpLeg-Matrix-animation-input"/>
        <input semantic="OUTPUT" source="#mixamorig_RightUpLeg-Matrix-animation-output-transform"/>
        <input semantic="INTERPOLATION" source="#mixamorig_RightUpLeg-Interpolations"/>
      </sampler>
      <channel source="#mixamorig_RightUpLeg-Matrix-animation-transform" target="mixamorig_RightUpLeg/matrix"/>
    </animation>
    <animation id="mixamorig_RightLeg-anim" name="mixamorig_RightLeg">
      <source id="mixamorig_RightLeg-Matrix-animation-input">
        <float_array id="mixamorig_RightLeg-Matrix-animation-input-array" count="56">

0.000000 0.033333 0.066667 0.100000 0.133333 0.166667 0.200000 0.233333 0.266667 0.300000 0.333333 0.366667 0.400000 0.433333 0.466667 0.500000
0.533333 0.566667 0.600000 0.633333 0.666667 0.700000 0.733333 0.766667 0.800000 0.833333 0.866667 0.900000 0.933333 0.966667 1.000000 1.033333
1.066667 1.100000 1.133333 1.166667 1.200000 1.233333 1.266667 1.300000 1.333333 1.366667 1.400000 1.433333 1.466667 1.500000 1.533333 1.566667
1.600000 1.633333 1.666667 1.700000 1.733333 1.766667 1.800000 1.833333</float_array>
        <technique_common>
          <accessor source="#mixamorig_RightLeg-Matrix-animation-input-array" count="56">
            <param name="TIME" type="float"/>
          </accessor>
        </technique_common>
      </source>
      <source id="mixamorig_RightLeg-Matrix-animation-output-transform">
        <float_array id="mixamorig_RightLeg-Matrix-animation-output-transform-array" count="896">

0.992683 0.118975 -0.020626 -0.000000 -0.047471 0.541582 0.839307 44.371498 0.111027 -0.832187 0.543267 -0.000000 0.000000 0.000000 0.000000 1.000000
0.992705 0.118751 -0.020839 0.000000 -0.047043 0.540651 0.839930 44.371498 0.111009 -0.832823 0.542294 0.000000 0.000000 0.000000 0.000000 1.000000
0.992703 0.118448 -0.022619 0.000000 -0.045467 0.541376 0.839551 44.371498 0.111689 -0.832396 0.542811 -0.000000 0.000000 0.000000 0.000000 1.000000
0.992689 0.118620 -0.022309 0.000000 -0.046500 0.546418 0.836221 44.371498 0.111382 -0.829070 0.547939 0.000000 0.000000 0.000000 0.000000 1.000000
0.992684 0.118558 -0.022848 0.000000 -0.047154 0.554887 0.830589 44.371498 0.111151 -0.823435 0.556418 -0.000000 0.000000 0.000000 0.000000 1.000000
0.992742 0.117858 -0.023933 0.000000 -0.047453 0.566733 0.822534 44.371498 0.110506 -0.815428 0.568212 0.000000 0.000000 0.000000 0.000000 1.000000
0.992741 0.117662 -0.024919 0.000000 -0.048541 0.581536 0.812071 44.371498 0.110041 -0.804967 0.583026 0.000000 0.000000 0.000000 0.000000 1.000000
0.992744 0.117364 -0.026180 0.000000 -0.049646 0.598326 0.799713 44.371498 0.109522 -0.792610 0.599812 0.000000 0.000000 0.000000 0.000000 1.000000
0.992788 0.116489 -0.028309 -0.000000 -0.049914 0.616377 0.785868 44.371498 0.108994 -0.778788 0.617746 -0.000000 0.000000 0.000000 0.000000 1.000000
0.992938 0.114407 -0.031390 0.000000 -0.048695 0.634315 0.771540 44.371498 0.108181 -0.764563 0.635406 0.000000 0.000000 0.000000 0.000000 1.000000
0.992973 0.113285 -0.034224 0.000000 -0.048059 0.650295 0.758161 44.371498 0.108144 -0.751188 0.651169 0.000000 0.000000 0.000000 0.000000 1.000000
0.993011 0.112611 -0.035325 0.000000 -0.048703 0.663626 0.746478 44.371498 0.107504 -0.739540 0.664472 0.000000 0.000000 0.000000 0.000000 1.000000
0.992987 0.111942 -0.038024 0.000000 -0.047970 0.675465 0.735830 44.371498 0.108054 -0.728846 0.676098 0.000000 0.000000 0.000000 0.000000 1.000000
0.992994 0.111248 -0.039829 0.000000 -0.047521 0.684583 0.727384 44.371498 0.108186 -0.720396 0.685074 0.000000 0.000000 0.000000 0.000000 1.000000
0.992957 0.110878 -0.041752 0.000000 -0.046993 0.692072 0.720297 44.371498 0.108761 -0.713262 0.692408 -0.000000 0.000000 0.000000 0.000000 1.000000
0.992913 0.111022 -0.042391 0.000000 -0.047527 0.697909 0.714608 44.371498 0.108922 -0.707529 0.698239 0.000000 0.000000 0.000000 0.000000 1.000000
0.992851 0.111828 -0.041739 0.000000 -0.049264 0.702414 0.710062 44.371498 0.108723 -0.702929 0.702901 0.000000 0.000000 0.000000 0.000000 1.000000
0.992729 0.112883 -0.041802 0.000000 -0.050586 0.706333 0.706070 44.371498 0.109230 -0.698821 0.706908 -0.000000 0.000000 0.000000 0.000000 1.000000
0.992662 0.113313 -0.042222 0.000000 -0.051113 0.709616 0.702732 44.371498 0.109590 -0.695417 0.710201 0.000000 0.000000 0.000000 0.000000 1.000000
0.992654 0.113083 -0.043004 0.000000 -0.050882 0.712701 0.699620 44.371498 0.109764 -0.692293 0.713220 0.000000 0.000000 0.000000 0.000000 1.000000
0.992691 0.112988 -0.042402 0.000000 -0.051714 0.715721 0.696470 44.371498 0.109041 -0.689186 0.716333 0.000000 0.000000 0.000000 0.000000 1.000000
0.992788 0.112025 -0.042688 0.000000 -0.051193 0.718141 0.694012 44.371498 0.108403 -0.686822 0.718696 0.000000 0.000000 0.000000 0.000000 1.000000
0.992897 0.111524 -0.041446 0.000000 -0.051998 0.720085 0.691935 44.371498 0.107012 -0.684865 0.720769 0.000000 0.000000 0.000000 0.000000 1.000000
0.993010 0.111109 -0.039835 0.000000 -0.052946 0.720927 0.690986 44.371498 0.105493 -0.684047 0.721770 0.000000 0.000000 0.000000 0.000000 1.000000
0.993127 0.110231 -0.039351 0.000000 -0.052614 0.720771 0.691174 44.371498 0.104552 -0.684353 0.721616 -0.000000 0.000000 0.000000 0.000000 1.000000
0.993271 0.109432 -0.037918 -0.000000 -0.052813 0.719358 0.692629 44.371498 0.103073 -0.685965 0.720297 0.000000 0.000000 0.000000 0.000000 1.000000
0.993316 0.109306 -0.037090 -0.000000 -0.052922 0.716839 0.695228 44.371498 0.102580 -0.688618 0.717832 -0.000000 0.000000 0.000000 0.000000 1.000000
0.993337 0.109229 -0.036742 0.000000 -0.052488 0.712641 0.699562 44.371498 0.102597 -0.692973 0.713627 -0.000000 0.000000 0.000000 0.000000 1.000000
0.993348 0.109306 -0.036225 -0.000000 -0.051997 0.706461 0.705840 44.371498 0.102744 -0.699261 0.707445 -0.000000 0.000000 0.000000 0.000000 1.000000
0.993311 0.109867 -0.035522 0.000000 -0.051632 0.697798 0.714432 44.371498 0.103279 -0.707819 0.698803 -0.000000 0.000000 0.000000 0.000000 1.000000
0.993118 0.111894 -0.034575 0.000000 -0.052198 0.687188 0.724602 44.371498 0.104838 -0.717811 0.688300 0.000000 0.000000 0.000000 0.000000 1.000000
0.992976 0.114044 -0.031509 0.000000 -0.054241 0.675459 0.735400 44.371498 0.105151 -0.728525 0.676900 0.000000 0.000000 0.000000 0.000000 1.000000
0.992934 0.115014 -0.029226 -0.000000 -0.054891 0.663491 0.746168 44.371498 0.105211 -0.739291 0.665116 0.000000 0.000000 0.000000 0.000000 1.000000
0.992853 0.115565 -0.029780 0.000000 -0.053157 0.651665 0.756642 44.371498 0.106848 -0.749651 0.653151 0.000000 0.000000 0.000000 0.000000 1.000000
0.992720 0.116983 -0.028675 0.000000 -0.053249 0.639803 0.766692 44.371498 0.108037 -0.759584 0.641374 0.000000 0.000000 0.000000 0.000000 1.000000
0.992515 0.119564 -0.024862 0.000000 -0.056393 0.629304 0.775111 44.371498 0.108321 -0.767907 0.631336 0.000000 0.000000 0.000000 0.000000 1.000000
0.992599 0.118453 -0.026754 0.000000 -0.052882 0.619958 0.782851 44.371498 0.109318 -0.775643 0.621634 -0.000000 0.000000 0.000000 0.000000 1.000000
0.992385 0.120393 -0.026037 -0.000000 -0.053542 0.611989 0.789051 44.371498 0.110930 -0.781649 0.613775 0.000000 0.000000 0.000000 0.000000 1.000000
0.992333 0.120668 -0.026731 0.000000 -0.052082 0.604412 0.794967 44.371498 0.112084 -0.787480 0.606063 0.000000 0.000000 0.000000 0.000000 1.000000
0.992306 0.121633 -0.023127 0.000000 -0.054613 0.597637 0.799904 44.371498 0.111116 -0.792487 0.599682 -0.000000 0.000000 0.000000 0.000000 1.000000
0.992212 0.122334 -0.023463 0.000000 -0.053897 0.591451 0.804537 44.371498 0.112299 -0.797007 0.593438 -0.000000 0.000000 0.000000 0.000000 1.000000
0.992262 0.122101 -0.022551 -0.000000 -0.053761 0.586194 0.808385 44.371498 0.111923 -0.800917 0.588222 -0.000000 0.000000 0.000000 0.000000 1.000000
0.992307 0.121724 -0.022587 0.000000 -0.052806 0.581169 0.812068 44.371498 0.111975 -0.804628 0.583126 0.000000 0.000000 0.000000 0.000000 1.000000
0.992357 0.121210 -0.023164 0.000000 -0.051391 0.576577 0.815425 44.371498 0.112193 -0.808002 0.578399 -0.000000 0.000000 0.000000 0.000000 1.000000
0.992429 0.120664 -0.022906 0.000000 -0.050654 0.572026 0.818670 44.371498 0.111886 -0.811311 0.573808 0.000000 0.000000 0.000000 0.000000 1.000000
0.992534 0.119852 -0.022629 0.000000 -0.049755 0.567247 0.822043 44.371498 0.111360 -0.814780 0.568975 0.000000 0.000000 0.000000 0.000000 1.000000
0.992643 0.118791 -0.023406 0.000000 -0.047816 0.562231 0.825596 44.371498 0.111232 -0.818404 0.563775 -0.000000 0.000000 0.000000 0.000000 1.000000
0.992719 0.117986 -0.024244 0.000000 -0.045990 0.557304 0.829034 44.371498 0.111326 -0.821883 0.558672 0.000000 0.000000 0.000000 0.000000 1.000000
0.992748 0.117777 -0.024066 0.000000 -0.045494 0.553410 0.831665 44.371498 0.111269 -0.824540 0.554755 0.000000 0.000000 0.000000 0.000000 1.000000
0.992793 0.117439 -0.023886 0.000000 -0.045015 0.550146 0.833854 44.371498 0.111068 -0.826769 0.551468 0.000000 0.000000 0.000000 0.000000 1.000000
0.992787 0.117358 -0.024508 -0.000000 -0.044084 0.547444 0.835680 44.371498 0.111490 -0.828572 0.548669 -0.000000 0.000000 0.000000 0.000000 1.000000
0.992781 0.117558 -0.023792 0.000000 -0.044530 0.545448 0.836961 44.371498 0.111368 -0.829859 0.546746 0.000000 0.000000 0.000000 0.000000 1.000000
0.992753 0.117924 -0.023126 0.000000 -0.045076 0.543814 0.837994 44.371498 0.111396 -0.830879 0.545188 0.000000 0.000000 0.000000 0.000000 1.000000
0.992711 0.118495 -0.022005 0.000000 -0.046174 0.542583 0.838732 44.371498 0.111325 -0.831602 0.544100 0.000000 0.000000 0.000000 0.000000 1.000000
0.992697 0.118757 -0.021213 0.000000 -0.046856 0.541598 0.839330 44.371498 0.111165 -0.832207 0.543207 0.000000 0.000000 0.000000 0.000000 1.000000
0.992683 0.118975 -0.020625 0.000000 -0.047470 0.541579 0.839308 44.371498 0.111027 -0.832188 0.543265 -0.000000 0.000000 0.000000 0.000000 1.000000</float_array>
        <technique_common>
          <accessor source="#mixamorig_RightLeg-Matrix-animation-output-transform-array" count="56" stride="16">
            <param type="float4x4"/>
          </accessor>
        </technique_common>
      </source>
      <source id="mixamorig_RightLeg-Interpolations">
        <Name_array id="mixamorig_RightLeg-Interpolations-array" count="56">
 LINEAR LINEAR LINEAR LINEAR LINEAR LINEAR LINEAR LINEAR LINEAR LINEAR LINEAR
LINEAR LINEAR LINEAR LINEAR LINEAR LINEAR LINEAR LINEAR LINEAR LINEAR LINEAR LINEAR
LINEAR LINEAR LINEAR LINEAR LINEAR LINEAR LINEAR LINEAR LINEAR LINEAR LINEAR LINEAR
LINEAR LINEAR LINEAR LINEAR LINEAR LINEAR LINEAR LINEAR LINEAR LINEAR LINEAR LINEAR
LINEAR LINEAR LINEAR LINEAR LINEAR LINEAR LINEAR LINEAR LINEAR</Name_array>
        <technique_common>
          <accessor source="#mixamorig_RightLeg-Interpolations-array" count="56">
            <param type="name"/>
          </accessor>
        </technique_common>
      </source>
      <sampler id="mixamorig_RightLeg-Matrix-animation-transform">
        <input semantic="INPUT" source="#mixamorig_RightLeg-Matrix-animation-input"/>
        <input semantic="OUTPUT" source="#mixamorig_RightLeg-Matrix-animation-output-transform"/>
        <input semantic="INTERPOLATION" source="#mixamorig_RightLeg-Interpolations"/>
      </sampler>
      <channel source="#mixamorig_RightLeg-Matrix-animation-transform" target="mixamorig_RightLeg/matrix"/>
    </animation>
    <animation id="mixamorig_RightFoot-anim" name="mixamorig_RightFoot">
      <source id="mixamorig_RightFoot-Matrix-animation-input">
        <float_array id="mixamorig_RightFoot-Matrix-animation-input-array" count="56">

0.000000 0.033333 0.066667 0.100000 0.133333 0.166667 0.200000 0.233333 0.266667 0.300000 0.333333 0.366667 0.400000 0.433333 0.466667 0.500000
0.533333 0.566667 0.600000 0.633333 0.666667 0.700000 0.733333 0.766667 0.800000 0.833333 0.866667 0.900000 0.933333 0.966667 1.000000 1.033333
1.066667 1.100000 1.133333 1.166667 1.200000 1.233333 1.266667 1.300000 1.333333 1.366667 1.400000 1.433333 1.466667 1.500000 1.533333 1.566667
1.600000 1.633333 1.666667 1.700000 1.733333 1.766667 1.800000 1.833333</float_array>
        <technique_common>
          <accessor source="#mixamorig_RightFoot-Matrix-animation-input-array" count="56">
            <param name="TIME" type="float"/>
          </accessor>
        </technique_common>
      </source>
      <source id="mixamorig_RightFoot-Matrix-animation-output-transform">
        <float_array id="mixamorig_RightFoot-Matrix-animation-output-transform-array" count="896">

0.920407 -0.214048 0.327161 0.000000 0.353721 0.099475 -0.930046 44.527802 0.166530 0.971745 0.167271 0.000000 0.000000 0.000000 0.000000 1.000000
0.920510 -0.214001 0.326902 0.000000 0.353309 0.098649 -0.930291 44.527802 0.166835 0.971839 0.166416 0.000000 0.000000 0.000000 0.000000 1.000000
0.921096 -0.214540 0.324891 -0.000000 0.351290 0.098185 -0.931104 44.527802 0.167860 0.971768 0.165804 -0.000000 0.000000 0.000000 0.000000 1.000000
0.920943 -0.214761 0.325180 0.000000 0.352100 0.100968 -0.930500 44.527802 0.167002 0.971434 0.168603 0.000000 0.000000 0.000000 0.000000 1.000000
0.921038 -0.215463 0.324446 0.000000 0.352195 0.105115 -0.930005 44.527802 0.166277 0.970838 0.172700 0.000000 0.000000 0.000000 0.000000 1.000000
0.921264 -0.216622 0.323030 0.000000 0.352010 0.111160 -0.929372 44.527802 0.165414 0.969907 0.178660 -0.000000 0.000000 0.000000 0.000000 1.000000
0.921324 -0.218020 0.321916 0.000000 0.352410 0.118554 -0.928306 44.527802 0.164225 0.968717 0.186059 0.000000 0.000000 0.000000 0.000000 1.000000
0.921311 -0.219691 0.320815 0.000000 0.353134 0.127448 -0.926851 44.527802 0.162734 0.967209 0.195000 0.000000 0.000000 0.000000 0.000000 1.000000
0.921438 -0.221778 0.319007 0.000000 0.353425 0.137424 -0.925314 44.527802 0.161375 0.965365 0.205009 0.000000 0.000000 0.000000 0.000000 1.000000
0.921861 -0.223885 0.316303 0.000000 0.352954 0.148111 -0.923843 44.527802 0.159987 0.963296 0.215559 0.000000 0.000000 0.000000 0.000000 1.000000
0.921997 -0.226193 0.314259 0.000000 0.352976 0.157400 -0.922298 44.527802 0.159153 0.961281 0.224963 -0.000000 0.000000 0.000000 0.000000 1.000000
0.921719 -0.227808 0.313907 0.000000 0.354274 0.165064 -0.920458 44.527802 0.157873 0.959613 0.232849 0.000000 0.000000 0.000000 0.000000 1.000000
0.921726 -0.229854 0.312390 0.000000 0.354477 0.172440 -0.919027 44.527802 0.157373 0.957827 0.240421 -0.000000 0.000000 0.000000 0.000000 1.000000
0.921586 -0.231519 0.311574 0.000000 0.354959 0.177756 -0.917827 44.527802 0.157110 0.956453 0.245997 0.000000 0.000000 0.000000 0.000000 1.000000
0.921391 -0.233066 0.310996 0.000000 0.355578 0.182593 -0.916637 44.527802 0.156851 0.955165 0.251113 0.000000 0.000000 0.000000 0.000000 1.000000
0.920954 -0.233946 0.311628 -0.000000 0.357081 0.186513 -0.915263 44.527802 0.156000 0.954192 0.255307 0.000000 0.000000 0.000000 0.000000 1.000000
0.920289 -0.234304 0.313319 0.000000 0.359375 0.189690 -0.913711 44.527802 0.154653 0.953477 0.258773 -0.000000 0.000000 0.000000 0.000000 1.000000
0.919788 -0.234749 0.314455 0.000000 0.361042 0.192282 -0.912511 44.527802 0.153748 0.952849 0.261613 -0.000000 0.000000 0.000000 0.000000 1.000000
0.919547 -0.235347 0.314713 -0.000000 0.361835 0.194605 -0.911704 44.527802 0.153322 0.952229 0.264105 -0.000000 0.000000 0.000000 0.000000 1.000000
0.919540 -0.235922 0.314303 0.000000 0.361857 0.196273 -0.911338 44.527802 0.153315 0.951745 0.265851 0.000000 0.000000 0.000000 0.000000 1.000000
0.919417 -0.235895 0.314683 0.000000 0.362445 0.197642 -0.910808 44.527802 0.152661 0.951468 0.267215 -0.000000 0.000000 0.000000 0.000000 1.000000
0.919710 -0.235965 0.313773 0.000000 0.361810 0.199175 -0.910727 44.527802 0.152404 0.951131 0.268558 -0.000000 0.000000 0.000000 0.000000 1.000000
0.919804 -0.235398 0.313925 0.000000 0.361933 0.200002 -0.910496 44.527802 0.151543 0.951098 0.269161 0.000000 0.000000 0.000000 0.000000 1.000000
0.919947 -0.234479 0.314193 0.000000 0.362008 0.200422 -0.910374 44.527802 0.150492 0.951236 0.269261 -0.000000 0.000000 0.000000 0.000000 1.000000
0.920344 -0.233887 0.313470 0.000000 0.361089 0.200184 -0.910791 44.527802 0.150270 0.951432 0.268692 0.000000 0.000000 0.000000 0.000000 1.000000
0.920560 -0.232896 0.313573 -0.000000 0.360684 0.198716 -0.911273 44.527802 0.149920 0.951983 0.266932 -0.000000 0.000000 0.000000 0.000000 1.000000
0.920737 -0.232198 0.313572 0.000000 0.360075 0.196088 -0.912083 44.527802 0.150296 0.952698 0.264155 -0.000000 0.000000 0.000000 0.000000 1.000000
0.920931 -0.231697 0.313374 0.000000 0.359151 0.192352 -0.913242 44.527802 0.151317 0.953581 0.260358 0.000000 0.000000 0.000000 0.000000 1.000000
0.921066 -0.231123 0.313401 0.000000 0.358224 0.187326 -0.914650 44.527802 0.152688 0.954721 0.255333 -0.000000 0.000000 0.000000 0.000000 1.000000
0.921142 -0.230326 0.313762 0.000000 0.357297 0.180627 -0.916359 44.527802 0.154388 0.956203 0.248678 -0.000000 0.000000 0.000000 0.000000 1.000000
0.921006 -0.229336 0.314885 0.000000 0.357025 0.173607 -0.917820 44.527802 0.155823 0.957740 0.241771 -0.000000 0.000000 0.000000 0.000000 1.000000
0.920509 -0.227548 0.317623 0.000000 0.358046 0.165827 -0.918860 44.527802 0.156415 0.959543 0.234118 0.000000 0.000000 0.000000 0.000000 1.000000
0.920339 -0.225636 0.319475 0.000000 0.358296 0.158831 -0.919998 44.527802 0.156842 0.961177 0.227023 0.000000 0.000000 0.000000 0.000000 1.000000
0.920640 -0.224847 0.319164 0.000000 0.356831 0.152910 -0.921569 44.527802 0.158409 0.962321 0.221008 0.000000 0.000000 0.000000 0.000000 1.000000
0.920497 -0.223367 0.320612 -0.000000 0.356960 0.146925 -0.922493 44.527802 0.158948 0.963598 0.214977 -0.000000 0.000000 0.000000 0.000000 1.000000
0.919683 -0.221137 0.324471 0.000000 0.359372 0.141062 -0.922471 44.527802 0.158222 0.964987 0.209203 -0.000000 0.000000 0.000000 0.000000 1.000000
0.920275 -0.220913 0.322941 -0.000000 0.357096 0.136856 -0.923987 44.527802 0.159925 0.965644 0.204832 0.000000 0.000000 0.000000 0.000000 1.000000
0.920026 -0.220132 0.324182 -0.000000 0.357522 0.132901 -0.924400 44.527802 0.160406 0.966374 0.200974 0.000000 0.000000 0.000000 0.000000 1.000000
0.920174 -0.219928 0.323900 0.000000 0.356444 0.128390 -0.925453 44.527802 0.161948 0.967030 0.196533 -0.000000 0.000000 0.000000 0.000000 1.000000
0.919416 -0.217985 0.327349 0.000000 0.358798 0.124059 -0.925134 44.527802 0.161055 0.968035 0.192274 0.000000 0.000000 0.000000 0.000000 1.000000
0.919624 -0.217630 0.326999 0.000000 0.357932 0.121398 -0.925822 44.527802 0.161789 0.968452 0.189537 -0.000000 0.000000 0.000000 0.000000 1.000000
0.919623 -0.216779 0.327568 0.000000 0.357874 0.118614 -0.926206 44.527802 0.161928 0.968988 0.186660 -0.000000 0.000000 0.000000 0.000000 1.000000
0.919966 -0.216155 0.327016 -0.000000 0.356856 0.116579 -0.926857 44.527802 0.162221 0.969374 0.184385 -0.000000 0.000000 0.000000 0.000000 1.000000
0.920404 -0.215875 0.325967 0.000000 0.355587 0.115629 -0.927463 44.527802 0.162524 0.969550 0.183188 -0.000000 0.000000 0.000000 0.000000 1.000000
0.920665 -0.215371 0.325564 0.000000 0.354780 0.113810 -0.927997 44.527802 0.162811 0.969878 0.181190 0.000000 0.000000 0.000000 0.000000 1.000000
0.920957 -0.214876 0.325065 0.000000 0.353885 0.112026 -0.928556 44.527802 0.163108 0.970195 0.179212 -0.000000 0.000000 0.000000 0.000000 1.000000
0.921456 -0.214782 0.323708 0.000000 0.352182 0.110147 -0.929427 44.527802 0.163969 0.970431 0.177138 0.000000 0.000000 0.000000 0.000000 1.000000
0.921840 -0.214823 0.322586 0.000000 0.350800 0.108623 -0.930129 44.527802 0.164773 0.970594 0.175493 0.000000 0.000000 0.000000 0.000000 1.000000
0.921911 -0.214632 0.322512 0.000000 0.350423 0.107052 -0.930453 44.527802 0.165179 0.970811 0.173905 0.000000 0.000000 0.000000 0.000000 1.000000
0.921957 -0.214447 0.322503 -0.000000 0.350191 0.105940 -0.930668 44.527802 0.165414 0.970973 0.172769 0.000000 0.000000 0.000000 0.000000 1.000000
0.921992 -0.214778 0.322182 0.000000 0.349766 0.104994 -0.930935 44.527802 0.166117 0.971003 0.171926 -0.000000 0.000000 0.000000 0.000000 1.000000
0.921613 -0.214683 0.323327 0.000000 0.350646 0.103483 -0.930773 44.527802 0.166363 0.971186 0.170649 0.000000 0.000000 0.000000 0.000000 1.000000
0.921314 -0.214587 0.324243 0.000000 0.351420 0.102700 -0.930568 44.527802 0.166388 0.971291 0.170029 0.000000 0.000000 0.000000 0.000000 1.000000
0.920921 -0.214260 0.325571 -0.000000 0.352584 0.102002 -0.930204 44.527802 0.166097 0.971436 0.169480 0.000000 0.000000 0.000000 0.000000 1.000000
0.920632 -0.214123 0.326479 0.000000 0.353336 0.101178 -0.930009 44.527802 0.166104 0.971553 0.168805 0.000000 0.000000 0.000000 0.000000 1.000000
0.920407 -0.214047 0.327161 0.000000 0.353721 0.099472 -0.930047 44.527802 0.166531 0.971745 0.167268 -0.000000 0.000000 0.000000 0.000000 1.000000</float_array>
        <technique_common>
          <accessor source="#mixamorig_RightFoot-Matrix-animation-output-transform-array" count="56" stride="16">
            <param type="float4x4"/>
          </accessor>
        </technique_common>
      </source>
      <source id="mixamorig_RightFoot-Interpolations">
        <Name_array id="mixamorig_RightFoot-Interpolations-array" count="56">
 LINEAR LINEAR LINEAR LINEAR LINEAR LINEAR LINEAR LINEAR LINEAR LINEAR LINEAR
LINEAR LINEAR LINEAR LINEAR LINEAR LINEAR LINEAR LINEAR LINEAR LINEAR LINEAR LINEAR
LINEAR LINEAR LINEAR LINEAR LINEAR LINEAR LINEAR LINEAR LINEAR LINEAR LINEAR LINEAR
LINEAR LINEAR LINEAR LINEAR LINEAR LINEAR LINEAR LINEAR LINEAR LINEAR LINEAR LINEAR
LINEAR LINEAR LINEAR LINEAR LINEAR LINEAR LINEAR LINEAR LINEAR</Name_array>
        <technique_common>
          <accessor source="#mixamorig_RightFoot-Interpolations-array" count="56">
            <param type="name"/>
          </accessor>
        </technique_common>
      </source>
      <sampler id="mixamorig_RightFoot-Matrix-animation-transform">
        <input semantic="INPUT" source="#mixamorig_RightFoot-Matrix-animation-input"/>
        <input semantic="OUTPUT" source="#mixamorig_RightFoot-Matrix-animation-output-transform"/>
        <input semantic="INTERPOLATION" source="#mixamorig_RightFoot-Interpolations"/>
      </sampler>
      <channel source="#mixamorig_RightFoot-Matrix-animation-transform" target="mixamorig_RightFoot/matrix"/>
    </animation>
    <animation id="mixamorig_RightToeBase-anim" name="mixamorig_RightToeBase">
      <source id="mixamorig_RightToeBase-Matrix-animation-input">
        <float_array id="mixamorig_RightToeBase-Matrix-animation-input-array" count="56">

0.000000 0.033333 0.066667 0.100000 0.133333 0.166667 0.200000 0.233333 0.266667 0.300000 0.333333 0.366667 0.400000 0.433333 0.466667 0.500000
0.533333 0.566667 0.600000 0.633333 0.666667 0.700000 0.733333 0.766667 0.800000 0.833333 0.866667 0.900000 0.933333 0.966667 1.000000 1.033333
1.066667 1.100000 1.133333 1.166667 1.200000 1.233333 1.266667 1.300000 1.333333 1.366667 1.400000 1.433333 1.466667 1.500000 1.533333 1.566667
1.600000 1.633333 1.666667 1.700000 1.733333 1.766667 1.800000 1.833333</float_array>
        <technique_common>
          <accessor source="#mixamorig_RightToeBase-Matrix-animation-input-array" count="56">
            <param name="TIME" type="float"/>
          </accessor>
        </technique_common>
      </source>
      <source id="mixamorig_RightToeBase-Matrix-animation-output-transform">
        <float_array id="mixamorig_RightToeBase-Matrix-animation-output-transform-array" count="896">

0.998327 -0.051816 0.025639 0.000000 0.056489 0.779968 -0.623264 13.816900 0.012298 0.623670 0.781591 -0.000000 0.000000 0.000000 0.000000 1.000000
0.998325 -0.051918 0.025529 0.000000 0.056497 0.779787 -0.623490 13.816900 0.012463 0.623888 0.781414 0.000000 0.000000 0.000000 0.000000 1.000000
0.998427 -0.047981 0.029021 0.000000 0.055594 0.779328 -0.624145 13.816900 0.007330 0.624776 0.780769 0.000000 0.000000 0.000000 0.000000 1.000000
0.998355 -0.050815 0.026542 -0.000000 0.056270 0.779999 -0.623246 13.816900 0.010967 0.623715 0.781575 -0.000000 0.000000 0.000000 0.000000 1.000000
0.998337 -0.051424 0.026041 0.000000 0.056443 0.780470 -0.622640 13.816900 0.011695 0.623075 0.782075 0.000000 0.000000 0.000000 0.000000 1.000000
0.998333 -0.051492 0.026069 0.000000 0.056530 0.781359 -0.621516 13.816900 0.011634 0.621954 0.782967 0.000000 0.000000 0.000000 0.000000 1.000000
0.998340 -0.051066 0.026627 0.000000 0.056574 0.783083 -0.619338 13.816900 0.010776 0.619817 0.784673 0.000000 0.000000 0.000000 0.000000 1.000000
0.998336 -0.051084 0.026749 0.000000 0.056687 0.784431 -0.617620 13.816900 0.010568 0.618108 0.786022 -0.000000 0.000000 0.000000 0.000000 1.000000
0.998299 -0.052285 0.025792 0.000000 0.057066 0.785742 -0.615916 13.816900 0.011937 0.616341 0.787389 0.000000 0.000000 0.000000 0.000000 1.000000
0.998345 -0.050707 0.027135 0.000000 0.056636 0.784865 -0.617073 13.816900 0.009992 0.617589 0.786438 0.000000 0.000000 0.000000 0.000000 1.000000
0.998325 -0.051380 0.026587 0.000000 0.056837 0.785481 -0.616270 13.816900 0.010780 0.616749 0.787086 0.000000 0.000000 0.000000 0.000000 1.000000
0.998302 -0.052168 0.025933 0.000000 0.057067 0.786104 -0.615455 13.816900 0.011721 0.615889 0.787746 -0.000000 0.000000 0.000000 0.000000 1.000000
0.998290 -0.052633 0.025420 0.000000 0.057099 0.785195 -0.616611 13.816900 0.012494 0.617008 0.786858 0.000000 0.000000 0.000000 0.000000 1.000000
0.998256 -0.053773 0.024371 0.000000 0.057346 0.785057 -0.616763 13.816900 0.014033 0.617085 0.786771 0.000000 0.000000 0.000000 0.000000 1.000000
0.998247 -0.054052 0.024108 0.000000 0.057402 0.784967 -0.616873 13.816900 0.014419 0.617175 0.786694 0.000000 0.000000 0.000000 0.000000 1.000000
0.998245 -0.054141 0.023973 -0.000000 0.057375 0.784407 -0.617587 13.816900 0.014632 0.617879 0.786137 0.000000 0.000000 0.000000 0.000000 1.000000
0.998201 -0.055464 0.022777 0.000000 0.057678 0.784461 -0.617490 13.816900 0.016381 0.617693 0.786249 0.000000 0.000000 0.000000 0.000000 1.000000
0.998215 -0.055100 0.023056 0.000000 0.057550 0.783928 -0.618179 13.816900 0.015987 0.618402 0.785699 0.000000 0.000000 0.000000 0.000000 1.000000
0.998206 -0.055326 0.022886 0.000000 0.057632 0.784294 -0.617706 13.816900 0.016226 0.617917 0.786076 0.000000 0.000000 0.000000 0.000000 1.000000
0.998205 -0.055347 0.022871 0.000000 0.057641 0.784334 -0.617655 13.816900 0.016247 0.617864 0.786117 0.000000 0.000000 0.000000 0.000000 1.000000
0.998219 -0.054929 0.023267 0.000000 0.057561 0.784515 -0.617433 13.816900 0.015662 0.617673 0.786279 -0.000000 0.000000 0.000000 0.000000 1.000000
0.998201 -0.055448 0.022813 0.000000 0.057693 0.784677 -0.617214 13.816900 0.016322 0.617420 0.786464 -0.000000 0.000000 0.000000 0.000000 1.000000
0.998213 -0.055060 0.023202 0.000000 0.057638 0.785082 -0.616704 13.816900 0.015740 0.616940 0.786853 0.000000 0.000000 0.000000 0.000000 1.000000
0.998207 -0.055233 0.023046 0.000000 0.057679 0.785092 -0.616688 13.816900 0.015968 0.616912 0.786870 0.000000 0.000000 0.000000 0.000000 1.000000
0.998215 -0.055032 0.023203 0.000000 0.057611 0.784836 -0.617019 13.816900 0.015746 0.617255 0.786606 -0.000000 0.000000 0.000000 0.000000 1.000000
0.998226 -0.054721 0.023479 0.000000 0.057535 0.784778 -0.617100 13.816900 0.015342 0.617356 0.786534 0.000000 0.000000 0.000000 0.000000 1.000000
0.998244 -0.054144 0.024010 -0.000000 0.057411 0.784861 -0.617007 13.816900 0.014563 0.617302 0.786591 -0.000000 0.000000 0.000000 0.000000 1.000000
0.998268 -0.053418 0.024669 0.000000 0.057246 0.784889 -0.616986 13.816900 0.013596 0.617329 0.786587 0.000000 0.000000 0.000000 0.000000 1.000000
0.998244 -0.054163 0.024003 -0.000000 0.057423 0.784972 -0.616865 13.816900 0.014570 0.617160 0.786703 0.000000 0.000000 0.000000 0.000000 1.000000
0.998282 -0.052920 0.025139 0.000000 0.057150 0.785102 -0.616724 13.816900 0.012900 0.617102 0.786778 0.000000 0.000000 0.000000 0.000000 1.000000
0.998321 -0.051652 0.026200 0.000000 0.056790 0.784207 -0.617895 13.816900 0.011369 0.618345 0.785824 0.000000 0.000000 0.000000 0.000000 1.000000
0.998301 -0.052329 0.025619 0.000000 0.056970 0.784554 -0.617438 13.816900 0.012210 0.617849 0.786202 0.000000 0.000000 0.000000 0.000000 1.000000
0.998345 -0.050820 0.026920 0.000000 0.056576 0.783901 -0.618303 13.816900 0.010319 0.618803 0.785478 0.000000 0.000000 0.000000 0.000000 1.000000
0.998348 -0.050770 0.026913 0.000000 0.056524 0.783377 -0.618972 13.816900 0.010342 0.619470 0.784952 0.000000 0.000000 0.000000 0.000000 1.000000
0.998351 -0.050768 0.026810 0.000000 0.056440 0.782315 -0.620321 13.816900 0.010519 0.620811 0.783890 -0.000000 0.000000 0.000000 0.000000 1.000000
0.998348 -0.050856 0.026726 0.000000 0.056457 0.782291 -0.620349 13.816900 0.010641 0.620834 0.783870 0.000000 0.000000 0.000000 0.000000 1.000000
0.998348 -0.050877 0.026713 0.000000 0.056466 0.782330 -0.620299 13.816900 0.010661 0.620782 0.783911 0.000000 0.000000 0.000000 0.000000 1.000000
0.998356 -0.050618 0.026902 0.000000 0.056373 0.781903 -0.620847 13.816900 0.010391 0.621342 0.783470 0.000000 0.000000 0.000000 0.000000 1.000000
0.998365 -0.050249 0.027240 0.000000 0.056295 0.781959 -0.620783 13.816900 0.009894 0.621302 0.783509 -0.000000 0.000000 0.000000 0.000000 1.000000
0.998380 -0.049706 0.027687 0.000000 0.056141 0.781529 -0.621337 13.816900 0.009246 0.621885 0.783054 0.000000 0.000000 0.000000 0.000000 1.000000
0.998355 -0.050714 0.026742 0.000000 0.056336 0.781151 -0.621796 13.816900 0.010644 0.622280 0.782723 0.000000 0.000000 0.000000 0.000000 1.000000
0.998374 -0.050009 0.027362 -0.000000 0.056168 0.781018 -0.621977 13.816900 0.009734 0.622502 0.782557 0.000000 0.000000 0.000000 0.000000 1.000000
0.998380 -0.049796 0.027529 0.000000 0.056102 0.780768 -0.622297 13.816900 0.009494 0.622833 0.782297 -0.000000 0.000000 0.000000 0.000000 1.000000
0.998353 -0.050893 0.026496 0.000000 0.056307 0.780279 -0.622892 13.816900 0.011027 0.623358 0.781859 0.000000 0.000000 0.000000 0.000000 1.000000
0.998350 -0.050977 0.026418 0.000000 0.056325 0.780264 -0.622909 13.816900 0.011141 0.623370 0.781848 0.000000 0.000000 0.000000 0.000000 1.000000
0.998361 -0.050647 0.026657 0.000000 0.056205 0.779666 -0.623668 13.816900 0.010803 0.624144 0.781234 0.000000 0.000000 0.000000 0.000000 1.000000
0.998349 -0.051185 0.026075 0.000000 0.056243 0.778634 -0.624953 13.816900 0.011686 0.625387 0.780227 0.000000 0.000000 0.000000 0.000000 1.000000
0.998317 -0.052326 0.024987 0.000000 0.056438 0.777931 -0.625809 13.816900 0.013308 0.626167 0.779576 -0.000000 0.000000 0.000000 0.000000 1.000000
0.998360 -0.050712 0.026554 -0.000000 0.056184 0.779211 -0.624239 13.816900 0.010966 0.624707 0.780782 -0.000000 0.000000 0.000000 0.000000 1.000000
0.998360 -0.050720 0.026546 0.000000 0.056184 0.779175 -0.624283 13.816900 0.010980 0.624751 0.780747 0.000000 0.000000 0.000000 0.000000 1.000000
0.998349 -0.051136 0.026171 0.000000 0.056274 0.779155 -0.624301 13.816900 0.011533 0.624742 0.780746 0.000000 0.000000 0.000000 0.000000 1.000000
0.998339 -0.051468 0.025900 -0.000000 0.056370 0.779448 -0.623925 13.816900 0.011924 0.624349 0.781055 0.000000 0.000000 0.000000 0.000000 1.000000
0.998349 -0.051058 0.026323 0.000000 0.056324 0.780016 -0.623220 13.816900 0.011288 0.623673 0.781604 0.000000 0.000000 0.000000 0.000000 1.000000
0.998359 -0.050676 0.026684 0.000000 0.056255 0.780223 -0.622966 13.816900 0.010750 0.623445 0.781793 -0.000000 0.000000 0.000000 0.000000 1.000000
0.998342 -0.051282 0.026146 0.000000 0.056394 0.780272 -0.622893 13.816900 0.011542 0.623335 0.781870 -0.000000 0.000000 0.000000 0.000000 1.000000
0.998327 -0.051816 0.025639 -0.000000 0.056489 0.779969 -0.623264 13.816900 0.012297 0.623670 0.781591 -0.000000 0.000000 0.000000 0.000000 1.000000</float_array>
        <technique_common>
          <accessor source="#mixamorig_RightToeBase-Matrix-animation-output-transform-array" count="56" stride="16">
            <param type="float4x4"/>
          </accessor>
        </technique_common>
      </source>
      <source id="mixamorig_RightToeBase-Interpolations">
        <Name_array id="mixamorig_RightToeBase-Interpolations-array" count="56">
 LINEAR LINEAR LINEAR LINEAR LINEAR LINEAR LINEAR LINEAR LINEAR LINEAR LINEAR
LINEAR LINEAR LINEAR LINEAR LINEAR LINEAR LINEAR LINEAR LINEAR LINEAR LINEAR LINEAR
LINEAR LINEAR LINEAR LINEAR LINEAR LINEAR LINEAR LINEAR LINEAR LINEAR LINEAR LINEAR
LINEAR LINEAR LINEAR LINEAR LINEAR LINEAR LINEAR LINEAR LINEAR LINEAR LINEAR LINEAR
LINEAR LINEAR LINEAR LINEAR LINEAR LINEAR LINEAR LINEAR LINEAR</Name_array>
        <technique_common>
          <accessor source="#mixamorig_RightToeBase-Interpolations-array" count="56">
            <param type="name"/>
          </accessor>
        </technique_common>
      </source>
      <sampler id="mixamorig_RightToeBase-Matrix-animation-transform">
        <input semantic="INPUT" source="#mixamorig_RightToeBase-Matrix-animation-input"/>
        <input semantic="OUTPUT" source="#mixamorig_RightToeBase-Matrix-animation-output-transform"/>
        <input semantic="INTERPOLATION" source="#mixamorig_RightToeBase-Interpolations"/>
      </sampler>
      <channel source="#mixamorig_RightToeBase-Matrix-animation-transform" target="mixamorig_RightToeBase/matrix"/>
    </animation>
    <animation id="mixamorig_LeftUpLeg-anim" name="mixamorig_LeftUpLeg">
      <source id="mixamorig_LeftUpLeg-Matrix-animation-input">
        <float_array id="mixamorig_LeftUpLeg-Matrix-animation-input-array" count="56">

0.000000 0.033333 0.066667 0.100000 0.133333 0.166667 0.200000 0.233333 0.266667 0.300000 0.333333 0.366667 0.400000 0.433333 0.466667 0.500000
0.533333 0.566667 0.600000 0.633333 0.666667 0.700000 0.733333 0.766667 0.800000 0.833333 0.866667 0.900000 0.933333 0.966667 1.000000 1.033333
1.066667 1.100000 1.133333 1.166667 1.200000 1.233333 1.266667 1.300000 1.333333 1.366667 1.400000 1.433333 1.466667 1.500000 1.533333 1.566667
1.600000 1.633333 1.666667 1.700000 1.733333 1.766667 1.800000 1.833333</float_array>
        <technique_common>
          <accessor source="#mixamorig_LeftUpLeg-Matrix-animation-input-array" count="56">
            <param name="TIME" type="float"/>
          </accessor>
        </technique_common>
      </source>
      <source id="mixamorig_LeftUpLeg-Matrix-animation-output-transform">
        <float_array id="mixamorig_LeftUpLeg-Matrix-animation-output-transform-array" count="896">

-0.656801 0.572435 0.490847 8.207800 0.049723 -0.616641 0.785672 -6.771800 0.752423 0.540437 0.376548 -1.512200 0.000000 0.000000 0.000000 1.000000
-0.656020 0.573558 0.490580 8.207800 0.047703 -0.617186 0.785370 -6.771800 0.753235 0.538620 0.377526 -1.512200 0.000000 0.000000 0.000000 1.000000
-0.654878 0.574339 0.491192 8.207800 0.044930 -0.619214 0.783935 -6.771800 0.754398 0.535452 0.379705 -1.512200 0.000000 0.000000 0.000000 1.000000
-0.653697 0.573757 0.493441 8.207800 0.042341 -0.623295 0.780840 -6.771800 0.755571 0.531325 0.383152 -1.512200 0.000000 0.000000 0.000000 1.000000
-0.652561 0.572017 0.496952 8.207800 0.040087 -0.628857 0.776487 -6.771800 0.756675 0.526626 0.387437 -1.512200 0.000000 0.000000 0.000000 1.000000
-0.651629 0.568903 0.501726 8.207800 0.038564 -0.635736 0.770942 -6.771800 0.757557 0.521717 0.392325 -1.512200 0.000000 0.000000 0.000000 1.000000
-0.650500 0.564847 0.507737 8.207800 0.036763 -0.644310 0.763881 -6.771800 0.758616 0.515570 0.398358 -1.512200 0.000000 0.000000 0.000000 1.000000
-0.649199 0.560481 0.514200 8.207800 0.034608 -0.653563 0.756081 -6.771800 0.759831 0.508642 0.404895 -1.512200 0.000000 0.000000 0.000000 1.000000
-0.647840 0.555707 0.521050 8.207800 0.032375 -0.663291 0.747661 -6.771800 0.761088 0.501234 0.411715 -1.512200 0.000000 0.000000 0.000000 1.000000
-0.646886 0.550083 0.528155 8.207800 0.031164 -0.672935 0.739045 -6.771800 0.761950 0.494537 0.418170 -1.512200 0.000000 0.000000 0.000000 1.000000
-0.646461 0.544160 0.534769 8.207800 0.031132 -0.681527 0.731131 -6.771800 0.762311 0.489296 0.423640 -1.512200 0.000000 0.000000 0.000000 1.000000
-0.646801 0.537960 0.540599 8.207800 0.032803 -0.688556 0.724441 -6.771800 0.761953 0.486303 0.427712 -1.512200 0.000000 0.000000 0.000000 1.000000
-0.646701 0.533621 0.545001 8.207800 0.033183 -0.694168 0.719048 -6.771800 0.762021 0.483094 0.431212 -1.512200 0.000000 0.000000 0.000000 1.000000
-0.646936 0.529928 0.548316 8.207800 0.034204 -0.698171 0.715113 -6.771800 0.761777 0.481387 0.433546 -1.512200 0.000000 0.000000 0.000000 1.000000
-0.647043 0.526759 0.551236 8.207800 0.034869 -0.701776 0.711544 -6.771800 0.761656 0.479620 0.435712 -1.512200 0.000000 0.000000 0.000000 1.000000
-0.646977 0.524152 0.553792 8.207800 0.035076 -0.705048 0.708291 -6.771800 0.761702 0.477673 0.437765 -1.512200 0.000000 0.000000 0.000000 1.000000
-0.646626 0.522225 0.556018 8.207800 0.034551 -0.708110 0.705256 -6.771800 0.762024 0.475248 0.439839 -1.512200 0.000000 0.000000 0.000000 1.000000
-0.646508 0.519906 0.558323 8.207800 0.034599 -0.711102 0.702237 -6.771800 0.762122 0.473319 0.441745 -1.512200 0.000000 0.000000 0.000000 1.000000
-0.646854 0.517212 0.560421 8.207800 0.035733 -0.713506 0.699738 -6.771800 0.761776 0.472653 0.443053 -1.512200 0.000000 0.000000 0.000000 1.000000
-0.647356 0.513878 0.562903 8.207800 0.037289 -0.716298 0.696797 -6.771800 0.761275 0.472066 0.444538 -1.512200 0.000000 0.000000 0.000000 1.000000
-0.647857 0.510620 0.565287 8.207800 0.038810 -0.718989 0.693937 -6.771800 0.760773 0.471511 0.445984 -1.512200 0.000000 0.000000 0.000000 1.000000
-0.648283 0.508092 0.567074 8.207800 0.040043 -0.720996 0.691782 -6.771800 0.760346 0.471177 0.447063 -1.512200 0.000000 0.000000 0.000000 1.000000
-0.648724 0.505671 0.568730 8.207800 0.041282 -0.722839 0.689782 -6.771800 0.759903 0.470957 0.448048 -1.512200 0.000000 0.000000 0.000000 1.000000
-0.649074 0.504210 0.569628 8.207800 0.042180 -0.723790 0.688730 -6.771800 0.759555 0.471063 0.448525 -1.512200 0.000000 0.000000 0.000000 1.000000
-0.649230 0.503585 0.570003 8.207800 0.042544 -0.724203 0.688274 -6.771800 0.759402 0.471098 0.448749 -1.512200 0.000000 0.000000 0.000000 1.000000
-0.649292 0.503581 0.569935 8.207800 0.042654 -0.724092 0.688384 -6.771800 0.759342 0.471272 0.448668 -1.512200 0.000000 0.000000 0.000000 1.000000
-0.649103 0.504568 0.569277 8.207800 0.042105 -0.723381 0.689164 -6.771800 0.759534 0.471308 0.448304 -1.512200 0.000000 0.000000 0.000000 1.000000
-0.648937 0.505875 0.568306 8.207800 0.041606 -0.722232 0.690399 -6.771800 0.759704 0.471670 0.447635 -1.512200 0.000000 0.000000 0.000000 1.000000
-0.648734 0.507994 0.566645 8.207800 0.040943 -0.720215 0.692542 -6.771800 0.759913 0.472475 0.446429 -1.512200 0.000000 0.000000 0.000000 1.000000
-0.648736 0.510798 0.564117 8.207800 0.040675 -0.716937 0.695951 -6.771800 0.759926 0.474434 0.444326 -1.512200 0.000000 0.000000 0.000000 1.000000
-0.649301 0.513386 0.561109 8.207800 0.041714 -0.712635 0.700294 -6.771800 0.759387 0.478107 0.441299 -1.512200 0.000000 0.000000 0.000000 1.000000
-0.650600 0.515558 0.557601 8.207800 0.044471 -0.707121 0.705693 -6.771800 0.758117 0.483921 0.437126 -1.512200 0.000000 0.000000 0.000000 1.000000
-0.651681 0.518413 0.553679 8.207800 0.046652 -0.701195 0.711442 -6.771800 0.757057 0.489463 0.432770 -1.512200 0.000000 0.000000 0.000000 1.000000
-0.652499 0.521086 0.550195 8.207800 0.048277 -0.695993 0.716424 -6.771800 0.756250 0.494028 0.428978 -1.512200 0.000000 0.000000 0.000000 1.000000
-0.653400 0.523590 0.546738 8.207800 0.050133 -0.690717 0.721386 -6.771800 0.755351 0.498763 0.425065 -1.512200 0.000000 0.000000 0.000000 1.000000
-0.653755 0.526293 0.543710 8.207800 0.050681 -0.686455 0.725404 -6.771800 0.755007 0.501792 0.422100 -1.512200 0.000000 0.000000 0.000000 1.000000
-0.654129 0.528036 0.541565 8.207800 0.051436 -0.683282 0.728340 -6.771800 0.754632 0.504284 0.419795 -1.512200 0.000000 0.000000 0.000000 1.000000
-0.654256 0.530291 0.539203 8.207800 0.051482 -0.680091 0.731318 -6.771800 0.754519 0.506228 0.417653 -1.512200 0.000000 0.000000 0.000000 1.000000
-0.654521 0.532267 0.536931 8.207800 0.051892 -0.676883 0.734259 -6.771800 0.754261 0.508450 0.415414 -1.512200 0.000000 0.000000 0.000000 1.000000
-0.654818 0.533985 0.534859 8.207800 0.052405 -0.673902 0.736960 -6.771800 0.753968 0.510604 0.413300 -1.512200 0.000000 0.000000 0.000000 1.000000
-0.654509 0.537606 0.531598 8.207800 0.051095 -0.670063 0.740544 -6.771800 0.754325 0.511855 0.411093 -1.512200 0.000000 0.000000 0.000000 1.000000
-0.654809 0.539289 0.529520 8.207800 0.051548 -0.667117 0.743168 -6.771800 0.754034 0.513929 0.409035 -1.512200 0.000000 0.000000 0.000000 1.000000
-0.654711 0.542593 0.526257 8.207800 0.050726 -0.663110 0.746801 -6.771800 0.754176 0.515634 0.406621 -1.512200 0.000000 0.000000 0.000000 1.000000
-0.654803 0.545984 0.522622 8.207800 0.050309 -0.658462 0.750930 -6.771800 0.754123 0.518004 0.403695 -1.512200 0.000000 0.000000 0.000000 1.000000
-0.655040 0.549027 0.519126 8.207800 0.050287 -0.653843 0.754957 -6.771800 0.753919 0.520633 0.400685 -1.512200 0.000000 0.000000 0.000000 1.000000
-0.655266 0.552642 0.514988 8.207800 0.050111 -0.648441 0.759614 -6.771800 0.753734 0.523556 0.397208 -1.512200 0.000000 0.000000 0.000000 1.000000
-0.655500 0.556247 0.510793 8.207800 0.049951 -0.642955 0.764273 -6.771800 0.753542 0.526495 0.393672 -1.512200 0.000000 0.000000 0.000000 1.000000
-0.655576 0.559881 0.506708 8.207800 0.049418 -0.637773 0.768637 -6.771800 0.753510 0.528941 0.390440 -1.512200 0.000000 0.000000 0.000000 1.000000
-0.655294 0.563440 0.503116 8.207800 0.048066 -0.633596 0.772169 -6.771800 0.753843 0.530180 0.388109 -1.512200 0.000000 0.000000 0.000000 1.000000
-0.655069 0.566744 0.499686 8.207800 0.046886 -0.629572 0.775526 -6.771800 0.754113 0.531451 0.385841 -1.512200 0.000000 0.000000 0.000000 1.000000
-0.655438 0.568519 0.497178 8.207800 0.047374 -0.626053 0.778340 -6.771800 0.753761 0.533707 0.383406 -1.512200 0.000000 0.000000 0.000000 1.000000
-0.656014 0.569424 0.495380 8.207800 0.048520 -0.623176 0.780575 -6.771800 0.753187 0.536104 0.381184 -1.512200 0.000000 0.000000 0.000000 1.000000
-0.656357 0.570399 0.493803 8.207800 0.049115 -0.620826 0.782408 -6.771800 0.752850 0.537792 0.379469 -1.512200 0.000000 0.000000 0.000000 1.000000
-0.656611 0.571231 0.492501 8.207800 0.049530 -0.618919 0.783892 -6.771800 0.752601 0.539105 0.378096 -1.512200 0.000000 0.000000 0.000000 1.000000
-0.656792 0.571961 0.491411 8.207800 0.049799 -0.617354 0.785108 -6.771800 0.752426 0.540124 0.376990 -1.512200 0.000000 0.000000 0.000000 1.000000
-0.656801 0.572435 0.490846 8.207800 0.049722 -0.616641 0.785673 -6.771800 0.752423 0.540437 0.376548 -1.512200 0.000000 0.000000 0.000000 1.000000</float_array>
        <technique_common>
          <accessor source="#mixamorig_LeftUpLeg-Matrix-animation-output-transform-array" count="56" stride="16">
            <param type="float4x4"/>
          </accessor>
        </technique_common>
      </source>
      <source id="mixamorig_LeftUpLeg-Interpolations">
        <Name_array id="mixamorig_LeftUpLeg-Interpolations-array" count="56">
 LINEAR LINEAR LINEAR LINEAR LINEAR LINEAR LINEAR LINEAR LINEAR LINEAR LINEAR
LINEAR LINEAR LINEAR LINEAR LINEAR LINEAR LINEAR LINEAR LINEAR LINEAR LINEAR LINEAR
LINEAR LINEAR LINEAR LINEAR LINEAR LINEAR LINEAR LINEAR LINEAR LINEAR LINEAR LINEAR
LINEAR LINEAR LINEAR LINEAR LINEAR LINEAR LINEAR LINEAR LINEAR LINEAR LINEAR LINEAR
LINEAR LINEAR LINEAR LINEAR LINEAR LINEAR LINEAR LINEAR LINEAR</Name_array>
        <technique_common>
          <accessor source="#mixamorig_LeftUpLeg-Interpolations-array" count="56">
            <param type="name"/>
          </accessor>
        </technique_common>
      </source>
      <sampler id="mixamorig_LeftUpLeg-Matrix-animation-transform">
        <input semantic="INPUT" source="#mixamorig_LeftUpLeg-Matrix-animation-input"/>
        <input semantic="OUTPUT" source="#mixamorig_LeftUpLeg-Matrix-animation-output-transform"/>
        <input semantic="INTERPOLATION" source="#mixamorig_LeftUpLeg-Interpolations"/>
      </sampler>
      <channel source="#mixamorig_LeftUpLeg-Matrix-animation-transform" target="mixamorig_LeftUpLeg/matrix"/>
    </animation>
    <animation id="mixamorig_LeftLeg-anim" name="mixamorig_LeftLeg">
      <source id="mixamorig_LeftLeg-Matrix-animation-input">
        <float_array id="mixamorig_LeftLeg-Matrix-animation-input-array" count="56">

0.000000 0.033333 0.066667 0.100000 0.133333 0.166667 0.200000 0.233333 0.266667 0.300000 0.333333 0.366667 0.400000 0.433333 0.466667 0.500000
0.533333 0.566667 0.600000 0.633333 0.666667 0.700000 0.733333 0.766667 0.800000 0.833333 0.866667 0.900000 0.933333 0.966667 1.000000 1.033333
1.066667 1.100000 1.133333 1.166667 1.200000 1.233333 1.266667 1.300000 1.333333 1.366667 1.400000 1.433333 1.466667 1.500000 1.533333 1.566667
1.600000 1.633333 1.666667 1.700000 1.733333 1.766667 1.800000 1.833333</float_array>
        <technique_common>
          <accessor source="#mixamorig_LeftLeg-Matrix-animation-input-array" count="56">
            <param name="TIME" type="float"/>
          </accessor>
        </technique_common>
      </source>
      <source id="mixamorig_LeftLeg-Matrix-animation-output-transform">
        <float_array id="mixamorig_LeftLeg-Matrix-animation-output-transform-array" count="896">

0.939563 -0.075140 0.334028 0.000000 -0.201025 0.668672 0.715868 44.371399 -0.277145 -0.739751 0.613155 0.000000 0.000000 0.000000 0.000000 1.000000
0.939304 -0.075206 0.334741 0.000000 -0.201814 0.667906 0.716361 44.371399 -0.277450 -0.740436 0.612189 0.000000 0.000000 0.000000 0.000000 1.000000
0.939318 -0.075137 0.334719 -0.000000 -0.201558 0.668658 0.715731 44.371399 -0.277590 -0.739764 0.612938 0.000000 0.000000 0.000000 0.000000 1.000000
0.939743 -0.074763 0.333606 0.000000 -0.199531 0.672430 0.712759 44.371399 -0.277615 -0.736375 0.616994 0.000000 0.000000 0.000000 0.000000 1.000000
0.940445 -0.074171 0.331754 0.000000 -0.195946 0.679202 0.707312 44.371399 -0.277790 -0.730194 0.624219 -0.000000 0.000000 0.000000 0.000000 1.000000
0.941371 -0.073290 0.329315 -0.000000 -0.191115 0.688549 0.699554 44.371399 -0.278020 -0.721477 0.634173 0.000000 0.000000 0.000000 0.000000 1.000000
0.942543 -0.072187 0.326194 -0.000000 -0.185124 0.699920 0.689812 44.371399 -0.278105 -0.710564 0.646341 0.000000 0.000000 0.000000 0.000000 1.000000
0.943823 -0.070970 0.322740 0.000000 -0.178650 0.712046 0.679024 44.371399 -0.277996 -0.698537 0.659367 0.000000 0.000000 0.000000 0.000000 1.000000
0.944969 -0.069647 0.319661 0.000000 -0.172258 0.724751 0.667130 44.371399 -0.278138 -0.685481 0.672870 -0.000000 0.000000 0.000000 0.000000 1.000000
0.945873 -0.068302 0.317267 0.000000 -0.166438 0.737158 0.654902 44.371399 -0.278607 -0.672259 0.685890 0.000000 0.000000 0.000000 0.000000 1.000000
0.946607 -0.067064 0.315337 0.000000 -0.161383 0.748179 0.643571 44.371399 -0.279089 -0.660098 0.697409 -0.000000 0.000000 0.000000 0.000000 1.000000
0.947441 -0.065997 0.313049 0.000000 -0.156675 0.757418 0.633854 44.371399 -0.278941 -0.649586 0.707269 0.000000 0.000000 0.000000 0.000000 1.000000
0.948110 -0.065135 0.311198 0.000000 -0.152934 0.764689 0.625989 44.371399 -0.278743 -0.641099 0.715048 0.000000 0.000000 0.000000 0.000000 1.000000
0.948706 -0.064512 0.309507 0.000000 -0.150027 0.769859 0.620329 44.371399 -0.278296 -0.634945 0.720692 0.000000 0.000000 0.000000 0.000000 1.000000
0.949192 -0.064072 0.308107 -0.000000 -0.147859 0.773460 0.616358 44.371399 -0.277800 -0.630598 0.724688 0.000000 0.000000 0.000000 0.000000 1.000000
0.949571 -0.063796 0.306992 -0.000000 -0.146348 0.775718 0.613877 44.371399 -0.277302 -0.627847 0.727263 0.000000 0.000000 0.000000 0.000000 1.000000
0.949840 -0.063608 0.306201 -0.000000 -0.145305 0.777242 0.612195 44.371399 -0.276932 -0.625979 0.729012 0.000000 0.000000 0.000000 0.000000 1.000000
0.950142 -0.063391 0.305306 0.000000 -0.144118 0.778989 0.610251 44.371399 -0.276515 -0.623825 0.731014 0.000000 0.000000 0.000000 0.000000 1.000000
0.950479 -0.063102 0.304314 0.000000 -0.142676 0.781294 0.607638 44.371399 -0.276102 -0.620965 0.733601 0.000000 0.000000 0.000000 0.000000 1.000000
0.950407 -0.062727 0.304619 -0.000000 -0.141857 0.784201 0.604074 44.371399 -0.276774 -0.617328 0.736412 -0.000000 0.000000 0.000000 0.000000 1.000000
0.950178 -0.062279 0.305424 0.000000 -0.141166 0.787619 0.599773 44.371399 -0.277911 -0.613006 0.739587 0.000000 0.000000 0.000000 0.000000 1.000000
0.949977 -0.061803 0.306142 0.000000 -0.140342 0.791215 0.595217 44.371399 -0.279011 -0.608407 0.742963 -0.000000 0.000000 0.000000 0.000000 1.000000
0.949552 -0.061308 0.307558 -0.000000 -0.139913 0.794879 0.590417 44.371399 -0.280669 -0.603663 0.746201 0.000000 0.000000 0.000000 0.000000 1.000000
0.948951 -0.060894 0.309490 -0.000000 -0.140022 0.797886 0.586320 44.371399 -0.282641 -0.599725 0.748628 -0.000000 0.000000 0.000000 0.000000 1.000000
0.948248 -0.060608 0.311693 0.000000 -0.140640 0.799914 0.583403 44.371399 -0.284686 -0.597047 0.749993 -0.000000 0.000000 0.000000 0.000000 1.000000
0.947456 -0.060507 0.314110 -0.000000 -0.141893 0.800564 0.582207 44.371399 -0.286693 -0.596185 0.749913 0.000000 0.000000 0.000000 0.000000 1.000000
0.946722 -0.060589 0.316301 0.000000 -0.143506 0.799881 0.582749 44.371399 -0.288311 -0.597092 0.748570 0.000000 0.000000 0.000000 0.000000 1.000000
0.945996 -0.060880 0.318412 0.000000 -0.145656 0.797661 0.585253 44.371399 -0.289615 -0.600026 0.745716 -0.000000 0.000000 0.000000 0.000000 1.000000
0.945278 -0.061375 0.320440 0.000000 -0.148347 0.793900 0.589674 44.371399 -0.290588 -0.604942 0.741352 0.000000 0.000000 0.000000 0.000000 1.000000
0.944660 -0.062098 0.322120 -0.000000 -0.151496 0.788364 0.596265 44.371399 -0.290975 -0.612067 0.735328 -0.000000 0.000000 0.000000 0.000000 1.000000
0.944126 -0.062941 0.323519 0.000000 -0.154849 0.781799 0.603997 44.371399 -0.290943 -0.620346 0.728370 0.000000 0.000000 0.000000 0.000000 1.000000
0.943467 -0.063826 0.325264 0.000000 -0.158599 0.774743 0.612062 44.371399 -0.291061 -0.629047 0.720821 -0.000000 0.000000 0.000000 0.000000 1.000000
0.942597 -0.064771 0.327591 0.000000 -0.162980 0.767000 0.620604 44.371399 -0.291459 -0.638370 0.712415 0.000000 0.000000 0.000000 0.000000 1.000000
0.941831 -0.065703 0.329603 0.000000 -0.167177 0.759185 0.629039 44.371399 -0.291560 -0.647550 0.704040 0.000000 0.000000 0.000000 0.000000 1.000000
0.941275 -0.066639 0.330999 0.000000 -0.171022 0.751167 0.637573 44.371399 -0.291123 -0.656740 0.695658 0.000000 0.000000 0.000000 0.000000 1.000000
0.940758 -0.067475 0.332297 0.000000 -0.174539 0.743832 0.645175 44.371399 -0.290707 -0.664952 0.687989 0.000000 0.000000 0.000000 0.000000 1.000000
0.940346 -0.068225 0.333310 0.000000 -0.177625 0.737118 0.652002 44.371399 -0.290172 -0.672312 0.681027 -0.000000 0.000000 0.000000 0.000000 1.000000
0.940224 -0.068856 0.333523 0.000000 -0.179786 0.731397 0.657826 44.371399 -0.289233 -0.678466 0.675298 0.000000 0.000000 0.000000 0.000000 1.000000
0.939848 -0.069486 0.334452 0.000000 -0.182482 0.725550 0.663534 44.371399 -0.288768 -0.684653 0.669227 0.000000 0.000000 0.000000 0.000000 1.000000
0.939431 -0.070048 0.335504 -0.000000 -0.185073 0.720234 0.668589 44.371399 -0.288474 -0.690186 0.663646 -0.000000 0.000000 0.000000 0.000000 1.000000
0.939542 -0.070544 0.335088 0.000000 -0.186388 0.715543 0.673244 44.371399 -0.287263 -0.694998 0.659134 -0.000000 0.000000 0.000000 0.000000 1.000000
0.939070 -0.070933 0.336327 0.000000 -0.188582 0.711741 0.676655 44.371399 -0.287375 -0.698851 0.654998 -0.000000 0.000000 0.000000 0.000000 1.000000
0.938950 -0.071312 0.336583 0.000000 -0.190027 0.708041 0.680123 44.371399 -0.286815 -0.702562 0.651263 -0.000000 0.000000 0.000000 0.000000 1.000000
0.939111 -0.071663 0.336059 0.000000 -0.190803 0.704618 0.683453 44.371399 -0.285772 -0.705959 0.648041 -0.000000 0.000000 0.000000 0.000000 1.000000
0.939172 -0.071999 0.335815 0.000000 -0.191739 0.701303 0.686593 44.371399 -0.284942 -0.709218 0.644839 0.000000 0.000000 0.000000 0.000000 1.000000
0.939214 -0.072383 0.335615 -0.000000 -0.192873 0.697465 0.690176 44.371399 -0.284037 -0.712954 0.641108 0.000000 0.000000 0.000000 0.000000 1.000000
0.939302 -0.072796 0.335281 0.000000 -0.194005 0.693304 0.694041 44.371399 -0.282975 -0.716960 0.637098 0.000000 0.000000 0.000000 0.000000 1.000000
0.939501 -0.073232 0.334626 0.000000 -0.194977 0.688864 0.698176 44.371399 -0.281640 -0.721182 0.632910 0.000000 0.000000 0.000000 0.000000 1.000000
0.939693 -0.073622 0.334001 0.000000 -0.195816 0.684854 0.701877 44.371399 -0.280415 -0.724952 0.629136 -0.000000 0.000000 0.000000 0.000000 1.000000
0.939905 -0.073974 0.333326 -0.000000 -0.196492 0.681198 0.705238 44.371399 -0.279230 -0.728352 0.625726 0.000000 0.000000 0.000000 0.000000 1.000000
0.940024 -0.074275 0.332924 0.000000 -0.197204 0.678034 0.708083 44.371399 -0.278326 -0.731268 0.622721 0.000000 0.000000 0.000000 0.000000 1.000000
0.940041 -0.074531 0.332820 -0.000000 -0.197996 0.675310 0.710461 44.371399 -0.277708 -0.733759 0.620062 -0.000000 0.000000 0.000000 0.000000 1.000000
0.940045 -0.074747 0.332759 0.000000 -0.198689 0.672988 0.712468 44.371399 -0.277198 -0.735867 0.617787 0.000000 0.000000 0.000000 0.000000 1.000000
0.940021 -0.074926 0.332787 0.000000 -0.199322 0.671057 0.714110 44.371399 -0.276824 -0.737610 0.615873 0.000000 0.000000 0.000000 0.000000 1.000000
0.939923 -0.075076 0.333030 0.000000 -0.200028 0.669414 0.715453 44.371399 -0.276648 -0.739086 0.614180 0.000000 0.000000 0.000000 0.000000 1.000000
0.939564 -0.075140 0.334027 0.000000 -0.201025 0.668671 0.715869 44.371399 -0.277145 -0.739752 0.613154 -0.000000 0.000000 0.000000 0.000000 1.000000</float_array>
        <technique_common>
          <accessor source="#mixamorig_LeftLeg-Matrix-animation-output-transform-array" count="56" stride="16">
            <param type="float4x4"/>
          </accessor>
        </technique_common>
      </source>
      <source id="mixamorig_LeftLeg-Interpolations">
        <Name_array id="mixamorig_LeftLeg-Interpolations-array" count="56">
 LINEAR LINEAR LINEAR LINEAR LINEAR LINEAR LINEAR LINEAR LINEAR LINEAR LINEAR
LINEAR LINEAR LINEAR LINEAR LINEAR LINEAR LINEAR LINEAR LINEAR LINEAR LINEAR LINEAR
LINEAR LINEAR LINEAR LINEAR LINEAR LINEAR LINEAR LINEAR LINEAR LINEAR LINEAR LINEAR
LINEAR LINEAR LINEAR LINEAR LINEAR LINEAR LINEAR LINEAR LINEAR LINEAR LINEAR LINEAR
LINEAR LINEAR LINEAR LINEAR LINEAR LINEAR LINEAR LINEAR LINEAR</Name_array>
        <technique_common>
          <accessor source="#mixamorig_LeftLeg-Interpolations-array" count="56">
            <param type="name"/>
          </accessor>
        </technique_common>
      </source>
      <sampler id="mixamorig_LeftLeg-Matrix-animation-transform">
        <input semantic="INPUT" source="#mixamorig_LeftLeg-Matrix-animation-input"/>
        <input semantic="OUTPUT" source="#mixamorig_LeftLeg-Matrix-animation-output-transform"/>
        <input semantic="INTERPOLATION" source="#mixamorig_LeftLeg-Interpolations"/>
      </sampler>
      <channel source="#mixamorig_LeftLeg-Matrix-animation-transform" target="mixamorig_LeftLeg/matrix"/>
    </animation>
    <animation id="mixamorig_LeftFoot-anim" name="mixamorig_LeftFoot">
      <source id="mixamorig_LeftFoot-Matrix-animation-input">
        <float_array id="mixamorig_LeftFoot-Matrix-animation-input-array" count="56">

0.000000 0.033333 0.066667 0.100000 0.133333 0.166667 0.200000 0.233333 0.266667 0.300000 0.333333 0.366667 0.400000 0.433333 0.466667 0.500000
0.533333 0.566667 0.600000 0.633333 0.666667 0.700000 0.733333 0.766667 0.800000 0.833333 0.866667 0.900000 0.933333 0.966667 1.000000 1.033333
1.066667 1.100000 1.133333 1.166667 1.200000 1.233333 1.266667 1.300000 1.333333 1.366667 1.400000 1.433333 1.466667 1.500000 1.533333 1.566667
1.600000 1.633333 1.666667 1.700000 1.733333 1.766667 1.800000 1.833333</float_array>
        <technique_common>
          <accessor source="#mixamorig_LeftFoot-Matrix-animation-input-array" count="56">
            <param name="TIME" type="float"/>
          </accessor>
        </technique_common>
      </source>
      <source id="mixamorig_LeftFoot-Matrix-animation-output-transform">
        <float_array id="mixamorig_LeftFoot-Matrix-animation-output-transform-array" count="896">

0.987886 0.084081 -0.130432 0.000000 -0.154874 0.587279 -0.794429 44.527802 0.009804 0.805006 0.593186 -0.000000 0.000000 0.000000 0.000000 1.000000
0.987919 0.084370 -0.129988 0.000000 -0.154691 0.587088 -0.794606 44.527802 0.009274 0.805114 0.593047 0.000000 0.000000 0.000000 0.000000 1.000000
0.987833 0.084685 -0.130442 0.000000 -0.155244 0.586985 -0.794574 44.527802 0.009279 0.805156 0.592990 0.000000 0.000000 0.000000 0.000000 1.000000
0.987583 0.085016 -0.132110 -0.000000 -0.156774 0.587487 -0.793902 44.527802 0.010118 0.804755 0.593520 0.000000 0.000000 0.000000 0.000000 1.000000
0.987190 0.085451 -0.134739 0.000000 -0.159126 0.588848 -0.792425 44.527802 0.011627 0.803714 0.594902 0.000000 0.000000 0.000000 0.000000 1.000000
0.986730 0.085822 -0.137832 0.000000 -0.161793 0.591039 -0.790251 44.527802 0.013644 0.802065 0.597082 0.000000 0.000000 0.000000 0.000000 1.000000
0.986155 0.086194 -0.141663 0.000000 -0.165031 0.593619 -0.787643 44.527802 0.016204 0.800117 0.599625 -0.000000 0.000000 0.000000 0.000000 1.000000
0.985539 0.086471 -0.145726 0.000000 -0.168379 0.596291 -0.784911 44.527802 0.019023 0.798098 0.602228 -0.000000 0.000000 0.000000 0.000000 1.000000
0.984977 0.086774 -0.149300 0.000000 -0.171324 0.599383 -0.781913 44.527802 0.021638 0.795745 0.605245 -0.000000 0.000000 0.000000 0.000000 1.000000
0.984550 0.087002 -0.151963 0.000000 -0.173477 0.602716 -0.778870 44.527802 0.023827 0.793198 0.608497 0.000000 0.000000 0.000000 0.000000 1.000000
0.984238 0.087138 -0.153893 0.000000 -0.174986 0.605879 -0.776073 44.527802 0.025615 0.790770 0.611577 0.000000 0.000000 0.000000 0.000000 1.000000
0.983967 0.086854 -0.155774 0.000000 -0.176200 0.608649 -0.773628 44.527802 0.027619 0.788671 0.614194 0.000000 0.000000 0.000000 0.000000 1.000000
0.983758 0.086554 -0.157251 0.000000 -0.177105 0.610608 -0.771876 44.527802 0.029210 0.787189 0.616019 0.000000 0.000000 0.000000 0.000000 1.000000
0.983625 0.086032 -0.158366 0.000000 -0.177613 0.611824 -0.770795 44.527802 0.030579 0.786301 0.617086 0.000000 0.000000 0.000000 0.000000 1.000000
0.983536 0.085474 -0.159219 0.000000 -0.177921 0.612261 -0.770377 44.527802 0.031636 0.786022 0.617389 0.000000 0.000000 0.000000 0.000000 1.000000
0.983492 0.084891 -0.159806 0.000000 -0.178028 0.612095 -0.770484 44.527802 0.032409 0.786215 0.617103 -0.000000 0.000000 0.000000 0.000000 1.000000
0.983473 0.084414 -0.160174 -0.000000 -0.178037 0.611776 -0.770736 44.527802 0.032930 0.786514 0.616694 0.000000 0.000000 0.000000 0.000000 1.000000
0.983403 0.084060 -0.160787 -0.000000 -0.178306 0.611633 -0.770786 44.527802 0.033550 0.786663 0.616470 0.000000 0.000000 0.000000 0.000000 1.000000
0.983296 0.083834 -0.161557 -0.000000 -0.178747 0.612163 -0.770263 44.527802 0.034325 0.786275 0.616923 -0.000000 0.000000 0.000000 0.000000 1.000000
0.983332 0.084022 -0.161241 0.000000 -0.178560 0.613429 -0.769299 44.527802 0.034272 0.785267 0.618208 0.000000 0.000000 0.000000 0.000000 1.000000
0.983407 0.084465 -0.160547 0.000000 -0.178209 0.615330 -0.767861 44.527802 0.033932 0.783731 0.620173 0.000000 0.000000 0.000000 0.000000 1.000000
0.983424 0.085043 -0.160138 0.000000 -0.178146 0.617674 -0.765991 44.527802 0.033771 0.781822 0.622586 0.000000 0.000000 0.000000 0.000000 1.000000
0.983527 0.085835 -0.159084 -0.000000 -0.177700 0.620435 -0.763861 44.527802 0.033135 0.779546 0.625467 -0.000000 0.000000 0.000000 0.000000 1.000000
0.983668 0.086811 -0.157674 0.000000 -0.177102 0.623169 -0.761771 44.527802 0.032128 0.777254 0.628366 0.000000 0.000000 0.000000 0.000000 1.000000
0.983834 0.087817 -0.156070 0.000000 -0.176401 0.625427 -0.760082 44.527802 0.030862 0.775326 0.630807 0.000000 0.000000 0.000000 0.000000 1.000000
0.984052 0.088692 -0.154194 0.000000 -0.175447 0.626858 -0.759123 44.527802 0.029330 0.774069 0.632422 -0.000000 0.000000 0.000000 0.000000 1.000000
0.984241 0.089428 -0.152552 0.000000 -0.174627 0.627347 -0.758908 44.527802 0.027835 0.773588 0.633077 -0.000000 0.000000 0.000000 0.000000 1.000000
0.984449 0.089958 -0.150887 0.000000 -0.173694 0.626892 -0.759498 44.527802 0.026267 0.773895 0.632769 -0.000000 0.000000 0.000000 0.000000 1.000000
0.984674 0.090318 -0.149199 0.000000 -0.172654 0.625776 -0.760655 44.527802 0.024664 0.774756 0.631779 0.000000 0.000000 0.000000 0.000000 1.000000
0.984888 0.090435 -0.147704 0.000000 -0.171629 0.623889 -0.762434 44.527802 0.023200 0.776263 0.629982 0.000000 0.000000 0.000000 0.000000 1.000000
0.985099 0.090350 -0.146345 -0.000000 -0.170585 0.621791 -0.764380 44.527802 0.021934 0.777954 0.627938 0.000000 0.000000 0.000000 0.000000 1.000000
0.985394 0.090268 -0.144394 0.000000 -0.169068 0.619889 -0.766259 44.527802 0.020340 0.779480 0.626097 0.000000 0.000000 0.000000 0.000000 1.000000
0.985755 0.090241 -0.141927 0.000000 -0.167183 0.617805 -0.768353 44.527802 0.018347 0.781136 0.624091 -0.000000 0.000000 0.000000 0.000000 1.000000
0.986046 0.090182 -0.139933 0.000000 -0.165643 0.615432 -0.770588 44.527802 0.016626 0.783014 0.621782 0.000000 0.000000 0.000000 0.000000 1.000000
0.986269 0.090033 -0.138446 0.000000 -0.164442 0.612758 -0.772973 44.527802 0.015241 0.785125 0.619149 -0.000000 0.000000 0.000000 0.000000 1.000000
0.986457 0.089912 -0.137181 -0.000000 -0.163422 0.610182 -0.775224 44.527802 0.014004 0.787143 0.616611 0.000000 0.000000 0.000000 0.000000 1.000000
0.986627 0.089732 -0.136069 0.000000 -0.162480 0.607632 -0.777421 44.527802 0.012920 0.789134 0.614086 0.000000 0.000000 0.000000 0.000000 1.000000
0.986688 0.089546 -0.135750 0.000000 -0.162150 0.605458 -0.779184 44.527802 0.012418 0.790824 0.611918 0.000000 0.000000 0.000000 0.000000 1.000000
0.986839 0.089382 -0.134760 0.000000 -0.161300 0.603218 -0.781096 44.527802 0.011474 0.792552 0.609696 0.000000 0.000000 0.000000 0.000000 1.000000
0.987005 0.089204 -0.133652 0.000000 -0.160341 0.601279 -0.782787 44.527802 0.010534 0.794044 0.607768 0.000000 0.000000 0.000000 0.000000 1.000000
0.986916 0.089171 -0.134332 0.000000 -0.160886 0.599409 -0.784107 44.527802 0.010600 0.795460 0.605913 0.000000 0.000000 0.000000 0.000000 1.000000
0.987078 0.089245 -0.133087 0.000000 -0.159952 0.598479 -0.785008 44.527802 0.009592 0.796152 0.605021 0.000000 0.000000 0.000000 0.000000 1.000000
0.987091 0.089291 -0.132960 -0.000000 -0.159891 0.597515 -0.785755 44.527802 0.009284 0.796870 0.604079 0.000000 0.000000 0.000000 0.000000 1.000000
0.987036 0.089119 -0.133481 0.000000 -0.160211 0.596706 -0.786304 44.527802 0.009574 0.797496 0.603248 0.000000 0.000000 0.000000 0.000000 1.000000
0.987045 0.088930 -0.133542 0.000000 -0.160153 0.596109 -0.786769 44.527802 0.009638 0.797963 0.602629 -0.000000 0.000000 0.000000 0.000000 1.000000
0.987102 0.088564 -0.133364 -0.000000 -0.159799 0.595496 -0.787305 44.527802 0.009691 0.798462 0.601968 0.000000 0.000000 0.000000 0.000000 1.000000
0.987148 0.088070 -0.133354 0.000000 -0.159505 0.594618 -0.788028 44.527802 0.009894 0.799170 0.601023 0.000000 0.000000 0.000000 0.000000 1.000000
0.987175 0.087499 -0.133530 0.000000 -0.159317 0.593489 -0.788916 44.527802 0.010219 0.800072 0.599818 0.000000 0.000000 0.000000 0.000000 1.000000
0.987197 0.086959 -0.133713 0.000000 -0.159156 0.592289 -0.789850 44.527802 0.010512 0.801020 0.598546 0.000000 0.000000 0.000000 0.000000 1.000000
0.987220 0.086474 -0.133858 0.000000 -0.158997 0.591177 -0.790714 44.527802 0.010757 0.801892 0.597372 0.000000 0.000000 0.000000 0.000000 1.000000
0.987319 0.085801 -0.133562 0.000000 -0.158371 0.590317 -0.791482 44.527802 0.010934 0.802598 0.596420 0.000000 0.000000 0.000000 0.000000 1.000000
0.987472 0.085108 -0.132874 0.000000 -0.157416 0.589592 -0.792213 44.527802 0.010918 0.803205 0.595603 0.000000 0.000000 0.000000 0.000000 1.000000
0.987589 0.084575 -0.132342 -0.000000 -0.156681 0.588895 -0.792877 44.527802 0.010878 0.803772 0.594838 0.000000 0.000000 0.000000 0.000000 1.000000
0.987678 0.084204 -0.131918 0.000000 -0.156130 0.588203 -0.793499 44.527802 0.010779 0.804318 0.594101 0.000000 0.000000 0.000000 0.000000 1.000000
0.987760 0.083989 -0.131441 0.000000 -0.155627 0.587553 -0.794079 44.527802 0.010535 0.804815 0.593432 0.000000 0.000000 0.000000 0.000000 1.000000
0.987886 0.084081 -0.130433 0.000000 -0.154874 0.587278 -0.794430 44.527802 0.009804 0.805006 0.593185 0.000000 0.000000 0.000000 0.000000 1.000000</float_array>
        <technique_common>
          <accessor source="#mixamorig_LeftFoot-Matrix-animation-output-transform-array" count="56" stride="16">
            <param type="float4x4"/>
          </accessor>
        </technique_common>
      </source>
      <source id="mixamorig_LeftFoot-Interpolations">
        <Name_array id="mixamorig_LeftFoot-Interpolations-array" count="56">
 LINEAR LINEAR LINEAR LINEAR LINEAR LINEAR LINEAR LINEAR LINEAR LINEAR LINEAR
LINEAR LINEAR LINEAR LINEAR LINEAR LINEAR LINEAR LINEAR LINEAR LINEAR LINEAR LINEAR
LINEAR LINEAR LINEAR LINEAR LINEAR LINEAR LINEAR LINEAR LINEAR LINEAR LINEAR LINEAR
LINEAR LINEAR LINEAR LINEAR LINEAR LINEAR LINEAR LINEAR LINEAR LINEAR LINEAR LINEAR
LINEAR LINEAR LINEAR LINEAR LINEAR LINEAR LINEAR LINEAR LINEAR</Name_array>
        <technique_common>
          <accessor source="#mixamorig_LeftFoot-Interpolations-array" count="56">
            <param type="name"/>
          </accessor>
        </technique_common>
      </source>
      <sampler id="mixamorig_LeftFoot-Matrix-animation-transform">
        <input semantic="INPUT" source="#mixamorig_LeftFoot-Matrix-animation-input"/>
        <input semantic="OUTPUT" source="#mixamorig_LeftFoot-Matrix-animation-output-transform"/>
        <input semantic="INTERPOLATION" source="#mixamorig_LeftFoot-Interpolations"/>
      </sampler>
      <channel source="#mixamorig_LeftFoot-Matrix-animation-transform" target="mixamorig_LeftFoot/matrix"/>
    </animation>
    <animation id="mixamorig_LeftToeBase-anim" name="mixamorig_LeftToeBase">
      <source id="mixamorig_LeftToeBase-Matrix-animation-input">
        <float_array id="mixamorig_LeftToeBase-Matrix-animation-input-array" count="56">

0.000000 0.033333 0.066667 0.100000 0.133333 0.166667 0.200000 0.233333 0.266667 0.300000 0.333333 0.366667 0.400000 0.433333 0.466667 0.500000
0.533333 0.566667 0.600000 0.633333 0.666667 0.700000 0.733333 0.766667 0.800000 0.833333 0.866667 0.900000 0.933333 0.966667 1.000000 1.033333
1.066667 1.100000 1.133333 1.166667 1.200000 1.233333 1.266667 1.300000 1.333333 1.366667 1.400000 1.433333 1.466667 1.500000 1.533333 1.566667
1.600000 1.633333 1.666667 1.700000 1.733333 1.766667 1.800000 1.833333</float_array>
        <technique_common>
          <accessor source="#mixamorig_LeftToeBase-Matrix-animation-input-array" count="56">
            <param name="TIME" type="float"/>
          </accessor>
        </technique_common>
      </source>
      <source id="mixamorig_LeftToeBase-Matrix-animation-output-transform">
        <float_array id="mixamorig_LeftToeBase-Matrix-animation-output-transform-array" count="896">

0.994106 0.106401 0.020811 0.000000 -0.068163 0.762656 -0.643202 13.816900 -0.084309 0.637993 0.765413 0.000000 0.000000 0.000000 0.000000 1.000000
0.994105 0.106401 0.020816 0.000000 -0.068160 0.762658 -0.643201 13.816900 -0.084312 0.637990 0.765415 -0.000000 0.000000 0.000000 0.000000 1.000000
0.994106 0.106401 0.020803 -0.000000 -0.068168 0.762654 -0.643205 13.816900 -0.084304 0.637996 0.765411 0.000000 0.000000 0.000000 0.000000 1.000000
0.994106 0.106400 0.020810 0.000000 -0.068164 0.762656 -0.643203 13.816900 -0.084308 0.637993 0.765413 0.000000 0.000000 0.000000 0.000000 1.000000
0.994105 0.106400 0.020815 -0.000000 -0.068161 0.762658 -0.643200 13.816900 -0.084311 0.637990 0.765415 0.000000 0.000000 0.000000 0.000000 1.000000
0.994105 0.106401 0.020816 0.000000 -0.068160 0.762658 -0.643200 13.816900 -0.084312 0.637990 0.765415 0.000000 0.000000 0.000000 0.000000 1.000000
0.994106 0.106401 0.020803 0.000000 -0.068168 0.762653 -0.643205 13.816900 -0.084303 0.637996 0.765411 0.000000 0.000000 0.000000 0.000000 1.000000
0.994105 0.106401 0.020819 0.000000 -0.068158 0.762659 -0.643199 13.816900 -0.084314 0.637989 0.765416 0.000000 0.000000 0.000000 0.000000 1.000000
0.994106 0.106401 0.020812 0.000000 -0.068163 0.762657 -0.643202 13.816900 -0.084309 0.637992 0.765414 0.000000 0.000000 0.000000 0.000000 1.000000
0.994105 0.106400 0.020820 0.000000 -0.068157 0.762659 -0.643200 13.816900 -0.084315 0.637989 0.765415 0.000000 0.000000 0.000000 0.000000 1.000000
0.994105 0.106401 0.020846 0.000000 -0.068142 0.762668 -0.643190 13.816900 -0.084334 0.637978 0.765422 0.000000 0.000000 0.000000 0.000000 1.000000
0.994105 0.106400 0.020850 0.000000 -0.068139 0.762670 -0.643189 13.816900 -0.084337 0.637976 0.765424 0.000000 0.000000 0.000000 0.000000 1.000000
0.994105 0.106400 0.020848 0.000000 -0.068140 0.762669 -0.643190 13.816900 -0.084336 0.637977 0.765423 0.000000 0.000000 0.000000 0.000000 1.000000
0.994104 0.106400 0.020872 0.000000 -0.068126 0.762677 -0.643182 13.816900 -0.084353 0.637968 0.765429 -0.000000 0.000000 0.000000 0.000000 1.000000
0.994104 0.106400 0.020871 -0.000000 -0.068126 0.762677 -0.643182 13.816900 -0.084353 0.637968 0.765429 -0.000000 0.000000 0.000000 0.000000 1.000000
0.994105 0.106400 0.020861 0.000000 -0.068133 0.762674 -0.643185 13.816900 -0.084345 0.637972 0.765427 -0.000000 0.000000 0.000000 0.000000 1.000000
0.994104 0.106400 0.020870 0.000000 -0.068128 0.762676 -0.643182 13.816900 -0.084352 0.637969 0.765429 -0.000000 0.000000 0.000000 0.000000 1.000000
0.994104 0.106400 0.020871 0.000000 -0.068127 0.762677 -0.643182 13.816900 -0.084353 0.637968 0.765429 0.000000 0.000000 0.000000 0.000000 1.000000
0.994104 0.106400 0.020868 0.000000 -0.068128 0.762676 -0.643183 13.816900 -0.084351 0.637969 0.765428 0.000000 0.000000 0.000000 0.000000 1.000000
0.994104 0.106400 0.020874 0.000000 -0.068124 0.762677 -0.643181 13.816900 -0.084355 0.637967 0.765429 -0.000000 0.000000 0.000000 0.000000 1.000000
0.994104 0.106400 0.020876 0.000000 -0.068123 0.762678 -0.643181 13.816900 -0.084356 0.637966 0.765430 0.000000 0.000000 0.000000 0.000000 1.000000
0.994105 0.106400 0.020856 0.000000 -0.068136 0.762672 -0.643187 13.816900 -0.084342 0.637974 0.765425 0.000000 0.000000 0.000000 0.000000 1.000000
0.994104 0.106400 0.020867 0.000000 -0.068129 0.762675 -0.643184 13.816900 -0.084350 0.637970 0.765427 0.000000 0.000000 0.000000 0.000000 1.000000
0.994105 0.106400 0.020860 0.000000 -0.068133 0.762673 -0.643186 13.816900 -0.084345 0.637973 0.765426 0.000000 0.000000 0.000000 0.000000 1.000000
0.994105 0.106400 0.020847 0.000000 -0.068141 0.762668 -0.643191 13.816900 -0.084335 0.637978 0.765422 0.000000 0.000000 0.000000 0.000000 1.000000
0.994105 0.106401 0.020830 0.000000 -0.068152 0.762662 -0.643197 13.816900 -0.084323 0.637985 0.765418 0.000000 0.000000 0.000000 0.000000 1.000000
0.994105 0.106400 0.020833 -0.000000 -0.068150 0.762663 -0.643196 13.816900 -0.084325 0.637984 0.765418 0.000000 0.000000 0.000000 0.000000 1.000000
0.994105 0.106400 0.020845 0.000000 -0.068143 0.762667 -0.643192 13.816900 -0.084333 0.637980 0.765421 0.000000 0.000000 0.000000 0.000000 1.000000
0.994105 0.106400 0.020821 -0.000000 -0.068157 0.762659 -0.643200 13.816900 -0.084316 0.637989 0.765415 0.000000 0.000000 0.000000 0.000000 1.000000
0.994105 0.106401 0.020816 0.000000 -0.068160 0.762658 -0.643201 13.816900 -0.084313 0.637991 0.765414 -0.000000 0.000000 0.000000 0.000000 1.000000
0.994106 0.106401 0.020787 0.000000 -0.068178 0.762647 -0.643211 13.816900 -0.084292 0.638003 0.765406 0.000000 0.000000 0.000000 0.000000 1.000000
0.994106 0.106400 0.020811 0.000000 -0.068163 0.762655 -0.643203 13.816900 -0.084308 0.637994 0.765412 -0.000000 0.000000 0.000000 0.000000 1.000000
0.994105 0.106400 0.020817 0.000000 -0.068159 0.762658 -0.643201 13.816900 -0.084313 0.637991 0.765414 0.000000 0.000000 0.000000 0.000000 1.000000
0.994106 0.106401 0.020779 0.000000 -0.068183 0.762644 -0.643214 13.816900 -0.084286 0.638007 0.765404 0.000000 0.000000 0.000000 0.000000 1.000000
0.994106 0.106401 0.020779 -0.000000 -0.068183 0.762645 -0.643214 13.816900 -0.084285 0.638006 0.765405 0.000000 0.000000 0.000000 0.000000 1.000000
0.994106 0.106401 0.020779 0.000000 -0.068183 0.762645 -0.643214 13.816900 -0.084285 0.638006 0.765404 -0.000000 0.000000 0.000000 0.000000 1.000000
0.994106 0.106401 0.020778 -0.000000 -0.068183 0.762644 -0.643214 13.816900 -0.084285 0.638007 0.765404 0.000000 0.000000 0.000000 0.000000 1.000000
0.994106 0.106400 0.020779 0.000000 -0.068182 0.762645 -0.643214 13.816900 -0.084286 0.638006 0.765404 0.000000 0.000000 0.000000 0.000000 1.000000
0.994106 0.106400 0.020780 -0.000000 -0.068182 0.762645 -0.643214 13.816900 -0.084286 0.638006 0.765405 -0.000000 0.000000 0.000000 0.000000 1.000000
0.994106 0.106401 0.020778 0.000000 -0.068183 0.762644 -0.643214 13.816900 -0.084285 0.638007 0.765404 0.000000 0.000000 0.000000 0.000000 1.000000
0.994106 0.106401 0.020778 0.000000 -0.068183 0.762645 -0.643214 13.816900 -0.084285 0.638006 0.765405 -0.000000 0.000000 0.000000 0.000000 1.000000
0.994106 0.106401 0.020778 0.000000 -0.068183 0.762645 -0.643214 13.816900 -0.084285 0.638006 0.765405 0.000000 0.000000 0.000000 0.000000 1.000000
0.994106 0.106401 0.020778 0.000000 -0.068183 0.762645 -0.643214 13.816900 -0.084285 0.638006 0.765405 0.000000 0.000000 0.000000 0.000000 1.000000
0.994106 0.106401 0.020779 0.000000 -0.068183 0.762645 -0.643214 13.816900 -0.084286 0.638006 0.765405 0.000000 0.000000 0.000000 0.000000 1.000000
0.994106 0.106401 0.020778 0.000000 -0.068183 0.762645 -0.643214 13.816900 -0.084285 0.638006 0.765405 0.000000 0.000000 0.000000 0.000000 1.000000
0.994106 0.106401 0.020779 0.000000 -0.068183 0.762645 -0.643214 13.816900 -0.084285 0.638006 0.765404 -0.000000 0.000000 0.000000 0.000000 1.000000
0.994105 0.106400 0.020847 0.000000 -0.068141 0.762668 -0.643191 13.816900 -0.084335 0.637978 0.765422 0.000000 0.000000 0.000000 0.000000 1.000000
0.994105 0.106399 0.020847 0.000000 -0.068140 0.762668 -0.643190 13.816900 -0.084335 0.637978 0.765422 0.000000 0.000000 0.000000 0.000000 1.000000
0.994104 0.106400 0.020868 0.000000 -0.068128 0.762676 -0.643183 13.816900 -0.084350 0.637969 0.765428 0.000000 0.000000 0.000000 0.000000 1.000000
0.994106 0.106401 0.020802 0.000000 -0.068169 0.762653 -0.643206 13.816900 -0.084302 0.637996 0.765411 0.000000 0.000000 0.000000 0.000000 1.000000
0.994106 0.106400 0.020807 0.000000 -0.068166 0.762655 -0.643204 13.816900 -0.084306 0.637994 0.765412 0.000000 0.000000 0.000000 0.000000 1.000000
0.994106 0.106401 0.020799 0.000000 -0.068170 0.762652 -0.643206 13.816900 -0.084300 0.637997 0.765410 0.000000 0.000000 0.000000 0.000000 1.000000
0.994106 0.106401 0.020801 0.000000 -0.068170 0.762653 -0.643206 13.816900 -0.084302 0.637996 0.765411 0.000000 0.000000 0.000000 0.000000 1.000000
0.994106 0.106401 0.020804 0.000000 -0.068167 0.762654 -0.643205 13.816900 -0.084304 0.637995 0.765411 0.000000 0.000000 0.000000 0.000000 1.000000
0.994106 0.106401 0.020804 0.000000 -0.068167 0.762654 -0.643204 13.816900 -0.084304 0.637995 0.765412 0.000000 0.000000 0.000000 0.000000 1.000000
0.994106 0.106401 0.020804 0.000000 -0.068168 0.762654 -0.643205 13.816900 -0.084303 0.637996 0.765411 0.000000 0.000000 0.000000 0.000000 1.000000</float_array>
        <technique_common>
          <accessor source="#mixamorig_LeftToeBase-Matrix-animation-output-transform-array" count="56" stride="16">
            <param type="float4x4"/>
          </accessor>
        </technique_common>
      </source>
      <source id="mixamorig_LeftToeBase-Interpolations">
        <Name_array id="mixamorig_LeftToeBase-Interpolations-array" count="56">
 LINEAR LINEAR LINEAR LINEAR LINEAR LINEAR LINEAR LINEAR LINEAR LINEAR LINEAR
LINEAR LINEAR LINEAR LINEAR LINEAR LINEAR LINEAR LINEAR LINEAR LINEAR LINEAR LINEAR
LINEAR LINEAR LINEAR LINEAR LINEAR LINEAR LINEAR LINEAR LINEAR LINEAR LINEAR LINEAR
LINEAR LINEAR LINEAR LINEAR LINEAR LINEAR LINEAR LINEAR LINEAR LINEAR LINEAR LINEAR
LINEAR LINEAR LINEAR LINEAR LINEAR LINEAR LINEAR LINEAR LINEAR</Name_array>
        <technique_common>
          <accessor source="#mixamorig_LeftToeBase-Interpolations-array" count="56">
            <param type="name"/>
          </accessor>
        </technique_common>
      </source>
      <sampler id="mixamorig_LeftToeBase-Matrix-animation-transform">
        <input semantic="INPUT" source="#mixamorig_LeftToeBase-Matrix-animation-input"/>
        <input semantic="OUTPUT" source="#mixamorig_LeftToeBase-Matrix-animation-output-transform"/>
        <input semantic="INTERPOLATION" source="#mixamorig_LeftToeBase-Interpolations"/>
      </sampler>
      <channel source="#mixamorig_LeftToeBase-Matrix-animation-transform" target="mixamorig_LeftToeBase/matrix"/>
    </animation>
  </library_animations>
  <library_visual_scenes>
    <visual_scene id="RootNode" name="RootNode">
      <node id="mixamorig_Hips" name="mixamorig_Hips" sid="mixamorig_Hips" type="JOINT">
        <matrix sid="matrix">0.636738 -0.137818 -0.758664 -1.315314 0.041848 0.988624 -0.144469 88.255638 0.769944 0.060240 0.635262 1.161011 0.000000 0.000000 0.000000 1.000000</matrix>
        <node id="mixamorig_Spine" name="mixamorig_Spine" sid="mixamorig_Spine" type="JOINT">
          <matrix sid="matrix">0.998093 0.029378 0.054294 -0.000000 -0.027726 0.999137 -0.030935 10.182400 -0.055156 0.029370 0.998046 0.000000 0.000000 0.000000 0.000000 1.000000</matrix>
          <node id="mixamorig_Spine1" name="mixamorig_Spine1" sid="mixamorig_Spine1" type="JOINT">
            <matrix sid="matrix">0.992503 0.059289 0.106880 0.000000 -0.048004 0.993288 -0.105234 10.002700 -0.112402 0.099314 0.988687 0.000000 0.000000 0.000000 0.000000 1.000000</matrix>
            <node id="mixamorig_Spine2" name="mixamorig_Spine2" sid="mixamorig_Spine2" type="JOINT">
              <matrix sid="matrix">0.992503 0.039035 0.115823 -0.000000 -0.047960 0.996007 0.075301 9.322100 -0.112421 -0.080292 0.990411 -0.000000 0.000000 0.000000 0.000000 1.000000</matrix>
              <node id="mixamorig_Neck" name="mixamorig_Neck" sid="mixamorig_Neck" type="JOINT">
                <matrix sid="matrix">0.986666 -0.015230 0.162045 0.000000 0.021711 0.999030 -0.038302 16.865299 -0.161305 0.041309 0.986040 0.000000 0.000000 0.000000 0.000000 1.000000</matrix>
                <node id="mixamorig_Head" name="mixamorig_Head" sid="mixamorig_Head" type="JOINT">
                  <matrix sid="matrix">0.917660 0.008294 0.397280 -0.000000 -0.041981 0.996210 0.076173 9.341900 -0.395143 -0.086579 0.914530 2.841000 0.000000 0.000000 0.000000 1.000000</matrix>
                  <node id="mixamorig_HeadTop_End" name="mixamorig_HeadTop_End" sid="mixamorig_HeadTop_End" type="JOINT">
                    <matrix sid="matrix">1.000000 -0.000000 0.000000 -0.000000 0.000000 1.000000 0.000000 20.962799 0.000000 0.000000 1.000000 10.122900 0.000000 0.000000 0.000000 1.000000</matrix>
                  </node>
                </node>
              </node>
              <node id="mixamorig_RightShoulder" name="mixamorig_RightShoulder" sid="mixamorig_RightShoulder" type="JOINT">
                <matrix sid="matrix">0.216283 -0.973917 0.068614 -4.570000 -0.047930 -0.080784 -0.995579 11.195800 0.975154 0.212038 -0.064152 -0.806600 0.000000 0.000000 0.000000 1.000000</matrix>
                <node id="mixamorig_RightArm" name="mixamorig_RightArm" sid="mixamorig_RightArm" type="JOINT">
                  <matrix sid="matrix">0.916955 -0.293508 0.270271 0.000000 0.393367 0.551709 -0.735445 10.838200 0.066749 0.780686 0.621349 0.000000 0.000000 0.000000 0.000000 1.000000</matrix>
                  <node id="mixamorig_RightForeArm" name="mixamorig_RightForeArm" sid="mixamorig_RightForeArm" type="JOINT">
                    <matrix sid="matrix">0.661910 0.741068 0.112665 -0.000000 -0.705053 0.666549 -0.242099 27.841499 -0.254509 0.080814 0.963688 0.000000 0.000000 0.000000 0.000000 1.000000</matrix>
                    <node id="mixamorig_RightHand" name="mixamorig_RightHand" sid="mixamorig_RightHand" type="JOINT">
                      <matrix sid="matrix">0.813014 0.577493 -0.074225 -0.000000 -0.582242 0.806107 -0.105761 28.328800 -0.001243 0.129202 0.991618 0.000000 0.000000 0.000000 0.000000 1.000000</matrix>
                      <node id="mixamorig_RightHandThumb1" name="mixamorig_RightHandThumb1" sid="mixamorig_RightHandThumb1" type="JOINT">
                        <matrix sid="matrix">0.405912 0.401707 -0.820894 2.681900 -0.709735 0.704441 -0.006226 2.464800 0.575770 0.585145 0.571047 1.574000 0.000000 0.000000 0.000000 1.000000</matrix>
                        <node id="mixamorig_RightHandThumb2" name="mixamorig_RightHandThumb2" sid="mixamorig_RightHandThumb2" type="JOINT">
                          <matrix sid="matrix">0.963040 -0.194771 0.186061 0.000000 0.203894 0.978501 -0.031036 4.189000 -0.176016 0.067826 0.982048 0.000000 0.000000 0.000000 0.000000 1.000000</matrix>
                          <node id="mixamorig_RightHandThumb3" name="mixamorig_RightHandThumb3" sid="mixamorig_RightHandThumb3" type="JOINT">
                            <matrix sid="matrix">0.811080 -0.584370 0.025712 -0.000000 0.584831 0.809318 -0.054561 3.416300 0.011075 0.059291 0.998179 0.000000 0.000000 0.000000 0.000000 1.000000</matrix>
                            <node id="mixamorig_RightHandThumb4" name="mixamorig_RightHandThumb4" sid="mixamorig_RightHandThumb4" type="JOINT">
                              <matrix sid="matrix">0.967631 0.095337 -0.233668 -0.000000 -0.098051 0.995181 0.000001 2.575000 0.232542 0.022911 0.972316 0.000000 0.000000 0.000000 0.000000 1.000000</matrix>
                            </node>
                          </node>
                        </node>
                      </node>
                      <node id="mixamorig_RightHandIndex1" name="mixamorig_RightHandIndex1" sid="mixamorig_RightHandIndex1" type="JOINT">
                        <matrix sid="matrix">0.986395 0.045833 -0.157875 2.259800 -0.131994 0.793267 -0.594394 9.108300 0.097994 0.607146 0.788525 0.517900 0.000000 0.000000 0.000000 1.000000</matrix>
                        <node id="mixamorig_RightHandIndex2" name="mixamorig_RightHandIndex2" sid="mixamorig_RightHandIndex2" type="JOINT">
                          <matrix sid="matrix">0.997606 0.006899 -0.068814 0.000000 -0.066695 0.359191 -0.930878 3.700000 0.018295 0.933239 0.358791 0.000000 0.000000 0.000000 0.000000 1.000000</matrix>
                          <node id="mixamorig_RightHandIndex3" name="mixamorig_RightHandIndex3" sid="mixamorig_RightHandIndex3" type="JOINT">
                            <matrix sid="matrix">0.998568 0.016905 -0.050757 0.000000 -0.052785 0.465791 -0.883319 2.850000 0.008710 0.884733 0.466016 0.000000 0.000000 0.000000 0.000000 1.000000</matrix>
                            <node id="mixamorig_RightHandIndex4" name="mixamorig_RightHandIndex4" sid="mixamorig_RightHandIndex4" type="JOINT">
                              <matrix sid="matrix">0.999998 -0.000175 0.002005 -0.000000 0.000175 1.000000 0.000000 2.772200 -0.002005 0.000000 0.999998 -0.000000 0.000000 0.000000 0.000000 1.000000</matrix>
                            </node>
                          </node>
                        </node>
                      </node>
                      <node id="mixamorig_RightHandMiddle1" name="mixamorig_RightHandMiddle1" sid="mixamorig_RightHandMiddle1" type="JOINT">
                        <matrix sid="matrix">0.999456 0.024820 -0.021720 0.000000 -0.032908 0.706714 -0.706733 9.532500 -0.002191 0.707063 0.707147 0.000000 0.000000 0.000000 0.000000 1.000000</matrix>
                        <node id="mixamorig_RightHandMiddle2" name="mixamorig_RightHandMiddle2" sid="mixamorig_RightHandMiddle2" type="JOINT">
                          <matrix sid="matrix">0.998229 0.039524 -0.044464 0.000000 -0.055897 0.367263 -0.928436 3.700000 -0.020366 0.929277 0.368822 0.000000 0.000000 0.000000 0.000000 1.000000</matrix>
                          <node id="mixamorig_RightHandMiddle3" name="mixamorig_RightHandMiddle3" sid="mixamorig_RightHandMiddle3" type="JOINT">
                            <matrix sid="matrix">0.999366 0.034584 -0.008490 -0.000000 -0.031645 0.753099 -0.657145 2.950000 -0.016333 0.656997 0.753716 -0.000000 0.000000 0.000000 0.000000 1.000000</matrix>
                            <node id="mixamorig_RightHandMiddle4" name="mixamorig_RightHandMiddle4" sid="mixamorig_RightHandMiddle4" type="JOINT">
                              <matrix sid="matrix">0.999998 -0.000333 0.001857 0.000000 0.000333 1.000000 0.000001 2.946600 -0.001857 -0.000000 0.999998 0.000000 0.000000 0.000000 0.000000 1.000000</matrix>
                            </node>
                          </node>
                        </node>
                      </node>
                      <node id="mixamorig_RightHandRing1" name="mixamorig_RightHandRing1" sid="mixamorig_RightHandRing1" type="JOINT">
                        <matrix sid="matrix">0.995481 0.089983 0.030335 -1.865100 -0.021228 0.522250 -0.852528 9.103600 -0.092555 0.848032 0.521800 0.043100 0.000000 0.000000 0.000000 1.000000</matrix>
                        <node id="mixamorig_RightHandRing2" name="mixamorig_RightHandRing2" sid="mixamorig_RightHandRing2" type="JOINT">
                          <matrix sid="matrix">0.999492 0.029129 -0.012925 0.000000 -0.029097 0.668701 -0.742962 3.379300 -0.012999 0.742961 0.669209 -0.000000 0.000000 0.000000 0.000000 1.000000</matrix>
                          <node id="mixamorig_RightHandRing3" name="mixamorig_RightHandRing3" sid="mixamorig_RightHandRing3" type="JOINT">
                            <matrix sid="matrix">0.999383 0.030503 -0.017427 0.000000 -0.032115 0.592178 -0.805167 2.889700 -0.014240 0.805230 0.592792 0.000000 0.000000 0.000000 0.000000 1.000000</matrix>
                            <node id="mixamorig_RightHandRing4" name="mixamorig_RightHandRing4" sid="mixamorig_RightHandRing4" type="JOINT">
                              <matrix sid="matrix">0.999999 0.001599 0.000291 -0.000000 -0.001599 0.999999 -0.000000 2.638800 -0.000291 0.000000 1.000000 0.000000 0.000000 0.000000 0.000000 1.000000</matrix>
                            </node>
                          </node>
                        </node>
                      </node>
                      <node id="mixamorig_RightHandPinky1" name="mixamorig_RightHandPinky1" sid="mixamorig_RightHandPinky1" type="JOINT">
                        <matrix sid="matrix">0.977611 -0.010421 0.210162 -3.806300 0.162924 0.669554 -0.724674 8.076700 -0.133163 0.742690 0.656262 0.486700 0.000000 0.000000 0.000000 1.000000</matrix>
                        <node id="mixamorig_RightHandPinky2" name="mixamorig_RightHandPinky2" sid="mixamorig_RightHandPinky2" type="JOINT">
                          <matrix sid="matrix">0.999596 0.025378 -0.012795 0.000000 -0.026898 0.699403 -0.714221 3.600000 -0.009177 0.714276 0.699804 -0.000000 0.000000 0.000000 0.000000 1.000000</matrix>
                          <node id="mixamorig_RightHandPinky3" name="mixamorig_RightHandPinky3" sid="mixamorig_RightHandPinky3" type="JOINT">
                            <matrix sid="matrix">0.999862 0.016454 0.002116 0.000000 -0.014020 0.906318 -0.422365 2.100000 -0.008868 0.422277 0.906424 0.000000 0.000000 0.000000 0.000000 1.000000</matrix>
                            <node id="mixamorig_RightHandPinky4" name="mixamorig_RightHandPinky4" sid="mixamorig_RightHandPinky4" type="JOINT">
                              <matrix sid="matrix">0.999995 0.000082 0.003138 0.000000 -0.000082 1.000000 -0.000000 2.115800 -0.003138 -0.000000 0.999995 0.000000 0.000000 0.000000 0.000000 1.000000</matrix>
                            </node>
                          </node>
                        </node>
                      </node>
                    </node>
                  </node>
                </node>
              </node>
              <node id="mixamorig_LeftShoulder" name="mixamorig_LeftShoulder" sid="mixamorig_LeftShoulder" type="JOINT">
                <matrix sid="matrix">0.075892 0.992534 -0.095481 4.570400 0.109066 -0.103446 -0.988637 11.195600 -0.991133 0.064616 -0.116102 -0.806600 0.000000 0.000000 0.000000 1.000000</matrix>
                <node id="mixamorig_LeftArm" name="mixamorig_LeftArm" sid="mixamorig_LeftArm" type="JOINT">
                  <matrix sid="matrix">0.966925 -0.254735 -0.012910 0.000000 0.174286 0.696816 -0.695752 10.837700 0.186228 0.670490 0.718166 -0.000000 0.000000 0.000000 0.000000 1.000000</matrix>
                  <node id="mixamorig_LeftForeArm" name="mixamorig_LeftForeArm" sid="mixamorig_LeftForeArm" type="JOINT">
                    <matrix sid="matrix">0.829686 -0.491813 -0.264084 -0.000000 0.435016 0.866096 -0.246251 27.841499 0.349831 0.089431 0.932534 -0.000000 0.000000 0.000000 0.000000 1.000000</matrix>
                    <node id="mixamorig_LeftHand" name="mixamorig_LeftHand" sid="mixamorig_LeftHand" type="JOINT">
                      <matrix sid="matrix">0.998095 -0.048664 0.037922 -0.000000 0.043827 0.991886 0.119338 28.328800 -0.043422 -0.117448 0.992129 0.000000 0.000000 0.000000 0.000000 1.000000</matrix>
                      <node id="mixamorig_LeftHandThumb1" name="mixamorig_LeftHandThumb1" sid="mixamorig_LeftHandThumb1" type="JOINT">
                        <matrix sid="matrix">0.811024 -0.470858 0.347179 -2.681700 0.569682 0.770632 -0.285637 2.466100 -0.133052 0.429440 0.893240 1.576200 0.000000 0.000000 0.000000 1.000000</matrix>
                        <node id="mixamorig_LeftHandThumb2" name="mixamorig_LeftHandThumb2" sid="mixamorig_LeftHandThumb2" type="JOINT">
                          <matrix sid="matrix">0.972867 0.143187 -0.181736 0.000000 -0.156559 0.985757 -0.061427 4.187100 0.170352 0.088212 0.981427 -0.000000 0.000000 0.000000 0.000000 1.000000</matrix>
                          <node id="mixamorig_LeftHandThumb3" name="mixamorig_LeftHandThumb3" sid="mixamorig_LeftHandThumb3" type="JOINT">
                            <matrix sid="matrix">0.984187 0.176994 0.007060 -0.000000 -0.176903 0.984156 -0.011934 3.418400 -0.009061 0.010496 0.999904 0.000000 0.000000 0.000000 0.000000 1.000000</matrix>
                            <node id="mixamorig_LeftHandThumb4" name="mixamorig_LeftHandThumb4" sid="mixamorig_LeftHandThumb4" type="JOINT">
                              <matrix sid="matrix">0.966428 -0.081336 0.243724 0.000000 0.083865 0.996477 0.000001 2.580600 -0.242865 0.020439 0.969845 0.000000 0.000000 0.000000 0.000000 1.000000</matrix>
                            </node>
                          </node>
                        </node>
                      </node>
                      <node id="mixamorig_LeftHandIndex1" name="mixamorig_LeftHandIndex1" sid="mixamorig_LeftHandIndex1" type="JOINT">
                        <matrix sid="matrix">0.994700 -0.100618 -0.021177 -2.259900 0.100569 0.994924 -0.003340 9.109300 0.021405 0.001193 0.999770 0.518000 0.000000 0.000000 0.000000 1.000000</matrix>
                        <node id="mixamorig_LeftHandIndex2" name="mixamorig_LeftHandIndex2" sid="mixamorig_LeftHandIndex2" type="JOINT">
                          <matrix sid="matrix">0.999991 -0.003251 0.002607 -0.000000 0.003450 0.996770 -0.080235 3.700000 -0.002338 0.080243 0.996773 0.000000 0.000000 0.000000 0.000000 1.000000</matrix>
                          <node id="mixamorig_LeftHandIndex3" name="mixamorig_LeftHandIndex3" sid="mixamorig_LeftHandIndex3" type="JOINT">
                            <matrix sid="matrix">0.999969 -0.007626 0.001994 -0.000000 0.007822 0.991258 -0.131702 2.850000 -0.000972 0.131714 0.991287 0.000000 0.000000 0.000000 0.000000 1.000000</matrix>
                            <node id="mixamorig_LeftHandIndex4" name="mixamorig_LeftHandIndex4" sid="mixamorig_LeftHandIndex4" type="JOINT">
                              <matrix sid="matrix">1.000000 0.000026 -0.000756 -0.000000 -0.000026 1.000000 0.000000 2.774900 0.000756 0.000000 1.000000 0.000000 0.000000 0.000000 0.000000 1.000000</matrix>
                            </node>
                          </node>
                        </node>
                      </node>
                      <node id="mixamorig_LeftHandMiddle1" name="mixamorig_LeftHandMiddle1" sid="mixamorig_LeftHandMiddle1" type="JOINT">
                        <matrix sid="matrix">0.996150 0.083632 0.026270 0.000000 -0.081301 0.993483 -0.079888 9.533400 -0.032780 0.077445 0.996458 0.000000 0.000000 0.000000 0.000000 1.000000</matrix>
                        <node id="mixamorig_LeftHandMiddle2" name="mixamorig_LeftHandMiddle2" sid="mixamorig_LeftHandMiddle2" type="JOINT">
                          <matrix sid="matrix">0.999810 -0.015303 0.012067 0.000000 0.017624 0.974272 -0.224686 3.700000 -0.008318 0.224856 0.974357 0.000000 0.000000 0.000000 0.000000 1.000000</matrix>
                          <node id="mixamorig_LeftHandMiddle3" name="mixamorig_LeftHandMiddle3" sid="mixamorig_LeftHandMiddle3" type="JOINT">
                            <matrix sid="matrix">0.999664 -0.019400 0.017211 0.000000 0.023501 0.958287 -0.284840 2.950000 -0.010967 0.285149 0.958421 -0.000000 0.000000 0.000000 0.000000 1.000000</matrix>
                            <node id="mixamorig_LeftHandMiddle4" name="mixamorig_LeftHandMiddle4" sid="mixamorig_LeftHandMiddle4" type="JOINT">
                              <matrix sid="matrix">0.999998 -0.000056 -0.002049 0.000000 0.000056 1.000000 -0.000000 2.952900 0.002049 -0.000000 0.999998 0.000000 0.000000 0.000000 0.000000 1.000000</matrix>
                            </node>
                          </node>
                        </node>
                      </node>
                      <node id="mixamorig_LeftHandRing1" name="mixamorig_LeftHandRing1" sid="mixamorig_LeftHandRing1" type="JOINT">
                        <matrix sid="matrix">0.989036 0.146625 0.017566 1.865100 -0.138117 0.960562 -0.241339 9.104500 -0.052259 0.236267 0.970282 0.043000 0.000000 0.000000 0.000000 1.000000</matrix>
                        <node id="mixamorig_LeftHandRing2" name="mixamorig_LeftHandRing2" sid="mixamorig_LeftHandRing2" type="JOINT">
                          <matrix sid="matrix">0.999875 -0.013351 -0.008491 0.000000 0.009883 0.946063 -0.323832 3.150000 0.012357 0.323707 0.946077 0.000000 0.000000 0.000000 0.000000 1.000000</matrix>
                          <node id="mixamorig_LeftHandRing3" name="mixamorig_LeftHandRing3" sid="mixamorig_LeftHandRing3" type="JOINT">
                            <matrix sid="matrix">0.999844 -0.016165 -0.007129 0.000000 0.012305 0.926731 -0.375523 2.950000 0.012677 0.375377 0.926786 0.000000 0.000000 0.000000 0.000000 1.000000</matrix>
                            <node id="mixamorig_LeftHandRing4" name="mixamorig_LeftHandRing4" sid="mixamorig_LeftHandRing4" type="JOINT">
                              <matrix sid="matrix">1.000000 -0.000031 0.000986 0.000000 0.000031 1.000000 0.000000 2.644300 -0.000986 -0.000000 1.000000 -0.000000 0.000000 0.000000 0.000000 1.000000</matrix>
                            </node>
                          </node>
                        </node>
                      </node>
                      <node id="mixamorig_LeftHandPinky1" name="mixamorig_LeftHandPinky1" sid="mixamorig_LeftHandPinky1" type="JOINT">
                        <matrix sid="matrix">0.993338 0.114858 -0.009370 3.806300 -0.109838 0.919041 -0.378548 8.077800 -0.034868 0.377056 0.925534 0.486900 0.000000 0.000000 0.000000 1.000000</matrix>
                        <node id="mixamorig_LeftHandPinky2" name="mixamorig_LeftHandPinky2" sid="mixamorig_LeftHandPinky2" type="JOINT">
                          <matrix sid="matrix">0.999892 -0.007623 -0.012568 0.000000 0.003679 0.957582 -0.288136 3.600000 0.014231 0.288059 0.957507 0.000000 0.000000 0.000000 0.000000 1.000000</matrix>
                          <node id="mixamorig_LeftHandPinky3" name="mixamorig_LeftHandPinky3" sid="mixamorig_LeftHandPinky3" type="JOINT">
                            <matrix sid="matrix">0.999241 -0.021891 -0.032227 0.000000 -0.000331 0.822404 -0.568904 2.100000 0.038958 0.568482 0.821772 0.000000 0.000000 0.000000 0.000000 1.000000</matrix>
                            <node id="mixamorig_LeftHandPinky4" name="mixamorig_LeftHandPinky4" sid="mixamorig_LeftHandPinky4" type="JOINT">
                              <matrix sid="matrix">0.999999 0.000590 -0.001567 -0.000000 -0.000590 1.000000 -0.000001 2.125500 0.001567 0.000002 0.999999 0.000000 0.000000 0.000000 0.000000 1.000000</matrix>
                            </node>
                          </node>
                        </node>
                      </node>
                    </node>
                  </node>
                </node>
              </node>
            </node>
          </node>
        </node>
        <node id="mixamorig_RightUpLeg" name="mixamorig_RightUpLeg" sid="mixamorig_RightUpLeg" type="JOINT">
          <matrix sid="matrix">-0.920238 -0.390760 -0.021666 -8.207800 0.309641 -0.760824 0.570325 -6.771800 -0.239344 0.518125 0.821134 -1.512200 0.000000 0.000000 0.000000 1.000000</matrix>
          <node id="mixamorig_RightLeg" name="mixamorig_RightLeg" sid="mixamorig_RightLeg" type="JOINT">
            <matrix sid="matrix">0.992683 0.118975 -0.020626 -0.000000 -0.047471 0.541582 0.839307 44.371498 0.111027 -0.832187 0.543267 -0.000000 0.000000 0.000000 0.000000 1.000000</matrix>
            <node id="mixamorig_RightFoot" name="mixamorig_RightFoot" sid="mixamorig_RightFoot" type="JOINT">
              <matrix sid="matrix">0.920407 -0.214048 0.327161 0.000000 0.353721 0.099475 -0.930046 44.527802 0.166530 0.971745 0.167271 0.000000 0.000000 0.000000 0.000000 1.000000</matrix>
              <node id="mixamorig_RightToeBase" name="mixamorig_RightToeBase" sid="mixamorig_RightToeBase" type="JOINT">
                <matrix sid="matrix">0.998327 -0.051816 0.025639 0.000000 0.056489 0.779968 -0.623264 13.816900 0.012298 0.623670 0.781591 -0.000000 0.000000 0.000000 0.000000 1.000000</matrix>
                <node id="mixamorig_RightToe_End" name="mixamorig_RightToe_End" sid="mixamorig_RightToe_End" type="JOINT">
                  <matrix sid="matrix">0.999731 0.000000 0.023214 0.000000 0.000000 1.000000 0.000000 9.278100 -0.023214 -0.000000 0.999731 0.000000 0.000000 0.000000 0.000000 1.000000</matrix>
                </node>
              </node>
            </node>
          </node>
        </node>
        <node id="mixamorig_LeftUpLeg" name="mixamorig_LeftUpLeg" sid="mixamorig_LeftUpLeg" type="JOINT">
          <matrix sid="matrix">-0.656801 0.572435 0.490847 8.207800 0.049723 -0.616641 0.785672 -6.771800 0.752423 0.540437 0.376548 -1.512200 0.000000 0.000000 0.000000 1.000000</matrix>
          <node id="mixamorig_LeftLeg" name="mixamorig_LeftLeg" sid="mixamorig_LeftLeg" type="JOINT">
            <matrix sid="matrix">0.939563 -0.075140 0.334028 0.000000 -0.201025 0.668672 0.715868 44.371399 -0.277145 -0.739751 0.613155 0.000000 0.000000 0.000000 0.000000 1.000000</matrix>
            <node id="mixamorig_LeftFoot" name="mixamorig_LeftFoot" sid="mixamorig_LeftFoot" type="JOINT">
              <matrix sid="matrix">0.987886 0.084081 -0.130432 0.000000 -0.154874 0.587279 -0.794429 44.527802 0.009804 0.805006 0.593186 -0.000000 0.000000 0.000000 0.000000 1.000000</matrix>
              <node id="mixamorig_LeftToeBase" name="mixamorig_LeftToeBase" sid="mixamorig_LeftToeBase" type="JOINT">
                <matrix sid="matrix">0.994106 0.106401 0.020811 0.000000 -0.068163 0.762656 -0.643202 13.816900 -0.084309 0.637993 0.765413 0.000000 0.000000 0.000000 0.000000 1.000000</matrix>
                <node id="mixamorig_LeftToe_End" name="mixamorig_LeftToe_End" sid="mixamorig_LeftToe_End" type="JOINT">
                  <matrix sid="matrix">0.999718 0.000000 -0.023736 0.000000 -0.000000 1.000000 -0.000000 9.278100 0.023736 -0.000000 0.999718 0.000000 0.000000 0.000000 0.000000 1.000000</matrix>
                </node>
              </node>
            </node>
          </node>
        </node>
      </node>
    </visual_scene>
  </library_visual_scenes>
  <scene>
    <instance_visual_scene url="#RootNode"/>
  </scene>
</COLLADA>
