<?xml version="1.0" encoding="utf-8"?>
<COLLADA xmlns="http://www.collada.org/2005/11/COLLADASchema" version="1.4.1">
  <asset>
    <contributor>
      <author>Mixamo</author>
      <authoring_tool>COLLADA Mixamo exporter</authoring_tool>
      <comments/>
    </contributor>
    <created>2026-09-11T12:10:01Z</created>
    <modified>2026-09-11T12:10:01Z</modified>
    <revision/>
    <title/>
    <unit meter="0.010000"/>
    <up_axis>Y_UP</up_axis>
  </asset>
  <library_animations>
    <animation id="mixamorig_Hips-anim" name="mixamorig_Hips">
      <source id="mixamorig_Hips-Matrix-animation-input">
        <float_array id="mixamorig_Hips-Matrix-animation-input-array" count="26">

0.000000 0.033333 0.066667 0.100000 0.133333 0.166667 0.200000 0.233333 0.266667 0.300000 0.333333 0.366667 0.400000 0.433333 0.466667 0.500000
0.533333 0.566667 0.600000 0.633333 0.666667 0.700000 0.733333 0.766667 0.800000 0.833333</float_array>
        <technique_common>
          <accessor source="#mixamorig_Hips-Matrix-animation-input-array" count="26">
            <param name="TIME" type="float"/>
          </accessor>
        </technique_common>
      </source>
      <source id="mixamorig_Hips-Matrix-animation-output-transform">
        <float_array id="mixamorig_Hips-Matrix-animation-output-transform-array" count="416">

0.729268 0.044650 -0.682770 -0.816694 -0.000591 0.997909 0.064627 96.912285 0.684228 -0.046727 0.727769 0.086863 0.000000 0.000000 0.000000 1.000000
0.728220 0.036080 -0.684393 -0.396467 -0.004369 0.998837 0.048008 96.782104 0.685329 -0.031970 0.727531 0.003345 0.000000 0.000000 0.000000 1.000000
0.719718 0.007552 -0.694225 0.911495 -0.003914 0.999969 0.006821 95.652290 0.694255 -0.002192 0.719726 -0.419691 0.000000 0.000000 0.000000 1.000000
0.695507 -0.039977 -0.717406 2.774132 -0.010334 0.997791 -0.065620 93.047897 0.718445 0.053053 0.693558 -1.037164 0.000000 0.000000 0.000000 1.000000
0.662960 -0.096926 -0.742354 5.036677 -0.028048 0.987672 -0.154005 88.610321 0.748129 0.122921 0.652068 -1.790016 0.000000 0.000000 0.000000 1.000000
0.625896 -0.153872 -0.764577 7.370286 -0.056486 0.968826 -0.241218 82.399879 0.777859 0.194165 0.597692 -2.610421 0.000000 0.000000 0.000000 1.000000
0.599250 -0.207028 -0.773330 9.353832 -0.078282 0.946201 -0.313968 74.848595 0.796726 0.248683 0.550804 -3.357529 0.000000 0.000000 0.000000 1.000000
0.594760 -0.247805 -0.764757 10.860331 -0.061332 0.934545 -0.350520 66.985474 0.801561 0.255379 0.540631 -3.797087 0.000000 0.000000 0.000000 1.000000
0.593590 -0.270717 -0.757867 11.510841 -0.021343 0.936095 -0.351099 60.413628 0.804484 0.224584 0.549879 -3.801338 0.000000 0.000000 0.000000 1.000000
0.596614 -0.250914 -0.762295 11.312998 0.002332 0.950405 -0.311006 56.462765 0.802525 0.183773 0.567610 -3.663632 0.000000 0.000000 0.000000 1.000000
0.615650 -0.182650 -0.766560 10.401220 0.011671 0.974774 -0.222888 55.468220 0.787933 0.128274 0.602251 -3.539579 0.000000 0.000000 0.000000 1.000000
0.643680 -0.113721 -0.756798 8.551041 0.021782 0.991219 -0.130420 57.925720 0.764985 0.067464 0.640505 -3.574268 0.000000 0.000000 0.000000 1.000000
0.686590 -0.059207 -0.724630 6.025253 0.028562 0.998106 -0.054489 63.666386 0.726483 0.016715 0.686981 -4.026945 0.000000 0.000000 0.000000 1.000000
0.728246 0.002789 -0.685310 2.970469 0.025370 0.999197 0.031025 72.083260 0.684846 -0.039980 0.727590 -4.362807 0.000000 0.000000 0.000000 1.000000
0.760157 0.060095 -0.646955 -0.892657 0.039499 0.989598 0.138334 83.267616 0.648538 -0.130710 0.749876 -3.917065 0.000000 0.000000 0.000000 1.000000
0.777455 0.084933 -0.623177 -5.362182 0.056437 0.977421 0.203623 96.567032 0.626401 -0.193478 0.755108 -2.666815 0.000000 0.000000 0.000000 1.000000
0.764837 0.075663 -0.639765 -9.141049 0.067684 0.978145 0.196598 107.668106 0.640659 -0.193667 0.743000 -2.075111 0.000000 0.000000 0.000000 1.000000
0.770687 0.020275 -0.636892 -9.554599 0.108758 0.980643 0.162823 120.250153 0.627865 -0.194752 0.753563 -2.401580 0.000000 0.000000 0.000000 1.000000
0.780444 -0.058351 -0.622496 -8.020724 0.159178 0.981371 0.107576 131.045456 0.604623 -0.183045 0.775194 -3.398410 0.000000 0.000000 0.000000 1.000000
0.767139 -0.141963 -0.625575 -5.858419 0.196836 0.980254 0.018928 139.612000 0.610535 -0.137656 0.779934 -4.465913 0.000000 0.000000 0.000000 1.000000
0.757223 -0.199149 -0.622055 -4.529531 0.238275 0.970975 -0.020804 146.109970 0.608143 -0.132467 0.782697 -5.707387 0.000000 0.000000 0.000000 1.000000
0.751530 -0.193659 -0.630634 -4.101453 0.245793 0.969311 -0.004749 150.822830 0.612200 -0.151436 0.776066 -6.783743 0.000000 0.000000 0.000000 1.000000
0.758588 -0.142489 -0.635800 -4.225873 0.242052 0.967592 0.071951 153.558624 0.604943 -0.208478 0.768493 -7.436205 0.000000 0.000000 0.000000 1.000000
0.778324 -0.089747 -0.621416 -4.977850 0.251687 0.951328 0.177845 154.000778 0.575209 -0.294823 0.763029 -7.702465 0.000000 0.000000 0.000000 1.000000
0.803978 -0.036890 -0.593514 -5.767590 0.241728 0.932166 0.269507 153.705750 0.543311 -0.360147 0.758358 -7.715192 0.000000 0.000000 0.000000 1.000000
0.823221 -0.010495 -0.567624 -6.094868 0.217809 0.929158 0.298707 153.577225 0.524277 -0.369535 0.767188 -7.663454 0.000000 0.000000 0.000000 1.000000</float_array>
        <technique_common>
          <accessor source="#mixamorig_Hips-Matrix-animation-output-transform-array" count="26" stride="16">
            <param type="float4x4"/>
          </accessor>
        </technique_common>
      </source>
      <source id="mixamorig_Hips-Interpolations">
        <Name_array id="mixamorig_Hips-Interpolations-array" count="26">
 LINEAR LINEAR LINEAR LINEAR LINEAR LINEAR LINEAR LINEAR LINEAR LINEAR LINEAR
LINEAR LINEAR LINEAR LINEAR LINEAR LINEAR LINEAR LINEAR LINEAR LINEAR LINEAR LINEAR
LINEAR LINEAR LINEAR</Name_array>
        <technique_common>
          <accessor source="#mixamorig_Hips-Interpolations-array" count="26">
            <param type="name"/>
          </accessor>
        </technique_common>
      </source>
      <sampler id="mixamorig_Hips-Matrix-animation-transform">
        <input semantic="INPUT" source="#mixamorig_Hips-Matrix-animation-input"/>
        <input semantic="OUTPUT" source="#mixamorig_Hips-Matrix-animation-output-transform"/>
        <input semantic="INTERPOLATION" source="#mixamorig_Hips-Interpolations"/>
      </sampler>
      <channel source="#mixamorig_Hips-Matrix-animation-transform" target="mixamorig_Hips/matrix"/>
    </animation>
    <animation id="mixamorig_Spine-anim" name="mixamorig_Spine">
      <source id="mixamorig_Spine-Matrix-animation-input">
        <float_array id="mixamorig_Spine-Matrix-animation-input-array" count="26">

0.000000 0.033333 0.066667 0.100000 0.133333 0.166667 0.200000 0.233333 0.266667 0.300000 0.333333 0.366667 0.400000 0.433333 0.466667 0.500000
0.533333 0.566667 0.600000 0.633333 0.666667 0.700000 0.733333 0.766667 0.800000 0.833333</float_array>
        <technique_common>
          <accessor source="#mixamorig_Spine-Matrix-animation-input-array" count="26">
            <param name="TIME" type="float"/>
          </accessor>
        </technique_common>
      </source>
      <source id="mixamorig_Spine-Matrix-animation-output-transform">
        <float_array id="mixamorig_Spine-Matrix-animation-output-transform-array" count="416">

0.996557 0.006391 0.082665 -0.000000 -0.011307 0.998186 0.059134 10.182400 -0.082138 -0.059865 0.994821 0.000000 0.000000 0.000000 0.000000 1.000000
0.996987 0.006954 0.077253 0.000000 -0.011534 0.998191 0.059002 10.182400 -0.076703 -0.059715 0.995264 0.000000 0.000000 0.000000 0.000000 1.000000
0.997540 0.008153 0.069620 0.000000 -0.012104 0.998328 0.056527 10.182400 -0.069042 -0.057231 0.995971 0.000000 0.000000 0.000000 0.000000 1.000000
0.997898 0.008548 0.064231 -0.000000 -0.012009 0.998486 0.053682 10.182400 -0.063674 -0.054340 0.996490 0.000000 0.000000 0.000000 0.000000 1.000000
0.998263 0.005964 0.058617 0.000000 -0.008827 0.998775 0.048699 10.182400 -0.058254 -0.049132 0.997092 0.000000 0.000000 0.000000 0.000000 1.000000
0.998691 0.002001 0.051117 0.000000 -0.004131 0.999126 0.041604 10.182400 -0.050989 -0.041760 0.997826 0.000000 0.000000 0.000000 0.000000 1.000000
0.999257 0.000637 0.038531 0.000000 -0.001907 0.999456 0.032927 10.182400 -0.038489 -0.032976 0.998715 0.000000 0.000000 0.000000 0.000000 1.000000
0.999724 0.003440 0.023256 0.000000 -0.003909 0.999790 0.020137 10.182400 -0.023182 -0.020223 0.999527 0.000000 0.000000 0.000000 0.000000 1.000000
0.999867 0.008448 0.013952 0.000000 -0.008587 0.999914 0.009917 10.182400 -0.013867 -0.010036 0.999853 0.000000 0.000000 0.000000 0.000000 1.000000
0.999884 0.011387 0.010072 -0.000000 -0.011434 0.999924 0.004622 10.182400 -0.010018 -0.004736 0.999939 -0.000000 0.000000 0.000000 0.000000 1.000000
0.999916 0.009536 0.008802 0.000000 -0.009538 0.999954 0.000274 10.182400 -0.008799 -0.000358 0.999961 0.000000 0.000000 0.000000 0.000000 1.000000
0.999854 0.008155 0.015047 -0.000000 -0.008250 0.999946 0.006283 10.182400 -0.014995 -0.006406 0.999867 0.000000 0.000000 0.000000 0.000000 1.000000
0.999806 0.006427 0.018632 0.000000 -0.006830 0.999742 0.021653 10.182400 -0.018488 -0.021776 0.999592 0.000000 0.000000 0.000000 0.000000 1.000000
0.999814 0.000772 0.019263 0.000000 -0.001385 0.999493 0.031805 10.182400 -0.019229 -0.031825 0.999308 0.000000 0.000000 0.000000 0.000000 1.000000
0.999667 0.002943 0.025645 -0.000000 -0.003923 0.999260 0.038260 10.182400 -0.025514 -0.038348 0.998939 0.000000 0.000000 0.000000 0.000000 1.000000
0.999458 0.010993 0.031018 -0.000000 -0.012706 0.998373 0.055585 10.182400 -0.030357 -0.055949 0.997972 0.000000 0.000000 0.000000 0.000000 1.000000
0.999249 0.017676 0.034475 0.000000 -0.020128 0.997192 0.072129 10.182400 -0.033103 -0.072769 0.996799 0.000000 0.000000 0.000000 0.000000 1.000000
0.998744 0.030394 0.039823 0.000000 -0.033132 0.996996 0.070003 10.182400 -0.037575 -0.071235 0.996752 0.000000 0.000000 0.000000 0.000000 1.000000
0.998004 0.046962 0.042221 -0.000000 -0.049397 0.997059 0.058601 10.182400 -0.039345 -0.060570 0.997388 0.000000 0.000000 0.000000 0.000000 1.000000
0.997572 0.058998 0.036993 0.000000 -0.060664 0.997113 0.045662 10.182400 -0.034192 -0.047795 0.998272 0.000000 0.000000 0.000000 0.000000 1.000000
0.997323 0.068392 0.025866 0.000000 -0.069112 0.997215 0.028024 10.182400 -0.023877 -0.029736 0.999273 0.000000 0.000000 0.000000 0.000000 1.000000
0.997413 0.070488 0.014129 -0.000000 -0.070537 0.997505 0.002995 10.182400 -0.013883 -0.003984 0.999896 0.000000 0.000000 0.000000 0.000000 1.000000
0.997570 0.069071 0.009083 0.000000 -0.068739 0.997093 -0.032886 10.182400 -0.011328 0.032182 0.999418 0.000000 0.000000 0.000000 0.000000 1.000000
0.997817 0.065584 0.007802 0.000000 -0.064894 0.995514 -0.068852 10.182400 -0.012283 0.068195 0.997596 0.000000 0.000000 0.000000 0.000000 1.000000
0.998235 0.059141 0.005354 0.000000 -0.058389 0.993959 -0.092937 10.182400 -0.010818 0.092460 0.995658 0.000000 0.000000 0.000000 0.000000 1.000000
0.998712 0.050702 0.002036 0.000000 -0.050263 0.993971 -0.097440 10.182400 -0.006964 0.097212 0.995239 0.000000 0.000000 0.000000 0.000000 1.000000</float_array>
        <technique_common>
          <accessor source="#mixamorig_Spine-Matrix-animation-output-transform-array" count="26" stride="16">
            <param type="float4x4"/>
          </accessor>
        </technique_common>
      </source>
      <source id="mixamorig_Spine-Interpolations">
        <Name_array id="mixamorig_Spine-Interpolations-array" count="26">
 LINEAR LINEAR LINEAR LINEAR LINEAR LINEAR LINEAR LINEAR LINEAR LINEAR LINEAR
LINEAR LINEAR LINEAR LINEAR LINEAR LINEAR LINEAR LINEAR LINEAR LINEAR LINEAR LINEAR
LINEAR LINEAR LINEAR</Name_array>
        <technique_common>
          <accessor source="#mixamorig_Spine-Interpolations-array" count="26">
            <param type="name"/>
          </accessor>
        </technique_common>
      </source>
      <sampler id="mixamorig_Spine-Matrix-animation-transform">
        <input semantic="INPUT" source="#mixamorig_Spine-Matrix-animation-input"/>
        <input semantic="OUTPUT" source="#mixamorig_Spine-Matrix-animation-output-transform"/>
        <input semantic="INTERPOLATION" source="#mixamorig_Spine-Interpolations"/>
      </sampler>
      <channel source="#mixamorig_Spine-Matrix-animation-transform" target="mixamorig_Spine/matrix"/>
    </animation>
    <animation id="mixamorig_Spine1-anim" name="mixamorig_Spine1">
      <source id="mixamorig_Spine1-Matrix-animation-input">
        <float_array id="mixamorig_Spine1-Matrix-animation-input-array" count="26">

0.000000 0.033333 0.066667 0.100000 0.133333 0.166667 0.200000 0.233333 0.266667 0.300000 0.333333 0.366667 0.400000 0.433333 0.466667 0.500000
0.533333 0.566667 0.600000 0.633333 0.666667 0.700000 0.733333 0.766667 0.800000 0.833333</float_array>
        <technique_common>
          <accessor source="#mixamorig_Spine1-Matrix-animation-input-array" count="26">
            <param name="TIME" type="float"/>
          </accessor>
        </technique_common>
      </source>
      <source id="mixamorig_Spine1-Matrix-animation-output-transform">
        <float_array id="mixamorig_Spine1-Matrix-animation-output-transform-array" count="416">

0.986175 0.029400 0.163076 -0.000000 0.003981 0.979647 -0.200687 10.002700 -0.165657 0.198561 0.965987 0.000000 0.000000 0.000000 0.000000 1.000000
0.987912 0.030290 0.152027 0.000000 0.000927 0.979551 -0.201192 10.002700 -0.155013 0.198901 0.967683 0.000000 0.000000 0.000000 0.000000 1.000000
0.990355 0.030009 0.135266 0.000000 -0.001499 0.978526 -0.206116 10.002700 -0.138547 0.203926 0.969133 0.000000 0.000000 0.000000 0.000000 1.000000
0.992101 0.028017 0.122274 0.000000 -0.001517 0.977348 -0.211634 10.002700 -0.125434 0.209776 0.969670 -0.000000 0.000000 0.000000 0.000000 1.000000
0.993727 0.022137 0.109619 -0.000000 0.002691 0.975196 -0.221327 10.002700 -0.111800 0.220234 0.969019 0.000000 0.000000 0.000000 0.000000 1.000000
0.995624 0.015135 0.092221 -0.000000 0.007016 0.971910 -0.235250 10.002700 -0.093191 0.234867 0.967550 0.000000 0.000000 0.000000 0.000000 1.000000
0.997883 0.009963 0.064273 0.000000 0.006584 0.967648 -0.252217 10.002700 -0.064706 0.252106 0.965534 -0.000000 0.000000 0.000000 0.000000 1.000000
0.999381 0.005446 0.034759 0.000000 0.004392 0.960903 -0.276851 10.002700 -0.034908 0.276832 0.960284 0.000000 0.000000 0.000000 0.000000 1.000000
0.999801 0.004733 0.019401 0.000000 0.001231 0.955057 -0.296421 10.002700 -0.019932 0.296386 0.954860 0.000000 0.000000 0.000000 0.000000 1.000000
0.999912 0.004435 0.012539 0.000000 -0.000378 0.951859 -0.306535 10.002700 -0.013295 0.306503 0.951777 0.000000 0.000000 0.000000 0.000000 1.000000
0.999959 -0.002841 0.008570 0.000000 0.005394 0.949142 -0.314802 10.002700 -0.007240 0.314835 0.949119 -0.000000 0.000000 0.000000 0.000000 1.000000
0.999809 -0.005507 0.018768 0.000000 0.010940 0.952867 -0.303190 10.002700 -0.016214 0.303337 0.952745 -0.000000 0.000000 0.000000 0.000000 1.000000
0.999708 -0.003958 0.023845 -0.000000 0.010337 0.961749 -0.273736 10.002700 -0.021850 0.273903 0.961509 0.000000 0.000000 0.000000 0.000000 1.000000
0.999647 -0.004946 0.026107 0.000000 0.011425 0.967064 -0.254277 10.002700 -0.023990 0.254485 0.966779 -0.000000 0.000000 0.000000 0.000000 1.000000
0.999103 0.003651 0.042182 0.000000 0.006660 0.970318 -0.241740 10.002700 -0.041812 0.241804 0.969424 0.000000 0.000000 0.000000 0.000000 1.000000
0.998059 0.018566 0.059441 -0.000000 -0.005810 0.978122 -0.207951 10.002700 -0.062002 0.207202 0.976332 -0.000000 0.000000 0.000000 0.000000 1.000000
0.997036 0.030648 0.070569 0.000000 -0.017834 0.984315 -0.175518 10.002700 -0.074842 0.173739 0.981944 0.000000 0.000000 0.000000 0.000000 1.000000
0.996053 0.043097 0.077596 -0.000000 -0.028577 0.983371 -0.179345 10.002700 -0.084035 0.176420 0.980721 0.000000 0.000000 0.000000 0.000000 1.000000
0.995326 0.056491 0.078321 0.000000 -0.039723 0.978757 -0.201138 10.002700 -0.088020 0.197087 0.976427 0.000000 0.000000 0.000000 0.000000 1.000000
0.995152 0.067970 0.071079 0.000000 -0.050275 0.972753 -0.226327 10.002700 -0.084525 0.221656 0.971455 0.000000 0.000000 0.000000 0.000000 1.000000
0.994800 0.086635 0.053552 0.000000 -0.069783 0.962757 -0.261208 10.002700 -0.074188 0.256113 0.963796 0.000000 0.000000 0.000000 0.000000 1.000000
0.994299 0.102385 0.029780 -0.000000 -0.088207 0.946710 -0.309775 10.002700 -0.059909 0.305382 0.950343 0.000000 0.000000 0.000000 0.000000 1.000000
0.992998 0.117530 0.011938 0.000000 -0.104378 0.920197 -0.377283 10.002700 -0.055328 0.373395 0.926021 -0.000000 0.000000 0.000000 0.000000 1.000000
0.991842 0.127476 0.000233 -0.000000 -0.114192 0.889299 -0.442840 10.002700 -0.056659 0.439201 0.896600 0.000000 0.000000 0.000000 0.000000 1.000000
0.992137 0.124850 -0.008747 0.000000 -0.113369 0.866895 -0.485428 10.002700 -0.053023 0.482602 0.874233 0.000000 0.000000 0.000000 0.000000 1.000000
0.993413 0.113596 -0.015030 0.000000 -0.106196 0.863449 -0.493131 10.002700 -0.043040 0.491479 0.869825 0.000000 0.000000 0.000000 0.000000 1.000000</float_array>
        <technique_common>
          <accessor source="#mixamorig_Spine1-Matrix-animation-output-transform-array" count="26" stride="16">
            <param type="float4x4"/>
          </accessor>
        </technique_common>
      </source>
      <source id="mixamorig_Spine1-Interpolations">
        <Name_array id="mixamorig_Spine1-Interpolations-array" count="26">
 LINEAR LINEAR LINEAR LINEAR LINEAR LINEAR LINEAR LINEAR LINEAR LINEAR LINEAR
LINEAR LINEAR LINEAR LINEAR LINEAR LINEAR LINEAR LINEAR LINEAR LINEAR LINEAR LINEAR
LINEAR LINEAR LINEAR</Name_array>
        <technique_common>
          <accessor source="#mixamorig_Spine1-Interpolations-array" count="26">
            <param type="name"/>
          </accessor>
        </technique_common>
      </source>
      <sampler id="mixamorig_Spine1-Matrix-animation-transform">
        <input semantic="INPUT" source="#mixamorig_Spine1-Matrix-animation-input"/>
        <input semantic="OUTPUT" source="#mixamorig_Spine1-Matrix-animation-output-transform"/>
        <input semantic="INTERPOLATION" source="#mixamorig_Spine1-Interpolations"/>
      </sampler>
      <channel source="#mixamorig_Spine1-Matrix-animation-transform" target="mixamorig_Spine1/matrix"/>
    </animation>
    <animation id="mixamorig_Spine2-anim" name="mixamorig_Spine2">
      <source id="mixamorig_Spine2-Matrix-animation-input">
        <float_array id="mixamorig_Spine2-Matrix-animation-input-array" count="26">

0.000000 0.033333 0.066667 0.100000 0.133333 0.166667 0.200000 0.233333 0.266667 0.300000 0.333333 0.366667 0.400000 0.433333 0.466667 0.500000
0.533333 0.566667 0.600000 0.633333 0.666667 0.700000 0.733333 0.766667 0.800000 0.833333</float_array>
        <technique_common>
          <accessor source="#mixamorig_Spine2-Matrix-animation-input-array" count="26">
            <param name="TIME" type="float"/>
          </accessor>
        </technique_common>
      </source>
      <source id="mixamorig_Spine2-Matrix-animation-output-transform">
        <float_array id="mixamorig_Spine2-Matrix-animation-output-transform-array" count="416">

0.986175 0.033592 0.162264 0.000000 0.003981 0.974151 -0.225864 9.322100 -0.165657 0.223388 0.960550 0.000000 0.000000 0.000000 0.000000 1.000000
0.987912 0.034198 0.151196 -0.000000 0.000927 0.974042 -0.226367 9.322100 -0.155013 0.223771 0.962236 0.000000 0.000000 0.000000 0.000000 1.000000
0.990355 0.033485 0.134448 -0.000000 -0.001499 0.972890 -0.231263 9.322100 -0.138547 0.228831 0.963556 0.000000 0.000000 0.000000 0.000000 1.000000
0.992101 0.031159 0.121512 0.000000 -0.001517 0.971570 -0.236748 9.322100 -0.125434 0.234694 0.963942 0.000000 0.000000 0.000000 0.000000 1.000000
0.993727 0.024954 0.109012 0.000000 0.002691 0.969169 -0.246383 9.322100 -0.111800 0.245131 0.963022 0.000000 0.000000 0.000000 0.000000 1.000000
0.995624 0.017506 0.091800 -0.000000 0.007016 0.965525 -0.260216 9.322100 -0.093190 0.259721 0.961177 0.000000 0.000000 0.000000 0.000000 1.000000
0.997883 0.011616 0.063994 -0.000000 0.006584 0.960828 -0.277069 9.322100 -0.064706 0.276903 0.958717 0.000000 0.000000 0.000000 0.000000 1.000000
0.999381 0.006340 0.034607 0.000000 0.004392 0.953450 -0.301520 9.322100 -0.034908 0.301485 0.952832 0.000000 0.000000 0.000000 0.000000 1.000000
0.999801 0.005231 0.019273 0.000000 0.001231 0.947101 -0.320933 9.322100 -0.019932 0.320893 0.946906 0.000000 0.000000 0.000000 0.000000 1.000000
0.999912 0.004756 0.012420 0.000000 -0.000378 0.943644 -0.330961 9.322100 -0.013294 0.330927 0.943563 0.000000 0.000000 0.000000 0.000000 1.000000
0.999959 -0.002619 0.008640 0.000000 0.005394 0.940715 -0.339155 9.322100 -0.007240 0.339188 0.940691 -0.000000 0.000000 0.000000 0.000000 1.000000
0.999809 -0.005022 0.018904 0.000000 0.010940 0.944738 -0.327643 9.322100 -0.016214 0.327787 0.944612 -0.000000 0.000000 0.000000 0.000000 1.000000
0.999708 -0.003342 0.023939 0.000000 0.010337 0.954376 -0.298428 9.322100 -0.021850 0.298588 0.954132 0.000000 0.000000 0.000000 0.000000 1.000000
0.999647 -0.004271 0.026226 -0.000000 0.011425 0.960191 -0.279112 9.322100 -0.023990 0.279313 0.959900 -0.000000 0.000000 0.000000 0.000000 1.000000
0.999103 0.004737 0.042074 -0.000000 0.006660 0.963767 -0.266663 9.322100 -0.041813 0.266704 0.962871 0.000000 0.000000 0.000000 0.000000 1.000000
0.998059 0.020091 0.058943 0.000000 -0.005810 0.972439 -0.233087 9.322100 -0.062002 0.232292 0.970668 0.000000 0.000000 0.000000 0.000000 1.000000
0.997036 0.032456 0.069757 -0.000000 -0.017834 0.979465 -0.200824 9.322100 -0.074842 0.198984 0.977141 0.000000 0.000000 0.000000 0.000000 1.000000
0.996053 0.045082 0.076459 -0.000000 -0.028577 0.978423 -0.204626 9.322100 -0.084035 0.201633 0.975850 0.000000 0.000000 0.000000 0.000000 1.000000
0.995326 0.058490 0.076839 0.000000 -0.039723 0.973249 -0.226293 9.322100 -0.088020 0.222183 0.971024 -0.000000 0.000000 0.000000 0.000000 1.000000
0.995152 0.069779 0.069303 0.000000 -0.050275 0.966598 -0.251318 9.322100 -0.084525 0.246616 0.965420 -0.000000 0.000000 0.000000 0.000000 1.000000
0.994800 0.087986 0.051302 -0.000000 -0.069783 0.955706 -0.285931 9.322100 -0.074188 0.280864 0.956876 -0.000000 0.000000 0.000000 0.000000 1.000000
0.994299 0.103118 0.027132 -0.000000 -0.088207 0.938413 -0.334067 9.322100 -0.059909 0.329770 0.942159 -0.000000 0.000000 0.000000 0.000000 1.000000
0.992998 0.117799 0.008906 -0.000000 -0.104378 0.910170 -0.400870 9.322100 -0.055328 0.397133 0.916092 -0.000000 0.000000 0.000000 0.000000 1.000000
0.991842 0.127439 -0.003052 0.000000 -0.114192 0.877592 -0.465610 9.322100 -0.056659 0.462160 0.884985 -0.000000 0.000000 0.000000 0.000000 1.000000
0.992137 0.124583 -0.011961 0.000000 -0.113369 0.854098 -0.507606 9.322100 -0.053023 0.504970 0.861507 0.000000 0.000000 0.000000 0.000000 1.000000
0.993413 0.113171 -0.017953 0.000000 -0.106195 0.850455 -0.515217 9.322100 -0.043040 0.513730 0.856872 0.000000 0.000000 0.000000 0.000000 1.000000</float_array>
        <technique_common>
          <accessor source="#mixamorig_Spine2-Matrix-animation-output-transform-array" count="26" stride="16">
            <param type="float4x4"/>
          </accessor>
        </technique_common>
      </source>
      <source id="mixamorig_Spine2-Interpolations">
        <Name_array id="mixamorig_Spine2-Interpolations-array" count="26">
 LINEAR LINEAR LINEAR LINEAR LINEAR LINEAR LINEAR LINEAR LINEAR LINEAR LINEAR
LINEAR LINEAR LINEAR LINEAR LINEAR LINEAR LINEAR LINEAR LINEAR LINEAR LINEAR LINEAR
LINEAR LINEAR LINEAR</Name_array>
        <technique_common>
          <accessor source="#mixamorig_Spine2-Interpolations-array" count="26">
            <param type="name"/>
          </accessor>
        </technique_common>
      </source>
      <sampler id="mixamorig_Spine2-Matrix-animation-transform">
        <input semantic="INPUT" source="#mixamorig_Spine2-Matrix-animation-input"/>
        <input semantic="OUTPUT" source="#mixamorig_Spine2-Matrix-animation-output-transform"/>
        <input semantic="INTERPOLATION" source="#mixamorig_Spine2-Interpolations"/>
      </sampler>
      <channel source="#mixamorig_Spine2-Matrix-animation-transform" target="mixamorig_Spine2/matrix"/>
    </animation>
    <animation id="mixamorig_Neck-anim" name="mixamorig_Neck">
      <source id="mixamorig_Neck-Matrix-animation-input">
        <float_array id="mixamorig_Neck-Matrix-animation-input-array" count="26">

0.000000 0.033333 0.066667 0.100000 0.133333 0.166667 0.200000 0.233333 0.266667 0.300000 0.333333 0.366667 0.400000 0.433333 0.466667 0.500000
0.533333 0.566667 0.600000 0.633333 0.666667 0.700000 0.733333 0.766667 0.800000 0.833333</float_array>
        <technique_common>
          <accessor source="#mixamorig_Neck-Matrix-animation-input-array" count="26">
            <param name="TIME" type="float"/>
          </accessor>
        </technique_common>
      </source>
      <source id="mixamorig_Neck-Matrix-animation-output-transform">
        <float_array id="mixamorig_Neck-Matrix-animation-output-transform-array" count="416">

0.999743 -0.000689 -0.022666 -0.000000 0.002389 0.997177 0.075045 16.865299 0.022550 -0.075080 0.996923 -0.000000 0.000000 0.000000 0.000000 1.000000
0.999894 -0.004957 -0.013709 0.000000 0.006115 0.996294 0.085796 16.865299 0.013233 -0.085871 0.996218 0.000000 0.000000 0.000000 0.000000 1.000000
0.999942 -0.009937 0.004050 0.000000 0.009400 0.993207 0.115983 16.865299 -0.005175 -0.115938 0.993243 0.000000 0.000000 0.000000 0.000000 1.000000
0.999404 -0.012870 0.032040 -0.000000 0.007651 0.987412 0.157984 16.865299 -0.033670 -0.157644 0.986922 0.000000 0.000000 0.000000 0.000000 1.000000
0.997593 -0.010946 0.068474 0.000000 -0.002764 0.980402 0.196989 16.865299 -0.069288 -0.196704 0.978012 0.000000 0.000000 0.000000 0.000000 1.000000
0.994286 0.000359 0.106744 -0.000000 -0.023784 0.975602 0.218255 16.865299 -0.104061 -0.219547 0.970036 0.000000 0.000000 0.000000 0.000000 1.000000
0.990217 0.022657 0.137688 -0.000000 -0.052336 0.975002 0.215947 16.865299 -0.129353 -0.221040 0.966648 0.000000 0.000000 0.000000 0.000000 1.000000
0.987280 0.044913 0.152515 -0.000000 -0.075255 0.977016 0.199438 16.865299 -0.140053 -0.208379 0.967969 -0.000000 0.000000 0.000000 0.000000 1.000000
0.987448 0.051121 0.149440 0.000000 -0.079084 0.979049 0.187642 16.865299 -0.136716 -0.197105 0.970803 -0.000000 0.000000 0.000000 0.000000 1.000000
0.989801 0.039166 0.136965 -0.000000 -0.065453 0.979002 0.193057 16.865299 -0.126528 -0.200053 0.971581 0.000000 0.000000 0.000000 0.000000 1.000000
0.991981 0.018799 0.124983 -0.000000 -0.045398 0.975879 0.213538 16.865299 -0.117954 -0.217500 0.968907 0.000000 0.000000 0.000000 0.000000 1.000000
0.993305 -0.004289 0.115438 -0.000000 -0.022915 0.972136 0.233296 16.865299 -0.113222 -0.234380 0.965529 0.000000 0.000000 0.000000 0.000000 1.000000
0.994140 -0.029472 0.104002 0.000000 0.004640 0.972864 0.231332 16.865299 -0.107998 -0.229494 0.967300 0.000000 0.000000 0.000000 0.000000 1.000000
0.994764 -0.054648 0.086361 0.000000 0.037466 0.981197 0.189336 16.865299 -0.095084 -0.185109 0.978107 0.000000 0.000000 0.000000 0.000000 1.000000
0.994775 -0.080792 0.062405 -0.000000 0.074327 0.992232 0.099755 16.865299 -0.069980 -0.094596 0.993053 -0.000000 0.000000 0.000000 0.000000 1.000000
0.993495 -0.107212 0.038375 0.000000 0.107839 0.994060 -0.014653 16.865299 -0.036576 0.018696 0.999156 0.000000 0.000000 0.000000 0.000000 1.000000
0.992562 -0.119271 0.024411 0.000000 0.121232 0.986677 -0.108495 16.865299 -0.011146 0.110647 0.993797 0.000000 0.000000 0.000000 0.000000 1.000000
0.994212 -0.103884 0.027408 0.000000 0.107028 0.979932 -0.168162 16.865299 -0.009389 0.170122 0.985378 0.000000 0.000000 0.000000 0.000000 1.000000
0.996730 -0.066667 0.045663 0.000000 0.075179 0.972249 -0.221539 16.865299 -0.029627 0.224248 0.974082 0.000000 0.000000 0.000000 0.000000 1.000000
0.997462 -0.022359 0.067596 0.000000 0.040146 0.960715 -0.274620 16.865299 -0.058800 0.276636 0.959174 0.000000 0.000000 0.000000 0.000000 1.000000
0.996747 0.014718 0.079242 0.000000 0.008849 0.957258 -0.289099 16.865299 -0.080110 0.288860 0.954014 -0.000000 0.000000 0.000000 0.000000 1.000000
0.996381 0.035395 0.077284 0.000000 -0.015931 0.970832 -0.239231 16.865299 -0.083497 0.237134 0.967882 0.000000 0.000000 0.000000 0.000000 1.000000
0.996426 0.045624 0.071096 -0.000000 -0.034369 0.987756 -0.152176 16.865299 -0.077168 0.149188 0.985793 0.000000 0.000000 0.000000 0.000000 1.000000
0.995398 0.062599 0.072553 -0.000000 -0.056856 0.995278 -0.078676 16.865299 -0.077135 0.074189 0.994257 0.000000 0.000000 0.000000 0.000000 1.000000
0.992388 0.090102 0.083956 0.000000 -0.086875 0.995361 -0.041333 16.865299 -0.087291 0.033725 0.995612 -0.000000 0.000000 0.000000 0.000000 1.000000
0.989110 0.111312 0.096289 0.000000 -0.109232 0.993660 -0.026627 16.865299 -0.098642 0.015820 0.994997 0.000000 0.000000 0.000000 0.000000 1.000000</float_array>
        <technique_common>
          <accessor source="#mixamorig_Neck-Matrix-animation-output-transform-array" count="26" stride="16">
            <param type="float4x4"/>
          </accessor>
        </technique_common>
      </source>
      <source id="mixamorig_Neck-Interpolations">
        <Name_array id="mixamorig_Neck-Interpolations-array" count="26">
 LINEAR LINEAR LINEAR LINEAR LINEAR LINEAR LINEAR LINEAR LINEAR LINEAR LINEAR
LINEAR LINEAR LINEAR LINEAR LINEAR LINEAR LINEAR LINEAR LINEAR LINEAR LINEAR LINEAR
LINEAR LINEAR LINEAR</Name_array>
        <technique_common>
          <accessor source="#mixamorig_Neck-Interpolations-array" count="26">
            <param type="name"/>
          </accessor>
        </technique_common>
      </source>
      <sampler id="mixamorig_Neck-Matrix-animation-transform">
        <input semantic="INPUT" source="#mixamorig_Neck-Matrix-animation-input"/>
        <input semantic="OUTPUT" source="#mixamorig_Neck-Matrix-animation-output-transform"/>
        <input semantic="INTERPOLATION" source="#mixamorig_Neck-Interpolations"/>
      </sampler>
      <channel source="#mixamorig_Neck-Matrix-animation-transform" target="mixamorig_Neck/matrix"/>
    </animation>
    <animation id="mixamorig_Head-anim" name="mixamorig_Head">
      <source id="mixamorig_Head-Matrix-animation-input">
        <float_array id="mixamorig_Head-Matrix-animation-input-array" count="26">

0.000000 0.033333 0.066667 0.100000 0.133333 0.166667 0.200000 0.233333 0.266667 0.300000 0.333333 0.366667 0.400000 0.433333 0.466667 0.500000
0.533333 0.566667 0.600000 0.633333 0.666667 0.700000 0.733333 0.766667 0.800000 0.833333</float_array>
        <technique_common>
          <accessor source="#mixamorig_Head-Matrix-animation-input-array" count="26">
            <param name="TIME" type="float"/>
          </accessor>
        </technique_common>
      </source>
      <source id="mixamorig_Head-Matrix-animation-output-transform">
        <float_array id="mixamorig_Head-Matrix-animation-output-transform-array" count="416">

0.937031 -0.036282 0.347355 -0.000000 -0.002296 0.993928 0.110012 9.341900 -0.349237 -0.103882 0.931258 2.841000 0.000000 0.000000 0.000000 1.000000
0.933938 -0.032276 0.355976 -0.000000 -0.002605 0.995274 0.097076 9.341900 -0.357427 -0.091591 0.929439 2.841000 0.000000 0.000000 0.000000 1.000000
0.927258 -0.008719 0.374322 -0.000000 -0.028925 0.995073 0.094831 9.341900 -0.373304 -0.098761 0.922437 2.841000 0.000000 0.000000 0.000000 1.000000
0.914146 0.024421 0.404648 0.000000 -0.077191 0.990407 0.114612 9.341900 -0.397967 -0.136007 0.907262 2.841000 0.000000 0.000000 0.000000 1.000000
0.896184 0.048430 0.441031 0.000000 -0.132414 0.977919 0.161683 9.341900 -0.423462 -0.203297 0.882808 2.841000 0.000000 0.000000 0.000000 1.000000
0.883178 0.049942 0.466372 0.000000 -0.179702 0.954472 0.238095 9.341900 -0.433248 -0.294089 0.851944 2.841000 0.000000 0.000000 0.000000 1.000000
0.884077 0.035350 0.466002 0.000000 -0.213092 0.917938 0.334637 9.341900 -0.415931 -0.395146 0.819061 2.841000 0.000000 0.000000 0.000000 1.000000
0.896902 0.023511 0.441604 0.000000 -0.229884 0.877849 0.420161 9.341900 -0.377783 -0.478361 0.792749 2.841000 0.000000 0.000000 0.000000 1.000000
0.912510 0.022058 0.408459 -0.000000 -0.229037 0.854894 0.465509 9.341900 -0.338921 -0.518334 0.785151 2.841000 0.000000 0.000000 0.000000 1.000000
0.923909 0.023977 0.381861 0.000000 -0.215621 0.857089 0.467874 9.341900 -0.316071 -0.514610 0.797042 2.841000 0.000000 0.000000 0.000000 1.000000
0.929697 0.023890 0.367550 0.000000 -0.195442 0.877820 0.437303 9.341900 -0.312195 -0.478394 0.820776 2.841000 0.000000 0.000000 0.000000 1.000000
0.932123 0.019821 0.361599 0.000000 -0.166611 0.910023 0.379603 9.341900 -0.321540 -0.414083 0.851556 2.841000 0.000000 0.000000 0.000000 1.000000
0.935028 0.012411 0.354356 0.000000 -0.126112 0.945678 0.299647 9.341900 -0.331388 -0.324867 0.885801 2.841000 0.000000 0.000000 0.000000 1.000000
0.941724 0.012619 0.336150 0.000000 -0.083908 0.976521 0.198408 9.341900 -0.325753 -0.215051 0.920672 2.841000 0.000000 0.000000 0.000000 1.000000
0.950245 0.035255 0.309501 -0.000000 -0.060280 0.995606 0.071665 9.341900 -0.305614 -0.086756 0.948195 2.841000 0.000000 0.000000 0.000000 1.000000
0.953861 0.083176 0.288497 0.000000 -0.068715 0.995836 -0.059911 9.341900 -0.292279 0.037323 0.955605 2.841000 0.000000 0.000000 0.000000 1.000000
0.949289 0.140190 0.281419 -0.000000 -0.104962 0.985044 -0.136642 9.341900 -0.296365 0.100174 0.949807 2.841000 0.000000 0.000000 0.000000 1.000000
0.939675 0.178152 0.292014 -0.000000 -0.150574 0.981942 -0.114530 9.341900 -0.307144 0.063651 0.949532 2.841000 0.000000 0.000000 0.000000 1.000000
0.929954 0.178433 0.321476 -0.000000 -0.182471 0.983050 -0.017790 9.341900 -0.319202 -0.042116 0.946750 2.841000 0.000000 0.000000 0.000000 1.000000
0.925745 0.148312 0.347851 -0.000000 -0.188252 0.978540 0.083786 9.341900 -0.327960 -0.143048 0.933798 2.841000 0.000000 0.000000 0.000000 1.000000
0.935079 0.111708 0.336376 0.000000 -0.165457 0.976859 0.135539 9.341900 -0.313451 -0.182395 0.931923 2.841000 0.000000 0.000000 0.000000 1.000000
0.956308 0.082760 0.280402 -0.000000 -0.122506 0.984269 0.127304 9.341900 -0.265455 -0.156093 0.951403 2.841000 0.000000 0.000000 0.000000 1.000000
0.976734 0.055149 0.207241 0.000000 -0.073465 0.993942 0.081748 9.341900 -0.201477 -0.095071 0.974868 2.841000 0.000000 0.000000 0.000000 1.000000
0.988514 0.018853 0.149948 0.000000 -0.022969 0.999404 0.025766 9.341900 -0.149373 -0.028914 0.988358 2.841000 0.000000 0.000000 0.000000 1.000000
0.991911 -0.022824 0.124864 0.000000 0.025617 0.999455 -0.020804 9.341900 -0.124321 0.023834 0.991956 2.841000 0.000000 0.000000 0.000000 1.000000
0.990303 -0.056183 0.127053 0.000000 0.062253 0.997076 -0.044315 9.341900 -0.124192 0.051795 0.990905 2.841000 0.000000 0.000000 0.000000 1.000000</float_array>
        <technique_common>
          <accessor source="#mixamorig_Head-Matrix-animation-output-transform-array" count="26" stride="16">
            <param type="float4x4"/>
          </accessor>
        </technique_common>
      </source>
      <source id="mixamorig_Head-Interpolations">
        <Name_array id="mixamorig_Head-Interpolations-array" count="26">
 LINEAR LINEAR LINEAR LINEAR LINEAR LINEAR LINEAR LINEAR LINEAR LINEAR LINEAR
LINEAR LINEAR LINEAR LINEAR LINEAR LINEAR LINEAR LINEAR LINEAR LINEAR LINEAR LINEAR
LINEAR LINEAR LINEAR</Name_array>
        <technique_common>
          <accessor source="#mixamorig_Head-Interpolations-array" count="26">
            <param type="name"/>
          </accessor>
        </technique_common>
      </source>
      <sampler id="mixamorig_Head-Matrix-animation-transform">
        <input semantic="INPUT" source="#mixamorig_Head-Matrix-animation-input"/>
        <input semantic="OUTPUT" source="#mixamorig_Head-Matrix-animation-output-transform"/>
        <input semantic="INTERPOLATION" source="#mixamorig_Head-Interpolations"/>
      </sampler>
      <channel source="#mixamorig_Head-Matrix-animation-transform" target="mixamorig_Head/matrix"/>
    </animation>
    <animation id="mixamorig_RightShoulder-anim" name="mixamorig_RightShoulder">
      <source id="mixamorig_RightShoulder-Matrix-animation-input">
        <float_array id="mixamorig_RightShoulder-Matrix-animation-input-array" count="26">

0.000000 0.033333 0.066667 0.100000 0.133333 0.166667 0.200000 0.233333 0.266667 0.300000 0.333333 0.366667 0.400000 0.433333 0.466667 0.500000
0.533333 0.566667 0.600000 0.633333 0.666667 0.700000 0.733333 0.766667 0.800000 0.833333</float_array>
        <technique_common>
          <accessor source="#mixamorig_RightShoulder-Matrix-animation-input-array" count="26">
            <param name="TIME" type="float"/>
          </accessor>
        </technique_common>
      </source>
      <source id="mixamorig_RightShoulder-Matrix-animation-output-transform">
        <float_array id="mixamorig_RightShoulder-Matrix-animation-output-transform-array" count="416">

-0.037375 -0.975757 0.215641 -4.570000 -0.190048 -0.204913 -0.960152 11.195800 0.981063 -0.076868 -0.177782 -0.806600 0.000000 0.000000 0.000000 1.000000
-0.049860 -0.974737 0.217718 -4.570000 -0.189685 -0.204780 -0.960253 11.195800 0.980578 -0.089176 -0.174682 -0.806600 0.000000 0.000000 0.000000 1.000000
-0.076447 -0.973203 0.216867 -4.570000 -0.188242 -0.199504 -0.961646 11.195800 0.979143 -0.114339 -0.167947 -0.806600 0.000000 0.000000 0.000000 1.000000
-0.113307 -0.970167 0.214330 -4.570000 -0.185704 -0.191238 -0.963816 11.195800 0.976051 -0.149009 -0.158495 -0.806600 0.000000 0.000000 0.000000 1.000000
-0.157759 -0.963759 0.215130 -4.570000 -0.182655 -0.185618 -0.965496 11.195800 0.970438 -0.191611 -0.146753 -0.806600 0.000000 0.000000 0.000000 1.000000
-0.206841 -0.951955 0.225830 -4.570000 -0.181079 -0.189585 -0.965022 11.195800 0.961471 -0.240500 -0.133165 -0.806600 0.000000 0.000000 0.000000 1.000000
-0.249187 -0.935337 0.251100 -4.570000 -0.184114 -0.208797 -0.960472 11.195800 0.950793 -0.285568 -0.120179 -0.806600 0.000000 0.000000 0.000000 1.000000
-0.266850 -0.919925 0.287278 -4.570000 -0.192379 -0.241242 -0.951206 11.195800 0.944342 -0.309095 -0.112599 -0.806600 0.000000 0.000000 0.000000 1.000000
-0.254756 -0.913166 0.318161 -4.570000 -0.199888 -0.272183 -0.941255 11.195800 0.946121 -0.303387 -0.113190 -0.806600 0.000000 0.000000 0.000000 1.000000
-0.229386 -0.916500 0.327734 -4.570000 -0.201178 -0.284798 -0.937239 11.195800 0.952318 -0.280922 -0.119051 -0.806600 0.000000 0.000000 0.000000 1.000000
-0.209646 -0.925189 0.316345 -4.570000 -0.197820 -0.276711 -0.940371 11.195800 0.957557 -0.259724 -0.125010 -0.806600 0.000000 0.000000 0.000000 1.000000
-0.200466 -0.934630 0.293734 -4.570000 -0.192414 -0.256421 -0.947220 11.195800 0.960620 -0.246404 -0.128432 -0.806600 0.000000 0.000000 0.000000 1.000000
-0.197761 -0.945349 0.259242 -4.570000 -0.183600 -0.224063 -0.957124 11.195800 0.962903 -0.236879 -0.129255 -0.806600 0.000000 0.000000 0.000000 1.000000
-0.199460 -0.959978 0.196616 -4.570000 -0.167817 -0.164219 -0.972044 11.195800 0.965429 -0.226879 -0.128345 -0.806600 0.000000 0.000000 0.000000 1.000000
-0.208626 -0.973332 0.095398 -4.570000 -0.144825 -0.065722 -0.987272 11.195800 0.967213 -0.219787 -0.127251 -0.806600 0.000000 0.000000 0.000000 1.000000
-0.231228 -0.972640 -0.022469 -4.570000 -0.119451 0.051303 -0.991514 11.195800 0.965539 -0.226581 -0.128045 -0.806600 0.000000 0.000000 0.000000 1.000000
-0.271370 -0.955622 -0.114652 -4.570000 -0.096619 0.145568 -0.984619 11.195800 0.957613 -0.256118 -0.131834 -0.806600 0.000000 0.000000 0.000000 1.000000
-0.321542 -0.934795 -0.150896 -4.570000 -0.081114 0.185965 -0.979203 11.195800 0.943415 -0.302615 -0.135620 -0.806600 0.000000 0.000000 0.000000 1.000000
-0.366452 -0.922517 -0.121142 -4.570000 -0.078481 0.160381 -0.983930 11.195800 0.927121 -0.351056 -0.131172 -0.806600 0.000000 0.000000 0.000000 1.000000
-0.397262 -0.916449 -0.048010 -4.570000 -0.084815 0.088756 -0.992436 11.195800 0.913778 -0.390185 -0.112988 -0.806600 0.000000 0.000000 0.000000 1.000000
-0.413278 -0.910467 0.015867 -4.570000 -0.086145 0.021745 -0.996045 11.195800 0.906521 -0.413010 -0.087419 -0.806600 0.000000 0.000000 0.000000 1.000000
-0.416190 -0.908322 0.041681 -4.570000 -0.076310 -0.010787 -0.997026 11.195800 0.906070 -0.418133 -0.064825 -0.806600 0.000000 0.000000 0.000000 1.000000
-0.412874 -0.909651 0.045508 -4.570000 -0.061819 -0.021862 -0.997848 11.195800 0.908688 -0.414799 -0.047207 -0.806600 0.000000 0.000000 0.000000 1.000000
-0.413085 -0.909662 0.043307 -4.570000 -0.048087 -0.025700 -0.998512 11.195800 0.909422 -0.414553 -0.033126 -0.806600 0.000000 0.000000 0.000000 1.000000
-0.417939 -0.907876 0.032983 -4.570000 -0.035772 -0.019831 -0.999163 11.195800 0.907770 -0.418770 -0.024188 -0.806600 0.000000 0.000000 0.000000 1.000000
-0.421610 -0.906619 0.016960 -4.570000 -0.026709 -0.006279 -0.999624 11.195800 0.906384 -0.421904 -0.021567 -0.806600 0.000000 0.000000 0.000000 1.000000</float_array>
        <technique_common>
          <accessor source="#mixamorig_RightShoulder-Matrix-animation-output-transform-array" count="26" stride="16">
            <param type="float4x4"/>
          </accessor>
        </technique_common>
      </source>
      <source id="mixamorig_RightShoulder-Interpolations">
        <Name_array id="mixamorig_RightShoulder-Interpolations-array" count="26">
 LINEAR LINEAR LINEAR LINEAR LINEAR LINEAR LINEAR LINEAR LINEAR LINEAR LINEAR
LINEAR LINEAR LINEAR LINEAR LINEAR LINEAR LINEAR LINEAR LINEAR LINEAR LINEAR LINEAR
LINEAR LINEAR LINEAR</Name_array>
        <technique_common>
          <accessor source="#mixamorig_RightShoulder-Interpolations-array" count="26">
            <param type="name"/>
          </accessor>
        </technique_common>
      </source>
      <sampler id="mixamorig_RightShoulder-Matrix-animation-transform">
        <input semantic="INPUT" source="#mixamorig_RightShoulder-Matrix-animation-input"/>
        <input semantic="OUTPUT" source="#mixamorig_RightShoulder-Matrix-animation-output-transform"/>
        <input semantic="INTERPOLATION" source="#mixamorig_RightShoulder-Interpolations"/>
      </sampler>
      <channel source="#mixamorig_RightShoulder-Matrix-animation-transform" target="mixamorig_RightShoulder/matrix"/>
    </animation>
    <animation id="mixamorig_RightArm-anim" name="mixamorig_RightArm">
      <source id="mixamorig_RightArm-Matrix-animation-input">
        <float_array id="mixamorig_RightArm-Matrix-animation-input-array" count="26">

0.000000 0.033333 0.066667 0.100000 0.133333 0.166667 0.200000 0.233333 0.266667 0.300000 0.333333 0.366667 0.400000 0.433333 0.466667 0.500000
0.533333 0.566667 0.600000 0.633333 0.666667 0.700000 0.733333 0.766667 0.800000 0.833333</float_array>
        <technique_common>
          <accessor source="#mixamorig_RightArm-Matrix-animation-input-array" count="26">
            <param name="TIME" type="float"/>
          </accessor>
        </technique_common>
      </source>
      <source id="mixamorig_RightArm-Matrix-animation-output-transform">
        <float_array id="mixamorig_RightArm-Matrix-animation-output-transform-array" count="416">

0.976616 -0.114894 0.181718 0.000000 0.214991 0.525685 -0.823064 10.838200 -0.000961 0.842885 0.538093 -0.000000 0.000000 0.000000 0.000000 1.000000
0.984101 -0.087832 0.154373 0.000000 0.176942 0.560193 -0.809244 10.838200 -0.015401 0.823693 0.566827 -0.000000 0.000000 0.000000 0.000000 1.000000
0.989722 -0.061629 0.129045 0.000000 0.139785 0.607346 -0.782043 10.838200 -0.030179 0.792044 0.609718 0.000000 0.000000 0.000000 0.000000 1.000000
0.991825 -0.057305 0.114011 0.000000 0.123635 0.652647 -0.747506 10.838200 -0.031573 0.755492 0.654397 0.000000 0.000000 0.000000 0.000000 1.000000
0.991871 -0.081124 0.098031 -0.000000 0.127011 0.677878 -0.724120 10.838200 -0.007710 0.730684 0.682672 0.000000 0.000000 0.000000 0.000000 1.000000
0.991063 -0.112204 0.072144 0.000000 0.128779 0.663718 -0.736814 10.838200 0.034790 0.739519 0.672236 0.000000 0.000000 0.000000 0.000000 1.000000
0.991638 -0.117671 0.052994 -0.000000 0.113986 0.606046 -0.787220 10.838200 0.060517 0.786678 0.614391 0.000000 0.000000 0.000000 0.000000 1.000000
0.996007 -0.071470 0.053490 0.000000 0.083447 0.532542 -0.842280 10.838200 0.031712 0.843381 0.536380 0.000000 0.000000 0.000000 0.000000 1.000000
0.998323 0.027639 0.050858 0.000000 0.030965 0.487324 -0.872672 10.838200 -0.048904 0.872784 0.485651 -0.000000 0.000000 0.000000 0.000000 1.000000
0.985204 0.169332 0.026445 0.000000 -0.059269 0.481409 -0.874490 10.838200 -0.160810 0.859984 0.484323 0.000000 0.000000 0.000000 0.000000 1.000000
0.945205 0.326373 0.008249 0.000000 -0.164309 0.497381 -0.851830 10.838200 -0.282117 0.803799 0.523753 0.000000 0.000000 0.000000 0.000000 1.000000
0.889387 0.454748 0.046853 0.000000 -0.242827 0.556763 -0.794386 10.838200 -0.387332 0.695139 0.605603 0.000000 0.000000 0.000000 0.000000 1.000000
0.823938 0.542622 0.163362 0.000000 -0.312459 0.675519 -0.667865 10.838200 -0.472752 0.499235 0.726133 0.000000 0.000000 0.000000 0.000000 1.000000
0.753033 0.577900 0.314598 0.000000 -0.422368 0.791166 -0.442337 10.838200 -0.504526 0.200218 0.839861 -0.000000 0.000000 0.000000 0.000000 1.000000
0.706775 0.568342 0.421255 0.000000 -0.551566 0.815580 -0.174942 10.838200 -0.442994 -0.108705 0.889910 0.000000 0.000000 0.000000 0.000000 1.000000
0.675310 0.569043 0.469198 0.000000 -0.644259 0.764807 -0.000284 10.838200 -0.359007 -0.302093 0.883093 -0.000000 0.000000 0.000000 0.000000 1.000000
0.654226 0.568877 0.498364 0.000000 -0.675829 0.735519 0.047606 10.838200 -0.339475 -0.367954 0.865660 0.000000 0.000000 0.000000 0.000000 1.000000
0.695169 0.489411 0.526514 -0.000000 -0.607187 0.791843 0.065641 10.838200 -0.384790 -0.365324 0.847629 0.000000 0.000000 0.000000 0.000000 1.000000
0.774639 0.304662 0.554180 0.000000 -0.433972 0.893504 0.115405 10.838200 -0.460002 -0.329896 0.824358 0.000000 0.000000 0.000000 0.000000 1.000000
0.818190 0.094878 0.567066 -0.000000 -0.222457 0.961714 0.160063 10.838200 -0.530168 -0.257110 0.807970 0.000000 0.000000 0.000000 0.000000 1.000000
0.831523 -0.046668 0.553526 0.000000 -0.041035 0.988582 0.144991 10.838200 -0.553972 -0.143277 0.820114 -0.000000 0.000000 0.000000 0.000000 1.000000
0.856617 -0.104647 0.505229 0.000000 0.077402 0.994198 0.074690 10.838200 -0.510114 -0.024875 0.859747 0.000000 0.000000 0.000000 0.000000 1.000000
0.892772 -0.112666 0.436193 0.000000 0.120093 0.992706 0.010613 10.838200 -0.434207 0.042909 0.899791 0.000000 0.000000 0.000000 0.000000 1.000000
0.916747 -0.093265 0.388429 0.000000 0.105385 0.994382 -0.009964 10.838200 -0.385317 0.050069 0.921425 0.000000 0.000000 0.000000 0.000000 1.000000
0.921153 -0.053648 0.385485 -0.000000 0.061726 0.998056 -0.008601 10.838200 -0.384274 0.031717 0.922674 0.000000 0.000000 0.000000 0.000000 1.000000
0.913793 -0.015504 0.405883 0.000000 0.019617 0.999790 -0.005974 10.838200 -0.405705 0.013422 0.913905 0.000000 0.000000 0.000000 0.000000 1.000000</float_array>
        <technique_common>
          <accessor source="#mixamorig_RightArm-Matrix-animation-output-transform-array" count="26" stride="16">
            <param type="float4x4"/>
          </accessor>
        </technique_common>
      </source>
      <source id="mixamorig_RightArm-Interpolations">
        <Name_array id="mixamorig_RightArm-Interpolations-array" count="26">
 LINEAR LINEAR LINEAR LINEAR LINEAR LINEAR LINEAR LINEAR LINEAR LINEAR LINEAR
LINEAR LINEAR LINEAR LINEAR LINEAR LINEAR LINEAR LINEAR LINEAR LINEAR LINEAR LINEAR
LINEAR LINEAR LINEAR</Name_array>
        <technique_common>
          <accessor source="#mixamorig_RightArm-Interpolations-array" count="26">
            <param type="name"/>
          </accessor>
        </technique_common>
      </source>
      <sampler id="mixamorig_RightArm-Matrix-animation-transform">
        <input semantic="INPUT" source="#mixamorig_RightArm-Matrix-animation-input"/>
        <input semantic="OUTPUT" source="#mixamorig_RightArm-Matrix-animation-output-transform"/>
        <input semantic="INTERPOLATION" source="#mixamorig_RightArm-Interpolations"/>
      </sampler>
      <channel source="#mixamorig_RightArm-Matrix-animation-transform" target="mixamorig_RightArm/matrix"/>
    </animation>
    <animation id="mixamorig_RightForeArm-anim" name="mixamorig_RightForeArm">
      <source id="mixamorig_RightForeArm-Matrix-animation-input">
        <float_array id="mixamorig_RightForeArm-Matrix-animation-input-array" count="26">

0.000000 0.033333 0.066667 0.100000 0.133333 0.166667 0.200000 0.233333 0.266667 0.300000 0.333333 0.366667 0.400000 0.433333 0.466667 0.500000
0.533333 0.566667 0.600000 0.633333 0.666667 0.700000 0.733333 0.766667 0.800000 0.833333</float_array>
        <technique_common>
          <accessor source="#mixamorig_RightForeArm-Matrix-animation-input-array" count="26">
            <param name="TIME" type="float"/>
          </accessor>
        </technique_common>
      </source>
      <source id="mixamorig_RightForeArm-Matrix-animation-output-transform">
        <float_array id="mixamorig_RightForeArm-Matrix-animation-output-transform-array" count="416">

0.739770 0.672496 0.022133 0.000000 -0.667291 0.737474 -0.104188 27.841499 -0.086389 0.062306 0.994311 0.000000 0.000000 0.000000 0.000000 1.000000
0.728177 0.685308 -0.010569 -0.000000 -0.682408 0.723487 -0.104335 27.841499 -0.063855 0.083187 0.994486 0.000000 0.000000 0.000000 0.000000 1.000000
0.662131 0.748136 -0.043313 0.000000 -0.748941 0.658631 -0.072749 27.841499 -0.025899 0.080608 0.996409 0.000000 0.000000 0.000000 0.000000 1.000000
0.522610 0.850055 -0.065461 0.000000 -0.852343 0.522706 -0.017028 27.841499 0.019742 0.064694 0.997710 0.000000 0.000000 0.000000 0.000000 1.000000
0.333403 0.939591 -0.077529 -0.000000 -0.940967 0.336737 0.034481 27.841499 0.058505 0.061456 0.996394 0.000000 0.000000 0.000000 0.000000 1.000000
0.166631 0.982081 -0.088042 0.000000 -0.982653 0.172771 0.067404 27.841499 0.081407 0.075283 0.993834 0.000000 0.000000 0.000000 0.000000 1.000000
0.090733 0.992451 -0.082516 -0.000000 -0.992089 0.097296 0.079334 27.841499 0.086763 0.074665 0.993427 -0.000000 0.000000 0.000000 0.000000 1.000000
0.148990 0.987872 -0.043704 0.000000 -0.987569 0.150892 0.044041 27.841499 0.050102 0.036599 0.998073 0.000000 0.000000 0.000000 0.000000 1.000000
0.333647 0.942123 0.032917 0.000000 -0.941241 0.334869 -0.043902 27.841499 -0.052384 -0.016335 0.998493 -0.000000 0.000000 0.000000 0.000000 1.000000
0.545531 0.829465 0.119930 0.000000 -0.824508 0.556825 -0.100664 27.841499 -0.150278 -0.043967 0.987666 0.000000 0.000000 0.000000 0.000000 1.000000
0.669662 0.728708 0.143311 -0.000000 -0.727028 0.682631 -0.073790 27.841499 -0.151600 -0.054777 0.986923 -0.000000 0.000000 0.000000 0.000000 1.000000
0.669362 0.732423 0.124543 0.000000 -0.736151 0.676467 -0.021750 27.841499 -0.100180 -0.077124 0.991976 0.000000 0.000000 0.000000 0.000000 1.000000
0.600538 0.789382 0.127401 -0.000000 -0.795219 0.606269 -0.007998 27.841499 -0.083553 -0.096509 0.991819 0.000000 0.000000 0.000000 0.000000 1.000000
0.586251 0.804144 0.098299 0.000000 -0.803045 0.592842 -0.060469 27.841499 -0.106901 -0.043488 0.993318 -0.000000 0.000000 0.000000 0.000000 1.000000
0.703395 0.710783 -0.004824 0.000000 -0.705094 0.696874 -0.131182 27.841499 -0.089880 0.095674 0.991347 -0.000000 0.000000 0.000000 0.000000 1.000000
0.859431 0.499335 -0.109741 0.000000 -0.510937 0.846417 -0.150073 27.841499 0.017950 0.185048 0.982566 -0.000000 0.000000 0.000000 0.000000 1.000000
0.940815 0.311794 -0.132862 0.000000 -0.327736 0.936827 -0.122248 27.841499 0.086353 0.158556 0.983566 0.000000 0.000000 0.000000 0.000000 1.000000
0.962843 0.269219 -0.021335 0.000000 -0.270035 0.958600 -0.090370 27.841499 -0.003877 0.092773 0.995680 -0.000000 0.000000 0.000000 0.000000 1.000000
0.913904 0.346150 0.212037 -0.000000 -0.335208 0.938143 -0.086732 27.841499 -0.228943 0.008188 0.973405 0.000000 0.000000 0.000000 0.000000 1.000000
0.781099 0.444508 0.438517 0.000000 -0.436873 0.890821 -0.124820 27.841499 -0.446123 -0.094080 0.890013 -0.000000 0.000000 0.000000 0.000000 1.000000
0.684929 0.503207 0.526930 0.000000 -0.504842 0.849223 -0.154773 27.841499 -0.525364 -0.160007 0.835698 0.000000 0.000000 0.000000 0.000000 1.000000
0.716700 0.517249 0.467755 0.000000 -0.518729 0.843700 -0.138170 27.841499 -0.466113 -0.143612 0.872992 0.000000 0.000000 0.000000 0.000000 1.000000
0.808224 0.493447 0.321378 -0.000000 -0.487736 0.866748 -0.104221 27.841499 -0.329981 -0.072514 0.941198 0.000000 0.000000 0.000000 0.000000 1.000000
0.869701 0.461182 0.175870 0.000000 -0.454086 0.887257 -0.081126 27.841499 -0.193456 -0.009305 0.981065 0.000000 0.000000 0.000000 0.000000 1.000000
0.885073 0.458355 0.080965 -0.000000 -0.454390 0.888565 -0.063105 27.841499 -0.100867 0.019063 0.994717 0.000000 0.000000 0.000000 0.000000 1.000000
0.874810 0.484004 0.021170 -0.000000 -0.483085 0.874779 -0.037287 27.841499 -0.036566 0.022392 0.999080 -0.000000 0.000000 0.000000 0.000000 1.000000</float_array>
        <technique_common>
          <accessor source="#mixamorig_RightForeArm-Matrix-animation-output-transform-array" count="26" stride="16">
            <param type="float4x4"/>
          </accessor>
        </technique_common>
      </source>
      <source id="mixamorig_RightForeArm-Interpolations">
        <Name_array id="mixamorig_RightForeArm-Interpolations-array" count="26">
 LINEAR LINEAR LINEAR LINEAR LINEAR LINEAR LINEAR LINEAR LINEAR LINEAR LINEAR
LINEAR LINEAR LINEAR LINEAR LINEAR LINEAR LINEAR LINEAR LINEAR LINEAR LINEAR LINEAR
LINEAR LINEAR LINEAR</Name_array>
        <technique_common>
          <accessor source="#mixamorig_RightForeArm-Interpolations-array" count="26">
            <param type="name"/>
          </accessor>
        </technique_common>
      </source>
      <sampler id="mixamorig_RightForeArm-Matrix-animation-transform">
        <input semantic="INPUT" source="#mixamorig_RightForeArm-Matrix-animation-input"/>
        <input semantic="OUTPUT" source="#mixamorig_RightForeArm-Matrix-animation-output-transform"/>
        <input semantic="INTERPOLATION" source="#mixamorig_RightForeArm-Interpolations"/>
      </sampler>
      <channel source="#mixamorig_RightForeArm-Matrix-animation-transform" target="mixamorig_RightForeArm/matrix"/>
    </animation>
    <animation id="mixamorig_RightHand-anim" name="mixamorig_RightHand">
      <source id="mixamorig_RightHand-Matrix-animation-input">
        <float_array id="mixamorig_RightHand-Matrix-animation-input-array" count="26">

0.000000 0.033333 0.066667 0.100000 0.133333 0.166667 0.200000 0.233333 0.266667 0.300000 0.333333 0.366667 0.400000 0.433333 0.466667 0.500000
0.533333 0.566667 0.600000 0.633333 0.666667 0.700000 0.733333 0.766667 0.800000 0.833333</float_array>
        <technique_common>
          <accessor source="#mixamorig_RightHand-Matrix-animation-input-array" count="26">
            <param name="TIME" type="float"/>
          </accessor>
        </technique_common>
      </source>
      <source id="mixamorig_RightHand-Matrix-animation-output-transform">
        <float_array id="mixamorig_RightHand-Matrix-animation-output-transform-array" count="416">

0.971221 0.185826 -0.148991 0.000000 -0.213385 0.956758 -0.197687 28.328800 0.105813 0.223790 0.968876 0.000000 0.000000 0.000000 0.000000 1.000000
0.975332 0.177776 -0.130853 0.000000 -0.200526 0.961376 -0.188537 28.328800 0.092282 0.210125 0.973310 0.000000 0.000000 0.000000 0.000000 1.000000
0.980097 0.151015 -0.128855 0.000000 -0.172256 0.969584 -0.173882 28.328800 0.098677 0.192618 0.976300 0.000000 0.000000 0.000000 0.000000 1.000000
0.976400 0.154312 -0.151102 0.000000 -0.170366 0.980321 -0.099730 28.328800 0.132739 0.123119 0.983475 0.000000 0.000000 0.000000 0.000000 1.000000
0.954739 0.242167 -0.172709 -0.000000 -0.230948 0.969450 0.082641 28.328800 0.187446 -0.039014 0.981500 0.000000 0.000000 0.000000 0.000000 1.000000
0.904112 0.396403 -0.159520 0.000000 -0.330936 0.885759 0.325442 28.328800 0.270303 -0.241445 0.932009 -0.000000 0.000000 0.000000 0.000000 1.000000
0.844678 0.524333 -0.107674 -0.000000 -0.405840 0.758497 0.509879 28.328800 0.349016 -0.386985 0.853481 -0.000000 0.000000 0.000000 0.000000 1.000000
0.837027 0.546545 -0.025968 -0.000000 -0.430948 0.687749 0.584197 28.328800 0.337149 -0.477798 0.811197 0.000000 0.000000 0.000000 0.000000 1.000000
0.895752 0.438910 0.070619 0.000000 -0.405179 0.740685 0.535925 28.328800 0.182916 -0.508669 0.841307 0.000000 0.000000 0.000000 0.000000 1.000000
0.947755 0.288987 0.135085 0.000000 -0.318065 0.888467 0.330848 28.328800 -0.024408 -0.356528 0.933966 0.000000 0.000000 0.000000 0.000000 1.000000
0.972041 0.212929 0.098980 0.000000 -0.215776 0.976260 0.018875 28.328800 -0.092611 -0.039705 0.994910 0.000000 0.000000 0.000000 0.000000 1.000000
0.983747 0.179375 0.008174 0.000000 -0.173379 0.960730 -0.216651 28.328800 -0.046715 0.211713 0.976215 0.000000 0.000000 0.000000 0.000000 1.000000
0.982038 0.188580 -0.006180 0.000000 -0.182991 0.943930 -0.274792 28.328800 -0.045986 0.270988 0.961484 0.000000 0.000000 0.000000 0.000000 1.000000
0.963402 0.251378 0.093090 -0.000000 -0.231753 0.955594 -0.182020 28.328800 -0.134712 0.153784 0.978878 0.000000 0.000000 0.000000 0.000000 1.000000
0.923092 0.312013 0.224830 0.000000 -0.305383 0.950035 -0.064608 28.328800 -0.233755 -0.009020 0.972254 0.000000 0.000000 0.000000 0.000000 1.000000
0.890364 0.367145 0.269176 0.000000 -0.355923 0.930050 -0.091249 28.328800 -0.283849 -0.014562 0.958758 -0.000000 0.000000 0.000000 0.000000 1.000000
0.885053 0.406444 0.226900 -0.000000 -0.350382 0.902597 -0.250102 28.328800 -0.306452 0.141852 0.941257 -0.000000 0.000000 0.000000 0.000000 1.000000
0.882071 0.404218 0.241987 0.000000 -0.319277 0.890601 -0.323869 28.328800 -0.346427 0.208415 0.914632 0.000000 0.000000 0.000000 0.000000 1.000000
0.849995 0.355579 0.388681 0.000000 -0.306545 0.933904 -0.183994 28.328800 -0.428415 0.037246 0.902814 -0.000000 0.000000 0.000000 0.000000 1.000000
0.825844 0.216977 0.520483 0.000000 -0.300249 0.950486 0.080165 28.328800 -0.477318 -0.222478 0.850100 -0.000000 0.000000 0.000000 0.000000 1.000000
0.862513 0.091030 0.497780 0.000000 -0.266183 0.918214 0.293306 28.328800 -0.430369 -0.385481 0.816203 -0.000000 0.000000 0.000000 0.000000 1.000000
0.928330 0.054929 0.367676 0.000000 -0.213609 0.888269 0.406631 28.328800 -0.304259 -0.456027 0.836341 -0.000000 0.000000 0.000000 0.000000 1.000000
0.970809 0.061117 0.231938 0.000000 -0.169485 0.859040 0.483038 28.328800 -0.169722 -0.508248 0.844321 0.000000 0.000000 0.000000 0.000000 1.000000
0.987168 0.071773 0.142648 0.000000 -0.140035 0.818412 0.557308 28.328800 -0.076746 -0.570132 0.817961 0.000000 0.000000 0.000000 0.000000 1.000000
0.993269 0.087520 0.075871 -0.000000 -0.115579 0.791893 0.599622 28.328800 -0.007603 -0.604355 0.796679 0.000000 0.000000 0.000000 0.000000 1.000000
0.993388 0.114612 -0.006615 0.000000 -0.088631 0.802272 0.590343 28.328800 0.072967 -0.585854 0.807125 0.000000 0.000000 0.000000 0.000000 1.000000</float_array>
        <technique_common>
          <accessor source="#mixamorig_RightHand-Matrix-animation-output-transform-array" count="26" stride="16">
            <param type="float4x4"/>
          </accessor>
        </technique_common>
      </source>
      <source id="mixamorig_RightHand-Interpolations">
        <Name_array id="mixamorig_RightHand-Interpolations-array" count="26">
 LINEAR LINEAR LINEAR LINEAR LINEAR LINEAR LINEAR LINEAR LINEAR LINEAR LINEAR
LINEAR LINEAR LINEAR LINEAR LINEAR LINEAR LINEAR LINEAR LINEAR LINEAR LINEAR LINEAR
LINEAR LINEAR LINEAR</Name_array>
        <technique_common>
          <accessor source="#mixamorig_RightHand-Interpolations-array" count="26">
            <param type="name"/>
          </accessor>
        </technique_common>
      </source>
      <sampler id="mixamorig_RightHand-Matrix-animation-transform">
        <input semantic="INPUT" source="#mixamorig_RightHand-Matrix-animation-input"/>
        <input semantic="OUTPUT" source="#mixamorig_RightHand-Matrix-animation-output-transform"/>
        <input semantic="INTERPOLATION" source="#mixamorig_RightHand-Interpolations"/>
      </sampler>
      <channel source="#mixamorig_RightHand-Matrix-animation-transform" target="mixamorig_RightHand/matrix"/>
    </animation>
    <animation id="mixamorig_RightHandThumb1-anim" name="mixamorig_RightHandThumb1">
      <source id="mixamorig_RightHandThumb1-Matrix-animation-input">
        <float_array id="mixamorig_RightHandThumb1-Matrix-animation-input-array" count="26">

0.000000 0.033333 0.066667 0.100000 0.133333 0.166667 0.200000 0.233333 0.266667 0.300000 0.333333 0.366667 0.400000 0.433333 0.466667 0.500000
0.533333 0.566667 0.600000 0.633333 0.666667 0.700000 0.733333 0.766667 0.800000 0.833333</float_array>
        <technique_common>
          <accessor source="#mixamorig_RightHandThumb1-Matrix-animation-input-array" count="26">
            <param name="TIME" type="float"/>
          </accessor>
        </technique_common>
      </source>
      <source id="mixamorig_RightHandThumb1-Matrix-animation-output-transform">
        <float_array id="mixamorig_RightHandThumb1-Matrix-animation-output-transform-array" count="416">

0.878785 0.442903 0.177691 2.681900 -0.310056 0.812954 -0.492922 2.464800 -0.362771 0.378078 0.851736 1.574000 0.000000 0.000000 0.000000 1.000000
0.873162 0.454193 0.176910 2.681900 -0.321859 0.809815 -0.490516 2.464800 -0.366053 0.371360 0.853286 1.574000 0.000000 0.000000 0.000000 1.000000
0.857705 0.482954 0.176344 2.681900 -0.350066 0.799769 -0.487671 2.464800 -0.376557 0.356546 0.855032 1.574000 0.000000 0.000000 0.000000 1.000000
0.833596 0.524087 0.174503 2.681900 -0.390757 0.782785 -0.484311 2.464800 -0.390419 0.335531 0.857317 1.574000 0.000000 0.000000 0.000000 1.000000
0.802449 0.571763 0.170770 2.681900 -0.438153 0.758846 -0.481844 2.464800 -0.405089 0.311832 0.859455 1.574000 0.000000 0.000000 0.000000 1.000000
0.766734 0.620309 0.165332 2.681900 -0.485795 0.729001 -0.482245 2.464800 -0.419668 0.289436 0.860294 1.574000 0.000000 0.000000 0.000000 1.000000
0.729762 0.664957 0.158996 2.681900 -0.527815 0.695744 -0.487187 2.464800 -0.434579 0.271610 0.858702 1.574000 0.000000 0.000000 0.000000 1.000000
0.695381 0.702111 0.153248 2.681900 -0.559434 0.662730 -0.497818 2.464800 -0.451086 0.260441 0.853635 1.574000 0.000000 0.000000 0.000000 1.000000
0.667307 0.729640 0.149421 2.681900 -0.578583 0.634187 -0.512882 2.464800 -0.468980 0.255797 0.845355 1.574000 0.000000 0.000000 0.000000 1.000000
0.648578 0.746683 0.147684 2.681900 -0.587188 0.614295 -0.527117 2.464800 -0.484311 0.255158 0.836861 1.574000 0.000000 0.000000 0.000000 1.000000
0.641790 0.752576 0.147424 2.681900 -0.589051 0.606866 -0.533604 2.464800 -0.491044 0.255622 0.832786 1.574000 0.000000 0.000000 0.000000 1.000000
0.739228 0.672901 0.027311 2.681900 -0.525832 0.602050 -0.600864 2.464800 -0.420764 0.429815 0.798885 1.574000 0.000000 0.000000 0.000000 1.000000
0.872898 0.462129 -0.156481 2.681900 -0.408275 0.516249 -0.752860 2.464800 -0.267135 0.721057 0.639308 1.574000 0.000000 0.000000 0.000000 1.000000
0.927816 0.295680 -0.227444 2.681900 -0.336050 0.397792 -0.853717 2.464800 -0.161951 0.868525 0.468441 1.574000 0.000000 0.000000 0.000000 1.000000
0.941232 0.244729 -0.232790 2.681900 -0.312027 0.366146 -0.876685 2.464800 -0.129315 0.897800 0.420990 1.574000 0.000000 0.000000 0.000000 1.000000
0.947287 0.227217 -0.225875 2.681900 -0.298987 0.373610 -0.878079 2.464800 -0.115125 0.899327 0.421851 1.574000 0.000000 0.000000 0.000000 1.000000
0.948656 0.234836 -0.211905 2.681900 -0.295114 0.416003 -0.860145 2.464800 -0.113840 0.878518 0.463947 1.574000 0.000000 0.000000 0.000000 1.000000
0.946193 0.260941 -0.191387 2.681900 -0.299796 0.484192 -0.821998 2.464800 -0.121825 0.835146 0.536368 1.574000 0.000000 0.000000 0.000000 1.000000
0.940279 0.299664 -0.161485 2.681900 -0.311071 0.563759 -0.765121 2.464800 -0.138240 0.769661 0.623308 1.574000 0.000000 0.000000 0.000000 1.000000
0.931571 0.343997 -0.117655 2.681900 -0.323863 0.638148 -0.698484 2.464800 -0.165195 0.688791 0.705888 1.574000 0.000000 0.000000 0.000000 1.000000
0.920953 0.385321 -0.058088 2.681900 -0.331833 0.697340 -0.635298 2.464800 -0.204286 0.604355 0.770080 1.574000 0.000000 0.000000 0.000000 1.000000
0.909178 0.416225 0.012345 2.681900 -0.331500 0.741413 -0.583450 2.464800 -0.252000 0.526368 0.812055 1.574000 0.000000 0.000000 0.000000 1.000000
0.897104 0.434012 0.082688 2.681900 -0.324632 0.774463 -0.542974 2.464800 -0.299696 0.460261 0.835668 1.574000 0.000000 0.000000 0.000000 1.000000
0.886353 0.441428 0.139711 2.681900 -0.316866 0.798327 -0.512123 2.464800 -0.337600 0.409652 0.847473 1.574000 0.000000 0.000000 0.000000 1.000000
0.879611 0.443332 0.172457 2.681900 -0.312115 0.811462 -0.494078 2.464800 -0.358983 0.380770 0.852142 1.574000 0.000000 0.000000 0.000000 1.000000
0.877705 0.445195 0.177302 2.681900 -0.312306 0.812050 -0.492991 2.464800 -0.363456 0.377328 0.851777 1.574000 0.000000 0.000000 0.000000 1.000000</float_array>
        <technique_common>
          <accessor source="#mixamorig_RightHandThumb1-Matrix-animation-output-transform-array" count="26" stride="16">
            <param type="float4x4"/>
          </accessor>
        </technique_common>
      </source>
      <source id="mixamorig_RightHandThumb1-Interpolations">
        <Name_array id="mixamorig_RightHandThumb1-Interpolations-array" count="26">
 LINEAR LINEAR LINEAR LINEAR LINEAR LINEAR LINEAR LINEAR LINEAR LINEAR LINEAR
LINEAR LINEAR LINEAR LINEAR LINEAR LINEAR LINEAR LINEAR LINEAR LINEAR LINEAR LINEAR
LINEAR LINEAR LINEAR</Name_array>
        <technique_common>
          <accessor source="#mixamorig_RightHandThumb1-Interpolations-array" count="26">
            <param type="name"/>
          </accessor>
        </technique_common>
      </source>
      <sampler id="mixamorig_RightHandThumb1-Matrix-animation-transform">
        <input semantic="INPUT" source="#mixamorig_RightHandThumb1-Matrix-animation-input"/>
        <input semantic="OUTPUT" source="#mixamorig_RightHandThumb1-Matrix-animation-output-transform"/>
        <input semantic="INTERPOLATION" source="#mixamorig_RightHandThumb1-Interpolations"/>
      </sampler>
      <channel source="#mixamorig_RightHandThumb1-Matrix-animation-transform" target="mixamorig_RightHandThumb1/matrix"/>
    </animation>
    <animation id="mixamorig_RightHandThumb2-anim" name="mixamorig_RightHandThumb2">
      <source id="mixamorig_RightHandThumb2-Matrix-animation-input">
        <float_array id="mixamorig_RightHandThumb2-Matrix-animation-input-array" count="26">

0.000000 0.033333 0.066667 0.100000 0.133333 0.166667 0.200000 0.233333 0.266667 0.300000 0.333333 0.366667 0.400000 0.433333 0.466667 0.500000
0.533333 0.566667 0.600000 0.633333 0.666667 0.700000 0.733333 0.766667 0.800000 0.833333</float_array>
        <technique_common>
          <accessor source="#mixamorig_RightHandThumb2-Matrix-animation-input-array" count="26">
            <param name="TIME" type="float"/>
          </accessor>
        </technique_common>
      </source>
      <source id="mixamorig_RightHandThumb2-Matrix-animation-output-transform">
        <float_array id="mixamorig_RightHandThumb2-Matrix-animation-output-transform-array" count="416">

0.936260 -0.351055 -0.013352 0.000000 0.350938 0.932854 0.081398 4.189000 -0.016120 -0.080895 0.996592 -0.000000 0.000000 0.000000 0.000000 1.000000
0.941345 -0.337210 -0.012568 0.000000 0.337115 0.938131 0.079145 4.189000 -0.014898 -0.078739 0.996784 0.000000 0.000000 0.000000 0.000000 1.000000
0.952392 -0.304683 -0.010832 0.000000 0.304630 0.949597 0.073933 4.189000 -0.012240 -0.073713 0.997204 0.000000 0.000000 0.000000 0.000000 1.000000
0.966569 -0.256262 -0.008631 -0.000000 0.256261 0.964335 0.066248 4.189000 -0.008654 -0.066245 0.997766 0.000000 0.000000 0.000000 0.000000 1.000000
0.980271 -0.197550 -0.006508 0.000000 0.197597 0.978629 0.056919 4.189000 -0.004876 -0.057082 0.998358 0.000000 0.000000 0.000000 0.000000 1.000000
0.990693 -0.136034 -0.004691 0.000000 0.136103 0.989570 0.047184 4.189000 -0.001776 -0.047384 0.998875 0.000000 0.000000 0.000000 0.000000 1.000000
0.996812 -0.079714 -0.003493 0.000000 0.079790 0.996077 0.038255 4.189000 0.000430 -0.038412 0.999262 0.000000 0.000000 0.000000 0.000000 1.000000
0.999337 -0.036303 -0.002873 -0.000000 0.036375 0.998846 0.031353 4.189000 0.001731 -0.031437 0.999504 0.000000 0.000000 0.000000 0.000000 1.000000
0.999947 -0.009904 -0.002635 0.000000 0.009971 0.999582 0.027152 4.189000 0.002365 -0.027177 0.999628 -0.000000 0.000000 0.000000 0.000000 1.000000
0.999995 0.001791 -0.002561 -0.000000 -0.001726 0.999678 0.025308 4.189000 0.002605 -0.025304 0.999676 0.000000 0.000000 0.000000 0.000000 1.000000
0.999988 0.004129 -0.002534 0.000000 -0.004064 0.999680 0.024973 4.189000 0.002637 -0.024963 0.999685 -0.000000 0.000000 0.000000 0.000000 1.000000
0.998440 -0.055759 -0.002757 0.000000 0.055821 0.997836 0.034755 4.189000 0.000813 -0.034855 0.999392 0.000000 0.000000 0.000000 0.000000 1.000000
0.985083 -0.172009 -0.004907 0.000000 0.172022 0.983629 0.053688 4.189000 -0.004408 -0.053732 0.998546 0.000000 0.000000 0.000000 0.000000 1.000000
0.967136 -0.254142 -0.007765 0.000000 0.254081 0.964855 0.067062 4.189000 -0.009551 -0.066831 0.997719 0.000000 0.000000 0.000000 0.000000 1.000000
0.959429 -0.281810 -0.008900 0.000000 0.281710 0.956827 0.071567 4.189000 -0.011653 -0.071171 0.997396 0.000000 0.000000 0.000000 0.000000 1.000000
0.955748 -0.294034 -0.009471 0.000000 0.293917 0.952999 0.073518 4.189000 -0.012591 -0.073048 0.997249 0.000000 0.000000 0.000000 0.000000 1.000000
0.956248 -0.292405 -0.009459 -0.000000 0.292296 0.953524 0.073171 4.189000 -0.012376 -0.072735 0.997275 -0.000000 0.000000 0.000000 0.000000 1.000000
0.960384 -0.278536 -0.008919 -0.000000 0.278454 0.957834 0.070833 4.189000 -0.011187 -0.070511 0.997448 0.000000 0.000000 0.000000 0.000000 1.000000
0.965940 -0.258637 -0.008139 -0.000000 0.258586 0.963624 0.067545 4.189000 -0.009627 -0.067349 0.997683 0.000000 0.000000 0.000000 0.000000 1.000000
0.969363 -0.245511 -0.007767 0.000000 0.245486 0.967196 0.065333 4.189000 -0.008527 -0.065238 0.997833 -0.000000 0.000000 0.000000 0.000000 1.000000
0.968041 -0.250657 -0.008258 0.000000 0.250647 0.965828 0.065972 4.189000 -0.008560 -0.065934 0.997787 0.000000 0.000000 0.000000 0.000000 1.000000
0.961605 -0.274272 -0.009542 0.000000 0.274259 0.959143 0.069482 4.189000 -0.009905 -0.069431 0.997538 0.000000 0.000000 0.000000 0.000000 1.000000
0.951991 -0.305920 -0.011197 0.000000 0.305886 0.949168 0.074257 4.189000 -0.012089 -0.074118 0.997176 0.000000 0.000000 0.000000 0.000000 1.000000
0.942976 -0.332621 -0.012665 0.000000 0.332562 0.939827 0.078281 4.189000 -0.014135 -0.078029 0.996851 0.000000 0.000000 0.000000 0.000000 1.000000
0.937654 -0.347307 -0.013514 0.000000 0.347231 0.934314 0.080548 4.189000 -0.015348 -0.080218 0.996659 -0.000000 0.000000 0.000000 0.000000 1.000000
0.936435 -0.350575 -0.013675 0.000000 0.350492 0.933050 0.081079 4.189000 -0.015665 -0.080718 0.996614 0.000000 0.000000 0.000000 0.000000 1.000000</float_array>
        <technique_common>
          <accessor source="#mixamorig_RightHandThumb2-Matrix-animation-output-transform-array" count="26" stride="16">
            <param type="float4x4"/>
          </accessor>
        </technique_common>
      </source>
      <source id="mixamorig_RightHandThumb2-Interpolations">
        <Name_array id="mixamorig_RightHandThumb2-Interpolations-array" count="26">
 LINEAR LINEAR LINEAR LINEAR LINEAR LINEAR LINEAR LINEAR LINEAR LINEAR LINEAR
LINEAR LINEAR LINEAR LINEAR LINEAR LINEAR LINEAR LINEAR LINEAR LINEAR LINEAR LINEAR
LINEAR LINEAR LINEAR</Name_array>
        <technique_common>
          <accessor source="#mixamorig_RightHandThumb2-Interpolations-array" count="26">
            <param type="name"/>
          </accessor>
        </technique_common>
      </source>
      <sampler id="mixamorig_RightHandThumb2-Matrix-animation-transform">
        <input semantic="INPUT" source="#mixamorig_RightHandThumb2-Matrix-animation-input"/>
        <input semantic="OUTPUT" source="#mixamorig_RightHandThumb2-Matrix-animation-output-transform"/>
        <input semantic="INTERPOLATION" source="#mixamorig_RightHandThumb2-Interpolations"/>
      </sampler>
      <channel source="#mixamorig_RightHandThumb2-Matrix-animation-transform" target="mixamorig_RightHandThumb2/matrix"/>
    </animation>
    <animation id="mixamorig_RightHandThumb3-anim" name="mixamorig_RightHandThumb3">
      <source id="mixamorig_RightHandThumb3-Matrix-animation-input">
        <float_array id="mixamorig_RightHandThumb3-Matrix-animation-input-array" count="26">

0.000000 0.033333 0.066667 0.100000 0.133333 0.166667 0.200000 0.233333 0.266667 0.300000 0.333333 0.366667 0.400000 0.433333 0.466667 0.500000
0.533333 0.566667 0.600000 0.633333 0.666667 0.700000 0.733333 0.766667 0.800000 0.833333</float_array>
        <technique_common>
          <accessor source="#mixamorig_RightHandThumb3-Matrix-animation-input-array" count="26">
            <param name="TIME" type="float"/>
          </accessor>
        </technique_common>
      </source>
      <source id="mixamorig_RightHandThumb3-Matrix-animation-output-transform">
        <float_array id="mixamorig_RightHandThumb3-Matrix-animation-output-transform-array" count="416">

0.999999 0.000000 -0.001615 -0.000000 -0.000000 1.000000 -0.000000 3.416300 0.001615 0.000000 0.999999 0.000000 0.000000 0.000000 0.000000 1.000000
0.999999 0.000000 -0.001615 -0.000000 -0.000000 1.000000 -0.000000 3.416300 0.001615 0.000000 0.999999 -0.000000 0.000000 0.000000 0.000000 1.000000
0.999999 -0.000000 -0.001615 0.000000 0.000000 1.000000 -0.000000 3.416300 0.001615 0.000000 0.999999 0.000000 0.000000 0.000000 0.000000 1.000000
0.999999 0.000000 -0.001615 0.000000 -0.000000 1.000000 -0.000000 3.416300 0.001615 0.000000 0.999999 0.000000 0.000000 0.000000 0.000000 1.000000
0.999999 0.000000 -0.001615 0.000000 -0.000000 1.000000 -0.000000 3.416300 0.001615 0.000000 0.999999 -0.000000 0.000000 0.000000 0.000000 1.000000
0.999999 0.000000 -0.001615 -0.000000 -0.000000 1.000000 -0.000000 3.416300 0.001615 0.000000 0.999999 0.000000 0.000000 0.000000 0.000000 1.000000
0.999999 0.000000 -0.001615 0.000000 -0.000000 1.000000 0.000000 3.416300 0.001615 -0.000000 0.999999 0.000000 0.000000 0.000000 0.000000 1.000000
0.999999 -0.000000 -0.001615 0.000000 0.000000 1.000000 -0.000000 3.416300 0.001615 0.000000 0.999999 -0.000000 0.000000 0.000000 0.000000 1.000000
0.999999 -0.000000 -0.001615 -0.000000 0.000000 1.000000 -0.000000 3.416300 0.001615 0.000000 0.999999 0.000000 0.000000 0.000000 0.000000 1.000000
0.999999 -0.000000 -0.001615 0.000000 0.000000 1.000000 -0.000000 3.416300 0.001615 0.000000 0.999999 -0.000000 0.000000 0.000000 0.000000 1.000000
0.999999 -0.000000 -0.001615 0.000000 0.000000 1.000000 -0.000000 3.416300 0.001615 0.000000 0.999999 0.000000 0.000000 0.000000 0.000000 1.000000
0.999999 -0.000000 -0.001615 0.000000 0.000000 1.000000 -0.000000 3.416300 0.001615 0.000000 0.999999 0.000000 0.000000 0.000000 0.000000 1.000000
0.999999 -0.000000 -0.001615 -0.000000 0.000000 1.000000 0.000000 3.416300 0.001615 -0.000000 0.999999 -0.000000 0.000000 0.000000 0.000000 1.000000
0.999999 -0.000000 -0.001615 -0.000000 0.000000 1.000000 0.000000 3.416300 0.001615 -0.000000 0.999999 -0.000000 0.000000 0.000000 0.000000 1.000000
0.999999 0.000000 -0.001615 -0.000000 -0.000000 1.000000 -0.000000 3.416300 0.001615 0.000000 0.999999 0.000000 0.000000 0.000000 0.000000 1.000000
0.999999 -0.000000 -0.001615 0.000000 0.000000 1.000000 -0.000000 3.416300 0.001615 0.000000 0.999999 0.000000 0.000000 0.000000 0.000000 1.000000
0.999999 0.000000 -0.001615 0.000000 -0.000000 1.000000 -0.000000 3.416300 0.001615 0.000000 0.999999 0.000000 0.000000 0.000000 0.000000 1.000000
0.999999 -0.000000 -0.001615 0.000000 0.000000 1.000000 0.000000 3.416300 0.001615 -0.000000 0.999999 -0.000000 0.000000 0.000000 0.000000 1.000000
0.999999 0.000000 -0.001615 -0.000000 -0.000000 1.000000 0.000000 3.416300 0.001615 -0.000000 0.999999 0.000000 0.000000 0.000000 0.000000 1.000000
0.999999 0.000000 -0.001615 0.000000 -0.000000 1.000000 0.000000 3.416300 0.001615 -0.000000 0.999999 -0.000000 0.000000 0.000000 0.000000 1.000000
0.999999 0.000000 -0.001615 0.000000 -0.000000 1.000000 -0.000000 3.416300 0.001615 0.000000 0.999999 -0.000000 0.000000 0.000000 0.000000 1.000000
0.999999 0.000000 -0.001615 -0.000000 -0.000000 1.000000 -0.000000 3.416300 0.001615 0.000000 0.999999 0.000000 0.000000 0.000000 0.000000 1.000000
0.999999 0.000000 -0.001615 0.000000 -0.000000 1.000000 0.000000 3.416300 0.001615 -0.000000 0.999999 0.000000 0.000000 0.000000 0.000000 1.000000
0.999999 -0.000000 -0.001615 0.000000 0.000000 1.000000 -0.000000 3.416300 0.001615 0.000000 0.999999 0.000000 0.000000 0.000000 0.000000 1.000000
0.999999 -0.000000 -0.001615 0.000000 0.000000 1.000000 0.000000 3.416300 0.001615 -0.000000 0.999999 0.000000 0.000000 0.000000 0.000000 1.000000
0.999999 0.000000 -0.001615 0.000000 -0.000000 1.000000 0.000000 3.416300 0.001615 -0.000000 0.999999 0.000000 0.000000 0.000000 0.000000 1.000000</float_array>
        <technique_common>
          <accessor source="#mixamorig_RightHandThumb3-Matrix-animation-output-transform-array" count="26" stride="16">
            <param type="float4x4"/>
          </accessor>
        </technique_common>
      </source>
      <source id="mixamorig_RightHandThumb3-Interpolations">
        <Name_array id="mixamorig_RightHandThumb3-Interpolations-array" count="26">
 LINEAR LINEAR LINEAR LINEAR LINEAR LINEAR LINEAR LINEAR LINEAR LINEAR LINEAR
LINEAR LINEAR LINEAR LINEAR LINEAR LINEAR LINEAR LINEAR LINEAR LINEAR LINEAR LINEAR
LINEAR LINEAR LINEAR</Name_array>
        <technique_common>
          <accessor source="#mixamorig_RightHandThumb3-Interpolations-array" count="26">
            <param type="name"/>
          </accessor>
        </technique_common>
      </source>
      <sampler id="mixamorig_RightHandThumb3-Matrix-animation-transform">
        <input semantic="INPUT" source="#mixamorig_RightHandThumb3-Matrix-animation-input"/>
        <input semantic="OUTPUT" source="#mixamorig_RightHandThumb3-Matrix-animation-output-transform"/>
        <input semantic="INTERPOLATION" source="#mixamorig_RightHandThumb3-Interpolations"/>
      </sampler>
      <channel source="#mixamorig_RightHandThumb3-Matrix-animation-transform" target="mixamorig_RightHandThumb3/matrix"/>
    </animation>
    <animation id="mixamorig_RightHandIndex1-anim" name="mixamorig_RightHandIndex1">
      <source id="mixamorig_RightHandIndex1-Matrix-animation-input">
        <float_array id="mixamorig_RightHandIndex1-Matrix-animation-input-array" count="26">

0.000000 0.033333 0.066667 0.100000 0.133333 0.166667 0.200000 0.233333 0.266667 0.300000 0.333333 0.366667 0.400000 0.433333 0.466667 0.500000
0.533333 0.566667 0.600000 0.633333 0.666667 0.700000 0.733333 0.766667 0.800000 0.833333</float_array>
        <technique_common>
          <accessor source="#mixamorig_RightHandIndex1-Matrix-animation-input-array" count="26">
            <param name="TIME" type="float"/>
          </accessor>
        </technique_common>
      </source>
      <source id="mixamorig_RightHandIndex1-Matrix-animation-output-transform">
        <float_array id="mixamorig_RightHandIndex1-Matrix-animation-output-transform-array" count="416">

0.999601 -0.019642 0.020292 2.259800 0.021186 0.996658 -0.078891 9.108300 -0.018675 0.079290 0.996677 0.517900 0.000000 0.000000 0.000000 1.000000
0.999667 -0.014734 0.021196 2.259800 0.016466 0.996332 -0.083974 9.108300 -0.019881 0.084295 0.996242 0.517900 0.000000 0.000000 0.000000 1.000000
0.999718 -0.002198 0.023641 2.259800 0.004460 0.995365 -0.096062 9.108300 -0.023321 0.096141 0.995095 0.517900 0.000000 0.000000 0.000000 1.000000
0.999498 0.016248 0.027183 2.259800 -0.013052 0.993408 -0.113887 9.108300 -0.028854 0.113475 0.993122 0.517900 0.000000 0.000000 0.000000 1.000000
0.998765 0.038499 0.031391 2.259800 -0.033916 0.990216 -0.135362 9.108300 -0.036295 0.134130 0.990299 0.517900 0.000000 0.000000 0.000000 1.000000
0.997417 0.062230 0.035863 2.259800 -0.055833 0.985880 -0.157872 9.108300 -0.045181 0.155462 0.986808 0.517900 0.000000 0.000000 0.000000 1.000000
0.995558 0.085109 0.040258 2.259800 -0.076628 0.980906 -0.178752 9.108300 -0.054702 0.174873 0.983070 0.517900 0.000000 0.000000 0.000000 1.000000
0.993496 0.104900 0.044283 2.259800 -0.094359 0.976167 -0.195432 9.108300 -0.063728 0.189983 0.979717 0.517900 0.000000 0.000000 0.000000 1.000000
0.991643 0.119887 0.047649 2.259800 -0.107658 0.972526 -0.206404 9.108300 -0.071085 0.199549 0.977306 0.517900 0.000000 0.000000 0.000000 1.000000
0.990355 0.129225 0.049983 2.259800 -0.115916 0.970365 -0.212029 9.108300 -0.075901 0.204190 0.975984 0.517900 0.000000 0.000000 0.000000 1.000000
0.989886 0.132439 0.050846 2.259800 -0.118768 0.969686 -0.213548 9.108300 -0.077587 0.205349 0.975609 0.517900 0.000000 0.000000 0.000000 1.000000
0.988446 0.145618 0.042059 2.259800 -0.127730 0.949654 -0.286080 9.108300 -0.081600 0.277403 0.957282 0.517900 0.000000 0.000000 0.000000 1.000000
0.985190 0.169905 0.023075 2.259800 -0.144425 0.894812 -0.422437 9.108300 -0.092422 0.412848 0.906099 0.517900 0.000000 0.000000 0.000000 1.000000
0.983057 0.183120 0.008079 2.259800 -0.153490 0.846485 -0.509807 9.108300 -0.100194 0.499930 0.860251 0.517900 0.000000 0.000000 0.000000 1.000000
0.983612 0.180281 0.002524 2.259800 -0.151721 0.835193 -0.528615 9.108300 -0.097407 0.519569 0.848858 0.517900 0.000000 0.000000 0.000000 1.000000
0.985284 0.170925 -0.000166 2.259800 -0.145485 0.838129 -0.525713 9.108300 -0.089718 0.518001 0.850662 0.517900 0.000000 0.000000 0.000000 1.000000
0.987675 0.156516 -0.000535 2.259800 -0.135326 0.852229 -0.505363 9.108300 -0.078642 0.499207 0.862907 0.517900 0.000000 0.000000 0.000000 1.000000
0.990367 0.138468 0.000829 2.259800 -0.121744 0.873571 -0.471224 9.108300 -0.065974 0.466583 0.882013 0.517900 0.000000 0.000000 0.000000 1.000000
0.993057 0.117581 0.003556 2.259800 -0.104899 0.898813 -0.425596 9.108300 -0.053238 0.422268 0.904907 0.517900 0.000000 0.000000 0.000000 1.000000
0.995569 0.093738 0.007390 2.259800 -0.084407 0.925559 -0.369074 9.108300 -0.041436 0.366815 0.929371 0.517900 0.000000 0.000000 0.000000 1.000000
0.997686 0.066979 0.011708 2.259800 -0.060299 0.951123 -0.302870 9.108300 -0.031421 0.301463 0.952960 0.517900 0.000000 0.000000 0.000000 1.000000
0.999119 0.038997 0.015525 2.259800 -0.034339 0.972115 -0.231977 9.108300 -0.024138 0.231239 0.972597 0.517900 0.000000 0.000000 0.000000 1.000000
0.999749 0.013151 0.018160 2.259800 -0.009970 0.986194 -0.165292 9.108300 -0.020083 0.165069 0.986077 0.517900 0.000000 0.000000 0.000000 1.000000
0.999784 -0.006756 0.019633 2.259800 0.008934 0.993550 -0.113039 9.108300 -0.018743 0.113190 0.993397 0.517900 0.000000 0.000000 0.000000 1.000000
0.999633 -0.017838 0.020368 2.259800 0.019481 0.996312 -0.083568 9.108300 -0.018803 0.083934 0.996294 0.517900 0.000000 0.000000 0.000000 1.000000
0.999620 -0.018250 0.020683 2.259800 0.019830 0.996682 -0.078943 9.108300 -0.019174 0.079323 0.996665 0.517900 0.000000 0.000000 0.000000 1.000000</float_array>
        <technique_common>
          <accessor source="#mixamorig_RightHandIndex1-Matrix-animation-output-transform-array" count="26" stride="16">
            <param type="float4x4"/>
          </accessor>
        </technique_common>
      </source>
      <source id="mixamorig_RightHandIndex1-Interpolations">
        <Name_array id="mixamorig_RightHandIndex1-Interpolations-array" count="26">
 LINEAR LINEAR LINEAR LINEAR LINEAR LINEAR LINEAR LINEAR LINEAR LINEAR LINEAR
LINEAR LINEAR LINEAR LINEAR LINEAR LINEAR LINEAR LINEAR LINEAR LINEAR LINEAR LINEAR
LINEAR LINEAR LINEAR</Name_array>
        <technique_common>
          <accessor source="#mixamorig_RightHandIndex1-Interpolations-array" count="26">
            <param type="name"/>
          </accessor>
        </technique_common>
      </source>
      <sampler id="mixamorig_RightHandIndex1-Matrix-animation-transform">
        <input semantic="INPUT" source="#mixamorig_RightHandIndex1-Matrix-animation-input"/>
        <input semantic="OUTPUT" source="#mixamorig_RightHandIndex1-Matrix-animation-output-transform"/>
        <input semantic="INTERPOLATION" source="#mixamorig_RightHandIndex1-Interpolations"/>
      </sampler>
      <channel source="#mixamorig_RightHandIndex1-Matrix-animation-transform" target="mixamorig_RightHandIndex1/matrix"/>
    </animation>
    <animation id="mixamorig_RightHandIndex2-anim" name="mixamorig_RightHandIndex2">
      <source id="mixamorig_RightHandIndex2-Matrix-animation-input">
        <float_array id="mixamorig_RightHandIndex2-Matrix-animation-input-array" count="26">

0.000000 0.033333 0.066667 0.100000 0.133333 0.166667 0.200000 0.233333 0.266667 0.300000 0.333333 0.366667 0.400000 0.433333 0.466667 0.500000
0.533333 0.566667 0.600000 0.633333 0.666667 0.700000 0.733333 0.766667 0.800000 0.833333</float_array>
        <technique_common>
          <accessor source="#mixamorig_RightHandIndex2-Matrix-animation-input-array" count="26">
            <param name="TIME" type="float"/>
          </accessor>
        </technique_common>
      </source>
      <source id="mixamorig_RightHandIndex2-Matrix-animation-output-transform">
        <float_array id="mixamorig_RightHandIndex2-Matrix-animation-output-transform-array" count="416">

0.999809 -0.019232 0.003582 0.000000 0.019441 0.956469 -0.291187 3.700000 0.002174 0.291201 0.956659 0.000000 0.000000 0.000000 0.000000 1.000000
0.999812 -0.019031 0.003619 0.000000 0.019256 0.955902 -0.293053 3.700000 0.002118 0.293067 0.956089 -0.000000 0.000000 0.000000 0.000000 1.000000
0.999822 -0.018492 0.003717 0.000000 0.018759 0.954365 -0.298052 3.700000 0.001964 0.298068 0.954542 0.000000 0.000000 0.000000 0.000000 1.000000
0.999836 -0.017710 0.003848 0.000000 0.018039 0.952086 -0.305298 3.700000 0.001743 0.305317 0.952249 -0.000000 0.000000 0.000000 0.000000 1.000000
0.999852 -0.016755 0.003989 0.000000 0.017160 0.949238 -0.314091 3.700000 0.001476 0.314112 0.949385 -0.000000 0.000000 0.000000 0.000000 1.000000
0.999868 -0.015716 0.004119 0.000000 0.016203 0.946044 -0.323632 3.700000 0.001189 0.323656 0.946174 0.000000 0.000000 0.000000 0.000000 1.000000
0.999883 -0.014670 0.004245 0.000000 0.015247 0.942742 -0.333174 3.700000 0.000886 0.333200 0.942856 0.000000 0.000000 0.000000 0.000000 1.000000
0.999897 -0.013703 0.004366 0.000000 0.014370 0.939603 -0.341966 3.700000 0.000584 0.341993 0.939702 0.000000 0.000000 0.000000 0.000000 1.000000
0.999907 -0.012901 0.004461 0.000000 0.013647 0.936940 -0.349224 3.700000 0.000326 0.349252 0.937029 0.000000 0.000000 0.000000 0.000000 1.000000
0.999913 -0.012356 0.004526 0.000000 0.013158 0.935100 -0.354139 3.700000 0.000143 0.354168 0.935182 0.000000 0.000000 0.000000 0.000000 1.000000
0.999916 -0.012157 0.004553 0.000000 0.012982 0.934424 -0.355925 3.700000 0.000072 0.355955 0.934503 0.000000 0.000000 0.000000 0.000000 1.000000
0.999978 -0.004217 0.005169 0.000000 0.006015 0.904976 -0.425421 3.700000 -0.002884 0.425442 0.904981 0.000000 0.000000 0.000000 0.000000 1.000000
0.999925 0.011295 0.004631 0.000000 -0.006842 0.832725 -0.553644 3.700000 -0.010110 0.553572 0.832740 0.000000 0.000000 0.000000 0.000000 1.000000
0.999760 0.021709 0.002963 -0.000000 -0.014909 0.773148 -0.634050 3.700000 -0.016055 0.633854 0.773286 0.000000 0.000000 0.000000 0.000000 1.000000
0.999709 0.023993 0.002446 -0.000000 -0.016619 0.758814 -0.651095 3.700000 -0.017478 0.650865 0.758992 0.000000 0.000000 0.000000 0.000000 1.000000
0.999718 0.023621 0.002521 0.000000 -0.016349 0.761136 -0.648386 3.700000 -0.017235 0.648162 0.761308 0.000000 0.000000 0.000000 0.000000 1.000000
0.999773 0.021077 0.003062 -0.000000 -0.014451 0.776904 -0.629454 3.700000 -0.015646 0.629267 0.777032 -0.000000 0.000000 0.000000 0.000000 1.000000
0.999851 0.016827 0.003829 -0.000000 -0.011211 0.802050 -0.597151 3.700000 -0.013120 0.597019 0.802120 0.000000 0.000000 0.000000 0.000000 1.000000
0.999925 0.011340 0.004560 0.000000 -0.006911 0.832293 -0.554294 3.700000 -0.010081 0.554221 0.832309 0.000000 0.000000 0.000000 0.000000 1.000000
0.999974 0.005114 0.005040 0.000000 -0.001876 0.863631 -0.504121 3.700000 -0.006930 0.504099 0.863618 0.000000 0.000000 0.000000 0.000000 1.000000
0.999986 -0.001332 0.005148 0.000000 0.003509 0.892775 -0.450488 3.700000 -0.003996 0.450500 0.892767 0.000000 0.000000 0.000000 0.000000 1.000000
0.999960 -0.007472 0.004888 0.000000 0.008800 0.917429 -0.397803 3.700000 -0.001512 0.397830 0.917458 0.000000 0.000000 0.000000 0.000000 1.000000
0.999909 -0.012795 0.004370 0.000000 0.013515 0.936333 -0.350853 3.700000 0.000398 0.350880 0.936420 0.000000 0.000000 0.000000 0.000000 1.000000
0.999852 -0.016809 0.003799 -0.000000 0.017150 0.949053 -0.314649 3.700000 0.001684 0.314667 0.949201 -0.000000 0.000000 0.000000 0.000000 1.000000
0.999813 -0.019047 0.003383 0.000000 0.019199 0.955564 -0.294159 3.700000 0.002370 0.294169 0.955750 0.000000 0.000000 0.000000 0.000000 1.000000
0.999807 -0.019349 0.003279 0.000000 0.019465 0.956415 -0.291363 3.700000 0.002502 0.291370 0.956607 0.000000 0.000000 0.000000 0.000000 1.000000</float_array>
        <technique_common>
          <accessor source="#mixamorig_RightHandIndex2-Matrix-animation-output-transform-array" count="26" stride="16">
            <param type="float4x4"/>
          </accessor>
        </technique_common>
      </source>
      <source id="mixamorig_RightHandIndex2-Interpolations">
        <Name_array id="mixamorig_RightHandIndex2-Interpolations-array" count="26">
 LINEAR LINEAR LINEAR LINEAR LINEAR LINEAR LINEAR LINEAR LINEAR LINEAR LINEAR
LINEAR LINEAR LINEAR LINEAR LINEAR LINEAR LINEAR LINEAR LINEAR LINEAR LINEAR LINEAR
LINEAR LINEAR LINEAR</Name_array>
        <technique_common>
          <accessor source="#mixamorig_RightHandIndex2-Interpolations-array" count="26">
            <param type="name"/>
          </accessor>
        </technique_common>
      </source>
      <sampler id="mixamorig_RightHandIndex2-Matrix-animation-transform">
        <input semantic="INPUT" source="#mixamorig_RightHandIndex2-Matrix-animation-input"/>
        <input semantic="OUTPUT" source="#mixamorig_RightHandIndex2-Matrix-animation-output-transform"/>
        <input semantic="INTERPOLATION" source="#mixamorig_RightHandIndex2-Interpolations"/>
      </sampler>
      <channel source="#mixamorig_RightHandIndex2-Matrix-animation-transform" target="mixamorig_RightHandIndex2/matrix"/>
    </animation>
    <animation id="mixamorig_RightHandIndex3-anim" name="mixamorig_RightHandIndex3">
      <source id="mixamorig_RightHandIndex3-Matrix-animation-input">
        <float_array id="mixamorig_RightHandIndex3-Matrix-animation-input-array" count="26">

0.000000 0.033333 0.066667 0.100000 0.133333 0.166667 0.200000 0.233333 0.266667 0.300000 0.333333 0.366667 0.400000 0.433333 0.466667 0.500000
0.533333 0.566667 0.600000 0.633333 0.666667 0.700000 0.733333 0.766667 0.800000 0.833333</float_array>
        <technique_common>
          <accessor source="#mixamorig_RightHandIndex3-Matrix-animation-input-array" count="26">
            <param name="TIME" type="float"/>
          </accessor>
        </technique_common>
      </source>
      <source id="mixamorig_RightHandIndex3-Matrix-animation-output-transform">
        <float_array id="mixamorig_RightHandIndex3-Matrix-animation-output-transform-array" count="416">

1.000000 0.000000 0.000000 -0.000000 -0.000000 1.000000 -0.000000 2.850000 0.000000 0.000000 1.000000 0.000000 0.000000 0.000000 0.000000 1.000000
1.000000 -0.000000 -0.000000 -0.000000 0.000000 1.000000 -0.000000 2.850000 0.000000 0.000000 1.000000 -0.000000 0.000000 0.000000 0.000000 1.000000
1.000000 0.000000 -0.000000 -0.000000 -0.000000 1.000000 0.000000 2.850000 0.000000 -0.000000 1.000000 0.000000 0.000000 0.000000 0.000000 1.000000
1.000000 0.000000 0.000000 -0.000000 -0.000000 1.000000 0.000000 2.850000 0.000000 0.000000 1.000000 0.000000 0.000000 0.000000 0.000000 1.000000
1.000000 0.000000 0.000000 -0.000000 -0.000000 1.000000 -0.000000 2.850000 0.000000 -0.000000 1.000000 0.000000 0.000000 0.000000 0.000000 1.000000
1.000000 0.000000 -0.000000 -0.000000 -0.000000 1.000000 0.000000 2.850000 0.000000 -0.000000 1.000000 0.000000 0.000000 0.000000 0.000000 1.000000
1.000000 0.000000 -0.000000 -0.000000 -0.000000 1.000000 0.000000 2.850000 -0.000000 0.000000 1.000000 0.000000 0.000000 0.000000 0.000000 1.000000
1.000000 -0.000000 0.000000 0.000000 0.000000 1.000000 -0.000000 2.850000 -0.000000 0.000000 1.000000 -0.000000 0.000000 0.000000 0.000000 1.000000
1.000000 0.000000 -0.000000 0.000000 -0.000000 1.000000 -0.000000 2.850000 0.000000 0.000000 1.000000 0.000000 0.000000 0.000000 0.000000 1.000000
1.000000 0.000000 -0.000000 -0.000000 -0.000000 1.000000 -0.000000 2.850000 0.000000 0.000000 1.000000 0.000000 0.000000 0.000000 0.000000 1.000000
1.000000 0.000000 -0.000000 -0.000000 -0.000000 1.000000 -0.000000 2.850000 0.000000 0.000000 1.000000 0.000000 0.000000 0.000000 0.000000 1.000000
1.000000 0.000000 -0.000000 0.000000 -0.000000 1.000000 0.000000 2.850000 0.000000 0.000000 1.000000 -0.000000 0.000000 0.000000 0.000000 1.000000
1.000000 -0.000000 0.000000 -0.000000 0.000000 1.000000 0.000000 2.850000 -0.000000 -0.000000 1.000000 0.000000 0.000000 0.000000 0.000000 1.000000
1.000000 0.000000 0.000000 0.000000 -0.000000 1.000000 0.000000 2.850000 -0.000000 -0.000000 1.000000 0.000000 0.000000 0.000000 0.000000 1.000000
1.000000 0.000000 -0.000000 -0.000000 -0.000000 1.000000 0.000000 2.850000 0.000000 -0.000000 1.000000 0.000000 0.000000 0.000000 0.000000 1.000000
1.000000 -0.000000 -0.000000 -0.000000 0.000000 1.000000 0.000000 2.850000 0.000000 -0.000000 1.000000 0.000000 0.000000 0.000000 0.000000 1.000000
1.000000 0.000000 -0.000000 0.000000 -0.000000 1.000000 0.000000 2.850000 -0.000000 0.000000 1.000000 0.000000 0.000000 0.000000 0.000000 1.000000
1.000000 -0.000000 0.000000 -0.000000 0.000000 1.000000 -0.000000 2.850000 -0.000000 0.000000 1.000000 0.000000 0.000000 0.000000 0.000000 1.000000
1.000000 -0.000000 0.000000 -0.000000 0.000000 1.000000 0.000000 2.850000 -0.000000 -0.000000 1.000000 0.000000 0.000000 0.000000 0.000000 1.000000
1.000000 0.000000 0.000000 0.000000 -0.000000 1.000000 0.000000 2.850000 -0.000000 0.000000 1.000000 0.000000 0.000000 0.000000 0.000000 1.000000
1.000000 0.000000 0.000000 0.000000 -0.000000 1.000000 -0.000000 2.850000 -0.000000 -0.000000 1.000000 0.000000 0.000000 0.000000 0.000000 1.000000
1.000000 0.000000 0.000000 0.000000 -0.000000 1.000000 0.000000 2.850000 0.000000 0.000000 1.000000 0.000000 0.000000 0.000000 0.000000 1.000000
1.000000 0.000000 0.000000 0.000000 -0.000000 1.000000 -0.000000 2.850000 0.000000 0.000000 1.000000 -0.000000 0.000000 0.000000 0.000000 1.000000
1.000000 0.000000 0.000000 0.000000 -0.000000 1.000000 -0.000000 2.850000 -0.000000 -0.000000 1.000000 0.000000 0.000000 0.000000 0.000000 1.000000
1.000000 0.000000 0.000000 0.000000 -0.000000 1.000000 -0.000000 2.850000 0.000000 -0.000000 1.000000 0.000000 0.000000 0.000000 0.000000 1.000000
1.000000 -0.000000 -0.000000 0.000000 0.000000 1.000000 -0.000000 2.850000 0.000000 0.000000 1.000000 -0.000000 0.000000 0.000000 0.000000 1.000000</float_array>
        <technique_common>
          <accessor source="#mixamorig_RightHandIndex3-Matrix-animation-output-transform-array" count="26" stride="16">
            <param type="float4x4"/>
          </accessor>
        </technique_common>
      </source>
      <source id="mixamorig_RightHandIndex3-Interpolations">
        <Name_array id="mixamorig_RightHandIndex3-Interpolations-array" count="26">
 LINEAR LINEAR LINEAR LINEAR LINEAR LINEAR LINEAR LINEAR LINEAR LINEAR LINEAR
LINEAR LINEAR LINEAR LINEAR LINEAR LINEAR LINEAR LINEAR LINEAR LINEAR LINEAR LINEAR
LINEAR LINEAR LINEAR</Name_array>
        <technique_common>
          <accessor source="#mixamorig_RightHandIndex3-Interpolations-array" count="26">
            <param type="name"/>
          </accessor>
        </technique_common>
      </source>
      <sampler id="mixamorig_RightHandIndex3-Matrix-animation-transform">
        <input semantic="INPUT" source="#mixamorig_RightHandIndex3-Matrix-animation-input"/>
        <input semantic="OUTPUT" source="#mixamorig_RightHandIndex3-Matrix-animation-output-transform"/>
        <input semantic="INTERPOLATION" source="#mixamorig_RightHandIndex3-Interpolations"/>
      </sampler>
      <channel source="#mixamorig_RightHandIndex3-Matrix-animation-transform" target="mixamorig_RightHandIndex3/matrix"/>
    </animation>
    <animation id="mixamorig_RightHandMiddle1-anim" name="mixamorig_RightHandMiddle1">
      <source id="mixamorig_RightHandMiddle1-Matrix-animation-input">
        <float_array id="mixamorig_RightHandMiddle1-Matrix-animation-input-array" count="26">

0.000000 0.033333 0.066667 0.100000 0.133333 0.166667 0.200000 0.233333 0.266667 0.300000 0.333333 0.366667 0.400000 0.433333 0.466667 0.500000
0.533333 0.566667 0.600000 0.633333 0.666667 0.700000 0.733333 0.766667 0.800000 0.833333</float_array>
        <technique_common>
          <accessor source="#mixamorig_RightHandMiddle1-Matrix-animation-input-array" count="26">
            <param name="TIME" type="float"/>
          </accessor>
        </technique_common>
      </source>
      <source id="mixamorig_RightHandMiddle1-Matrix-animation-output-transform">
        <float_array id="mixamorig_RightHandMiddle1-Matrix-animation-output-transform-array" count="416">

0.998646 -0.046865 0.022562 -0.000000 0.050687 0.974169 -0.220059 9.532500 -0.011666 0.220905 0.975226 0.000000 0.000000 0.000000 0.000000 1.000000
0.998734 -0.044916 0.022638 0.000000 0.048823 0.973907 -0.221632 9.532500 -0.012093 0.222457 0.974868 0.000000 0.000000 0.000000 0.000000 1.000000
0.998912 -0.040521 0.023065 0.000000 0.044692 0.973103 -0.225992 9.532500 -0.013287 0.226777 0.973856 0.000000 0.000000 0.000000 0.000000 1.000000
0.999141 -0.034070 0.023583 0.000000 0.038625 0.971852 -0.232404 9.532500 -0.015001 0.233115 0.972333 0.000000 0.000000 0.000000 0.000000 1.000000
0.999362 -0.026380 0.024085 -0.000000 0.031400 0.970209 -0.240226 9.532500 -0.017031 0.240829 0.970418 0.000000 0.000000 0.000000 0.000000 1.000000
0.999529 -0.018506 0.024476 0.000000 0.024020 0.968249 -0.248832 9.532500 -0.019094 0.249303 0.968237 0.000000 0.000000 0.000000 0.000000 1.000000
0.999628 -0.011525 0.024710 -0.000000 0.017507 0.966090 -0.257613 9.532500 -0.020903 0.257950 0.965932 0.000000 0.000000 0.000000 0.000000 1.000000
0.999671 -0.006447 0.024810 0.000000 0.012816 0.963905 -0.265937 9.532500 -0.022200 0.266167 0.963671 0.000000 0.000000 0.000000 0.000000 1.000000
0.999684 -0.003722 0.024856 0.000000 0.010370 0.961942 -0.273056 9.532500 -0.022894 0.273227 0.961677 -0.000000 0.000000 0.000000 0.000000 1.000000
0.999686 -0.002819 0.024893 0.000000 0.009632 0.960521 -0.278042 9.532500 -0.023126 0.278195 0.960246 -0.000000 0.000000 0.000000 0.000000 1.000000
0.999685 -0.002753 0.024953 0.000000 0.009631 0.959979 -0.279907 9.532500 -0.023184 0.280059 0.959703 -0.000000 0.000000 0.000000 0.000000 1.000000
0.999677 0.005051 0.024917 0.000000 0.004037 0.936106 -0.351695 9.532500 -0.025101 0.351682 0.935783 0.000000 0.000000 0.000000 0.000000 1.000000
0.999528 0.020300 0.023045 -0.000000 -0.006560 0.874200 -0.485523 9.532500 -0.030002 0.485142 0.873920 0.000000 0.000000 0.000000 0.000000 1.000000
0.999327 0.030438 0.020481 0.000000 -0.013317 0.821147 -0.570562 9.532500 -0.034184 0.569905 0.820999 0.000000 0.000000 0.000000 0.000000 1.000000
0.999273 0.032608 0.019771 0.000000 -0.014725 0.808195 -0.588730 9.532500 -0.035176 0.588011 0.808088 -0.000000 0.000000 0.000000 0.000000 1.000000
0.999284 0.032146 0.019932 -0.000000 -0.014380 0.810289 -0.585854 9.532500 -0.034984 0.585149 0.810171 0.000000 0.000000 0.000000 0.000000 1.000000
0.999346 0.029673 0.020682 0.000000 -0.012775 0.824520 -0.565688 9.532500 -0.033838 0.565054 0.824360 -0.000000 0.000000 0.000000 0.000000 1.000000
0.999431 0.025800 0.021711 -0.000000 -0.010323 0.847074 -0.531375 9.532500 -0.032100 0.530849 0.846858 0.000000 0.000000 0.000000 0.000000 1.000000
0.999529 0.020434 0.022904 0.000000 -0.006725 0.873846 -0.486156 9.532500 -0.029949 0.485773 0.873572 0.000000 0.000000 0.000000 0.000000 1.000000
0.999628 0.012447 0.024264 0.000000 -0.000688 0.900987 -0.433846 9.532500 -0.027262 0.433668 0.900660 0.000000 0.000000 0.000000 0.000000 1.000000
0.999676 0.000877 0.025450 0.000000 0.008832 0.925435 -0.378804 9.532500 -0.023884 0.378906 0.925127 0.000000 0.000000 0.000000 0.000000 1.000000
0.999576 -0.013427 0.025824 0.000000 0.021109 0.945274 -0.325593 9.532500 -0.020039 0.326001 0.945157 0.000000 0.000000 0.000000 0.000000 1.000000
0.999297 -0.027831 0.025107 0.000000 0.033734 0.959764 -0.278773 9.532500 -0.016338 0.279424 0.960029 0.000000 0.000000 0.000000 0.000000 1.000000
0.998947 -0.039253 0.023744 0.000000 0.043853 0.969054 -0.242921 9.532500 -0.013473 0.243706 0.969756 0.000000 0.000000 0.000000 0.000000 1.000000
0.998701 -0.045646 0.022632 0.000000 0.049548 0.973605 -0.222796 9.532500 -0.011865 0.223628 0.974602 0.000000 0.000000 0.000000 0.000000 1.000000
0.998648 -0.046918 0.022375 -0.000000 0.050683 0.974468 -0.218731 9.532500 -0.011541 0.219569 0.975529 0.000000 0.000000 0.000000 0.000000 1.000000</float_array>
        <technique_common>
          <accessor source="#mixamorig_RightHandMiddle1-Matrix-animation-output-transform-array" count="26" stride="16">
            <param type="float4x4"/>
          </accessor>
        </technique_common>
      </source>
      <source id="mixamorig_RightHandMiddle1-Interpolations">
        <Name_array id="mixamorig_RightHandMiddle1-Interpolations-array" count="26">
 LINEAR LINEAR LINEAR LINEAR LINEAR LINEAR LINEAR LINEAR LINEAR LINEAR LINEAR
LINEAR LINEAR LINEAR LINEAR LINEAR LINEAR LINEAR LINEAR LINEAR LINEAR LINEAR LINEAR
LINEAR LINEAR LINEAR</Name_array>
        <technique_common>
          <accessor source="#mixamorig_RightHandMiddle1-Interpolations-array" count="26">
            <param type="name"/>
          </accessor>
        </technique_common>
      </source>
      <sampler id="mixamorig_RightHandMiddle1-Matrix-animation-transform">
        <input semantic="INPUT" source="#mixamorig_RightHandMiddle1-Matrix-animation-input"/>
        <input semantic="OUTPUT" source="#mixamorig_RightHandMiddle1-Matrix-animation-output-transform"/>
        <input semantic="INTERPOLATION" source="#mixamorig_RightHandMiddle1-Interpolations"/>
      </sampler>
      <channel source="#mixamorig_RightHandMiddle1-Matrix-animation-transform" target="mixamorig_RightHandMiddle1/matrix"/>
    </animation>
    <animation id="mixamorig_RightHandMiddle2-anim" name="mixamorig_RightHandMiddle2">
      <source id="mixamorig_RightHandMiddle2-Matrix-animation-input">
        <float_array id="mixamorig_RightHandMiddle2-Matrix-animation-input-array" count="26">

0.000000 0.033333 0.066667 0.100000 0.133333 0.166667 0.200000 0.233333 0.266667 0.300000 0.333333 0.366667 0.400000 0.433333 0.466667 0.500000
0.533333 0.566667 0.600000 0.633333 0.666667 0.700000 0.733333 0.766667 0.800000 0.833333</float_array>
        <technique_common>
          <accessor source="#mixamorig_RightHandMiddle2-Matrix-animation-input-array" count="26">
            <param name="TIME" type="float"/>
          </accessor>
        </technique_common>
      </source>
      <source id="mixamorig_RightHandMiddle2-Matrix-animation-output-transform">
        <float_array id="mixamorig_RightHandMiddle2-Matrix-animation-output-transform-array" count="416">

0.999430 0.033192 -0.006099 -0.000000 -0.031681 0.860497 -0.508470 3.700000 -0.011629 0.508374 0.861058 0.000000 0.000000 0.000000 0.000000 1.000000
0.999473 0.031972 -0.005578 -0.000000 -0.030531 0.867902 -0.495797 3.700000 -0.011011 0.495706 0.868421 0.000000 0.000000 0.000000 0.000000 1.000000
0.999560 0.029311 -0.004604 0.000000 -0.028053 0.883102 -0.468342 3.700000 -0.009662 0.468265 0.883535 0.000000 0.000000 0.000000 0.000000 1.000000
0.999673 0.025365 -0.003329 0.000000 -0.024355 0.903782 -0.427301 3.700000 -0.007830 0.427242 0.904104 0.000000 0.000000 0.000000 0.000000 1.000000
0.999785 0.020637 -0.002055 -0.000000 -0.019885 0.925747 -0.377620 3.700000 -0.005891 0.377580 0.925958 0.000000 0.000000 0.000000 0.000000 1.000000
0.999874 0.015845 -0.001039 0.000000 -0.015314 0.944967 -0.326807 3.700000 -0.004196 0.326781 0.945091 0.000000 0.000000 0.000000 0.000000 1.000000
0.999931 0.011766 -0.000384 -0.000000 -0.011393 0.958996 -0.283192 3.700000 -0.002964 0.283176 0.959063 0.000000 0.000000 0.000000 0.000000 1.000000
0.999958 0.009135 -0.000056 0.000000 -0.008847 0.966935 -0.254871 3.700000 -0.002274 0.254861 0.966975 -0.000000 0.000000 0.000000 0.000000 1.000000
0.999966 0.008211 0.000032 0.000000 -0.007953 0.969519 -0.244887 3.700000 -0.002042 0.244879 0.969552 0.000000 0.000000 0.000000 0.000000 1.000000
0.999965 0.008419 0.000016 -0.000000 -0.008154 0.968977 -0.247016 3.700000 -0.002095 0.247007 0.969011 0.000000 0.000000 0.000000 0.000000 1.000000
0.999962 0.008751 0.000007 -0.000000 -0.008470 0.968046 -0.250630 3.700000 -0.002201 0.250620 0.968083 -0.000000 0.000000 0.000000 0.000000 1.000000
0.999879 0.015547 -0.000913 -0.000000 -0.015005 0.946019 -0.323763 3.700000 -0.004170 0.323737 0.946138 0.000000 0.000000 0.000000 0.000000 1.000000
0.999591 0.028315 -0.004132 0.000000 -0.027055 0.888190 -0.458679 3.700000 -0.009317 0.458603 0.888592 0.000000 0.000000 0.000000 0.000000 1.000000
0.999302 0.036632 -0.007361 -0.000000 -0.034728 0.837926 -0.544678 3.700000 -0.013785 0.544553 0.838613 -0.000000 0.000000 0.000000 0.000000 1.000000
0.999227 0.038459 -0.008200 0.000000 -0.036390 0.825342 -0.563459 3.700000 -0.014902 0.563321 0.826104 0.000000 0.000000 0.000000 0.000000 1.000000
0.999236 0.038239 -0.008095 0.000000 -0.036187 0.826776 -0.561366 3.700000 -0.014773 0.561230 0.827528 -0.000000 0.000000 0.000000 0.000000 1.000000
0.999319 0.036200 -0.007166 0.000000 -0.034325 0.840515 -0.540700 3.700000 -0.013550 0.540578 0.841185 0.000000 0.000000 0.000000 0.000000 1.000000
0.999454 0.032551 -0.005653 0.000000 -0.030971 0.863542 -0.503324 3.700000 -0.011502 0.503225 0.864079 -0.000000 0.000000 0.000000 0.000000 1.000000
0.999597 0.028113 -0.004029 0.000000 -0.026843 0.888912 -0.457291 3.700000 -0.009274 0.457214 0.889308 -0.000000 0.000000 0.000000 0.000000 1.000000
0.999693 0.024618 -0.002902 -0.000000 -0.023555 0.906948 -0.420582 3.700000 -0.007722 0.420522 0.907250 0.000000 0.000000 0.000000 0.000000 1.000000
0.999716 0.023665 -0.002639 -0.000000 -0.022663 0.911605 -0.410443 3.700000 -0.007307 0.410386 0.911883 0.000000 0.000000 0.000000 0.000000 1.000000
0.999673 0.025373 -0.003231 -0.000000 -0.024312 0.903318 -0.428282 3.700000 -0.007949 0.428220 0.903639 0.000000 0.000000 0.000000 0.000000 1.000000
0.999586 0.028429 -0.004340 0.000000 -0.027238 0.887457 -0.460085 3.700000 -0.009229 0.460013 0.887864 0.000000 0.000000 0.000000 0.000000 1.000000
0.999500 0.031167 -0.005367 0.000000 -0.029818 0.872161 -0.488309 3.700000 -0.010538 0.488224 0.872655 0.000000 0.000000 0.000000 0.000000 1.000000
0.999448 0.032677 -0.005972 0.000000 -0.031233 0.863180 -0.503929 3.700000 -0.011312 0.503837 0.863725 0.000000 0.000000 0.000000 0.000000 1.000000
0.999429 0.033209 -0.006227 -0.000000 -0.031745 0.859820 -0.509609 3.700000 -0.011569 0.509516 0.860383 0.000000 0.000000 0.000000 0.000000 1.000000</float_array>
        <technique_common>
          <accessor source="#mixamorig_RightHandMiddle2-Matrix-animation-output-transform-array" count="26" stride="16">
            <param type="float4x4"/>
          </accessor>
        </technique_common>
      </source>
      <source id="mixamorig_RightHandMiddle2-Interpolations">
        <Name_array id="mixamorig_RightHandMiddle2-Interpolations-array" count="26">
 LINEAR LINEAR LINEAR LINEAR LINEAR LINEAR LINEAR LINEAR LINEAR LINEAR LINEAR
LINEAR LINEAR LINEAR LINEAR LINEAR LINEAR LINEAR LINEAR LINEAR LINEAR LINEAR LINEAR
LINEAR LINEAR LINEAR</Name_array>
        <technique_common>
          <accessor source="#mixamorig_RightHandMiddle2-Interpolations-array" count="26">
            <param type="name"/>
          </accessor>
        </technique_common>
      </source>
      <sampler id="mixamorig_RightHandMiddle2-Matrix-animation-transform">
        <input semantic="INPUT" source="#mixamorig_RightHandMiddle2-Matrix-animation-input"/>
        <input semantic="OUTPUT" source="#mixamorig_RightHandMiddle2-Matrix-animation-output-transform"/>
        <input semantic="INTERPOLATION" source="#mixamorig_RightHandMiddle2-Interpolations"/>
      </sampler>
      <channel source="#mixamorig_RightHandMiddle2-Matrix-animation-transform" target="mixamorig_RightHandMiddle2/matrix"/>
    </animation>
    <animation id="mixamorig_RightHandMiddle3-anim" name="mixamorig_RightHandMiddle3">
      <source id="mixamorig_RightHandMiddle3-Matrix-animation-input">
        <float_array id="mixamorig_RightHandMiddle3-Matrix-animation-input-array" count="26">

0.000000 0.033333 0.066667 0.100000 0.133333 0.166667 0.200000 0.233333 0.266667 0.300000 0.333333 0.366667 0.400000 0.433333 0.466667 0.500000
0.533333 0.566667 0.600000 0.633333 0.666667 0.700000 0.733333 0.766667 0.800000 0.833333</float_array>
        <technique_common>
          <accessor source="#mixamorig_RightHandMiddle3-Matrix-animation-input-array" count="26">
            <param name="TIME" type="float"/>
          </accessor>
        </technique_common>
      </source>
      <source id="mixamorig_RightHandMiddle3-Matrix-animation-output-transform">
        <float_array id="mixamorig_RightHandMiddle3-Matrix-animation-output-transform-array" count="416">

1.000000 0.000000 0.000000 0.000000 -0.000000 1.000000 0.000000 2.950000 -0.000000 0.000000 1.000000 -0.000000 0.000000 0.000000 0.000000 1.000000
1.000000 0.000000 -0.000000 -0.000000 -0.000000 1.000000 0.000000 2.950000 0.000000 -0.000000 1.000000 0.000000 0.000000 0.000000 0.000000 1.000000
1.000000 0.000000 0.000000 -0.000000 -0.000000 1.000000 0.000000 2.950000 -0.000000 -0.000000 1.000000 -0.000000 0.000000 0.000000 0.000000 1.000000
1.000000 0.000000 -0.000000 0.000000 -0.000000 1.000000 0.000000 2.950000 0.000000 -0.000000 1.000000 0.000000 0.000000 0.000000 0.000000 1.000000
1.000000 0.000000 0.000000 -0.000000 -0.000000 1.000000 0.000000 2.950000 -0.000000 -0.000000 1.000000 0.000000 0.000000 0.000000 0.000000 1.000000
1.000000 0.000000 -0.000000 0.000000 -0.000000 1.000000 0.000000 2.950000 0.000000 -0.000000 1.000000 0.000000 0.000000 0.000000 0.000000 1.000000
1.000000 0.000000 -0.000000 -0.000000 -0.000000 1.000000 0.000000 2.950000 0.000000 -0.000000 1.000000 0.000000 0.000000 0.000000 0.000000 1.000000
1.000000 0.000000 0.000000 0.000000 -0.000000 1.000000 0.000000 2.950000 0.000000 -0.000000 1.000000 0.000000 0.000000 0.000000 0.000000 1.000000
1.000000 -0.000000 0.000000 -0.000000 0.000000 1.000000 0.000000 2.950000 -0.000000 -0.000000 1.000000 0.000000 0.000000 0.000000 0.000000 1.000000
1.000000 0.000000 0.000000 0.000000 -0.000000 1.000000 -0.000000 2.950000 -0.000000 0.000000 1.000000 0.000000 0.000000 0.000000 0.000000 1.000000
1.000000 0.000000 0.000000 0.000000 -0.000000 1.000000 0.000000 2.950000 -0.000000 0.000000 1.000000 -0.000000 0.000000 0.000000 0.000000 1.000000
1.000000 0.000000 -0.000000 -0.000000 -0.000000 1.000000 0.000000 2.950000 -0.000000 0.000000 1.000000 0.000000 0.000000 0.000000 0.000000 1.000000
1.000000 0.000000 0.000000 0.000000 -0.000000 1.000000 -0.000000 2.950000 0.000000 0.000000 1.000000 0.000000 0.000000 0.000000 0.000000 1.000000
1.000000 0.000000 -0.000000 -0.000000 -0.000000 1.000000 0.000000 2.950000 -0.000000 -0.000000 1.000000 0.000000 0.000000 0.000000 0.000000 1.000000
1.000000 -0.000000 0.000000 0.000000 0.000000 1.000000 0.000000 2.950000 -0.000000 -0.000000 1.000000 0.000000 0.000000 0.000000 0.000000 1.000000
1.000000 0.000000 -0.000000 0.000000 -0.000000 1.000000 0.000000 2.950000 0.000000 -0.000000 1.000000 -0.000000 0.000000 0.000000 0.000000 1.000000
1.000000 0.000000 0.000000 -0.000000 -0.000000 1.000000 0.000000 2.950000 0.000000 0.000000 1.000000 0.000000 0.000000 0.000000 0.000000 1.000000
1.000000 0.000000 0.000000 -0.000000 -0.000000 1.000000 -0.000000 2.950000 -0.000000 0.000000 1.000000 0.000000 0.000000 0.000000 0.000000 1.000000
1.000000 0.000000 0.000000 0.000000 -0.000000 1.000000 0.000000 2.950000 0.000000 -0.000000 1.000000 0.000000 0.000000 0.000000 0.000000 1.000000
1.000000 -0.000000 0.000000 0.000000 0.000000 1.000000 -0.000000 2.950000 -0.000000 0.000000 1.000000 0.000000 0.000000 0.000000 0.000000 1.000000
1.000000 0.000000 -0.000000 0.000000 -0.000000 1.000000 -0.000000 2.950000 0.000000 -0.000000 1.000000 0.000000 0.000000 0.000000 0.000000 1.000000
1.000000 0.000000 0.000000 0.000000 -0.000000 1.000000 0.000000 2.950000 0.000000 0.000000 1.000000 0.000000 0.000000 0.000000 0.000000 1.000000
1.000000 0.000000 0.000000 0.000000 -0.000000 1.000000 0.000000 2.950000 0.000000 -0.000000 1.000000 0.000000 0.000000 0.000000 0.000000 1.000000
1.000000 0.000000 -0.000000 0.000000 -0.000000 1.000000 0.000000 2.950000 0.000000 -0.000000 1.000000 -0.000000 0.000000 0.000000 0.000000 1.000000
1.000000 0.000000 -0.000000 0.000000 -0.000000 1.000000 0.000000 2.950000 0.000000 -0.000000 1.000000 -0.000000 0.000000 0.000000 0.000000 1.000000
1.000000 0.000000 0.000000 0.000000 -0.000000 1.000000 0.000000 2.950000 0.000000 -0.000000 1.000000 0.000000 0.000000 0.000000 0.000000 1.000000</float_array>
        <technique_common>
          <accessor source="#mixamorig_RightHandMiddle3-Matrix-animation-output-transform-array" count="26" stride="16">
            <param type="float4x4"/>
          </accessor>
        </technique_common>
      </source>
      <source id="mixamorig_RightHandMiddle3-Interpolations">
        <Name_array id="mixamorig_RightHandMiddle3-Interpolations-array" count="26">
 LINEAR LINEAR LINEAR LINEAR LINEAR LINEAR LINEAR LINEAR LINEAR LINEAR LINEAR
LINEAR LINEAR LINEAR LINEAR LINEAR LINEAR LINEAR LINEAR LINEAR LINEAR LINEAR LINEAR
LINEAR LINEAR LINEAR</Name_array>
        <technique_common>
          <accessor source="#mixamorig_RightHandMiddle3-Interpolations-array" count="26">
            <param type="name"/>
          </accessor>
        </technique_common>
      </source>
      <sampler id="mixamorig_RightHandMiddle3-Matrix-animation-transform">
        <input semantic="INPUT" source="#mixamorig_RightHandMiddle3-Matrix-animation-input"/>
        <input semantic="OUTPUT" source="#mixamorig_RightHandMiddle3-Matrix-animation-output-transform"/>
        <input semantic="INTERPOLATION" source="#mixamorig_RightHandMiddle3-Interpolations"/>
      </sampler>
      <channel source="#mixamorig_RightHandMiddle3-Matrix-animation-transform" target="mixamorig_RightHandMiddle3/matrix"/>
    </animation>
    <animation id="mixamorig_RightHandRing1-anim" name="mixamorig_RightHandRing1">
      <source id="mixamorig_RightHandRing1-Matrix-animation-input">
        <float_array id="mixamorig_RightHandRing1-Matrix-animation-input-array" count="26">

0.000000 0.033333 0.066667 0.100000 0.133333 0.166667 0.200000 0.233333 0.266667 0.300000 0.333333 0.366667 0.400000 0.433333 0.466667 0.500000
0.533333 0.566667 0.600000 0.633333 0.666667 0.700000 0.733333 0.766667 0.800000 0.833333</float_array>
        <technique_common>
          <accessor source="#mixamorig_RightHandRing1-Matrix-animation-input-array" count="26">
            <param name="TIME" type="float"/>
          </accessor>
        </technique_common>
      </source>
      <source id="mixamorig_RightHandRing1-Matrix-animation-output-transform">
        <float_array id="mixamorig_RightHandRing1-Matrix-animation-output-transform-array" count="416">

0.990773 -0.135247 0.008834 -1.865100 0.128996 0.920969 -0.367663 9.103600 0.041590 0.365410 0.929917 0.043100 0.000000 0.000000 0.000000 1.000000
0.990610 -0.136443 0.008655 -1.865100 0.130119 0.921481 -0.365980 9.103600 0.041960 0.363670 0.930583 0.043100 0.000000 0.000000 0.000000 1.000000
0.990127 -0.139920 0.008473 -1.865100 0.133413 0.922083 -0.363268 9.103600 0.043015 0.360812 0.931646 0.043100 0.000000 0.000000 0.000000 1.000000
0.989396 -0.145015 0.008167 -1.865100 0.138236 0.922904 -0.359360 9.103600 0.044575 0.356679 0.933163 0.043100 0.000000 0.000000 0.000000 1.000000
0.988475 -0.151190 0.007711 -1.865100 0.144053 0.923707 -0.354986 9.103600 0.046547 0.352005 0.934840 0.043100 0.000000 0.000000 0.000000 1.000000
0.987412 -0.158008 0.007080 -1.865100 0.150394 0.924089 -0.351343 9.103600 0.048972 0.347985 0.936220 0.043100 0.000000 0.000000 0.000000 1.000000
0.986263 -0.165063 0.006278 -1.865100 0.156811 0.923656 -0.349671 9.103600 0.051919 0.345852 0.936851 0.043100 0.000000 0.000000 0.000000 1.000000
0.985093 -0.171940 0.005352 -1.865100 0.162851 0.922092 -0.351037 9.103600 0.055422 0.346675 0.936346 0.043100 0.000000 0.000000 0.000000 1.000000
0.984012 -0.178047 0.004429 -1.865100 0.167980 0.919538 -0.355291 9.103600 0.059186 0.350355 0.934745 0.043100 0.000000 0.000000 0.000000 1.000000
0.983204 -0.182475 0.003716 -1.865100 0.171543 0.916966 -0.360205 9.103600 0.062321 0.354792 0.932866 0.043100 0.000000 0.000000 0.000000 1.000000
0.982887 -0.184177 0.003438 -1.865100 0.172868 0.915764 -0.362620 9.103600 0.063638 0.357009 0.931931 0.043100 0.000000 0.000000 0.000000 1.000000
0.983770 -0.178706 0.016160 -1.865100 0.168106 0.886414 -0.431290 9.103600 0.062750 0.427007 0.902069 0.043100 0.000000 0.000000 0.000000 1.000000
0.985403 -0.165699 0.039051 -1.865100 0.159100 0.814762 -0.557539 9.103600 0.060566 0.555614 0.829232 0.043100 0.000000 0.000000 0.000000 1.000000
0.986614 -0.154058 0.053466 -1.865100 0.152548 0.756044 -0.636496 9.103600 0.057635 0.636132 0.769425 0.043100 0.000000 0.000000 0.000000 1.000000
0.987321 -0.147881 0.057694 -1.865100 0.149372 0.742545 -0.652928 9.103600 0.053716 0.653267 0.755219 0.043100 0.000000 0.000000 0.000000 1.000000
0.987967 -0.142927 0.059105 -1.865100 0.146765 0.745764 -0.649843 9.103600 0.048802 0.650698 0.757767 0.043100 0.000000 0.000000 0.000000 1.000000
0.988584 -0.138999 0.058152 -1.865100 0.144327 0.762743 -0.630391 9.103600 0.043269 0.631587 0.774096 0.043100 0.000000 0.000000 0.000000 1.000000
0.989198 -0.135817 0.055138 -1.865100 0.141690 0.789574 -0.597074 9.103600 0.037557 0.598437 0.800289 0.043100 0.000000 0.000000 0.000000 1.000000
0.989793 -0.133324 0.050344 -1.865100 0.138759 0.821054 -0.553729 9.103600 0.032490 0.555063 0.831174 0.043100 0.000000 0.000000 0.000000 1.000000
0.990292 -0.131842 0.044036 -1.865100 0.135871 0.851276 -0.506821 9.103600 0.029333 0.507884 0.860926 0.043100 0.000000 0.000000 0.000000 1.000000
0.990622 -0.131670 0.036476 -1.865100 0.133504 0.876045 -0.463380 9.103600 0.029059 0.463904 0.885409 0.043100 0.000000 0.000000 0.000000 1.000000
0.990778 -0.132544 0.028126 -1.865100 0.131782 0.894365 -0.427487 9.103600 0.031506 0.427251 0.903584 0.043100 0.000000 0.000000 0.000000 1.000000
0.990815 -0.133752 0.019886 -1.865100 0.130499 0.907282 -0.399761 9.103600 0.035426 0.398684 0.916404 0.043100 0.000000 0.000000 0.000000 1.000000
0.990806 -0.134654 0.013073 -1.865100 0.129500 0.916019 -0.379656 9.103600 0.039147 0.377858 0.925035 0.043100 0.000000 0.000000 0.000000 1.000000
0.990791 -0.135097 0.009071 -1.865100 0.128908 0.920663 -0.368458 9.103600 0.041426 0.366234 0.929600 0.043100 0.000000 0.000000 0.000000 1.000000
0.990749 -0.135463 0.008182 -1.865100 0.129058 0.921827 -0.365486 9.103600 0.041967 0.363160 0.930781 0.043100 0.000000 0.000000 0.000000 1.000000</float_array>
        <technique_common>
          <accessor source="#mixamorig_RightHandRing1-Matrix-animation-output-transform-array" count="26" stride="16">
            <param type="float4x4"/>
          </accessor>
        </technique_common>
      </source>
      <source id="mixamorig_RightHandRing1-Interpolations">
        <Name_array id="mixamorig_RightHandRing1-Interpolations-array" count="26">
 LINEAR LINEAR LINEAR LINEAR LINEAR LINEAR LINEAR LINEAR LINEAR LINEAR LINEAR
LINEAR LINEAR LINEAR LINEAR LINEAR LINEAR LINEAR LINEAR LINEAR LINEAR LINEAR LINEAR
LINEAR LINEAR LINEAR</Name_array>
        <technique_common>
          <accessor source="#mixamorig_RightHandRing1-Interpolations-array" count="26">
            <param type="name"/>
          </accessor>
        </technique_common>
      </source>
      <sampler id="mixamorig_RightHandRing1-Matrix-animation-transform">
        <input semantic="INPUT" source="#mixamorig_RightHandRing1-Matrix-animation-input"/>
        <input semantic="OUTPUT" source="#mixamorig_RightHandRing1-Matrix-animation-output-transform"/>
        <input semantic="INTERPOLATION" source="#mixamorig_RightHandRing1-Interpolations"/>
      </sampler>
      <channel source="#mixamorig_RightHandRing1-Matrix-animation-transform" target="mixamorig_RightHandRing1/matrix"/>
    </animation>
    <animation id="mixamorig_RightHandRing2-anim" name="mixamorig_RightHandRing2">
      <source id="mixamorig_RightHandRing2-Matrix-animation-input">
        <float_array id="mixamorig_RightHandRing2-Matrix-animation-input-array" count="26">

0.000000 0.033333 0.066667 0.100000 0.133333 0.166667 0.200000 0.233333 0.266667 0.300000 0.333333 0.366667 0.400000 0.433333 0.466667 0.500000
0.533333 0.566667 0.600000 0.633333 0.666667 0.700000 0.733333 0.766667 0.800000 0.833333</float_array>
        <technique_common>
          <accessor source="#mixamorig_RightHandRing2-Matrix-animation-input-array" count="26">
            <param name="TIME" type="float"/>
          </accessor>
        </technique_common>
      </source>
      <source id="mixamorig_RightHandRing2-Matrix-animation-output-transform">
        <float_array id="mixamorig_RightHandRing2-Matrix-animation-output-transform-array" count="416">

0.997680 0.062929 -0.025967 0.000000 -0.065764 0.792367 -0.606489 3.379300 -0.017591 0.606790 0.794667 0.000000 0.000000 0.000000 0.000000 1.000000
0.997779 0.061795 -0.024870 0.000000 -0.064511 0.803379 -0.591963 3.379300 -0.016600 0.592253 0.805581 -0.000000 0.000000 0.000000 0.000000 1.000000
0.997985 0.059325 -0.022486 0.000000 -0.061730 0.826158 -0.560046 3.379300 -0.014648 0.560306 0.828156 0.000000 0.000000 0.000000 0.000000 1.000000
0.998274 0.055539 -0.019112 0.000000 -0.057488 0.857212 -0.511744 3.379300 -0.012039 0.511960 0.858925 0.000000 0.000000 0.000000 0.000000 1.000000
0.998590 0.050828 -0.015344 0.000000 -0.052267 0.890274 -0.452416 3.379300 -0.009335 0.452580 0.891675 0.000000 0.000000 0.000000 0.000000 1.000000
0.998872 0.045969 -0.011900 -0.000000 -0.046962 0.919281 -0.390791 3.379300 -0.007025 0.390909 0.920403 0.000000 0.000000 0.000000 0.000000 1.000000
0.999088 0.041681 -0.009245 0.000000 -0.042357 0.940532 -0.337055 3.379300 -0.005353 0.337140 0.941439 0.000000 0.000000 0.000000 0.000000 1.000000
0.999217 0.038823 -0.007644 0.000000 -0.039321 0.952697 -0.301367 3.379300 -0.004417 0.301432 0.953477 -0.000000 0.000000 0.000000 0.000000 1.000000
0.999262 0.037765 -0.007045 0.000000 -0.038194 0.956920 -0.287830 3.379300 -0.004129 0.287887 0.957656 0.000000 0.000000 0.000000 0.000000 1.000000
0.999256 0.037924 -0.007045 -0.000000 -0.038340 0.956470 -0.289300 3.379300 -0.004233 0.289355 0.957212 0.000000 0.000000 0.000000 0.000000 1.000000
0.999241 0.038292 -0.007196 0.000000 -0.038718 0.955259 -0.293227 3.379300 -0.004354 0.293283 0.956016 0.000000 0.000000 0.000000 0.000000 1.000000
0.998968 0.044233 -0.010355 0.000000 -0.044956 0.929757 -0.365418 3.379300 -0.006536 0.365506 0.930786 0.000000 0.000000 0.000000 0.000000 1.000000
0.998340 0.054834 -0.017635 0.000000 -0.056335 0.865692 -0.497398 3.379300 -0.012008 0.497565 0.867343 0.000000 0.000000 0.000000 0.000000 1.000000
0.997841 0.061356 -0.023423 -0.000000 -0.063534 0.811511 -0.580873 3.379300 -0.016632 0.581107 0.813657 -0.000000 0.000000 0.000000 0.000000 1.000000
0.997720 0.062754 -0.024833 -0.000000 -0.065106 0.798019 -0.599105 3.379300 -0.017779 0.599356 0.800285 -0.000000 0.000000 0.000000 0.000000 1.000000
0.997733 0.062599 -0.024698 0.000000 -0.064941 0.799415 -0.597259 3.379300 -0.017644 0.597509 0.801668 0.000000 0.000000 0.000000 0.000000 1.000000
0.997867 0.061025 -0.023170 0.000000 -0.063192 0.814129 -0.577236 3.379300 -0.016363 0.577469 0.816249 -0.000000 0.000000 0.000000 0.000000 1.000000
0.998099 0.058115 -0.020526 -0.000000 -0.059979 0.839230 -0.540458 3.379300 -0.014183 0.540662 0.841120 -0.000000 0.000000 0.000000 0.000000 1.000000
0.998358 0.054520 -0.017587 0.000000 -0.056062 0.866717 -0.495639 3.379300 -0.011779 0.495811 0.868350 0.000000 0.000000 0.000000 0.000000 1.000000
0.998531 0.051854 -0.015688 0.000000 -0.053217 0.884616 -0.463273 3.379300 -0.010145 0.463427 0.886077 0.000000 0.000000 0.000000 0.000000 1.000000
0.998538 0.051705 -0.015769 0.000000 -0.053127 0.884840 -0.462856 3.379300 -0.009979 0.463017 0.886293 0.000000 0.000000 0.000000 0.000000 1.000000
0.998376 0.054097 -0.017865 -0.000000 -0.055845 0.867284 -0.494672 3.379300 -0.011266 0.494866 0.868896 0.000000 0.000000 0.000000 0.000000 1.000000
0.998118 0.057578 -0.021091 0.000000 -0.059829 0.839080 -0.540707 3.379300 -0.013436 0.540952 0.840946 0.000000 0.000000 0.000000 0.000000 1.000000
0.997875 0.060541 -0.024084 0.000000 -0.063278 0.812406 -0.579648 3.379300 -0.015527 0.579940 0.814511 0.000000 0.000000 0.000000 0.000000 1.000000
0.997733 0.062189 -0.025736 0.000000 -0.065156 0.796647 -0.600923 3.379300 -0.016868 0.601237 0.798893 -0.000000 0.000000 0.000000 0.000000 1.000000
0.997688 0.062686 -0.026251 -0.000000 -0.065724 0.791690 -0.607378 3.379300 -0.017291 0.607699 0.793979 0.000000 0.000000 0.000000 0.000000 1.000000</float_array>
        <technique_common>
          <accessor source="#mixamorig_RightHandRing2-Matrix-animation-output-transform-array" count="26" stride="16">
            <param type="float4x4"/>
          </accessor>
        </technique_common>
      </source>
      <source id="mixamorig_RightHandRing2-Interpolations">
        <Name_array id="mixamorig_RightHandRing2-Interpolations-array" count="26">
 LINEAR LINEAR LINEAR LINEAR LINEAR LINEAR LINEAR LINEAR LINEAR LINEAR LINEAR
LINEAR LINEAR LINEAR LINEAR LINEAR LINEAR LINEAR LINEAR LINEAR LINEAR LINEAR LINEAR
LINEAR LINEAR LINEAR</Name_array>
        <technique_common>
          <accessor source="#mixamorig_RightHandRing2-Interpolations-array" count="26">
            <param type="name"/>
          </accessor>
        </technique_common>
      </source>
      <sampler id="mixamorig_RightHandRing2-Matrix-animation-transform">
        <input semantic="INPUT" source="#mixamorig_RightHandRing2-Matrix-animation-input"/>
        <input semantic="OUTPUT" source="#mixamorig_RightHandRing2-Matrix-animation-output-transform"/>
        <input semantic="INTERPOLATION" source="#mixamorig_RightHandRing2-Interpolations"/>
      </sampler>
      <channel source="#mixamorig_RightHandRing2-Matrix-animation-transform" target="mixamorig_RightHandRing2/matrix"/>
    </animation>
    <animation id="mixamorig_RightHandRing3-anim" name="mixamorig_RightHandRing3">
      <source id="mixamorig_RightHandRing3-Matrix-animation-input">
        <float_array id="mixamorig_RightHandRing3-Matrix-animation-input-array" count="26">

0.000000 0.033333 0.066667 0.100000 0.133333 0.166667 0.200000 0.233333 0.266667 0.300000 0.333333 0.366667 0.400000 0.433333 0.466667 0.500000
0.533333 0.566667 0.600000 0.633333 0.666667 0.700000 0.733333 0.766667 0.800000 0.833333</float_array>
        <technique_common>
          <accessor source="#mixamorig_RightHandRing3-Matrix-animation-input-array" count="26">
            <param name="TIME" type="float"/>
          </accessor>
        </technique_common>
      </source>
      <source id="mixamorig_RightHandRing3-Matrix-animation-output-transform">
        <float_array id="mixamorig_RightHandRing3-Matrix-animation-output-transform-array" count="416">

1.000000 0.000000 -0.000000 0.000000 -0.000000 1.000000 0.000000 2.889700 0.000000 0.000000 1.000000 0.000000 0.000000 0.000000 0.000000 1.000000
1.000000 -0.000000 -0.000000 -0.000000 0.000000 1.000000 -0.000000 2.889700 -0.000000 -0.000000 1.000000 0.000000 0.000000 0.000000 0.000000 1.000000
1.000000 -0.000000 -0.000000 -0.000000 0.000000 1.000000 0.000000 2.889700 -0.000000 0.000000 1.000000 0.000000 0.000000 0.000000 0.000000 1.000000
1.000000 -0.000000 0.000000 -0.000000 0.000000 1.000000 0.000000 2.889700 0.000000 0.000000 1.000000 -0.000000 0.000000 0.000000 0.000000 1.000000
1.000000 -0.000000 0.000000 0.000000 0.000000 1.000000 -0.000000 2.889700 0.000000 0.000000 1.000000 0.000000 0.000000 0.000000 0.000000 1.000000
1.000000 -0.000000 0.000000 0.000000 0.000000 1.000000 0.000000 2.889700 0.000000 0.000000 1.000000 0.000000 0.000000 0.000000 0.000000 1.000000
1.000000 -0.000000 -0.000000 -0.000000 0.000000 1.000000 0.000000 2.889700 0.000000 -0.000000 1.000000 0.000000 0.000000 0.000000 0.000000 1.000000
1.000000 -0.000000 0.000000 0.000000 0.000000 1.000000 -0.000000 2.889700 0.000000 0.000000 1.000000 0.000000 0.000000 0.000000 0.000000 1.000000
1.000000 0.000000 -0.000000 0.000000 -0.000000 1.000000 0.000000 2.889700 0.000000 -0.000000 1.000000 0.000000 0.000000 0.000000 0.000000 1.000000
1.000000 -0.000000 0.000000 0.000000 0.000000 1.000000 0.000000 2.889700 0.000000 -0.000000 1.000000 0.000000 0.000000 0.000000 0.000000 1.000000
1.000000 0.000000 0.000000 0.000000 -0.000000 1.000000 -0.000000 2.889700 -0.000000 0.000000 1.000000 0.000000 0.000000 0.000000 0.000000 1.000000
1.000000 -0.000000 0.000000 0.000000 0.000000 1.000000 0.000000 2.889700 0.000000 0.000000 1.000000 -0.000000 0.000000 0.000000 0.000000 1.000000
1.000000 -0.000000 -0.000000 0.000000 0.000000 1.000000 -0.000000 2.889700 -0.000000 -0.000000 1.000000 -0.000000 0.000000 0.000000 0.000000 1.000000
1.000000 -0.000000 0.000000 0.000000 0.000000 1.000000 -0.000000 2.889700 -0.000000 0.000000 1.000000 0.000000 0.000000 0.000000 0.000000 1.000000
1.000000 -0.000000 -0.000000 0.000000 0.000000 1.000000 -0.000000 2.889700 0.000000 0.000000 1.000000 0.000000 0.000000 0.000000 0.000000 1.000000
1.000000 -0.000000 0.000000 0.000000 0.000000 1.000000 0.000000 2.889700 0.000000 -0.000000 1.000000 0.000000 0.000000 0.000000 0.000000 1.000000
1.000000 -0.000000 0.000000 0.000000 0.000000 1.000000 -0.000000 2.889700 0.000000 0.000000 1.000000 0.000000 0.000000 0.000000 0.000000 1.000000
1.000000 -0.000000 0.000000 -0.000000 0.000000 1.000000 0.000000 2.889700 -0.000000 -0.000000 1.000000 0.000000 0.000000 0.000000 0.000000 1.000000
1.000000 -0.000000 -0.000000 -0.000000 0.000000 1.000000 0.000000 2.889700 0.000000 -0.000000 1.000000 0.000000 0.000000 0.000000 0.000000 1.000000
1.000000 -0.000000 0.000000 -0.000000 0.000000 1.000000 0.000000 2.889700 0.000000 -0.000000 1.000000 -0.000000 0.000000 0.000000 0.000000 1.000000
1.000000 -0.000000 -0.000000 0.000000 0.000000 1.000000 -0.000000 2.889700 0.000000 0.000000 1.000000 0.000000 0.000000 0.000000 0.000000 1.000000
1.000000 -0.000000 0.000000 0.000000 0.000000 1.000000 -0.000000 2.889700 0.000000 0.000000 1.000000 0.000000 0.000000 0.000000 0.000000 1.000000
1.000000 -0.000000 0.000000 -0.000000 0.000000 1.000000 -0.000000 2.889700 -0.000000 0.000000 1.000000 0.000000 0.000000 0.000000 0.000000 1.000000
1.000000 -0.000000 0.000000 -0.000000 0.000000 1.000000 0.000000 2.889700 0.000000 -0.000000 1.000000 0.000000 0.000000 0.000000 0.000000 1.000000
1.000000 -0.000000 0.000000 -0.000000 0.000000 1.000000 -0.000000 2.889700 0.000000 0.000000 1.000000 0.000000 0.000000 0.000000 0.000000 1.000000
1.000000 -0.000000 0.000000 0.000000 0.000000 1.000000 -0.000000 2.889700 -0.000000 0.000000 1.000000 0.000000 0.000000 0.000000 0.000000 1.000000</float_array>
        <technique_common>
          <accessor source="#mixamorig_RightHandRing3-Matrix-animation-output-transform-array" count="26" stride="16">
            <param type="float4x4"/>
          </accessor>
        </technique_common>
      </source>
      <source id="mixamorig_RightHandRing3-Interpolations">
        <Name_array id="mixamorig_RightHandRing3-Interpolations-array" count="26">
 LINEAR LINEAR LINEAR LINEAR LINEAR LINEAR LINEAR LINEAR LINEAR LINEAR LINEAR
LINEAR LINEAR LINEAR LINEAR LINEAR LINEAR LINEAR LINEAR LINEAR LINEAR LINEAR LINEAR
LINEAR LINEAR LINEAR</Name_array>
        <technique_common>
          <accessor source="#mixamorig_RightHandRing3-Interpolations-array" count="26">
            <param type="name"/>
          </accessor>
        </technique_common>
      </source>
      <sampler id="mixamorig_RightHandRing3-Matrix-animation-transform">
        <input semantic="INPUT" source="#mixamorig_RightHandRing3-Matrix-animation-input"/>
        <input semantic="OUTPUT" source="#mixamorig_RightHandRing3-Matrix-animation-output-transform"/>
        <input semantic="INTERPOLATION" source="#mixamorig_RightHandRing3-Interpolations"/>
      </sampler>
      <channel source="#mixamorig_RightHandRing3-Matrix-animation-transform" target="mixamorig_RightHandRing3/matrix"/>
    </animation>
    <animation id="mixamorig_RightHandPinky1-anim" name="mixamorig_RightHandPinky1">
      <source id="mixamorig_RightHandPinky1-Matrix-animation-input">
        <float_array id="mixamorig_RightHandPinky1-Matrix-animation-input-array" count="26">

0.000000 0.033333 0.066667 0.100000 0.133333 0.166667 0.200000 0.233333 0.266667 0.300000 0.333333 0.366667 0.400000 0.433333 0.466667 0.500000
0.533333 0.566667 0.600000 0.633333 0.666667 0.700000 0.733333 0.766667 0.800000 0.833333</float_array>
        <technique_common>
          <accessor source="#mixamorig_RightHandPinky1-Matrix-animation-input-array" count="26">
            <param name="TIME" type="float"/>
          </accessor>
        </technique_common>
      </source>
      <source id="mixamorig_RightHandPinky1-Matrix-animation-output-transform">
        <float_array id="mixamorig_RightHandPinky1-Matrix-animation-output-transform-array" count="416">

0.982801 -0.183938 0.016405 -3.806300 0.174690 0.897217 -0.405567 8.076700 0.059880 0.401457 0.913918 0.486700 0.000000 0.000000 0.000000 1.000000
0.981710 -0.189804 0.014828 -3.806300 0.179883 0.899243 -0.398753 8.076700 0.062351 0.394127 0.916939 0.486700 0.000000 0.000000 0.000000 1.000000
0.978806 -0.204493 0.011016 -3.806300 0.192903 0.902601 -0.384838 8.076700 0.068754 0.378807 0.922918 0.486700 0.000000 0.000000 0.000000 1.000000
0.974141 -0.225875 0.005444 -3.806300 0.212276 0.906709 -0.364442 8.076700 0.077382 0.356173 0.931210 0.486700 0.000000 0.000000 0.000000 1.000000
0.967913 -0.251282 -0.001177 -3.806300 0.235887 0.910208 -0.340411 8.076700 0.086610 0.329210 0.940276 0.486700 0.000000 0.000000 0.000000 1.000000
0.960579 -0.277891 -0.008008 -3.806300 0.261136 0.911796 -0.316916 8.076700 0.095369 0.302332 0.948420 0.486700 0.000000 0.000000 0.000000 1.000000
0.952863 -0.303067 -0.014202 -3.806300 0.285260 0.910853 -0.298285 8.076700 0.103336 0.280173 0.954371 0.486700 0.000000 0.000000 0.000000 1.000000
0.945710 -0.324458 -0.018970 -3.806300 0.305534 0.907420 -0.288511 8.076700 0.110823 0.267052 0.957289 0.486700 0.000000 0.000000 0.000000 1.000000
0.940028 -0.340392 -0.021901 -3.806300 0.320044 0.902397 -0.288533 8.076700 0.117978 0.264219 0.957220 0.486700 0.000000 0.000000 0.000000 1.000000
0.936399 -0.350167 -0.023232 -3.806300 0.328391 0.897664 -0.293868 8.076700 0.123757 0.267548 0.955564 0.486700 0.000000 0.000000 0.000000 1.000000
0.935150 -0.353473 -0.023498 -3.806300 0.331010 0.895500 -0.297510 8.076700 0.126204 0.270439 0.954429 0.486700 0.000000 0.000000 0.000000 1.000000
0.936352 -0.351060 0.001370 -3.806300 0.327190 0.871258 -0.365864 8.076700 0.127246 0.343026 0.930667 0.486700 0.000000 0.000000 0.000000 1.000000
0.938506 -0.341948 0.047725 -3.806300 0.320033 0.809709 -0.491885 8.076700 0.129556 0.476910 0.869351 0.486700 0.000000 0.000000 0.000000 1.000000
0.940677 -0.330159 0.078246 -3.806300 0.313728 0.758492 -0.571196 8.076700 0.129237 0.561859 0.817076 0.486700 0.000000 0.000000 0.000000 1.000000
0.943232 -0.320533 0.087018 -3.806300 0.308493 0.748407 -0.587127 8.076700 0.123069 0.580642 0.804804 0.486700 0.000000 0.000000 0.000000 1.000000
0.946379 -0.310429 0.089449 -3.806300 0.302444 0.754028 -0.583068 8.076700 0.113554 0.578857 0.807484 0.486700 0.000000 0.000000 0.000000 1.000000
0.949917 -0.300272 0.086569 -3.806300 0.295467 0.772770 -0.561717 8.076700 0.101770 0.559163 0.822788 0.486700 0.000000 0.000000 0.000000 1.000000
0.953663 -0.290269 0.079188 -3.806300 0.287400 0.800943 -0.525254 8.076700 0.089040 0.523674 0.847253 0.486700 0.000000 0.000000 0.000000 1.000000
0.957658 -0.279682 0.068327 -3.806300 0.277352 0.832520 -0.479570 8.076700 0.077244 0.478214 0.874840 0.486700 0.000000 0.000000 0.000000 1.000000
0.962176 -0.266673 0.055699 -3.806300 0.263663 0.860109 -0.436685 8.076700 0.068545 0.434854 0.897889 0.486700 0.000000 0.000000 0.000000 1.000000
0.967304 -0.249870 0.043447 -3.806300 0.245440 0.879115 -0.408555 8.076700 0.063891 0.405860 0.911699 0.486700 0.000000 0.000000 0.000000 1.000000
0.972607 -0.230082 0.033125 -3.806300 0.224002 0.889603 -0.398033 8.076700 0.062112 0.394550 0.916773 0.486700 0.000000 0.000000 0.000000 1.000000
0.977313 -0.210290 0.025252 -3.806300 0.202743 0.894354 -0.398781 8.076700 0.061275 0.394853 0.916699 0.486700 0.000000 0.000000 0.000000 1.000000
0.980723 -0.194405 0.019747 -3.806300 0.185821 0.896587 -0.401999 8.076700 0.060445 0.397919 0.915427 0.486700 0.000000 0.000000 0.000000 1.000000
0.982513 -0.185439 0.016732 -3.806300 0.176310 0.897712 -0.403766 8.076700 0.059853 0.399656 0.914709 0.486700 0.000000 0.000000 0.000000 1.000000
0.982633 -0.184860 0.016116 -3.806300 0.175448 0.897290 -0.405079 8.076700 0.060422 0.400872 0.914140 0.486700 0.000000 0.000000 0.000000 1.000000</float_array>
        <technique_common>
          <accessor source="#mixamorig_RightHandPinky1-Matrix-animation-output-transform-array" count="26" stride="16">
            <param type="float4x4"/>
          </accessor>
        </technique_common>
      </source>
      <source id="mixamorig_RightHandPinky1-Interpolations">
        <Name_array id="mixamorig_RightHandPinky1-Interpolations-array" count="26">
 LINEAR LINEAR LINEAR LINEAR LINEAR LINEAR LINEAR LINEAR LINEAR LINEAR LINEAR
LINEAR LINEAR LINEAR LINEAR LINEAR LINEAR LINEAR LINEAR LINEAR LINEAR LINEAR LINEAR
LINEAR LINEAR LINEAR</Name_array>
        <technique_common>
          <accessor source="#mixamorig_RightHandPinky1-Interpolations-array" count="26">
            <param type="name"/>
          </accessor>
        </technique_common>
      </source>
      <sampler id="mixamorig_RightHandPinky1-Matrix-animation-transform">
        <input semantic="INPUT" source="#mixamorig_RightHandPinky1-Matrix-animation-input"/>
        <input semantic="OUTPUT" source="#mixamorig_RightHandPinky1-Matrix-animation-output-transform"/>
        <input semantic="INTERPOLATION" source="#mixamorig_RightHandPinky1-Interpolations"/>
      </sampler>
      <channel source="#mixamorig_RightHandPinky1-Matrix-animation-transform" target="mixamorig_RightHandPinky1/matrix"/>
    </animation>
    <animation id="mixamorig_RightHandPinky2-anim" name="mixamorig_RightHandPinky2">
      <source id="mixamorig_RightHandPinky2-Matrix-animation-input">
        <float_array id="mixamorig_RightHandPinky2-Matrix-animation-input-array" count="26">

0.000000 0.033333 0.066667 0.100000 0.133333 0.166667 0.200000 0.233333 0.266667 0.300000 0.333333 0.366667 0.400000 0.433333 0.466667 0.500000
0.533333 0.566667 0.600000 0.633333 0.666667 0.700000 0.733333 0.766667 0.800000 0.833333</float_array>
        <technique_common>
          <accessor source="#mixamorig_RightHandPinky2-Matrix-animation-input-array" count="26">
            <param name="TIME" type="float"/>
          </accessor>
        </technique_common>
      </source>
      <source id="mixamorig_RightHandPinky2-Matrix-animation-output-transform">
        <float_array id="mixamorig_RightHandPinky2-Matrix-animation-output-transform-array" count="416">

0.990230 0.120186 -0.070711 0.000000 -0.137100 0.746531 -0.651073 3.600000 -0.025462 0.654406 0.755714 0.000000 0.000000 0.000000 0.000000 1.000000
0.990356 0.120099 -0.069080 0.000000 -0.136314 0.755435 -0.640887 3.600000 -0.024784 0.644123 0.764520 0.000000 0.000000 0.000000 0.000000 1.000000
0.990624 0.119836 -0.065607 0.000000 -0.134606 0.773958 -0.618765 3.600000 -0.023374 0.621794 0.782832 -0.000000 0.000000 0.000000 0.000000 1.000000
0.991015 0.119266 -0.060539 0.000000 -0.132029 0.799905 -0.585424 3.600000 -0.021396 0.588157 0.808464 -0.000000 0.000000 0.000000 0.000000 1.000000
0.991476 0.118320 -0.054556 -0.000000 -0.128864 0.828703 -0.544652 3.600000 -0.019233 0.547039 0.836886 0.000000 0.000000 0.000000 0.000000 1.000000
0.991924 0.117148 -0.048608 0.000000 -0.125648 0.855385 -0.502523 3.600000 -0.017291 0.504572 0.863196 0.000000 0.000000 0.000000 0.000000 1.000000
0.992297 0.115933 -0.043649 0.000000 -0.122867 0.876166 -0.466087 3.600000 -0.015790 0.467860 0.883662 -0.000000 0.000000 0.000000 0.000000 1.000000
0.992533 0.115054 -0.040497 -0.000000 -0.121057 0.888599 -0.442421 3.600000 -0.014917 0.444020 0.895893 0.000000 0.000000 0.000000 0.000000 1.000000
0.992613 0.114749 -0.039392 0.000000 -0.120431 0.892674 -0.434315 3.600000 -0.014673 0.435851 0.899899 -0.000000 0.000000 0.000000 0.000000 1.000000
0.992593 0.114857 -0.039585 0.000000 -0.120577 0.891603 -0.436469 3.600000 -0.014838 0.438009 0.898848 0.000000 0.000000 0.000000 0.000000 1.000000
0.992559 0.115002 -0.040017 0.000000 -0.120845 0.889986 -0.439684 3.600000 -0.014950 0.441248 0.897261 0.000000 0.000000 0.000000 0.000000 1.000000
0.991877 0.117431 -0.048886 -0.000000 -0.125956 0.853102 -0.506312 3.600000 -0.017752 0.508356 0.860964 0.000000 0.000000 0.000000 0.000000 1.000000
0.990535 0.120140 -0.066386 0.000000 -0.135116 0.768247 -0.625732 3.600000 -0.024175 0.628779 0.777208 0.000000 0.000000 0.000000 0.000000 1.000000
0.989614 0.120492 -0.078400 0.000000 -0.140743 0.701093 -0.699043 3.600000 -0.029263 0.702816 0.710769 0.000000 0.000000 0.000000 0.000000 1.000000
0.989405 0.120401 -0.081124 -0.000000 -0.141943 0.684881 -0.714695 3.600000 -0.030490 0.718638 0.694715 0.000000 0.000000 0.000000 0.000000 1.000000
0.989429 0.120411 -0.080815 -0.000000 -0.141807 0.686770 -0.712908 3.600000 -0.030340 0.716832 0.696586 -0.000000 0.000000 0.000000 0.000000 1.000000
0.989659 0.120484 -0.077837 0.000000 -0.140482 0.704511 -0.695650 3.600000 -0.028977 0.699391 0.714151 0.000000 0.000000 0.000000 0.000000 1.000000
0.990065 0.120418 -0.072607 0.000000 -0.138068 0.734709 -0.664184 3.600000 -0.026635 0.667610 0.744035 0.000000 0.000000 0.000000 0.000000 1.000000
0.990553 0.120011 -0.066352 0.000000 -0.135028 0.769159 -0.624629 3.600000 -0.023927 0.627688 0.778097 0.000000 0.000000 0.000000 0.000000 1.000000
0.990945 0.119415 -0.061387 -0.000000 -0.132483 0.795241 -0.591642 3.600000 -0.021834 0.594417 0.803860 -0.000000 0.000000 0.000000 0.000000 1.000000
0.991084 0.119101 -0.059731 0.000000 -0.131564 0.803911 -0.580016 3.600000 -0.021062 0.582703 0.812412 0.000000 0.000000 0.000000 0.000000 1.000000
0.990960 0.119232 -0.061491 0.000000 -0.132400 0.795323 -0.591550 3.600000 -0.021626 0.594344 0.803920 0.000000 0.000000 0.000000 0.000000 1.000000
0.990699 0.119508 -0.065071 0.000000 -0.134130 0.777085 -0.614938 3.600000 -0.022924 0.617946 0.785886 0.000000 0.000000 0.000000 0.000000 1.000000
0.990444 0.119772 -0.068378 0.000000 -0.135772 0.759687 -0.635957 3.600000 -0.024224 0.639163 0.768689 0.000000 0.000000 0.000000 0.000000 1.000000
0.990301 0.119881 -0.070238 0.000000 -0.136679 0.749670 -0.647544 3.600000 -0.024973 0.650863 0.758784 0.000000 0.000000 0.000000 0.000000 1.000000
0.990271 0.119900 -0.070625 0.000000 -0.136867 0.747566 -0.649933 3.600000 -0.025130 0.653276 0.756703 0.000000 0.000000 0.000000 0.000000 1.000000</float_array>
        <technique_common>
          <accessor source="#mixamorig_RightHandPinky2-Matrix-animation-output-transform-array" count="26" stride="16">
            <param type="float4x4"/>
          </accessor>
        </technique_common>
      </source>
      <source id="mixamorig_RightHandPinky2-Interpolations">
        <Name_array id="mixamorig_RightHandPinky2-Interpolations-array" count="26">
 LINEAR LINEAR LINEAR LINEAR LINEAR LINEAR LINEAR LINEAR LINEAR LINEAR LINEAR
LINEAR LINEAR LINEAR LINEAR LINEAR LINEAR LINEAR LINEAR LINEAR LINEAR LINEAR LINEAR
LINEAR LINEAR LINEAR</Name_array>
        <technique_common>
          <accessor source="#mixamorig_RightHandPinky2-Interpolations-array" count="26">
            <param type="name"/>
          </accessor>
        </technique_common>
      </source>
      <sampler id="mixamorig_RightHandPinky2-Matrix-animation-transform">
        <input semantic="INPUT" source="#mixamorig_RightHandPinky2-Matrix-animation-input"/>
        <input semantic="OUTPUT" source="#mixamorig_RightHandPinky2-Matrix-animation-output-transform"/>
        <input semantic="INTERPOLATION" source="#mixamorig_RightHandPinky2-Interpolations"/>
      </sampler>
      <channel source="#mixamorig_RightHandPinky2-Matrix-animation-transform" target="mixamorig_RightHandPinky2/matrix"/>
    </animation>
    <animation id="mixamorig_RightHandPinky3-anim" name="mixamorig_RightHandPinky3">
      <source id="mixamorig_RightHandPinky3-Matrix-animation-input">
        <float_array id="mixamorig_RightHandPinky3-Matrix-animation-input-array" count="26">

0.000000 0.033333 0.066667 0.100000 0.133333 0.166667 0.200000 0.233333 0.266667 0.300000 0.333333 0.366667 0.400000 0.433333 0.466667 0.500000
0.533333 0.566667 0.600000 0.633333 0.666667 0.700000 0.733333 0.766667 0.800000 0.833333</float_array>
        <technique_common>
          <accessor source="#mixamorig_RightHandPinky3-Matrix-animation-input-array" count="26">
            <param name="TIME" type="float"/>
          </accessor>
        </technique_common>
      </source>
      <source id="mixamorig_RightHandPinky3-Matrix-animation-output-transform">
        <float_array id="mixamorig_RightHandPinky3-Matrix-animation-output-transform-array" count="416">

1.000000 0.000000 0.000000 -0.000000 -0.000000 1.000000 0.000000 2.100000 0.000000 -0.000000 1.000000 0.000000 0.000000 0.000000 0.000000 1.000000
1.000000 0.000000 0.000000 0.000000 -0.000000 1.000000 -0.000000 2.100000 -0.000000 0.000000 1.000000 -0.000000 0.000000 0.000000 0.000000 1.000000
1.000000 0.000000 0.000000 0.000000 -0.000000 1.000000 -0.000000 2.100000 0.000000 -0.000000 1.000000 0.000000 0.000000 0.000000 0.000000 1.000000
1.000000 0.000000 0.000000 0.000000 -0.000000 1.000000 0.000000 2.100000 0.000000 -0.000000 1.000000 -0.000000 0.000000 0.000000 0.000000 1.000000
1.000000 0.000000 0.000000 0.000000 -0.000000 1.000000 -0.000000 2.100000 -0.000000 0.000000 1.000000 0.000000 0.000000 0.000000 0.000000 1.000000
1.000000 0.000000 0.000000 0.000000 -0.000000 1.000000 0.000000 2.100000 -0.000000 -0.000000 1.000000 0.000000 0.000000 0.000000 0.000000 1.000000
1.000000 0.000000 -0.000000 0.000000 -0.000000 1.000000 0.000000 2.100000 0.000000 0.000000 1.000000 0.000000 0.000000 0.000000 0.000000 1.000000
1.000000 0.000000 0.000000 0.000000 -0.000000 1.000000 0.000000 2.100000 -0.000000 -0.000000 1.000000 0.000000 0.000000 0.000000 0.000000 1.000000
1.000000 -0.000000 0.000000 -0.000000 0.000000 1.000000 -0.000000 2.100000 -0.000000 0.000000 1.000000 0.000000 0.000000 0.000000 0.000000 1.000000
1.000000 0.000000 -0.000000 -0.000000 -0.000000 1.000000 -0.000000 2.100000 -0.000000 -0.000000 1.000000 -0.000000 0.000000 0.000000 0.000000 1.000000
1.000000 0.000000 0.000000 -0.000000 -0.000000 1.000000 -0.000000 2.100000 -0.000000 0.000000 1.000000 -0.000000 0.000000 0.000000 0.000000 1.000000
1.000000 -0.000000 0.000000 -0.000000 0.000000 1.000000 0.000000 2.100000 -0.000000 -0.000000 1.000000 -0.000000 0.000000 0.000000 0.000000 1.000000
1.000000 0.000000 0.000000 -0.000000 -0.000000 1.000000 -0.000000 2.100000 -0.000000 0.000000 1.000000 -0.000000 0.000000 0.000000 0.000000 1.000000
1.000000 0.000000 -0.000000 -0.000000 -0.000000 1.000000 0.000000 2.100000 0.000000 -0.000000 1.000000 0.000000 0.000000 0.000000 0.000000 1.000000
1.000000 0.000000 -0.000000 -0.000000 -0.000000 1.000000 -0.000000 2.100000 0.000000 0.000000 1.000000 0.000000 0.000000 0.000000 0.000000 1.000000
1.000000 0.000000 0.000000 -0.000000 -0.000000 1.000000 -0.000000 2.100000 -0.000000 0.000000 1.000000 0.000000 0.000000 0.000000 0.000000 1.000000
1.000000 0.000000 -0.000000 0.000000 -0.000000 1.000000 0.000000 2.100000 0.000000 -0.000000 1.000000 0.000000 0.000000 0.000000 0.000000 1.000000
1.000000 0.000000 -0.000000 -0.000000 -0.000000 1.000000 0.000000 2.100000 0.000000 -0.000000 1.000000 -0.000000 0.000000 0.000000 0.000000 1.000000
1.000000 -0.000000 0.000000 -0.000000 0.000000 1.000000 -0.000000 2.100000 -0.000000 0.000000 1.000000 -0.000000 0.000000 0.000000 0.000000 1.000000
1.000000 0.000000 -0.000000 -0.000000 -0.000000 1.000000 0.000000 2.100000 0.000000 -0.000000 1.000000 0.000000 0.000000 0.000000 0.000000 1.000000
1.000000 -0.000000 0.000000 0.000000 0.000000 1.000000 0.000000 2.100000 -0.000000 -0.000000 1.000000 0.000000 0.000000 0.000000 0.000000 1.000000
1.000000 0.000000 -0.000000 0.000000 -0.000000 1.000000 -0.000000 2.100000 0.000000 -0.000000 1.000000 -0.000000 0.000000 0.000000 0.000000 1.000000
1.000000 0.000000 -0.000000 0.000000 -0.000000 1.000000 0.000000 2.100000 0.000000 -0.000000 1.000000 0.000000 0.000000 0.000000 0.000000 1.000000
1.000000 -0.000000 0.000000 0.000000 0.000000 1.000000 -0.000000 2.100000 -0.000000 0.000000 1.000000 0.000000 0.000000 0.000000 0.000000 1.000000
1.000000 0.000000 0.000000 0.000000 -0.000000 1.000000 -0.000000 2.100000 0.000000 0.000000 1.000000 0.000000 0.000000 0.000000 0.000000 1.000000
1.000000 0.000000 0.000000 0.000000 -0.000000 1.000000 0.000000 2.100000 -0.000000 -0.000000 1.000000 -0.000000 0.000000 0.000000 0.000000 1.000000</float_array>
        <technique_common>
          <accessor source="#mixamorig_RightHandPinky3-Matrix-animation-output-transform-array" count="26" stride="16">
            <param type="float4x4"/>
          </accessor>
        </technique_common>
      </source>
      <source id="mixamorig_RightHandPinky3-Interpolations">
        <Name_array id="mixamorig_RightHandPinky3-Interpolations-array" count="26">
 LINEAR LINEAR LINEAR LINEAR LINEAR LINEAR LINEAR LINEAR LINEAR LINEAR LINEAR
LINEAR LINEAR LINEAR LINEAR LINEAR LINEAR LINEAR LINEAR LINEAR LINEAR LINEAR LINEAR
LINEAR LINEAR LINEAR</Name_array>
        <technique_common>
          <accessor source="#mixamorig_RightHandPinky3-Interpolations-array" count="26">
            <param type="name"/>
          </accessor>
        </technique_common>
      </source>
      <sampler id="mixamorig_RightHandPinky3-Matrix-animation-transform">
        <input semantic="INPUT" source="#mixamorig_RightHandPinky3-Matrix-animation-input"/>
        <input semantic="OUTPUT" source="#mixamorig_RightHandPinky3-Matrix-animation-output-transform"/>
        <input semantic="INTERPOLATION" source="#mixamorig_RightHandPinky3-Interpolations"/>
      </sampler>
      <channel source="#mixamorig_RightHandPinky3-Matrix-animation-transform" target="mixamorig_RightHandPinky3/matrix"/>
    </animation>
    <animation id="mixamorig_LeftShoulder-anim" name="mixamorig_LeftShoulder">
      <source id="mixamorig_LeftShoulder-Matrix-animation-input">
        <float_array id="mixamorig_LeftShoulder-Matrix-animation-input-array" count="26">

0.000000 0.033333 0.066667 0.100000 0.133333 0.166667 0.200000 0.233333 0.266667 0.300000 0.333333 0.366667 0.400000 0.433333 0.466667 0.500000
0.533333 0.566667 0.600000 0.633333 0.666667 0.700000 0.733333 0.766667 0.800000 0.833333</float_array>
        <technique_common>
          <accessor source="#mixamorig_LeftShoulder-Matrix-animation-input-array" count="26">
            <param name="TIME" type="float"/>
          </accessor>
        </technique_common>
      </source>
      <source id="mixamorig_LeftShoulder-Matrix-animation-output-transform">
        <float_array id="mixamorig_LeftShoulder-Matrix-animation-output-transform-array" count="416">

-0.190462 0.963926 -0.185934 4.570400 0.180590 -0.151766 -0.971779 11.195600 -0.964941 -0.218665 -0.145170 -0.806600 0.000000 0.000000 0.000000 1.000000
-0.200768 0.961048 -0.189944 4.570400 0.180554 -0.154270 -0.971391 11.195600 -0.962856 -0.229320 -0.142548 -0.806600 0.000000 0.000000 0.000000 1.000000
-0.209975 0.956467 -0.202687 4.570400 0.181151 -0.165660 -0.969402 11.195600 -0.960778 -0.240268 -0.138481 -0.806600 0.000000 0.000000 0.000000 1.000000
-0.216730 0.949468 -0.227022 4.570400 0.183613 -0.188753 -0.964706 11.195600 -0.958809 -0.250765 -0.133426 -0.806600 0.000000 0.000000 0.000000 1.000000
-0.222943 0.938056 -0.265230 4.570400 0.189346 -0.225227 -0.955731 11.195600 -0.956266 -0.263294 -0.127405 -0.806600 0.000000 0.000000 0.000000 1.000000
-0.230647 0.919389 -0.318632 4.570400 0.199848 -0.275720 -0.940234 11.195600 -0.952293 -0.280540 -0.120144 -0.806600 0.000000 0.000000 0.000000 1.000000
-0.236799 0.893043 -0.382624 4.570400 0.215114 -0.335858 -0.917020 11.195600 -0.947445 -0.299457 -0.112575 -0.806600 0.000000 0.000000 0.000000 1.000000
-0.233284 0.867436 -0.439469 4.570400 0.229783 -0.389964 -0.891699 11.195600 -0.944869 -0.309002 -0.108350 -0.806600 0.000000 0.000000 0.000000 1.000000
-0.216450 0.857053 -0.467556 4.570400 0.235457 -0.418946 -0.876952 11.195600 -0.947475 -0.299905 -0.111118 -0.806600 0.000000 0.000000 0.000000 1.000000
-0.194080 0.866513 -0.459879 4.570400 0.230979 -0.415248 -0.879897 11.195600 -0.953405 -0.276992 -0.119555 -0.806600 0.000000 0.000000 0.000000 1.000000
-0.177663 0.887698 -0.424768 4.570400 0.221834 -0.384399 -0.896118 11.195600 -0.958762 -0.253435 -0.128629 -0.806600 0.000000 0.000000 0.000000 1.000000
-0.170174 0.913547 -0.369421 4.570400 0.209261 -0.332837 -0.919473 11.195600 -0.962939 -0.233776 -0.134529 -0.806600 0.000000 0.000000 0.000000 1.000000
-0.168615 0.942525 -0.288471 4.570400 0.188966 -0.256323 -0.947940 11.195600 -0.967399 -0.214348 -0.134885 -0.806600 0.000000 0.000000 0.000000 1.000000
-0.178830 0.969629 -0.166854 4.570400 0.158997 -0.138878 -0.977462 11.195600 -0.970948 -0.201329 -0.129332 -0.806600 0.000000 0.000000 0.000000 1.000000
-0.221023 0.975253 0.005423 4.570400 0.119995 0.032712 -0.992235 11.195600 -0.967858 -0.218657 -0.124255 -0.806600 0.000000 0.000000 0.000000 1.000000
-0.309032 0.929819 0.199838 4.570400 0.063142 0.229719 -0.971207 11.195600 -0.948953 -0.287515 -0.129701 -0.806600 0.000000 0.000000 0.000000 1.000000
-0.420724 0.842392 0.336701 4.570400 -0.011130 0.366327 -0.930420 11.195600 -0.907120 -0.395198 -0.144746 -0.806600 0.000000 0.000000 0.000000 1.000000
-0.520280 0.777855 0.352492 4.570400 -0.059145 0.378945 -0.923527 11.195600 -0.851945 -0.501340 -0.151151 -0.806600 0.000000 0.000000 0.000000 1.000000
-0.586769 0.767539 0.258043 4.570400 -0.046706 0.286058 -0.957073 11.195600 -0.808406 -0.573634 -0.132001 -0.806600 0.000000 0.000000 0.000000 1.000000
-0.603231 0.786977 0.129537 4.570400 -0.002190 0.160780 -0.986988 11.195600 -0.797563 -0.595665 -0.095264 -0.806600 0.000000 0.000000 0.000000 1.000000
-0.565835 0.823203 0.046554 4.570400 0.028443 0.075917 -0.996708 11.195600 -0.824028 -0.562648 -0.066370 -0.806600 0.000000 0.000000 0.000000 1.000000
-0.488493 0.872289 0.022050 4.570400 0.038634 0.046867 -0.998154 11.195600 -0.871712 -0.486740 -0.056594 -0.806600 0.000000 0.000000 0.000000 1.000000
-0.395009 0.918512 0.017407 4.570400 0.044569 0.038086 -0.998280 11.195600 -0.917595 -0.393554 -0.055982 -0.806600 0.000000 0.000000 0.000000 1.000000
-0.310592 0.950542 0.001508 4.570400 0.050701 0.018151 -0.998549 11.195600 -0.949190 -0.310065 -0.053831 -0.806600 0.000000 0.000000 0.000000 1.000000
-0.252663 0.967223 -0.025326 4.570400 0.054759 -0.011838 -0.998429 11.195600 -0.966004 -0.253653 -0.049973 -0.806600 0.000000 0.000000 0.000000 1.000000
-0.220859 0.974148 -0.047513 4.570400 0.058078 -0.035493 -0.997681 11.195600 -0.973575 -0.223106 -0.048737 -0.806600 0.000000 0.000000 0.000000 1.000000</float_array>
        <technique_common>
          <accessor source="#mixamorig_LeftShoulder-Matrix-animation-output-transform-array" count="26" stride="16">
            <param type="float4x4"/>
          </accessor>
        </technique_common>
      </source>
      <source id="mixamorig_LeftShoulder-Interpolations">
        <Name_array id="mixamorig_LeftShoulder-Interpolations-array" count="26">
 LINEAR LINEAR LINEAR LINEAR LINEAR LINEAR LINEAR LINEAR LINEAR LINEAR LINEAR
LINEAR LINEAR LINEAR LINEAR LINEAR LINEAR LINEAR LINEAR LINEAR LINEAR LINEAR LINEAR
LINEAR LINEAR LINEAR</Name_array>
        <technique_common>
          <accessor source="#mixamorig_LeftShoulder-Interpolations-array" count="26">
            <param type="name"/>
          </accessor>
        </technique_common>
      </source>
      <sampler id="mixamorig_LeftShoulder-Matrix-animation-transform">
        <input semantic="INPUT" source="#mixamorig_LeftShoulder-Matrix-animation-input"/>
        <input semantic="OUTPUT" source="#mixamorig_LeftShoulder-Matrix-animation-output-transform"/>
        <input semantic="INTERPOLATION" source="#mixamorig_LeftShoulder-Interpolations"/>
      </sampler>
      <channel source="#mixamorig_LeftShoulder-Matrix-animation-transform" target="mixamorig_LeftShoulder/matrix"/>
    </animation>
    <animation id="mixamorig_LeftArm-anim" name="mixamorig_LeftArm">
      <source id="mixamorig_LeftArm-Matrix-animation-input">
        <float_array id="mixamorig_LeftArm-Matrix-animation-input-array" count="26">

0.000000 0.033333 0.066667 0.100000 0.133333 0.166667 0.200000 0.233333 0.266667 0.300000 0.333333 0.366667 0.400000 0.433333 0.466667 0.500000
0.533333 0.566667 0.600000 0.633333 0.666667 0.700000 0.733333 0.766667 0.800000 0.833333</float_array>
        <technique_common>
          <accessor source="#mixamorig_LeftArm-Matrix-animation-input-array" count="26">
            <param name="TIME" type="float"/>
          </accessor>
        </technique_common>
      </source>
      <source id="mixamorig_LeftArm-Matrix-animation-output-transform">
        <float_array id="mixamorig_LeftArm-Matrix-animation-output-transform-array" count="416">

0.953667 -0.298768 0.035447 0.000000 0.170520 0.439676 -0.881821 10.837700 0.247874 0.847008 0.470251 0.000000 0.000000 0.000000 0.000000 1.000000
0.958939 -0.283091 0.017188 0.000000 0.151980 0.461757 -0.873889 10.837700 0.239454 0.840619 0.485821 0.000000 0.000000 0.000000 0.000000 1.000000
0.967510 -0.252262 -0.016964 -0.000000 0.112751 0.490547 -0.864089 10.837700 0.226299 0.834102 0.503052 0.000000 0.000000 0.000000 0.000000 1.000000
0.977601 -0.202042 -0.058955 0.000000 0.054445 0.513345 -0.856453 10.837700 0.203304 0.834060 0.512847 0.000000 0.000000 0.000000 0.000000 1.000000
0.987136 -0.123277 -0.101811 0.000000 -0.023556 0.517692 -0.855242 10.837700 0.158138 0.846639 0.508129 0.000000 0.000000 0.000000 0.000000 1.000000
0.989524 -0.028038 -0.141622 0.000000 -0.109633 0.492328 -0.863478 10.837700 0.093935 0.869958 0.484096 0.000000 0.000000 0.000000 0.000000 1.000000
0.986210 0.027954 -0.163121 -0.000000 -0.157817 0.455644 -0.876060 10.837700 0.049836 0.889723 0.453773 0.000000 0.000000 0.000000 0.000000 1.000000
0.991887 -0.005870 -0.126985 0.000000 -0.109656 0.465816 -0.878061 10.837700 0.064306 0.884862 0.461393 0.000000 0.000000 0.000000 0.000000 1.000000
0.986569 -0.160165 -0.032077 0.000000 0.057122 0.522260 -0.850871 10.837700 0.153033 0.837610 0.524395 0.000000 0.000000 0.000000 0.000000 1.000000
0.917932 -0.394293 0.043976 0.000000 0.267502 0.533245 -0.802553 10.837700 0.292991 0.748453 0.594957 0.000000 0.000000 0.000000 0.000000 1.000000
0.821669 -0.568448 0.041558 -0.000000 0.393275 0.512667 -0.763221 10.837700 0.412546 0.643459 0.644799 0.000000 0.000000 0.000000 0.000000 1.000000
0.755829 -0.653543 -0.040065 0.000000 0.433973 0.545834 -0.716752 10.837700 0.490296 0.524354 0.696177 0.000000 0.000000 0.000000 0.000000 1.000000
0.682635 -0.710826 -0.169514 0.000000 0.488586 0.616459 -0.617465 10.837700 0.543409 0.338681 0.768116 0.000000 0.000000 0.000000 0.000000 1.000000
0.583024 -0.748899 -0.315014 0.000000 0.609315 0.659518 -0.440193 10.837700 0.537418 0.064700 0.840831 0.000000 0.000000 0.000000 0.000000 1.000000
0.522606 -0.730233 -0.440048 -0.000000 0.725694 0.651909 -0.219962 10.837700 0.447495 -0.204386 0.870618 0.000000 0.000000 0.000000 0.000000 1.000000
0.556395 -0.664541 -0.498808 0.000000 0.751733 0.658340 -0.038559 10.837700 0.354010 -0.353516 0.865854 -0.000000 0.000000 0.000000 0.000000 1.000000
0.658770 -0.563833 -0.498110 0.000000 0.672180 0.738484 0.053062 10.837700 0.337928 -0.369775 0.865489 0.000000 0.000000 0.000000 0.000000 1.000000
0.778260 -0.389641 -0.492434 0.000000 0.494011 0.864017 0.097095 10.837700 0.387639 -0.318833 0.864917 0.000000 0.000000 0.000000 0.000000 1.000000
0.869639 -0.139663 -0.473522 0.000000 0.249371 0.952063 0.177172 10.837700 0.426078 -0.272158 0.862779 0.000000 0.000000 0.000000 0.000000 1.000000
0.917233 0.111033 -0.382565 0.000000 -0.011596 0.967404 0.252971 10.837700 0.398183 -0.227598 0.888622 0.000000 0.000000 0.000000 0.000000 1.000000
0.921256 0.272953 -0.277101 0.000000 -0.221067 0.953606 0.204366 10.837700 0.320027 -0.127016 0.938856 0.000000 0.000000 0.000000 0.000000 1.000000
0.920252 0.297684 -0.254010 0.000000 -0.291647 0.954513 0.062024 10.837700 0.260919 0.017003 0.965211 -0.000000 0.000000 0.000000 0.000000 1.000000
0.931163 0.210018 -0.298041 0.000000 -0.231039 0.972251 -0.036722 10.837700 0.282059 0.103054 0.953846 0.000000 0.000000 0.000000 0.000000 1.000000
0.924409 0.088860 -0.370907 0.000000 -0.110321 0.993207 -0.037004 10.837700 0.365099 0.075126 0.927933 -0.000000 0.000000 0.000000 0.000000 1.000000
0.896497 -0.004143 -0.443031 0.000000 0.014229 0.999710 0.019444 10.837700 0.442822 -0.023735 0.896295 0.000000 0.000000 0.000000 0.000000 1.000000
0.870053 -0.052663 -0.490136 -0.000000 0.104769 0.991317 0.079466 10.837700 0.481695 -0.120491 0.868016 0.000000 0.000000 0.000000 0.000000 1.000000</float_array>
        <technique_common>
          <accessor source="#mixamorig_LeftArm-Matrix-animation-output-transform-array" count="26" stride="16">
            <param type="float4x4"/>
          </accessor>
        </technique_common>
      </source>
      <source id="mixamorig_LeftArm-Interpolations">
        <Name_array id="mixamorig_LeftArm-Interpolations-array" count="26">
 LINEAR LINEAR LINEAR LINEAR LINEAR LINEAR LINEAR LINEAR LINEAR LINEAR LINEAR
LINEAR LINEAR LINEAR LINEAR LINEAR LINEAR LINEAR LINEAR LINEAR LINEAR LINEAR LINEAR
LINEAR LINEAR LINEAR</Name_array>
        <technique_common>
          <accessor source="#mixamorig_LeftArm-Interpolations-array" count="26">
            <param type="name"/>
          </accessor>
        </technique_common>
      </source>
      <sampler id="mixamorig_LeftArm-Matrix-animation-transform">
        <input semantic="INPUT" source="#mixamorig_LeftArm-Matrix-animation-input"/>
        <input semantic="OUTPUT" source="#mixamorig_LeftArm-Matrix-animation-output-transform"/>
        <input semantic="INTERPOLATION" source="#mixamorig_LeftArm-Interpolations"/>
      </sampler>
      <channel source="#mixamorig_LeftArm-Matrix-animation-transform" target="mixamorig_LeftArm/matrix"/>
    </animation>
    <animation id="mixamorig_LeftForeArm-anim" name="mixamorig_LeftForeArm">
      <source id="mixamorig_LeftForeArm-Matrix-animation-input">
        <float_array id="mixamorig_LeftForeArm-Matrix-animation-input-array" count="26">

0.000000 0.033333 0.066667 0.100000 0.133333 0.166667 0.200000 0.233333 0.266667 0.300000 0.333333 0.366667 0.400000 0.433333 0.466667 0.500000
0.533333 0.566667 0.600000 0.633333 0.666667 0.700000 0.733333 0.766667 0.800000 0.833333</float_array>
        <technique_common>
          <accessor source="#mixamorig_LeftForeArm-Matrix-animation-input-array" count="26">
            <param name="TIME" type="float"/>
          </accessor>
        </technique_common>
      </source>
      <source id="mixamorig_LeftForeArm-Matrix-animation-output-transform">
        <float_array id="mixamorig_LeftForeArm-Matrix-animation-output-transform-array" count="416">

0.665270 -0.740471 0.095489 0.000000 0.737572 0.671658 0.069732 27.841499 -0.115771 0.024039 0.992985 0.000000 0.000000 0.000000 0.000000 1.000000
0.636070 -0.767517 0.079574 0.000000 0.763833 0.640909 0.076117 27.841499 -0.109421 0.012366 0.993919 0.000000 0.000000 0.000000 0.000000 1.000000
0.564679 -0.824948 0.024451 0.000000 0.820415 0.564305 0.092076 27.841499 -0.089756 -0.031934 0.995452 0.000000 0.000000 0.000000 0.000000 1.000000
0.444591 -0.894162 -0.053041 0.000000 0.893389 0.438367 0.098441 27.841499 -0.064771 -0.091152 0.993728 -0.000000 0.000000 0.000000 0.000000 1.000000
0.281386 -0.951722 -0.122672 0.000000 0.958271 0.271978 0.088008 27.841499 -0.050395 -0.142317 0.988537 0.000000 0.000000 0.000000 0.000000 1.000000
0.112160 -0.979593 -0.166788 -0.000000 0.992109 0.100928 0.074384 27.841499 -0.056033 -0.173815 0.983183 0.000000 0.000000 0.000000 0.000000 1.000000
0.030321 -0.983621 -0.177680 0.000000 0.998490 0.021662 0.050474 27.841499 -0.045798 -0.178942 0.982793 0.000000 0.000000 0.000000 0.000000 1.000000
0.166307 -0.976618 -0.136232 0.000000 0.985116 0.170639 -0.020681 27.841499 0.043444 -0.130765 0.990461 0.000000 0.000000 0.000000 0.000000 1.000000
0.550585 -0.831480 -0.074147 -0.000000 0.824080 0.555555 -0.110684 27.841499 0.133224 -0.000162 0.991086 0.000000 0.000000 0.000000 0.000000 1.000000
0.884409 -0.466569 -0.011571 -0.000000 0.460547 0.876475 -0.140314 27.841499 0.075608 0.118766 0.990039 0.000000 0.000000 0.000000 0.000000 1.000000
0.969677 -0.236185 0.062788 -0.000000 0.243293 0.957229 -0.156591 27.841499 -0.023118 0.167119 0.985666 0.000000 0.000000 0.000000 0.000000 1.000000
0.936908 -0.333122 0.105983 0.000000 0.346090 0.926614 -0.146994 27.841499 -0.049238 0.174400 0.983443 0.000000 0.000000 0.000000 0.000000 1.000000
0.843070 -0.528712 0.098472 -0.000000 0.536728 0.838735 -0.091910 27.841499 -0.033998 0.130339 0.990886 0.000000 0.000000 0.000000 0.000000 1.000000
0.794614 -0.597614 0.106986 0.000000 0.605849 0.791922 -0.076202 27.841499 -0.039186 0.125368 0.991336 0.000000 0.000000 0.000000 0.000000 1.000000
0.829465 -0.525411 0.189553 0.000000 0.549373 0.828703 -0.106966 27.841499 -0.100881 0.192860 0.976027 0.000000 0.000000 0.000000 0.000000 1.000000
0.860531 -0.424855 0.281042 -0.000000 0.473115 0.871084 -0.131817 27.841499 -0.188808 0.246397 0.950600 0.000000 0.000000 0.000000 0.000000 1.000000
0.851787 -0.444793 0.276800 0.000000 0.491191 0.861786 -0.126710 27.841499 -0.182183 0.243892 0.952537 -0.000000 0.000000 0.000000 0.000000 1.000000
0.786739 -0.600943 0.141098 -0.000000 0.616487 0.776542 -0.130099 27.841499 -0.031387 0.189339 0.981410 -0.000000 0.000000 0.000000 0.000000 1.000000
0.638601 -0.769494 -0.008305 0.000000 0.752038 0.626330 -0.205306 27.841499 0.163183 0.124863 0.978663 -0.000000 0.000000 0.000000 0.000000 1.000000
0.509833 -0.859027 -0.046288 -0.000000 0.812624 0.498555 -0.301803 27.841499 0.282334 0.116254 0.952246 0.000000 0.000000 0.000000 0.000000 1.000000
0.501615 -0.863449 -0.053269 0.000000 0.807227 0.489317 -0.330081 27.841499 0.311073 0.122573 0.942448 0.000000 0.000000 0.000000 0.000000 1.000000
0.603588 -0.787964 -0.121630 -0.000000 0.734052 0.608750 -0.300982 27.841499 0.311205 0.092386 0.945842 0.000000 0.000000 0.000000 0.000000 1.000000
0.745020 -0.634000 -0.207338 0.000000 0.584960 0.770361 -0.253704 27.841499 0.320573 0.067730 0.944799 0.000000 0.000000 0.000000 0.000000 1.000000
0.855612 -0.463204 -0.231020 0.000000 0.422254 0.882745 -0.206065 27.841499 0.299382 0.078763 0.950877 0.000000 0.000000 0.000000 0.000000 1.000000
0.917327 -0.354348 -0.181515 0.000000 0.325091 0.929852 -0.172311 27.841499 0.229840 0.099057 0.968174 0.000000 0.000000 0.000000 0.000000 1.000000
0.938365 -0.329299 -0.105035 -0.000000 0.311473 0.937350 -0.156076 27.841499 0.149850 0.113741 0.982145 0.000000 0.000000 0.000000 0.000000 1.000000</float_array>
        <technique_common>
          <accessor source="#mixamorig_LeftForeArm-Matrix-animation-output-transform-array" count="26" stride="16">
            <param type="float4x4"/>
          </accessor>
        </technique_common>
      </source>
      <source id="mixamorig_LeftForeArm-Interpolations">
        <Name_array id="mixamorig_LeftForeArm-Interpolations-array" count="26">
 LINEAR LINEAR LINEAR LINEAR LINEAR LINEAR LINEAR LINEAR LINEAR LINEAR LINEAR
LINEAR LINEAR LINEAR LINEAR LINEAR LINEAR LINEAR LINEAR LINEAR LINEAR LINEAR LINEAR
LINEAR LINEAR LINEAR</Name_array>
        <technique_common>
          <accessor source="#mixamorig_LeftForeArm-Interpolations-array" count="26">
            <param type="name"/>
          </accessor>
        </technique_common>
      </source>
      <sampler id="mixamorig_LeftForeArm-Matrix-animation-transform">
        <input semantic="INPUT" source="#mixamorig_LeftForeArm-Matrix-animation-input"/>
        <input semantic="OUTPUT" source="#mixamorig_LeftForeArm-Matrix-animation-output-transform"/>
        <input semantic="INTERPOLATION" source="#mixamorig_LeftForeArm-Interpolations"/>
      </sampler>
      <channel source="#mixamorig_LeftForeArm-Matrix-animation-transform" target="mixamorig_LeftForeArm/matrix"/>
    </animation>
    <animation id="mixamorig_LeftHand-anim" name="mixamorig_LeftHand">
      <source id="mixamorig_LeftHand-Matrix-animation-input">
        <float_array id="mixamorig_LeftHand-Matrix-animation-input-array" count="26">

0.000000 0.033333 0.066667 0.100000 0.133333 0.166667 0.200000 0.233333 0.266667 0.300000 0.333333 0.366667 0.400000 0.433333 0.466667 0.500000
0.533333 0.566667 0.600000 0.633333 0.666667 0.700000 0.733333 0.766667 0.800000 0.833333</float_array>
        <technique_common>
          <accessor source="#mixamorig_LeftHand-Matrix-animation-input-array" count="26">
            <param name="TIME" type="float"/>
          </accessor>
        </technique_common>
      </source>
      <source id="mixamorig_LeftHand-Matrix-animation-output-transform">
        <float_array id="mixamorig_LeftHand-Matrix-animation-output-transform-array" count="416">

0.960252 -0.075146 0.268830 -0.000000 -0.016105 0.946562 0.322121 28.328800 -0.278670 -0.313647 0.907727 0.000000 0.000000 0.000000 0.000000 1.000000
0.962116 -0.063305 0.265190 0.000000 -0.019737 0.953946 0.299329 28.328800 -0.271926 -0.293223 0.916557 0.000000 0.000000 0.000000 0.000000 1.000000
0.964731 -0.056231 0.257162 -0.000000 -0.017535 0.961021 0.275920 28.328800 -0.262654 -0.270698 0.926140 0.000000 0.000000 0.000000 0.000000 1.000000
0.966087 -0.097129 0.239253 0.000000 0.021590 0.953698 0.299991 28.328800 -0.257313 -0.284652 0.923452 0.000000 0.000000 0.000000 0.000000 1.000000
0.956159 -0.212241 0.201775 -0.000000 0.116599 0.907955 0.402520 28.328800 -0.268634 -0.361346 0.892897 0.000000 0.000000 0.000000 0.000000 1.000000
0.921590 -0.361523 0.141324 -0.000000 0.235284 0.809854 0.537381 28.328800 -0.308727 -0.461994 0.831414 0.000000 0.000000 0.000000 0.000000 1.000000
0.892495 -0.445747 0.069012 0.000000 0.314668 0.724914 0.612767 28.328800 -0.323166 -0.525176 0.787244 0.000000 0.000000 0.000000 0.000000 1.000000
0.913637 -0.406245 -0.015251 0.000000 0.338377 0.739138 0.582388 28.328800 -0.225320 -0.537251 0.812768 0.000000 0.000000 0.000000 0.000000 1.000000
0.940667 -0.322906 -0.104295 0.000000 0.333633 0.824007 0.457933 28.328800 -0.061930 -0.465558 0.882848 0.000000 0.000000 0.000000 0.000000 1.000000
0.945852 -0.303423 -0.115318 0.000000 0.324528 0.891338 0.316542 28.328800 0.006741 -0.336826 0.941543 0.000000 0.000000 0.000000 0.000000 1.000000
0.956467 -0.291562 -0.012717 0.000000 0.285869 0.927239 0.241881 28.328800 -0.058731 -0.234987 0.970223 -0.000000 0.000000 0.000000 0.000000 1.000000
0.970574 -0.220325 0.097176 0.000000 0.193402 0.953651 0.230535 28.328800 -0.143464 -0.204957 0.968200 0.000000 0.000000 0.000000 0.000000 1.000000
0.984201 -0.127662 0.122679 -0.000000 0.094041 0.964004 0.248701 28.328800 -0.150013 -0.233235 0.960780 -0.000000 0.000000 0.000000 0.000000 1.000000
0.994966 -0.074558 0.066959 -0.000000 0.052767 0.957830 0.282447 28.328800 -0.085194 -0.277492 0.956943 0.000000 0.000000 0.000000 0.000000 1.000000
0.996823 -0.078734 -0.011997 0.000000 0.078689 0.950401 0.300907 28.328800 -0.012289 -0.300895 0.953578 -0.000000 0.000000 0.000000 0.000000 1.000000
0.990521 -0.124430 -0.058181 -0.000000 0.135944 0.948694 0.285481 28.328800 0.019673 -0.290684 0.956617 0.000000 0.000000 0.000000 0.000000 1.000000
0.983143 -0.161068 -0.086523 0.000000 0.180275 0.932886 0.311808 28.328800 0.030494 -0.322150 0.946197 0.000000 0.000000 0.000000 0.000000 1.000000
0.978852 -0.121907 -0.164278 -0.000000 0.185123 0.869597 0.457744 28.328800 0.087054 -0.478476 0.873775 0.000000 0.000000 0.000000 0.000000 1.000000
0.963780 0.018694 -0.266043 -0.000000 0.161810 0.751979 0.639019 28.328800 0.212004 -0.658922 0.721717 0.000000 0.000000 0.000000 0.000000 1.000000
0.936217 0.149931 -0.317834 0.000000 0.140122 0.670154 0.728876 28.328800 0.322279 -0.726921 0.606401 0.000000 0.000000 0.000000 0.000000 1.000000
0.931318 0.153205 -0.330416 0.000000 0.142125 0.682415 0.717015 28.328800 0.335331 -0.714730 0.613771 0.000000 0.000000 0.000000 0.000000 1.000000
0.944881 0.048926 -0.323738 0.000000 0.182411 0.742441 0.644599 28.328800 0.271894 -0.668122 0.692594 0.000000 0.000000 0.000000 0.000000 1.000000
0.945795 -0.088896 -0.312361 -0.000000 0.256439 0.794591 0.550331 28.328800 0.199277 -0.600602 0.774316 0.000000 0.000000 0.000000 0.000000 1.000000
0.938043 -0.190212 -0.289646 -0.000000 0.315459 0.814646 0.486659 28.328800 0.143391 -0.547879 0.824177 0.000000 0.000000 0.000000 0.000000 1.000000
0.947339 -0.210147 -0.241634 0.000000 0.307839 0.805502 0.506361 28.328800 0.088226 -0.554080 0.827775 0.000000 0.000000 0.000000 0.000000 1.000000
0.966963 -0.181796 -0.178697 0.000000 0.252568 0.778186 0.575010 28.328800 0.034525 -0.601146 0.798393 0.000000 0.000000 0.000000 0.000000 1.000000</float_array>
        <technique_common>
          <accessor source="#mixamorig_LeftHand-Matrix-animation-output-transform-array" count="26" stride="16">
            <param type="float4x4"/>
          </accessor>
        </technique_common>
      </source>
      <source id="mixamorig_LeftHand-Interpolations">
        <Name_array id="mixamorig_LeftHand-Interpolations-array" count="26">
 LINEAR LINEAR LINEAR LINEAR LINEAR LINEAR LINEAR LINEAR LINEAR LINEAR LINEAR
LINEAR LINEAR LINEAR LINEAR LINEAR LINEAR LINEAR LINEAR LINEAR LINEAR LINEAR LINEAR
LINEAR LINEAR LINEAR</Name_array>
        <technique_common>
          <accessor source="#mixamorig_LeftHand-Interpolations-array" count="26">
            <param type="name"/>
          </accessor>
        </technique_common>
      </source>
      <sampler id="mixamorig_LeftHand-Matrix-animation-transform">
        <input semantic="INPUT" source="#mixamorig_LeftHand-Matrix-animation-input"/>
        <input semantic="OUTPUT" source="#mixamorig_LeftHand-Matrix-animation-output-transform"/>
        <input semantic="INTERPOLATION" source="#mixamorig_LeftHand-Interpolations"/>
      </sampler>
      <channel source="#mixamorig_LeftHand-Matrix-animation-transform" target="mixamorig_LeftHand/matrix"/>
    </animation>
    <animation id="mixamorig_LeftHandThumb1-anim" name="mixamorig_LeftHandThumb1">
      <source id="mixamorig_LeftHandThumb1-Matrix-animation-input">
        <float_array id="mixamorig_LeftHandThumb1-Matrix-animation-input-array" count="26">

0.000000 0.033333 0.066667 0.100000 0.133333 0.166667 0.200000 0.233333 0.266667 0.300000 0.333333 0.366667 0.400000 0.433333 0.466667 0.500000
0.533333 0.566667 0.600000 0.633333 0.666667 0.700000 0.733333 0.766667 0.800000 0.833333</float_array>
        <technique_common>
          <accessor source="#mixamorig_LeftHandThumb1-Matrix-animation-input-array" count="26">
            <param name="TIME" type="float"/>
          </accessor>
        </technique_common>
      </source>
      <source id="mixamorig_LeftHandThumb1-Matrix-animation-output-transform">
        <float_array id="mixamorig_LeftHandThumb1-Matrix-animation-output-transform-array" count="416">

0.951541 -0.296904 0.080112 -2.681700 0.286871 0.763140 -0.579071 2.466100 0.110792 0.573992 0.811332 1.576200 0.000000 0.000000 0.000000 1.000000
0.945322 -0.317999 0.072407 -2.681700 0.299442 0.758310 -0.579052 2.466100 0.129231 0.569072 0.812069 1.576200 0.000000 0.000000 0.000000 1.000000
0.927404 -0.369738 0.056708 -2.681700 0.330881 0.740156 -0.585395 2.466100 0.174470 0.561661 0.808763 1.576200 0.000000 0.000000 0.000000 1.000000
0.894913 -0.444503 0.039329 -2.681700 0.378178 0.708684 -0.595607 2.466100 0.236877 0.547890 0.802312 1.576200 0.000000 0.000000 0.000000 1.000000
0.846896 -0.531019 0.028042 -2.681700 0.435685 0.662687 -0.609117 2.466100 0.304870 0.528076 0.792584 1.576200 0.000000 0.000000 0.000000 1.000000
0.787000 -0.616264 0.029153 -2.681700 0.495318 0.602962 -0.625377 2.466100 0.367819 0.506612 0.779778 1.576200 0.000000 0.000000 0.000000 1.000000
0.723701 -0.688639 0.045094 -2.681700 0.548481 0.534288 -0.643199 2.466100 0.418839 0.490217 0.764370 1.576200 0.000000 0.000000 0.000000 1.000000
0.668414 -0.740110 0.073891 -2.681700 0.587890 0.464842 -0.662047 2.466100 0.455640 0.485962 0.745811 1.576200 0.000000 0.000000 0.000000 1.000000
0.630043 -0.768940 0.108521 -2.681700 0.610662 0.404254 -0.680934 2.466100 0.479727 0.495287 0.724260 1.576200 0.000000 0.000000 0.000000 1.000000
0.609883 -0.780452 0.137615 -2.681700 0.619995 0.361727 -0.696247 2.466100 0.493608 0.509950 0.704487 1.576200 0.000000 0.000000 0.000000 1.000000
0.604416 -0.782485 0.149661 -2.681700 0.621582 0.345679 -0.702952 2.466100 0.498315 0.517902 0.695313 1.576200 0.000000 0.000000 0.000000 1.000000
0.700434 -0.700338 0.137546 -2.681700 0.572259 0.435914 -0.694621 2.466100 0.426512 0.565248 0.706104 1.576200 0.000000 0.000000 0.000000 1.000000
0.846315 -0.518191 0.123405 -2.681700 0.448476 0.568137 -0.689992 2.466100 0.287437 0.639295 0.713220 1.576200 0.000000 0.000000 0.000000 1.000000
0.905370 -0.408206 0.116927 -2.681700 0.368267 0.617769 -0.694795 2.466100 0.211386 0.672108 0.709639 1.576200 0.000000 0.000000 0.000000 1.000000
0.904612 -0.411028 0.112836 -2.681700 0.369436 0.624058 -0.688527 2.466100 0.212588 0.664536 0.716379 1.576200 0.000000 0.000000 0.000000 1.000000
0.902547 -0.418469 0.101448 -2.681700 0.372613 0.640961 -0.671065 2.466100 0.215795 0.643469 0.734425 1.576200 0.000000 0.000000 0.000000 1.000000
0.898828 -0.430323 0.083250 -2.681700 0.378359 0.665900 -0.642979 2.466100 0.221252 0.609426 0.761346 1.576200 0.000000 0.000000 0.000000 1.000000
0.893155 -0.445914 0.058614 -2.681700 0.387104 0.695843 -0.604941 2.466100 0.228965 0.562995 0.794110 1.576200 0.000000 0.000000 0.000000 1.000000
0.887643 -0.459459 0.031437 -2.681700 0.395768 0.726128 -0.562233 2.466100 0.235496 0.511504 0.826381 1.576200 0.000000 0.000000 0.000000 1.000000
0.887980 -0.459722 0.012131 -2.681700 0.396378 0.751718 -0.527072 2.466100 0.233188 0.472838 0.849734 1.576200 0.000000 0.000000 0.000000 1.000000
0.898424 -0.438989 0.011071 -2.681700 0.382252 0.769402 -0.511765 2.466100 0.216141 0.464014 0.859054 1.576200 0.000000 0.000000 0.000000 1.000000
0.915856 -0.400565 0.027490 -2.681700 0.355527 0.777255 -0.519110 2.466100 0.186570 0.485203 0.854265 1.576200 0.000000 0.000000 0.000000 1.000000
0.932886 -0.356642 0.050297 -2.681700 0.325688 0.775676 -0.540606 2.466100 0.153789 0.520705 0.839771 1.576200 0.000000 0.000000 0.000000 1.000000
0.944567 -0.321114 0.068397 -2.681700 0.302360 0.769613 -0.562383 2.466100 0.127950 0.551889 0.824043 1.576200 0.000000 0.000000 0.000000 1.000000
0.950286 -0.301506 0.077792 -2.681700 0.289781 0.764902 -0.575284 2.466100 0.113948 0.569227 0.814246 1.576200 0.000000 0.000000 0.000000 1.000000
0.950779 -0.299085 0.081038 -2.681700 0.288793 0.760468 -0.581624 2.466100 0.112328 0.576399 0.809411 1.576200 0.000000 0.000000 0.000000 1.000000</float_array>
        <technique_common>
          <accessor source="#mixamorig_LeftHandThumb1-Matrix-animation-output-transform-array" count="26" stride="16">
            <param type="float4x4"/>
          </accessor>
        </technique_common>
      </source>
      <source id="mixamorig_LeftHandThumb1-Interpolations">
        <Name_array id="mixamorig_LeftHandThumb1-Interpolations-array" count="26">
 LINEAR LINEAR LINEAR LINEAR LINEAR LINEAR LINEAR LINEAR LINEAR LINEAR LINEAR
LINEAR LINEAR LINEAR LINEAR LINEAR LINEAR LINEAR LINEAR LINEAR LINEAR LINEAR LINEAR
LINEAR LINEAR LINEAR</Name_array>
        <technique_common>
          <accessor source="#mixamorig_LeftHandThumb1-Interpolations-array" count="26">
            <param type="name"/>
          </accessor>
        </technique_common>
      </source>
      <sampler id="mixamorig_LeftHandThumb1-Matrix-animation-transform">
        <input semantic="INPUT" source="#mixamorig_LeftHandThumb1-Matrix-animation-input"/>
        <input semantic="OUTPUT" source="#mixamorig_LeftHandThumb1-Matrix-animation-output-transform"/>
        <input semantic="INTERPOLATION" source="#mixamorig_LeftHandThumb1-Interpolations"/>
      </sampler>
      <channel source="#mixamorig_LeftHandThumb1-Matrix-animation-transform" target="mixamorig_LeftHandThumb1/matrix"/>
    </animation>
    <animation id="mixamorig_LeftHandThumb2-anim" name="mixamorig_LeftHandThumb2">
      <source id="mixamorig_LeftHandThumb2-Matrix-animation-input">
        <float_array id="mixamorig_LeftHandThumb2-Matrix-animation-input-array" count="26">

0.000000 0.033333 0.066667 0.100000 0.133333 0.166667 0.200000 0.233333 0.266667 0.300000 0.333333 0.366667 0.400000 0.433333 0.466667 0.500000
0.533333 0.566667 0.600000 0.633333 0.666667 0.700000 0.733333 0.766667 0.800000 0.833333</float_array>
        <technique_common>
          <accessor source="#mixamorig_LeftHandThumb2-Matrix-animation-input-array" count="26">
            <param name="TIME" type="float"/>
          </accessor>
        </technique_common>
      </source>
      <source id="mixamorig_LeftHandThumb2-Matrix-animation-output-transform">
        <float_array id="mixamorig_LeftHandThumb2-Matrix-animation-output-transform-array" count="416">

0.999992 -0.002416 0.003123 0.000000 0.002370 0.999890 0.014622 4.187100 -0.003158 -0.014614 0.999888 0.000000 0.000000 0.000000 0.000000 1.000000
0.999995 -0.000038 0.003063 -0.000000 -0.000009 0.999880 0.015499 4.187100 -0.003064 -0.015499 0.999875 0.000000 0.000000 0.000000 0.000000 1.000000
0.999990 0.003414 0.002953 -0.000000 -0.003464 0.999847 0.017158 4.187100 -0.002894 -0.017168 0.999848 0.000000 0.000000 0.000000 0.000000 1.000000
0.999961 0.008401 0.002849 0.000000 -0.008455 0.999773 0.019577 4.187100 -0.002684 -0.019600 0.999804 0.000000 0.000000 0.000000 0.000000 1.000000
0.999899 0.013932 0.002689 0.000000 -0.013989 0.999651 0.022395 4.187100 -0.002376 -0.022430 0.999746 0.000000 0.000000 0.000000 0.000000 1.000000
0.999830 0.018249 0.002620 0.000000 -0.018309 0.999519 0.025042 4.187100 -0.002161 -0.025085 0.999683 0.000000 0.000000 0.000000 0.000000 1.000000
0.999806 0.019539 0.002627 0.000000 -0.019603 0.999445 0.026938 4.187100 -0.002099 -0.026984 0.999634 -0.000000 0.000000 0.000000 0.000000 1.000000
0.999865 0.016214 0.002687 0.000000 -0.016282 0.999487 0.027564 4.187100 -0.002239 -0.027604 0.999616 0.000000 0.000000 0.000000 0.000000 1.000000
0.999960 0.008530 0.002666 0.000000 -0.008598 0.999602 0.026881 4.187100 -0.002436 -0.026903 0.999635 0.000000 0.000000 0.000000 0.000000 1.000000
0.999996 0.000043 0.002646 -0.000000 -0.000111 0.999671 0.025639 4.187100 -0.002644 -0.025640 0.999668 -0.000000 0.000000 0.000000 0.000000 1.000000
0.999988 -0.004129 0.002627 0.000000 0.004062 0.999680 0.024963 4.187100 -0.002729 -0.024952 0.999685 -0.000000 0.000000 0.000000 0.000000 1.000000
0.999595 0.028345 0.002671 0.000000 -0.028413 0.999138 0.030281 4.187100 -0.001810 -0.030344 0.999538 -0.000000 0.000000 0.000000 0.000000 1.000000
0.996003 0.089264 0.003248 -0.000000 -0.089322 0.995189 0.040252 4.187100 0.000361 -0.040381 0.999184 0.000000 0.000000 0.000000 0.000000 1.000000
0.992519 0.122029 0.003811 -0.000000 -0.122076 0.991472 0.045626 4.187100 0.001789 -0.045750 0.998951 0.000000 0.000000 0.000000 0.000000 1.000000
0.992534 0.121914 0.003751 0.000000 -0.121958 0.991485 0.045638 4.187100 0.001845 -0.045755 0.998951 0.000000 0.000000 0.000000 0.000000 1.000000
0.992580 0.121536 0.003733 0.000000 -0.121579 0.991532 0.045643 4.187100 0.001846 -0.045758 0.998951 0.000000 0.000000 0.000000 0.000000 1.000000
0.992575 0.121580 0.003761 0.000000 -0.121624 0.991525 0.045672 4.187100 0.001824 -0.045791 0.998949 -0.000000 0.000000 0.000000 0.000000 1.000000
0.992446 0.122621 0.003838 -0.000000 -0.122668 0.991393 0.045742 4.187100 0.001804 -0.045867 0.998946 -0.000000 0.000000 0.000000 0.000000 1.000000
0.992443 0.122648 0.003905 0.000000 -0.122698 0.991396 0.045597 4.187100 0.001721 -0.045732 0.998952 0.000000 0.000000 0.000000 0.000000 1.000000
0.993224 0.116157 0.003781 0.000000 -0.116211 0.992253 0.043932 4.187100 0.001351 -0.044073 0.999027 -0.000000 0.000000 0.000000 0.000000 1.000000
0.995139 0.098416 0.003450 -0.000000 -0.098475 0.994355 0.039518 4.187100 0.000459 -0.039666 0.999213 0.000000 0.000000 0.000000 0.000000 1.000000
0.997494 0.070689 0.003115 -0.000000 -0.070753 0.996959 0.032660 4.187100 -0.000797 -0.032798 0.999462 0.000000 0.000000 0.000000 0.000000 1.000000
0.999196 0.039985 0.003042 0.000000 -0.040049 0.998883 0.025092 4.187100 -0.002035 -0.025194 0.999681 0.000000 0.000000 0.000000 0.000000 1.000000
0.999884 0.014866 0.003235 0.000000 -0.014925 0.999710 0.018909 4.187100 -0.002952 -0.018955 0.999816 -0.000000 0.000000 0.000000 0.000000 1.000000
0.999994 0.000683 0.003347 0.000000 -0.000734 0.999882 0.015338 4.187100 -0.003337 -0.015340 0.999877 0.000000 0.000000 0.000000 0.000000 1.000000
0.999992 -0.002145 0.003387 -0.000000 0.002095 0.999890 0.014678 4.187100 -0.003419 -0.014671 0.999887 0.000000 0.000000 0.000000 0.000000 1.000000</float_array>
        <technique_common>
          <accessor source="#mixamorig_LeftHandThumb2-Matrix-animation-output-transform-array" count="26" stride="16">
            <param type="float4x4"/>
          </accessor>
        </technique_common>
      </source>
      <source id="mixamorig_LeftHandThumb2-Interpolations">
        <Name_array id="mixamorig_LeftHandThumb2-Interpolations-array" count="26">
 LINEAR LINEAR LINEAR LINEAR LINEAR LINEAR LINEAR LINEAR LINEAR LINEAR LINEAR
LINEAR LINEAR LINEAR LINEAR LINEAR LINEAR LINEAR LINEAR LINEAR LINEAR LINEAR LINEAR
LINEAR LINEAR LINEAR</Name_array>
        <technique_common>
          <accessor source="#mixamorig_LeftHandThumb2-Interpolations-array" count="26">
            <param type="name"/>
          </accessor>
        </technique_common>
      </source>
      <sampler id="mixamorig_LeftHandThumb2-Matrix-animation-transform">
        <input semantic="INPUT" source="#mixamorig_LeftHandThumb2-Matrix-animation-input"/>
        <input semantic="OUTPUT" source="#mixamorig_LeftHandThumb2-Matrix-animation-output-transform"/>
        <input semantic="INTERPOLATION" source="#mixamorig_LeftHandThumb2-Interpolations"/>
      </sampler>
      <channel source="#mixamorig_LeftHandThumb2-Matrix-animation-transform" target="mixamorig_LeftHandThumb2/matrix"/>
    </animation>
    <animation id="mixamorig_LeftHandThumb3-anim" name="mixamorig_LeftHandThumb3">
      <source id="mixamorig_LeftHandThumb3-Matrix-animation-input">
        <float_array id="mixamorig_LeftHandThumb3-Matrix-animation-input-array" count="26">

0.000000 0.033333 0.066667 0.100000 0.133333 0.166667 0.200000 0.233333 0.266667 0.300000 0.333333 0.366667 0.400000 0.433333 0.466667 0.500000
0.533333 0.566667 0.600000 0.633333 0.666667 0.700000 0.733333 0.766667 0.800000 0.833333</float_array>
        <technique_common>
          <accessor source="#mixamorig_LeftHandThumb3-Matrix-animation-input-array" count="26">
            <param name="TIME" type="float"/>
          </accessor>
        </technique_common>
      </source>
      <source id="mixamorig_LeftHandThumb3-Matrix-animation-output-transform">
        <float_array id="mixamorig_LeftHandThumb3-Matrix-animation-output-transform-array" count="416">

0.999999 -0.000000 0.001490 0.000000 0.000000 1.000000 -0.000000 3.418400 -0.001490 0.000000 0.999999 0.000000 0.000000 0.000000 0.000000 1.000000
0.999999 -0.000000 0.001490 -0.000000 0.000000 1.000000 -0.000000 3.418400 -0.001490 0.000000 0.999999 0.000000 0.000000 0.000000 0.000000 1.000000
0.999999 0.000000 0.001490 0.000000 -0.000000 1.000000 -0.000000 3.418400 -0.001490 0.000000 0.999999 0.000000 0.000000 0.000000 0.000000 1.000000
0.999999 0.000000 0.001490 0.000000 -0.000000 1.000000 0.000000 3.418400 -0.001490 -0.000000 0.999999 0.000000 0.000000 0.000000 0.000000 1.000000
0.999999 -0.000000 0.001490 -0.000000 0.000000 1.000000 -0.000000 3.418400 -0.001490 0.000000 0.999999 0.000000 0.000000 0.000000 0.000000 1.000000
0.999999 -0.000000 0.001490 0.000000 0.000000 1.000000 -0.000000 3.418400 -0.001490 0.000000 0.999999 0.000000 0.000000 0.000000 0.000000 1.000000
0.999999 0.000000 0.001490 0.000000 -0.000000 1.000000 0.000000 3.418400 -0.001490 -0.000000 0.999999 0.000000 0.000000 0.000000 0.000000 1.000000
0.999999 0.000000 0.001490 0.000000 -0.000000 1.000000 0.000000 3.418400 -0.001490 -0.000000 0.999999 0.000000 0.000000 0.000000 0.000000 1.000000
0.999999 0.000000 0.001490 0.000000 -0.000000 1.000000 -0.000000 3.418400 -0.001490 0.000000 0.999999 -0.000000 0.000000 0.000000 0.000000 1.000000
0.999999 -0.000000 0.001490 0.000000 0.000000 1.000000 0.000000 3.418400 -0.001490 -0.000000 0.999999 0.000000 0.000000 0.000000 0.000000 1.000000
0.999999 0.000000 0.001490 0.000000 -0.000000 1.000000 0.000000 3.418400 -0.001490 -0.000000 0.999999 -0.000000 0.000000 0.000000 0.000000 1.000000
0.999999 0.000000 0.001490 0.000000 -0.000000 1.000000 0.000000 3.418400 -0.001490 -0.000000 0.999999 0.000000 0.000000 0.000000 0.000000 1.000000
0.999999 0.000000 0.001490 -0.000000 -0.000000 1.000000 0.000000 3.418400 -0.001490 -0.000000 0.999999 -0.000000 0.000000 0.000000 0.000000 1.000000
0.999999 0.000000 0.001490 -0.000000 -0.000000 1.000000 0.000000 3.418400 -0.001490 -0.000000 0.999999 0.000000 0.000000 0.000000 0.000000 1.000000
0.999999 0.000000 0.001490 -0.000000 -0.000000 1.000000 0.000000 3.418400 -0.001490 -0.000000 0.999999 0.000000 0.000000 0.000000 0.000000 1.000000
0.999999 0.000000 0.001490 0.000000 -0.000000 1.000000 0.000000 3.418400 -0.001490 -0.000000 0.999999 0.000000 0.000000 0.000000 0.000000 1.000000
0.999999 0.000000 0.001490 0.000000 -0.000000 1.000000 0.000000 3.418400 -0.001490 -0.000000 0.999999 0.000000 0.000000 0.000000 0.000000 1.000000
0.999999 0.000000 0.001490 0.000000 -0.000000 1.000000 0.000000 3.418400 -0.001490 -0.000000 0.999999 0.000000 0.000000 0.000000 0.000000 1.000000
0.999999 0.000000 0.001490 -0.000000 -0.000000 1.000000 -0.000000 3.418400 -0.001490 0.000000 0.999999 0.000000 0.000000 0.000000 0.000000 1.000000
0.999999 0.000000 0.001490 -0.000000 -0.000000 1.000000 -0.000000 3.418400 -0.001490 0.000000 0.999999 0.000000 0.000000 0.000000 0.000000 1.000000
0.999999 0.000000 0.001490 0.000000 -0.000000 1.000000 -0.000000 3.418400 -0.001490 0.000000 0.999999 -0.000000 0.000000 0.000000 0.000000 1.000000
0.999999 0.000000 0.001490 0.000000 -0.000000 1.000000 -0.000000 3.418400 -0.001490 0.000000 0.999999 0.000000 0.000000 0.000000 0.000000 1.000000
0.999999 0.000000 0.001490 0.000000 -0.000000 1.000000 0.000000 3.418400 -0.001490 -0.000000 0.999999 -0.000000 0.000000 0.000000 0.000000 1.000000
0.999999 0.000000 0.001490 -0.000000 -0.000000 1.000000 -0.000000 3.418400 -0.001490 0.000000 0.999999 0.000000 0.000000 0.000000 0.000000 1.000000
0.999999 0.000000 0.001490 0.000000 -0.000000 1.000000 0.000000 3.418400 -0.001490 -0.000000 0.999999 -0.000000 0.000000 0.000000 0.000000 1.000000
0.999999 0.000000 0.001490 0.000000 -0.000000 1.000000 -0.000000 3.418400 -0.001490 0.000000 0.999999 -0.000000 0.000000 0.000000 0.000000 1.000000</float_array>
        <technique_common>
          <accessor source="#mixamorig_LeftHandThumb3-Matrix-animation-output-transform-array" count="26" stride="16">
            <param type="float4x4"/>
          </accessor>
        </technique_common>
      </source>
      <source id="mixamorig_LeftHandThumb3-Interpolations">
        <Name_array id="mixamorig_LeftHandThumb3-Interpolations-array" count="26">
 LINEAR LINEAR LINEAR LINEAR LINEAR LINEAR LINEAR LINEAR LINEAR LINEAR LINEAR
LINEAR LINEAR LINEAR LINEAR LINEAR LINEAR LINEAR LINEAR LINEAR LINEAR LINEAR LINEAR
LINEAR LINEAR LINEAR</Name_array>
        <technique_common>
          <accessor source="#mixamorig_LeftHandThumb3-Interpolations-array" count="26">
            <param type="name"/>
          </accessor>
        </technique_common>
      </source>
      <sampler id="mixamorig_LeftHandThumb3-Matrix-animation-transform">
        <input semantic="INPUT" source="#mixamorig_LeftHandThumb3-Matrix-animation-input"/>
        <input semantic="OUTPUT" source="#mixamorig_LeftHandThumb3-Matrix-animation-output-transform"/>
        <input semantic="INTERPOLATION" source="#mixamorig_LeftHandThumb3-Interpolations"/>
      </sampler>
      <channel source="#mixamorig_LeftHandThumb3-Matrix-animation-transform" target="mixamorig_LeftHandThumb3/matrix"/>
    </animation>
    <animation id="mixamorig_LeftHandIndex1-anim" name="mixamorig_LeftHandIndex1">
      <source id="mixamorig_LeftHandIndex1-Matrix-animation-input">
        <float_array id="mixamorig_LeftHandIndex1-Matrix-animation-input-array" count="26">

0.000000 0.033333 0.066667 0.100000 0.133333 0.166667 0.200000 0.233333 0.266667 0.300000 0.333333 0.366667 0.400000 0.433333 0.466667 0.500000
0.533333 0.566667 0.600000 0.633333 0.666667 0.700000 0.733333 0.766667 0.800000 0.833333</float_array>
        <technique_common>
          <accessor source="#mixamorig_LeftHandIndex1-Matrix-animation-input-array" count="26">
            <param name="TIME" type="float"/>
          </accessor>
        </technique_common>
      </source>
      <source id="mixamorig_LeftHandIndex1-Matrix-animation-output-transform">
        <float_array id="mixamorig_LeftHandIndex1-Matrix-animation-output-transform-array" count="416">

0.992463 -0.122302 -0.007667 -2.259900 0.121537 0.990395 -0.065930 9.109300 0.015657 0.064502 0.997795 0.518000 0.000000 0.000000 0.000000 1.000000
0.992755 -0.119879 -0.008152 -2.259900 0.118972 0.990210 -0.073006 9.109300 0.016824 0.071507 0.997298 0.518000 0.000000 0.000000 0.000000 1.000000
0.993213 -0.115895 -0.009823 -2.259900 0.114549 0.989317 -0.090165 9.109300 0.020167 0.088428 0.995878 0.518000 0.000000 0.000000 0.000000 1.000000
0.993843 -0.110072 -0.012632 -2.259900 0.107898 0.987448 -0.115349 9.109300 0.025170 0.113276 0.993245 0.518000 0.000000 0.000000 0.000000 1.000000
0.994502 -0.103397 -0.016606 -2.259900 0.099907 0.984302 -0.145491 9.109300 0.031389 0.143032 0.989220 0.518000 0.000000 0.000000 0.000000 1.000000
0.994993 -0.097569 -0.021641 -2.259900 0.092237 0.979879 -0.177002 9.109300 0.038476 0.174120 0.983973 0.518000 0.000000 0.000000 0.000000 1.000000
0.995162 -0.094360 -0.027356 -2.259900 0.086741 0.974631 -0.206328 9.109300 0.046131 0.202956 0.978101 0.518000 0.000000 0.000000 0.000000 1.000000
0.994894 -0.095346 -0.033086 -2.259900 0.085249 0.969406 -0.230184 9.109300 0.054021 0.226188 0.972585 0.518000 0.000000 0.000000 0.000000 1.000000
0.994216 -0.100459 -0.037992 -2.259900 0.088094 0.965105 -0.246599 9.109300 0.061440 0.241825 0.968373 0.518000 0.000000 0.000000 0.000000 1.000000
0.993429 -0.106733 -0.041313 -2.259900 0.092756 0.962299 -0.255688 9.109300 0.067046 0.250175 0.965876 0.518000 0.000000 0.000000 0.000000 1.000000
0.993035 -0.109888 -0.042499 -2.259900 0.095318 0.961317 -0.258427 9.109300 0.069253 0.252576 0.965095 0.518000 0.000000 0.000000 0.000000 1.000000
0.991044 -0.130982 -0.025979 -2.259900 0.109810 0.910105 -0.399564 9.109300 0.075980 0.393133 0.916337 0.518000 0.000000 0.000000 0.000000 1.000000
0.985908 -0.167003 0.009777 -2.259900 0.135160 0.760760 -0.634804 9.109300 0.098576 0.627180 0.772611 0.518000 0.000000 0.000000 0.000000 1.000000
0.982345 -0.184421 0.031425 -2.259900 0.146619 0.654617 -0.741606 9.109300 0.116196 0.733121 0.670099 0.518000 0.000000 0.000000 0.000000 1.000000
0.982978 -0.181174 0.030503 -2.259900 0.145448 0.665953 -0.731678 9.109300 0.112248 0.723660 0.680968 0.518000 0.000000 0.000000 0.000000 1.000000
0.984672 -0.172157 0.027975 -2.259900 0.141741 0.696385 -0.703532 9.109300 0.101636 0.696713 0.710113 0.518000 0.000000 0.000000 0.000000 1.000000
0.987160 -0.157916 0.024052 -2.259900 0.134393 0.739681 -0.659402 9.109300 0.086340 0.654167 0.751406 0.518000 0.000000 0.000000 0.000000 1.000000
0.990106 -0.139009 0.019164 -2.259900 0.122465 0.789332 -0.601628 9.109300 0.068505 0.598022 0.798546 0.518000 0.000000 0.000000 0.000000 1.000000
0.992889 -0.118139 0.014641 -2.259900 0.107781 0.839923 -0.531895 9.109300 0.050540 0.529691 0.846684 0.518000 0.000000 0.000000 0.000000 1.000000
0.994777 -0.101379 0.011898 -2.259900 0.095843 0.887569 -0.450595 9.109300 0.035121 0.449381 0.892649 0.518000 0.000000 0.000000 0.000000 1.000000
0.995464 -0.094572 0.010383 -2.259900 0.091976 0.928699 -0.359247 9.109300 0.024332 0.358572 0.933185 0.518000 0.000000 0.000000 0.000000 1.000000
0.995136 -0.098194 0.007835 -2.259900 0.096768 0.959603 -0.264192 9.109300 0.018424 0.263666 0.964438 0.518000 0.000000 0.000000 0.000000 1.000000
0.994218 -0.107335 0.003009 -2.259900 0.106176 0.978527 -0.176667 9.109300 0.016018 0.175965 0.984266 0.518000 0.000000 0.000000 0.000000 1.000000
0.993267 -0.115813 -0.002825 -2.259900 0.114814 0.987361 -0.109256 9.109300 0.015442 0.108196 0.994010 0.518000 0.000000 0.000000 0.000000 1.000000
0.992673 -0.120626 -0.006985 -2.259900 0.119820 0.990198 -0.071775 9.109300 0.015575 0.070412 0.997396 0.518000 0.000000 0.000000 0.000000 1.000000
0.992375 -0.123019 -0.007644 -2.259900 0.122254 0.990300 -0.066029 9.109300 0.015693 0.064591 0.997788 0.518000 0.000000 0.000000 0.000000 1.000000</float_array>
        <technique_common>
          <accessor source="#mixamorig_LeftHandIndex1-Matrix-animation-output-transform-array" count="26" stride="16">
            <param type="float4x4"/>
          </accessor>
        </technique_common>
      </source>
      <source id="mixamorig_LeftHandIndex1-Interpolations">
        <Name_array id="mixamorig_LeftHandIndex1-Interpolations-array" count="26">
 LINEAR LINEAR LINEAR LINEAR LINEAR LINEAR LINEAR LINEAR LINEAR LINEAR LINEAR
LINEAR LINEAR LINEAR LINEAR LINEAR LINEAR LINEAR LINEAR LINEAR LINEAR LINEAR LINEAR
LINEAR LINEAR LINEAR</Name_array>
        <technique_common>
          <accessor source="#mixamorig_LeftHandIndex1-Interpolations-array" count="26">
            <param type="name"/>
          </accessor>
        </technique_common>
      </source>
      <sampler id="mixamorig_LeftHandIndex1-Matrix-animation-transform">
        <input semantic="INPUT" source="#mixamorig_LeftHandIndex1-Matrix-animation-input"/>
        <input semantic="OUTPUT" source="#mixamorig_LeftHandIndex1-Matrix-animation-output-transform"/>
        <input semantic="INTERPOLATION" source="#mixamorig_LeftHandIndex1-Interpolations"/>
      </sampler>
      <channel source="#mixamorig_LeftHandIndex1-Matrix-animation-transform" target="mixamorig_LeftHandIndex1/matrix"/>
    </animation>
    <animation id="mixamorig_LeftHandIndex2-anim" name="mixamorig_LeftHandIndex2">
      <source id="mixamorig_LeftHandIndex2-Matrix-animation-input">
        <float_array id="mixamorig_LeftHandIndex2-Matrix-animation-input-array" count="26">

0.000000 0.033333 0.066667 0.100000 0.133333 0.166667 0.200000 0.233333 0.266667 0.300000 0.333333 0.366667 0.400000 0.433333 0.466667 0.500000
0.533333 0.566667 0.600000 0.633333 0.666667 0.700000 0.733333 0.766667 0.800000 0.833333</float_array>
        <technique_common>
          <accessor source="#mixamorig_LeftHandIndex2-Matrix-animation-input-array" count="26">
            <param name="TIME" type="float"/>
          </accessor>
        </technique_common>
      </source>
      <source id="mixamorig_LeftHandIndex2-Matrix-animation-output-transform">
        <float_array id="mixamorig_LeftHandIndex2-Matrix-animation-output-transform-array" count="416">

0.999901 0.013701 -0.003127 -0.000000 -0.014026 0.959150 -0.282550 3.700000 -0.000872 0.282566 0.959247 0.000000 0.000000 0.000000 0.000000 1.000000
0.999907 0.013250 -0.003181 0.000000 -0.013606 0.958134 -0.285996 3.700000 -0.000742 0.286013 0.958225 0.000000 0.000000 0.000000 0.000000 1.000000
0.999922 0.012047 -0.003308 -0.000000 -0.012487 0.955366 -0.295161 3.700000 -0.000396 0.295179 0.955442 -0.000000 0.000000 0.000000 0.000000 1.000000
0.999940 0.010364 -0.003451 -0.000000 -0.010923 0.951116 -0.308640 3.700000 0.000084 0.308659 0.951173 0.000000 0.000000 0.000000 0.000000 1.000000
0.999959 0.008295 -0.003557 0.000000 -0.009001 0.945707 -0.324896 3.700000 0.000669 0.324915 0.945743 0.000000 0.000000 0.000000 0.000000 1.000000
0.999975 0.006035 -0.003586 -0.000000 -0.006898 0.939539 -0.342371 3.700000 0.001302 0.342388 0.939558 0.000000 0.000000 0.000000 0.000000 1.000000
0.999986 0.003780 -0.003599 -0.000000 -0.004821 0.933118 -0.359537 3.700000 0.001999 0.359550 0.933124 0.000000 0.000000 0.000000 0.000000 1.000000
0.999992 0.001738 -0.003581 0.000000 -0.002954 0.927048 -0.374932 3.700000 0.002668 0.374940 0.927045 0.000000 0.000000 0.000000 0.000000 1.000000
0.999994 0.000098 -0.003572 0.000000 -0.001473 0.921973 -0.387251 3.700000 0.003255 0.387254 0.921967 -0.000000 0.000000 0.000000 0.000000 1.000000
0.999993 -0.000980 -0.003556 0.000000 -0.000506 0.918509 -0.395401 3.700000 0.003654 0.395400 0.918502 0.000000 0.000000 0.000000 0.000000 1.000000
0.999993 -0.001350 -0.003545 0.000000 -0.000174 0.917230 -0.398359 3.700000 0.003789 0.398357 0.917223 0.000000 0.000000 0.000000 0.000000 1.000000
0.999797 -0.020075 -0.001925 0.000000 0.015987 0.847159 -0.531098 3.700000 0.012292 0.530960 0.847308 0.000000 0.000000 0.000000 0.000000 1.000000
0.998541 -0.053348 0.008369 0.000000 0.041880 0.667220 -0.743682 3.700000 0.034090 0.742947 0.668481 0.000000 0.000000 0.000000 0.000000 1.000000
0.997413 -0.069689 0.017609 0.000000 0.053002 0.547564 -0.835083 3.700000 0.048554 0.833857 0.549841 0.000000 0.000000 0.000000 0.000000 1.000000
0.997539 -0.068132 0.016577 0.000000 0.051988 0.559978 -0.826875 3.700000 0.047054 0.825701 0.562142 0.000000 0.000000 0.000000 0.000000 1.000000
0.997867 -0.063784 0.013870 0.000000 0.049106 0.593553 -0.803296 3.700000 0.043005 0.802264 0.595419 0.000000 0.000000 0.000000 0.000000 1.000000
0.998319 -0.057061 0.010145 -0.000000 0.044477 0.642091 -0.765337 3.700000 0.037157 0.764502 0.643550 0.000000 0.000000 0.000000 0.000000 1.000000
0.998810 -0.048398 0.006092 -0.000000 0.038228 0.699057 -0.714043 3.700000 0.030300 0.713426 0.700075 -0.000000 0.000000 0.000000 0.000000 1.000000
0.999263 -0.038310 0.002323 0.000000 0.030584 0.758246 -0.651251 3.700000 0.023188 0.650842 0.758859 0.000000 0.000000 0.000000 0.000000 1.000000
0.999624 -0.027413 -0.000707 0.000000 0.021923 0.814367 -0.579936 3.700000 0.016473 0.579702 0.814662 0.000000 0.000000 0.000000 0.000000 1.000000
0.999861 -0.016419 -0.002763 0.000000 0.012783 0.863362 -0.504423 3.700000 0.010668 0.504317 0.863452 0.000000 0.000000 0.000000 0.000000 1.000000
0.999974 -0.006095 -0.003845 0.000000 0.003846 0.902609 -0.430445 3.700000 0.006094 0.430419 0.902609 0.000000 0.000000 0.000000 0.000000 1.000000
0.999988 0.002765 -0.004148 -0.000000 -0.004088 0.931083 -0.364785 3.700000 0.002853 0.364798 0.931082 0.000000 0.000000 0.000000 0.000000 1.000000
0.999948 0.009433 -0.003829 -0.000000 -0.010158 0.949183 -0.314559 3.700000 0.000667 0.314582 0.949230 -0.000000 0.000000 0.000000 0.000000 1.000000
0.999908 0.013131 -0.003482 0.000000 -0.013578 0.958002 -0.286438 3.700000 -0.000426 0.286459 0.958092 0.000000 0.000000 0.000000 0.000000 1.000000
0.999901 0.013626 -0.003398 0.000000 -0.014031 0.959124 -0.282638 3.700000 -0.000592 0.282658 0.959221 0.000000 0.000000 0.000000 0.000000 1.000000</float_array>
        <technique_common>
          <accessor source="#mixamorig_LeftHandIndex2-Matrix-animation-output-transform-array" count="26" stride="16">
            <param type="float4x4"/>
          </accessor>
        </technique_common>
      </source>
      <source id="mixamorig_LeftHandIndex2-Interpolations">
        <Name_array id="mixamorig_LeftHandIndex2-Interpolations-array" count="26">
 LINEAR LINEAR LINEAR LINEAR LINEAR LINEAR LINEAR LINEAR LINEAR LINEAR LINEAR
LINEAR LINEAR LINEAR LINEAR LINEAR LINEAR LINEAR LINEAR LINEAR LINEAR LINEAR LINEAR
LINEAR LINEAR LINEAR</Name_array>
        <technique_common>
          <accessor source="#mixamorig_LeftHandIndex2-Interpolations-array" count="26">
            <param type="name"/>
          </accessor>
        </technique_common>
      </source>
      <sampler id="mixamorig_LeftHandIndex2-Matrix-animation-transform">
        <input semantic="INPUT" source="#mixamorig_LeftHandIndex2-Matrix-animation-input"/>
        <input semantic="OUTPUT" source="#mixamorig_LeftHandIndex2-Matrix-animation-output-transform"/>
        <input semantic="INTERPOLATION" source="#mixamorig_LeftHandIndex2-Interpolations"/>
      </sampler>
      <channel source="#mixamorig_LeftHandIndex2-Matrix-animation-transform" target="mixamorig_LeftHandIndex2/matrix"/>
    </animation>
    <animation id="mixamorig_LeftHandIndex3-anim" name="mixamorig_LeftHandIndex3">
      <source id="mixamorig_LeftHandIndex3-Matrix-animation-input">
        <float_array id="mixamorig_LeftHandIndex3-Matrix-animation-input-array" count="26">

0.000000 0.033333 0.066667 0.100000 0.133333 0.166667 0.200000 0.233333 0.266667 0.300000 0.333333 0.366667 0.400000 0.433333 0.466667 0.500000
0.533333 0.566667 0.600000 0.633333 0.666667 0.700000 0.733333 0.766667 0.800000 0.833333</float_array>
        <technique_common>
          <accessor source="#mixamorig_LeftHandIndex3-Matrix-animation-input-array" count="26">
            <param name="TIME" type="float"/>
          </accessor>
        </technique_common>
      </source>
      <source id="mixamorig_LeftHandIndex3-Matrix-animation-output-transform">
        <float_array id="mixamorig_LeftHandIndex3-Matrix-animation-output-transform-array" count="416">

1.000000 -0.000000 0.000000 0.000000 0.000000 1.000000 -0.000000 2.850000 -0.000000 -0.000000 1.000000 0.000000 0.000000 0.000000 0.000000 1.000000
1.000000 -0.000000 -0.000000 0.000000 0.000000 1.000000 0.000000 2.850000 0.000000 -0.000000 1.000000 -0.000000 0.000000 0.000000 0.000000 1.000000
1.000000 -0.000000 -0.000000 -0.000000 0.000000 1.000000 -0.000000 2.850000 0.000000 0.000000 1.000000 0.000000 0.000000 0.000000 0.000000 1.000000
1.000000 -0.000000 -0.000000 0.000000 0.000000 1.000000 0.000000 2.850000 0.000000 -0.000000 1.000000 -0.000000 0.000000 0.000000 0.000000 1.000000
1.000000 -0.000000 -0.000000 0.000000 0.000000 1.000000 0.000000 2.850000 0.000000 -0.000000 1.000000 0.000000 0.000000 0.000000 0.000000 1.000000
1.000000 -0.000000 0.000000 0.000000 0.000000 1.000000 -0.000000 2.850000 -0.000000 -0.000000 1.000000 0.000000 0.000000 0.000000 0.000000 1.000000
1.000000 -0.000000 -0.000000 -0.000000 0.000000 1.000000 0.000000 2.850000 -0.000000 0.000000 1.000000 0.000000 0.000000 0.000000 0.000000 1.000000
1.000000 0.000000 0.000000 -0.000000 -0.000000 1.000000 -0.000000 2.850000 -0.000000 0.000000 1.000000 0.000000 0.000000 0.000000 0.000000 1.000000
1.000000 -0.000000 -0.000000 0.000000 0.000000 1.000000 -0.000000 2.850000 0.000000 -0.000000 1.000000 0.000000 0.000000 0.000000 0.000000 1.000000
1.000000 0.000000 -0.000000 0.000000 -0.000000 1.000000 0.000000 2.850000 0.000000 -0.000000 1.000000 0.000000 0.000000 0.000000 0.000000 1.000000
1.000000 0.000000 0.000000 0.000000 -0.000000 1.000000 -0.000000 2.850000 -0.000000 0.000000 1.000000 0.000000 0.000000 0.000000 0.000000 1.000000
1.000000 -0.000000 -0.000000 -0.000000 0.000000 1.000000 -0.000000 2.850000 0.000000 0.000000 1.000000 0.000000 0.000000 0.000000 0.000000 1.000000
1.000000 -0.000000 -0.000000 0.000000 0.000000 1.000000 -0.000000 2.850000 -0.000000 0.000000 1.000000 0.000000 0.000000 0.000000 0.000000 1.000000
1.000000 -0.000000 0.000000 -0.000000 0.000000 1.000000 -0.000000 2.850000 0.000000 0.000000 1.000000 0.000000 0.000000 0.000000 0.000000 1.000000
1.000000 0.000000 0.000000 0.000000 -0.000000 1.000000 0.000000 2.850000 -0.000000 -0.000000 1.000000 0.000000 0.000000 0.000000 0.000000 1.000000
1.000000 -0.000000 0.000000 0.000000 0.000000 1.000000 0.000000 2.850000 0.000000 0.000000 1.000000 0.000000 0.000000 0.000000 0.000000 1.000000
1.000000 -0.000000 0.000000 0.000000 0.000000 1.000000 -0.000000 2.850000 0.000000 -0.000000 1.000000 -0.000000 0.000000 0.000000 0.000000 1.000000
1.000000 0.000000 0.000000 0.000000 -0.000000 1.000000 -0.000000 2.850000 -0.000000 0.000000 1.000000 0.000000 0.000000 0.000000 0.000000 1.000000
1.000000 -0.000000 -0.000000 -0.000000 0.000000 1.000000 0.000000 2.850000 0.000000 -0.000000 1.000000 0.000000 0.000000 0.000000 0.000000 1.000000
1.000000 0.000000 -0.000000 -0.000000 -0.000000 1.000000 0.000000 2.850000 0.000000 -0.000000 1.000000 0.000000 0.000000 0.000000 0.000000 1.000000
1.000000 -0.000000 0.000000 0.000000 0.000000 1.000000 -0.000000 2.850000 0.000000 0.000000 1.000000 0.000000 0.000000 0.000000 0.000000 1.000000
1.000000 -0.000000 -0.000000 0.000000 0.000000 1.000000 0.000000 2.850000 0.000000 -0.000000 1.000000 0.000000 0.000000 0.000000 0.000000 1.000000
1.000000 -0.000000 -0.000000 -0.000000 0.000000 1.000000 -0.000000 2.850000 -0.000000 0.000000 1.000000 0.000000 0.000000 0.000000 0.000000 1.000000
1.000000 -0.000000 0.000000 -0.000000 0.000000 1.000000 0.000000 2.850000 -0.000000 -0.000000 1.000000 0.000000 0.000000 0.000000 0.000000 1.000000
1.000000 -0.000000 0.000000 0.000000 0.000000 1.000000 0.000000 2.850000 -0.000000 -0.000000 1.000000 0.000000 0.000000 0.000000 0.000000 1.000000
1.000000 -0.000000 0.000000 0.000000 0.000000 1.000000 -0.000000 2.850000 0.000000 -0.000000 1.000000 0.000000 0.000000 0.000000 0.000000 1.000000</float_array>
        <technique_common>
          <accessor source="#mixamorig_LeftHandIndex3-Matrix-animation-output-transform-array" count="26" stride="16">
            <param type="float4x4"/>
          </accessor>
        </technique_common>
      </source>
      <source id="mixamorig_LeftHandIndex3-Interpolations">
        <Name_array id="mixamorig_LeftHandIndex3-Interpolations-array" count="26">
 LINEAR LINEAR LINEAR LINEAR LINEAR LINEAR LINEAR LINEAR LINEAR LINEAR LINEAR
LINEAR LINEAR LINEAR LINEAR LINEAR LINEAR LINEAR LINEAR LINEAR LINEAR LINEAR LINEAR
LINEAR LINEAR LINEAR</Name_array>
        <technique_common>
          <accessor source="#mixamorig_LeftHandIndex3-Interpolations-array" count="26">
            <param type="name"/>
          </accessor>
        </technique_common>
      </source>
      <sampler id="mixamorig_LeftHandIndex3-Matrix-animation-transform">
        <input semantic="INPUT" source="#mixamorig_LeftHandIndex3-Matrix-animation-input"/>
        <input semantic="OUTPUT" source="#mixamorig_LeftHandIndex3-Matrix-animation-output-transform"/>
        <input semantic="INTERPOLATION" source="#mixamorig_LeftHandIndex3-Interpolations"/>
      </sampler>
      <channel source="#mixamorig_LeftHandIndex3-Matrix-animation-transform" target="mixamorig_LeftHandIndex3/matrix"/>
    </animation>
    <animation id="mixamorig_LeftHandMiddle1-anim" name="mixamorig_LeftHandMiddle1">
      <source id="mixamorig_LeftHandMiddle1-Matrix-animation-input">
        <float_array id="mixamorig_LeftHandMiddle1-Matrix-animation-input-array" count="26">

0.000000 0.033333 0.066667 0.100000 0.133333 0.166667 0.200000 0.233333 0.266667 0.300000 0.333333 0.366667 0.400000 0.433333 0.466667 0.500000
0.533333 0.566667 0.600000 0.633333 0.666667 0.700000 0.733333 0.766667 0.800000 0.833333</float_array>
        <technique_common>
          <accessor source="#mixamorig_LeftHandMiddle1-Matrix-animation-input-array" count="26">
            <param name="TIME" type="float"/>
          </accessor>
        </technique_common>
      </source>
      <source id="mixamorig_LeftHandMiddle1-Matrix-animation-output-transform">
        <float_array id="mixamorig_LeftHandMiddle1-Matrix-animation-output-transform-array" count="416">

0.985181 0.171247 -0.009649 0.000000 -0.168282 0.954179 -0.247434 9.533400 -0.033165 0.245391 0.968857 0.000000 0.000000 0.000000 0.000000 1.000000
0.986525 0.163318 -0.009780 0.000000 -0.160587 0.955122 -0.248906 9.533400 -0.031310 0.247122 0.968478 0.000000 0.000000 0.000000 0.000000 1.000000
0.989289 0.145600 -0.010368 0.000000 -0.143445 0.956580 -0.253730 9.533400 -0.027025 0.252500 0.967220 -0.000000 0.000000 0.000000 0.000000 1.000000
0.992771 0.119544 -0.010763 0.000000 -0.118198 0.958102 -0.260901 9.533400 -0.020877 0.260287 0.965306 0.000000 0.000000 0.000000 0.000000 1.000000
0.996022 0.088488 -0.010503 -0.000000 -0.088034 0.958893 -0.269768 9.533400 -0.013800 0.269619 0.962868 0.000000 0.000000 0.000000 0.000000 1.000000
0.998339 0.056846 -0.009408 0.000000 -0.057206 0.958333 -0.279868 9.533400 -0.006894 0.279941 0.959993 -0.000000 0.000000 0.000000 0.000000 1.000000
0.999546 0.029131 -0.007734 0.000000 -0.030121 0.956327 -0.290743 9.533400 -0.001073 0.290844 0.956770 0.000000 0.000000 0.000000 0.000000 1.000000
0.999936 0.009546 -0.006105 0.000000 -0.010944 0.953275 -0.301906 9.533400 0.002938 0.301954 0.953318 0.000000 0.000000 0.000000 0.000000 1.000000
0.999987 -0.000150 -0.005133 0.000000 -0.001461 0.949952 -0.312392 9.533400 0.004922 0.312395 0.949940 0.000000 0.000000 0.000000 0.000000 1.000000
0.999985 -0.002484 -0.004876 0.000000 0.000791 0.947299 -0.320351 9.533400 0.005415 0.320342 0.947286 0.000000 0.000000 0.000000 0.000000 1.000000
0.999986 -0.001996 -0.004939 -0.000000 0.000291 0.946219 -0.323528 9.533400 0.005319 0.323522 0.946206 0.000000 0.000000 0.000000 0.000000 1.000000
0.999847 -0.017131 -0.003534 0.000000 0.013563 0.886875 -0.461810 9.533400 0.011045 0.461692 0.886972 0.000000 0.000000 0.000000 0.000000 1.000000
0.998980 -0.044830 0.005324 0.000000 0.036176 0.724362 -0.688470 9.533400 0.027008 0.687961 0.725245 -0.000000 0.000000 0.000000 0.000000 1.000000
0.998200 -0.058481 0.013288 -0.000000 0.046381 0.612337 -0.789235 9.533400 0.038018 0.788431 0.613948 0.000000 0.000000 0.000000 0.000000 1.000000
0.998292 -0.057104 0.012331 0.000000 0.045332 0.624050 -0.780069 9.533400 0.036850 0.779295 0.625572 0.000000 0.000000 0.000000 0.000000 1.000000
0.998538 -0.053165 0.009754 0.000000 0.042269 0.655579 -0.753943 9.533400 0.033689 0.753253 0.656868 0.000000 0.000000 0.000000 0.000000 1.000000
0.998840 -0.047682 0.006658 -0.000000 0.038208 0.700950 -0.712186 9.533400 0.029291 0.711615 0.701959 -0.000000 0.000000 0.000000 0.000000 1.000000
0.999122 -0.041705 0.003907 0.000000 0.034032 0.753821 -0.656198 9.533400 0.024421 0.655755 0.754579 0.000000 0.000000 0.000000 0.000000 1.000000
0.999440 -0.033445 0.000627 -0.000000 0.027402 0.807796 -0.588825 9.533400 0.019187 0.588513 0.808260 0.000000 0.000000 0.000000 0.000000 1.000000
0.999852 -0.016483 -0.004923 0.000000 0.011592 0.857015 -0.515161 9.533400 0.012711 0.515028 0.857079 0.000000 0.000000 0.000000 0.000000 1.000000
0.999813 0.015228 -0.011948 0.000000 -0.018939 0.897056 -0.441512 9.533400 0.003994 0.441655 0.897176 0.000000 0.000000 0.000000 0.000000 1.000000
0.998066 0.059845 -0.016796 0.000000 -0.061783 0.925518 -0.373629 9.533400 -0.006815 0.373944 0.927426 -0.000000 0.000000 0.000000 0.000000 1.000000
0.994079 0.107341 -0.016852 -0.000000 -0.107143 0.942592 -0.316291 9.533400 -0.018067 0.316224 0.948513 -0.000000 0.000000 0.000000 0.000000 1.000000
0.989267 0.145519 -0.013227 -0.000000 -0.143555 0.951038 -0.273711 9.533400 -0.027251 0.272673 0.961721 0.000000 0.000000 0.000000 0.000000 1.000000
0.985932 0.166862 -0.009756 0.000000 -0.163966 0.954185 -0.250292 9.533400 -0.032455 0.248371 0.968121 0.000000 0.000000 0.000000 0.000000 1.000000
0.985449 0.169737 -0.008930 0.000000 -0.166710 0.954959 -0.245481 9.533400 -0.033139 0.243397 0.969360 0.000000 0.000000 0.000000 0.000000 1.000000</float_array>
        <technique_common>
          <accessor source="#mixamorig_LeftHandMiddle1-Matrix-animation-output-transform-array" count="26" stride="16">
            <param type="float4x4"/>
          </accessor>
        </technique_common>
      </source>
      <source id="mixamorig_LeftHandMiddle1-Interpolations">
        <Name_array id="mixamorig_LeftHandMiddle1-Interpolations-array" count="26">
 LINEAR LINEAR LINEAR LINEAR LINEAR LINEAR LINEAR LINEAR LINEAR LINEAR LINEAR
LINEAR LINEAR LINEAR LINEAR LINEAR LINEAR LINEAR LINEAR LINEAR LINEAR LINEAR LINEAR
LINEAR LINEAR LINEAR</Name_array>
        <technique_common>
          <accessor source="#mixamorig_LeftHandMiddle1-Interpolations-array" count="26">
            <param type="name"/>
          </accessor>
        </technique_common>
      </source>
      <sampler id="mixamorig_LeftHandMiddle1-Matrix-animation-transform">
        <input semantic="INPUT" source="#mixamorig_LeftHandMiddle1-Matrix-animation-input"/>
        <input semantic="OUTPUT" source="#mixamorig_LeftHandMiddle1-Matrix-animation-output-transform"/>
        <input semantic="INTERPOLATION" source="#mixamorig_LeftHandMiddle1-Interpolations"/>
      </sampler>
      <channel source="#mixamorig_LeftHandMiddle1-Matrix-animation-transform" target="mixamorig_LeftHandMiddle1/matrix"/>
    </animation>
    <animation id="mixamorig_LeftHandMiddle2-anim" name="mixamorig_LeftHandMiddle2">
      <source id="mixamorig_LeftHandMiddle2-Matrix-animation-input">
        <float_array id="mixamorig_LeftHandMiddle2-Matrix-animation-input-array" count="26">

0.000000 0.033333 0.066667 0.100000 0.133333 0.166667 0.200000 0.233333 0.266667 0.300000 0.333333 0.366667 0.400000 0.433333 0.466667 0.500000
0.533333 0.566667 0.600000 0.633333 0.666667 0.700000 0.733333 0.766667 0.800000 0.833333</float_array>
        <technique_common>
          <accessor source="#mixamorig_LeftHandMiddle2-Matrix-animation-input-array" count="26">
            <param name="TIME" type="float"/>
          </accessor>
        </technique_common>
      </source>
      <source id="mixamorig_LeftHandMiddle2-Matrix-animation-output-transform">
        <float_array id="mixamorig_LeftHandMiddle2-Matrix-animation-output-transform-array" count="416">

0.999604 -0.027951 0.003133 0.000000 0.027105 0.927610 -0.372566 3.700000 0.007507 0.372504 0.928000 0.000000 0.000000 0.000000 0.000000 1.000000
0.999623 -0.027302 0.002931 0.000000 0.026474 0.929916 -0.366817 3.700000 0.007290 0.366756 0.930288 -0.000000 0.000000 0.000000 0.000000 1.000000
0.999658 -0.026040 0.002555 -0.000000 0.025246 0.934295 -0.355606 3.700000 0.006873 0.355548 0.934633 0.000000 0.000000 0.000000 0.000000 1.000000
0.999705 -0.024188 0.002040 0.000000 0.023446 0.940440 -0.339149 3.700000 0.006284 0.339097 0.940730 -0.000000 0.000000 0.000000 0.000000 1.000000
0.999757 -0.022011 0.001502 -0.000000 0.021335 0.947242 -0.319807 3.700000 0.005617 0.319761 0.947481 0.000000 0.000000 0.000000 0.000000 1.000000
0.999801 -0.019915 0.001077 0.000000 0.019315 0.953368 -0.301193 3.700000 0.004972 0.301153 0.953563 0.000000 0.000000 0.000000 0.000000 1.000000
0.999832 -0.018296 0.000815 -0.000000 0.017759 0.957740 -0.287086 3.700000 0.004472 0.287052 0.957904 0.000000 0.000000 0.000000 0.000000 1.000000
0.999845 -0.017593 0.000739 0.000000 0.017092 0.959563 -0.280973 3.700000 0.004234 0.280942 0.959715 0.000000 0.000000 0.000000 0.000000 1.000000
0.999840 -0.017851 0.000815 0.000000 0.017350 0.958815 -0.283500 3.700000 0.004279 0.283469 0.958972 0.000000 0.000000 0.000000 0.000000 1.000000
0.999828 -0.018523 0.000927 0.000000 0.017995 0.956792 -0.290216 3.700000 0.004489 0.290183 0.956961 -0.000000 0.000000 0.000000 0.000000 1.000000
0.999820 -0.018967 0.000915 0.000000 0.018396 0.955546 -0.294268 3.700000 0.004707 0.294231 0.955723 -0.000000 0.000000 0.000000 0.000000 1.000000
0.999374 -0.035032 0.004987 -0.000000 0.033719 0.900070 -0.434440 3.700000 0.010730 0.434336 0.900687 0.000000 0.000000 0.000000 0.000000 1.000000
0.997877 -0.062396 0.018646 -0.000000 0.058970 0.744284 -0.665254 3.700000 0.027631 0.664942 0.746384 0.000000 0.000000 0.000000 0.000000 1.000000
0.996745 -0.075227 0.028977 0.000000 0.070313 0.635433 -0.768948 3.700000 0.039433 0.768482 0.638655 0.000000 0.000000 0.000000 0.000000 1.000000
0.996865 -0.074043 0.027878 0.000000 0.069280 0.646762 -0.759539 3.700000 0.038208 0.759089 0.649864 0.000000 0.000000 0.000000 0.000000 1.000000
0.997185 -0.070712 0.024958 0.000000 0.066359 0.677148 -0.732848 3.700000 0.034921 0.732441 0.679934 0.000000 0.000000 0.000000 0.000000 1.000000
0.997642 -0.065414 0.020768 0.000000 0.061659 0.721375 -0.689795 3.700000 0.030140 0.689449 0.723707 -0.000000 0.000000 0.000000 0.000000 1.000000
0.998169 -0.058343 0.015940 0.000000 0.055296 0.773555 -0.631313 3.700000 0.024502 0.631038 0.775365 -0.000000 0.000000 0.000000 0.000000 1.000000
0.998677 -0.050165 0.011287 -0.000000 0.047822 0.825498 -0.562375 3.700000 0.018895 0.562171 0.826805 0.000000 0.000000 0.000000 0.000000 1.000000
0.999077 -0.042277 0.007619 0.000000 0.040507 0.868102 -0.494731 3.700000 0.014302 0.494583 0.869013 0.000000 0.000000 0.000000 0.000000 1.000000
0.999333 -0.036140 0.005257 0.000000 0.034749 0.896663 -0.441348 3.700000 0.011236 0.441237 0.897320 0.000000 0.000000 0.000000 0.000000 1.000000
0.999471 -0.032273 0.003962 -0.000000 0.031089 0.912803 -0.407216 3.700000 0.009525 0.407123 0.913323 0.000000 0.000000 0.000000 0.000000 1.000000
0.999540 -0.030132 0.003300 -0.000000 0.029048 0.921086 -0.388275 3.700000 0.008660 0.388193 0.921538 -0.000000 0.000000 0.000000 0.000000 1.000000
0.999578 -0.028886 0.002929 0.000000 0.027855 0.925617 -0.377434 3.700000 0.008192 0.377357 0.926032 -0.000000 0.000000 0.000000 0.000000 1.000000
0.999597 -0.028237 0.002746 0.000000 0.027233 0.927918 -0.371787 3.700000 0.007950 0.371712 0.928314 0.000000 0.000000 0.000000 0.000000 1.000000
0.999596 -0.028284 0.002788 0.000000 0.027289 0.927732 -0.372249 3.700000 0.007942 0.372175 0.928129 0.000000 0.000000 0.000000 0.000000 1.000000</float_array>
        <technique_common>
          <accessor source="#mixamorig_LeftHandMiddle2-Matrix-animation-output-transform-array" count="26" stride="16">
            <param type="float4x4"/>
          </accessor>
        </technique_common>
      </source>
      <source id="mixamorig_LeftHandMiddle2-Interpolations">
        <Name_array id="mixamorig_LeftHandMiddle2-Interpolations-array" count="26">
 LINEAR LINEAR LINEAR LINEAR LINEAR LINEAR LINEAR LINEAR LINEAR LINEAR LINEAR
LINEAR LINEAR LINEAR LINEAR LINEAR LINEAR LINEAR LINEAR LINEAR LINEAR LINEAR LINEAR
LINEAR LINEAR LINEAR</Name_array>
        <technique_common>
          <accessor source="#mixamorig_LeftHandMiddle2-Interpolations-array" count="26">
            <param type="name"/>
          </accessor>
        </technique_common>
      </source>
      <sampler id="mixamorig_LeftHandMiddle2-Matrix-animation-transform">
        <input semantic="INPUT" source="#mixamorig_LeftHandMiddle2-Matrix-animation-input"/>
        <input semantic="OUTPUT" source="#mixamorig_LeftHandMiddle2-Matrix-animation-output-transform"/>
        <input semantic="INTERPOLATION" source="#mixamorig_LeftHandMiddle2-Interpolations"/>
      </sampler>
      <channel source="#mixamorig_LeftHandMiddle2-Matrix-animation-transform" target="mixamorig_LeftHandMiddle2/matrix"/>
    </animation>
    <animation id="mixamorig_LeftHandMiddle3-anim" name="mixamorig_LeftHandMiddle3">
      <source id="mixamorig_LeftHandMiddle3-Matrix-animation-input">
        <float_array id="mixamorig_LeftHandMiddle3-Matrix-animation-input-array" count="26">

0.000000 0.033333 0.066667 0.100000 0.133333 0.166667 0.200000 0.233333 0.266667 0.300000 0.333333 0.366667 0.400000 0.433333 0.466667 0.500000
0.533333 0.566667 0.600000 0.633333 0.666667 0.700000 0.733333 0.766667 0.800000 0.833333</float_array>
        <technique_common>
          <accessor source="#mixamorig_LeftHandMiddle3-Matrix-animation-input-array" count="26">
            <param name="TIME" type="float"/>
          </accessor>
        </technique_common>
      </source>
      <source id="mixamorig_LeftHandMiddle3-Matrix-animation-output-transform">
        <float_array id="mixamorig_LeftHandMiddle3-Matrix-animation-output-transform-array" count="416">

1.000000 0.000000 0.000000 0.000000 -0.000000 1.000000 0.000000 2.950000 -0.000000 -0.000000 1.000000 0.000000 0.000000 0.000000 0.000000 1.000000
1.000000 0.000000 0.000000 0.000000 -0.000000 1.000000 -0.000000 2.950000 -0.000000 -0.000000 1.000000 0.000000 0.000000 0.000000 0.000000 1.000000
1.000000 0.000000 0.000000 0.000000 -0.000000 1.000000 -0.000000 2.950000 0.000000 -0.000000 1.000000 0.000000 0.000000 0.000000 0.000000 1.000000
1.000000 0.000000 -0.000000 0.000000 -0.000000 1.000000 -0.000000 2.950000 0.000000 0.000000 1.000000 0.000000 0.000000 0.000000 0.000000 1.000000
1.000000 0.000000 0.000000 0.000000 -0.000000 1.000000 0.000000 2.950000 -0.000000 -0.000000 1.000000 0.000000 0.000000 0.000000 0.000000 1.000000
1.000000 0.000000 0.000000 0.000000 -0.000000 1.000000 0.000000 2.950000 -0.000000 -0.000000 1.000000 0.000000 0.000000 0.000000 0.000000 1.000000
1.000000 0.000000 0.000000 -0.000000 -0.000000 1.000000 0.000000 2.950000 0.000000 0.000000 1.000000 0.000000 0.000000 0.000000 0.000000 1.000000
1.000000 0.000000 0.000000 -0.000000 -0.000000 1.000000 -0.000000 2.950000 -0.000000 -0.000000 1.000000 0.000000 0.000000 0.000000 0.000000 1.000000
1.000000 0.000000 0.000000 -0.000000 -0.000000 1.000000 -0.000000 2.950000 -0.000000 0.000000 1.000000 0.000000 0.000000 0.000000 0.000000 1.000000
1.000000 0.000000 0.000000 0.000000 -0.000000 1.000000 -0.000000 2.950000 -0.000000 -0.000000 1.000000 0.000000 0.000000 0.000000 0.000000 1.000000
1.000000 0.000000 -0.000000 0.000000 -0.000000 1.000000 0.000000 2.950000 0.000000 -0.000000 1.000000 0.000000 0.000000 0.000000 0.000000 1.000000
1.000000 0.000000 -0.000000 -0.000000 -0.000000 1.000000 -0.000000 2.950000 -0.000000 -0.000000 1.000000 0.000000 0.000000 0.000000 0.000000 1.000000
1.000000 0.000000 0.000000 0.000000 -0.000000 1.000000 -0.000000 2.950000 -0.000000 0.000000 1.000000 0.000000 0.000000 0.000000 0.000000 1.000000
1.000000 0.000000 0.000000 0.000000 -0.000000 1.000000 0.000000 2.950000 -0.000000 0.000000 1.000000 -0.000000 0.000000 0.000000 0.000000 1.000000
1.000000 0.000000 0.000000 0.000000 -0.000000 1.000000 -0.000000 2.950000 0.000000 0.000000 1.000000 0.000000 0.000000 0.000000 0.000000 1.000000
1.000000 0.000000 0.000000 0.000000 -0.000000 1.000000 0.000000 2.950000 -0.000000 -0.000000 1.000000 0.000000 0.000000 0.000000 0.000000 1.000000
1.000000 0.000000 0.000000 0.000000 -0.000000 1.000000 0.000000 2.950000 0.000000 0.000000 1.000000 0.000000 0.000000 0.000000 0.000000 1.000000
1.000000 0.000000 -0.000000 0.000000 -0.000000 1.000000 0.000000 2.950000 0.000000 -0.000000 1.000000 0.000000 0.000000 0.000000 0.000000 1.000000
1.000000 0.000000 0.000000 0.000000 -0.000000 1.000000 0.000000 2.950000 -0.000000 -0.000000 1.000000 -0.000000 0.000000 0.000000 0.000000 1.000000
1.000000 0.000000 0.000000 0.000000 -0.000000 1.000000 0.000000 2.950000 0.000000 -0.000000 1.000000 0.000000 0.000000 0.000000 0.000000 1.000000
1.000000 -0.000000 -0.000000 -0.000000 0.000000 1.000000 0.000000 2.950000 0.000000 -0.000000 1.000000 0.000000 0.000000 0.000000 0.000000 1.000000
1.000000 0.000000 -0.000000 0.000000 -0.000000 1.000000 -0.000000 2.950000 0.000000 0.000000 1.000000 0.000000 0.000000 0.000000 0.000000 1.000000
1.000000 0.000000 -0.000000 0.000000 -0.000000 1.000000 -0.000000 2.950000 0.000000 0.000000 1.000000 0.000000 0.000000 0.000000 0.000000 1.000000
1.000000 0.000000 0.000000 -0.000000 -0.000000 1.000000 0.000000 2.950000 -0.000000 -0.000000 1.000000 -0.000000 0.000000 0.000000 0.000000 1.000000
1.000000 0.000000 -0.000000 0.000000 -0.000000 1.000000 -0.000000 2.950000 0.000000 0.000000 1.000000 0.000000 0.000000 0.000000 0.000000 1.000000
1.000000 0.000000 -0.000000 0.000000 -0.000000 1.000000 -0.000000 2.950000 0.000000 0.000000 1.000000 -0.000000 0.000000 0.000000 0.000000 1.000000</float_array>
        <technique_common>
          <accessor source="#mixamorig_LeftHandMiddle3-Matrix-animation-output-transform-array" count="26" stride="16">
            <param type="float4x4"/>
          </accessor>
        </technique_common>
      </source>
      <source id="mixamorig_LeftHandMiddle3-Interpolations">
        <Name_array id="mixamorig_LeftHandMiddle3-Interpolations-array" count="26">
 LINEAR LINEAR LINEAR LINEAR LINEAR LINEAR LINEAR LINEAR LINEAR LINEAR LINEAR
LINEAR LINEAR LINEAR LINEAR LINEAR LINEAR LINEAR LINEAR LINEAR LINEAR LINEAR LINEAR
LINEAR LINEAR LINEAR</Name_array>
        <technique_common>
          <accessor source="#mixamorig_LeftHandMiddle3-Interpolations-array" count="26">
            <param type="name"/>
          </accessor>
        </technique_common>
      </source>
      <sampler id="mixamorig_LeftHandMiddle3-Matrix-animation-transform">
        <input semantic="INPUT" source="#mixamorig_LeftHandMiddle3-Matrix-animation-input"/>
        <input semantic="OUTPUT" source="#mixamorig_LeftHandMiddle3-Matrix-animation-output-transform"/>
        <input semantic="INTERPOLATION" source="#mixamorig_LeftHandMiddle3-Interpolations"/>
      </sampler>
      <channel source="#mixamorig_LeftHandMiddle3-Matrix-animation-transform" target="mixamorig_LeftHandMiddle3/matrix"/>
    </animation>
    <animation id="mixamorig_LeftHandRing1-anim" name="mixamorig_LeftHandRing1">
      <source id="mixamorig_LeftHandRing1-Matrix-animation-input">
        <float_array id="mixamorig_LeftHandRing1-Matrix-animation-input-array" count="26">

0.000000 0.033333 0.066667 0.100000 0.133333 0.166667 0.200000 0.233333 0.266667 0.300000 0.333333 0.366667 0.400000 0.433333 0.466667 0.500000
0.533333 0.566667 0.600000 0.633333 0.666667 0.700000 0.733333 0.766667 0.800000 0.833333</float_array>
        <technique_common>
          <accessor source="#mixamorig_LeftHandRing1-Matrix-animation-input-array" count="26">
            <param name="TIME" type="float"/>
          </accessor>
        </technique_common>
      </source>
      <source id="mixamorig_LeftHandRing1-Matrix-animation-output-transform">
        <float_array id="mixamorig_LeftHandRing1-Matrix-animation-output-transform-array" count="416">

0.965374 0.242983 -0.094931 1.865100 -0.257168 0.825345 -0.502663 9.104500 -0.043788 0.509672 0.859254 0.043000 0.000000 0.000000 0.000000 1.000000
0.966826 0.238030 -0.092674 1.865100 -0.252115 0.830937 -0.495966 9.104500 -0.041048 0.502878 0.863382 0.043000 0.000000 0.000000 0.000000 1.000000
0.969867 0.227351 -0.087572 1.865100 -0.240965 0.842089 -0.482515 9.104500 -0.035957 0.489078 0.871499 0.043000 0.000000 0.000000 0.000000 1.000000
0.974096 0.211700 -0.079496 1.865100 -0.224171 0.857789 -0.462541 9.104500 -0.029729 0.468380 0.883027 0.043000 0.000000 0.000000 0.000000 1.000000
0.978734 0.193187 -0.068982 1.865100 -0.203682 0.875277 -0.438638 9.104500 -0.024361 0.443360 0.896012 0.043000 0.000000 0.000000 0.000000 1.000000
0.982957 0.174681 -0.057285 1.865100 -0.182581 0.891337 -0.414948 9.104500 -0.021423 0.418335 0.908040 0.043000 0.000000 0.000000 0.000000 1.000000
0.986180 0.159112 -0.046174 1.865100 -0.164301 0.903408 -0.396055 9.104500 -0.021304 0.398168 0.917065 0.043000 0.000000 0.000000 0.000000 1.000000
0.988090 0.149178 -0.037741 1.865100 -0.152101 0.909684 -0.386445 9.104500 -0.023317 0.387583 0.921540 0.043000 0.000000 0.000000 0.000000 1.000000
0.988763 0.145744 -0.033260 1.865100 -0.147180 0.910115 -0.387335 9.104500 -0.026181 0.387878 0.921339 0.043000 0.000000 0.000000 0.000000 1.000000
0.988691 0.146514 -0.032006 1.865100 -0.147205 0.907325 -0.393817 9.104500 -0.028660 0.394074 0.918632 0.043000 0.000000 0.000000 0.000000 1.000000
0.988500 0.147776 -0.032106 1.865100 -0.148266 0.905295 -0.398069 9.104500 -0.029760 0.398251 0.916794 0.043000 0.000000 0.000000 0.000000 1.000000
0.989913 0.131551 -0.052600 1.865100 -0.139313 0.836272 -0.530321 9.104500 -0.025777 0.532300 0.846163 0.043000 0.000000 0.000000 0.000000 1.000000
0.992045 0.095707 -0.081777 1.865100 -0.124728 0.659350 -0.741418 9.104500 -0.017039 0.745720 0.666042 0.043000 0.000000 0.000000 0.000000 1.000000
0.992927 0.074592 -0.092371 1.865100 -0.118115 0.541615 -0.832287 9.104500 -0.012052 0.837311 0.546594 0.043000 0.000000 0.000000 0.000000 1.000000
0.992846 0.075983 -0.092108 1.865100 -0.118838 0.553818 -0.824113 9.104500 -0.011608 0.829163 0.558886 0.043000 0.000000 0.000000 0.000000 1.000000
0.992623 0.079835 -0.091250 1.865100 -0.120798 0.586678 -0.800760 9.104500 -0.010395 0.805875 0.591994 0.043000 0.000000 0.000000 0.000000 1.000000
0.992392 0.085224 -0.088852 1.865100 -0.122820 0.635205 -0.762515 9.104500 -0.008546 0.767627 0.640840 0.043000 0.000000 0.000000 0.000000 1.000000
0.992283 0.091073 -0.084146 1.865100 -0.123838 0.693666 -0.709571 9.104500 -0.006253 0.714516 0.699591 0.043000 0.000000 0.000000 0.000000 1.000000
0.992065 0.097938 -0.078839 1.865100 -0.125665 0.752613 -0.646361 9.104500 -0.003968 0.651139 0.758948 0.043000 0.000000 0.000000 0.000000 1.000000
0.990957 0.109796 -0.077126 1.865100 -0.134153 0.799844 -0.585024 9.104500 -0.002545 0.590080 0.807341 0.043000 0.000000 0.000000 0.000000 1.000000
0.988006 0.131363 -0.081165 1.865100 -0.154370 0.827722 -0.539488 9.104500 -0.003687 0.545546 0.838072 0.043000 0.000000 0.000000 0.000000 1.000000
0.982790 0.162361 -0.088107 1.865100 -0.184467 0.837286 -0.514708 9.104500 -0.009798 0.522103 0.852826 0.043000 0.000000 0.000000 0.000000 1.000000
0.976112 0.196198 -0.093335 1.865100 -0.216234 0.835424 -0.505282 9.104500 -0.021161 0.513394 0.857892 0.043000 0.000000 0.000000 0.000000 1.000000
0.969974 0.223953 -0.094845 1.865100 -0.240860 0.830482 -0.502281 9.104500 -0.033720 0.510044 0.859487 0.043000 0.000000 0.000000 0.000000 1.000000
0.966240 0.239713 -0.094430 1.865100 -0.254190 0.827161 -0.501190 9.104500 -0.042033 0.508274 0.860169 0.043000 0.000000 0.000000 0.000000 1.000000
0.965552 0.242587 -0.094131 1.865100 -0.256469 0.826102 -0.501776 9.104500 -0.043962 0.508633 0.859861 0.043000 0.000000 0.000000 0.000000 1.000000</float_array>
        <technique_common>
          <accessor source="#mixamorig_LeftHandRing1-Matrix-animation-output-transform-array" count="26" stride="16">
            <param type="float4x4"/>
          </accessor>
        </technique_common>
      </source>
      <source id="mixamorig_LeftHandRing1-Interpolations">
        <Name_array id="mixamorig_LeftHandRing1-Interpolations-array" count="26">
 LINEAR LINEAR LINEAR LINEAR LINEAR LINEAR LINEAR LINEAR LINEAR LINEAR LINEAR
LINEAR LINEAR LINEAR LINEAR LINEAR LINEAR LINEAR LINEAR LINEAR LINEAR LINEAR LINEAR
LINEAR LINEAR LINEAR</Name_array>
        <technique_common>
          <accessor source="#mixamorig_LeftHandRing1-Interpolations-array" count="26">
            <param type="name"/>
          </accessor>
        </technique_common>
      </source>
      <sampler id="mixamorig_LeftHandRing1-Matrix-animation-transform">
        <input semantic="INPUT" source="#mixamorig_LeftHandRing1-Matrix-animation-input"/>
        <input semantic="OUTPUT" source="#mixamorig_LeftHandRing1-Matrix-animation-output-transform"/>
        <input semantic="INTERPOLATION" source="#mixamorig_LeftHandRing1-Interpolations"/>
      </sampler>
      <channel source="#mixamorig_LeftHandRing1-Matrix-animation-transform" target="mixamorig_LeftHandRing1/matrix"/>
    </animation>
    <animation id="mixamorig_LeftHandRing2-anim" name="mixamorig_LeftHandRing2">
      <source id="mixamorig_LeftHandRing2-Matrix-animation-input">
        <float_array id="mixamorig_LeftHandRing2-Matrix-animation-input-array" count="26">

0.000000 0.033333 0.066667 0.100000 0.133333 0.166667 0.200000 0.233333 0.266667 0.300000 0.333333 0.366667 0.400000 0.433333 0.466667 0.500000
0.533333 0.566667 0.600000 0.633333 0.666667 0.700000 0.733333 0.766667 0.800000 0.833333</float_array>
        <technique_common>
          <accessor source="#mixamorig_LeftHandRing2-Matrix-animation-input-array" count="26">
            <param name="TIME" type="float"/>
          </accessor>
        </technique_common>
      </source>
      <source id="mixamorig_LeftHandRing2-Matrix-animation-output-transform">
        <float_array id="mixamorig_LeftHandRing2-Matrix-animation-output-transform-array" count="416">

0.998836 -0.045410 0.016244 0.000000 0.047118 0.846994 -0.529511 3.150000 0.010286 0.529660 0.848148 0.000000 0.000000 0.000000 0.000000 1.000000
0.998870 -0.044834 0.015772 -0.000000 0.046505 0.853532 -0.518961 3.150000 0.009805 0.519108 0.854652 0.000000 0.000000 0.000000 0.000000 1.000000
0.998939 -0.043669 0.014657 0.000000 0.045177 0.866673 -0.496826 3.150000 0.008993 0.496961 0.867726 0.000000 0.000000 0.000000 0.000000 1.000000
0.999036 -0.041910 0.013077 -0.000000 0.043192 0.884857 -0.463856 3.150000 0.007869 0.463973 0.885814 0.000000 0.000000 0.000000 0.000000 1.000000
0.999145 -0.039761 0.011306 -0.000000 0.040800 0.904659 -0.424178 3.150000 0.006638 0.424276 0.905508 0.000000 0.000000 0.000000 0.000000 1.000000
0.999248 -0.037564 0.009655 0.000000 0.038389 0.922447 -0.384211 3.150000 0.005526 0.384292 0.923195 0.000000 0.000000 0.000000 0.000000 1.000000
0.999327 -0.035716 0.008393 0.000000 0.036388 0.935665 -0.351009 3.150000 0.004684 0.351078 0.936335 0.000000 0.000000 0.000000 0.000000 1.000000
0.999371 -0.034618 0.007654 0.000000 0.035198 0.942839 -0.331385 3.150000 0.004256 0.331446 0.943465 0.000000 0.000000 0.000000 0.000000 1.000000
0.999380 -0.034388 0.007492 -0.000000 0.034944 0.944202 -0.327508 3.150000 0.004189 0.327567 0.944819 0.000000 0.000000 0.000000 0.000000 1.000000
0.999368 -0.034708 0.007701 -0.000000 0.035291 0.942249 -0.333048 3.150000 0.004303 0.333109 0.942878 0.000000 0.000000 0.000000 0.000000 1.000000
0.999357 -0.034978 0.007945 0.000000 0.035606 0.940591 -0.337669 3.150000 0.004338 0.337735 0.941231 0.000000 0.000000 0.000000 0.000000 1.000000
0.998997 -0.042587 0.013841 0.000000 0.044039 0.878402 -0.475889 3.150000 0.008109 0.476022 0.879396 0.000000 0.000000 0.000000 0.000000 1.000000
0.998168 -0.053927 0.027449 -0.000000 0.057710 0.711956 -0.699849 3.150000 0.018198 0.700151 0.713763 0.000000 0.000000 0.000000 0.000000 1.000000
0.997650 -0.058335 0.035929 0.000000 0.063755 0.598487 -0.798591 3.150000 0.025083 0.799006 0.600800 0.000000 0.000000 0.000000 0.000000 1.000000
0.997701 -0.057980 0.035085 -0.000000 0.063230 0.610153 -0.789756 3.150000 0.024383 0.790159 0.612417 -0.000000 0.000000 0.000000 0.000000 1.000000
0.997842 -0.056898 0.032775 -0.000000 0.061693 0.641466 -0.764667 3.150000 0.022484 0.765038 0.643592 0.000000 0.000000 0.000000 0.000000 1.000000
0.998056 -0.055018 0.029287 -0.000000 0.059144 0.687726 -0.723557 3.150000 0.019667 0.723883 0.689643 0.000000 0.000000 0.000000 0.000000 1.000000
0.998321 -0.052267 0.024980 0.000000 0.055598 0.743351 -0.666587 3.150000 0.016272 0.666857 0.745008 -0.000000 0.000000 0.000000 0.000000 1.000000
0.998591 -0.048907 0.020578 0.000000 0.051466 0.798446 -0.599863 3.150000 0.012907 0.600077 0.799838 -0.000000 0.000000 0.000000 0.000000 1.000000
0.998804 -0.045806 0.017106 -0.000000 0.047788 0.840448 -0.539781 3.150000 0.010348 0.539953 0.841631 0.000000 0.000000 0.000000 0.000000 1.000000
0.998917 -0.043967 0.015234 0.000000 0.045649 0.862506 -0.503984 3.150000 0.009019 0.504134 0.863578 0.000000 0.000000 0.000000 0.000000 1.000000
0.998937 -0.043635 0.014892 0.000000 0.045269 0.866900 -0.496422 3.150000 0.008751 0.496569 0.867953 0.000000 0.000000 0.000000 0.000000 1.000000
0.998902 -0.044245 0.015390 -0.000000 0.045942 0.861104 -0.506349 3.150000 0.009151 0.506500 0.862191 0.000000 0.000000 0.000000 0.000000 1.000000
0.998863 -0.044909 0.015988 0.000000 0.046683 0.853589 -0.518852 3.150000 0.009654 0.519008 0.854715 -0.000000 0.000000 0.000000 0.000000 1.000000
0.998840 -0.045291 0.016374 0.000000 0.047125 0.849045 -0.526214 3.150000 0.009931 0.526375 0.850195 0.000000 0.000000 0.000000 0.000000 1.000000
0.998830 -0.045444 0.016515 0.000000 0.047296 0.847241 -0.529099 3.150000 0.010052 0.529261 0.848399 -0.000000 0.000000 0.000000 0.000000 1.000000</float_array>
        <technique_common>
          <accessor source="#mixamorig_LeftHandRing2-Matrix-animation-output-transform-array" count="26" stride="16">
            <param type="float4x4"/>
          </accessor>
        </technique_common>
      </source>
      <source id="mixamorig_LeftHandRing2-Interpolations">
        <Name_array id="mixamorig_LeftHandRing2-Interpolations-array" count="26">
 LINEAR LINEAR LINEAR LINEAR LINEAR LINEAR LINEAR LINEAR LINEAR LINEAR LINEAR
LINEAR LINEAR LINEAR LINEAR LINEAR LINEAR LINEAR LINEAR LINEAR LINEAR LINEAR LINEAR
LINEAR LINEAR LINEAR</Name_array>
        <technique_common>
          <accessor source="#mixamorig_LeftHandRing2-Interpolations-array" count="26">
            <param type="name"/>
          </accessor>
        </technique_common>
      </source>
      <sampler id="mixamorig_LeftHandRing2-Matrix-animation-transform">
        <input semantic="INPUT" source="#mixamorig_LeftHandRing2-Matrix-animation-input"/>
        <input semantic="OUTPUT" source="#mixamorig_LeftHandRing2-Matrix-animation-output-transform"/>
        <input semantic="INTERPOLATION" source="#mixamorig_LeftHandRing2-Interpolations"/>
      </sampler>
      <channel source="#mixamorig_LeftHandRing2-Matrix-animation-transform" target="mixamorig_LeftHandRing2/matrix"/>
    </animation>
    <animation id="mixamorig_LeftHandRing3-anim" name="mixamorig_LeftHandRing3">
      <source id="mixamorig_LeftHandRing3-Matrix-animation-input">
        <float_array id="mixamorig_LeftHandRing3-Matrix-animation-input-array" count="26">

0.000000 0.033333 0.066667 0.100000 0.133333 0.166667 0.200000 0.233333 0.266667 0.300000 0.333333 0.366667 0.400000 0.433333 0.466667 0.500000
0.533333 0.566667 0.600000 0.633333 0.666667 0.700000 0.733333 0.766667 0.800000 0.833333</float_array>
        <technique_common>
          <accessor source="#mixamorig_LeftHandRing3-Matrix-animation-input-array" count="26">
            <param name="TIME" type="float"/>
          </accessor>
        </technique_common>
      </source>
      <source id="mixamorig_LeftHandRing3-Matrix-animation-output-transform">
        <float_array id="mixamorig_LeftHandRing3-Matrix-animation-output-transform-array" count="416">

1.000000 -0.000000 -0.000000 0.000000 0.000000 1.000000 -0.000000 2.950000 0.000000 0.000000 1.000000 0.000000 0.000000 0.000000 0.000000 1.000000
1.000000 0.000000 0.000000 0.000000 0.000000 1.000000 -0.000000 2.950000 0.000000 0.000000 1.000000 0.000000 0.000000 0.000000 0.000000 1.000000
1.000000 0.000000 0.000000 -0.000000 -0.000000 1.000000 0.000000 2.950000 0.000000 0.000000 1.000000 0.000000 0.000000 0.000000 0.000000 1.000000
1.000000 0.000000 0.000000 0.000000 0.000000 1.000000 -0.000000 2.950000 0.000000 0.000000 1.000000 0.000000 0.000000 0.000000 0.000000 1.000000
1.000000 0.000000 0.000000 0.000000 -0.000000 1.000000 -0.000000 2.950000 -0.000000 0.000000 1.000000 0.000000 0.000000 0.000000 0.000000 1.000000
1.000000 0.000000 0.000000 0.000000 0.000000 1.000000 0.000000 2.950000 -0.000000 0.000000 1.000000 0.000000 0.000000 0.000000 0.000000 1.000000
1.000000 0.000000 0.000000 -0.000000 0.000000 1.000000 0.000000 2.950000 -0.000000 -0.000000 1.000000 0.000000 0.000000 0.000000 0.000000 1.000000
1.000000 -0.000000 0.000000 0.000000 0.000000 1.000000 0.000000 2.950000 -0.000000 0.000000 1.000000 0.000000 0.000000 0.000000 0.000000 1.000000
1.000000 0.000000 0.000000 -0.000000 -0.000000 1.000000 0.000000 2.950000 -0.000000 -0.000000 1.000000 0.000000 0.000000 0.000000 0.000000 1.000000
1.000000 -0.000000 0.000000 0.000000 0.000000 1.000000 -0.000000 2.950000 -0.000000 0.000000 1.000000 0.000000 0.000000 0.000000 0.000000 1.000000
1.000000 -0.000000 0.000000 0.000000 -0.000000 1.000000 -0.000000 2.950000 -0.000000 0.000000 1.000000 0.000000 0.000000 0.000000 0.000000 1.000000
1.000000 0.000000 0.000000 0.000000 0.000000 1.000000 0.000000 2.950000 0.000000 0.000000 1.000000 -0.000000 0.000000 0.000000 0.000000 1.000000
1.000000 0.000000 -0.000000 -0.000000 -0.000000 1.000000 -0.000000 2.950000 -0.000000 0.000000 1.000000 0.000000 0.000000 0.000000 0.000000 1.000000
1.000000 -0.000000 0.000000 0.000000 0.000000 1.000000 0.000000 2.950000 -0.000000 -0.000000 1.000000 0.000000 0.000000 0.000000 0.000000 1.000000
1.000000 0.000000 0.000000 0.000000 -0.000000 1.000000 0.000000 2.950000 0.000000 -0.000000 1.000000 0.000000 0.000000 0.000000 0.000000 1.000000
1.000000 0.000000 -0.000000 -0.000000 -0.000000 1.000000 -0.000000 2.950000 0.000000 -0.000000 1.000000 0.000000 0.000000 0.000000 0.000000 1.000000
1.000000 0.000000 0.000000 0.000000 -0.000000 1.000000 -0.000000 2.950000 -0.000000 0.000000 1.000000 0.000000 0.000000 0.000000 0.000000 1.000000
1.000000 0.000000 0.000000 0.000000 -0.000000 1.000000 -0.000000 2.950000 -0.000000 0.000000 1.000000 0.000000 0.000000 0.000000 0.000000 1.000000
1.000000 0.000000 -0.000000 0.000000 -0.000000 1.000000 -0.000000 2.950000 0.000000 0.000000 1.000000 -0.000000 0.000000 0.000000 0.000000 1.000000
1.000000 0.000000 0.000000 -0.000000 0.000000 1.000000 0.000000 2.950000 -0.000000 -0.000000 1.000000 -0.000000 0.000000 0.000000 0.000000 1.000000
1.000000 -0.000000 0.000000 0.000000 0.000000 1.000000 0.000000 2.950000 0.000000 0.000000 1.000000 -0.000000 0.000000 0.000000 0.000000 1.000000
1.000000 0.000000 -0.000000 0.000000 0.000000 1.000000 -0.000000 2.950000 -0.000000 0.000000 1.000000 0.000000 0.000000 0.000000 0.000000 1.000000
1.000000 0.000000 -0.000000 0.000000 -0.000000 1.000000 -0.000000 2.950000 0.000000 0.000000 1.000000 0.000000 0.000000 0.000000 0.000000 1.000000
1.000000 -0.000000 0.000000 0.000000 0.000000 1.000000 0.000000 2.950000 -0.000000 -0.000000 1.000000 0.000000 0.000000 0.000000 0.000000 1.000000
1.000000 -0.000000 0.000000 0.000000 0.000000 1.000000 0.000000 2.950000 -0.000000 -0.000000 1.000000 0.000000 0.000000 0.000000 0.000000 1.000000
1.000000 0.000000 0.000000 0.000000 0.000000 1.000000 0.000000 2.950000 -0.000000 -0.000000 1.000000 0.000000 0.000000 0.000000 0.000000 1.000000</float_array>
        <technique_common>
          <accessor source="#mixamorig_LeftHandRing3-Matrix-animation-output-transform-array" count="26" stride="16">
            <param type="float4x4"/>
          </accessor>
        </technique_common>
      </source>
      <source id="mixamorig_LeftHandRing3-Interpolations">
        <Name_array id="mixamorig_LeftHandRing3-Interpolations-array" count="26">
 LINEAR LINEAR LINEAR LINEAR LINEAR LINEAR LINEAR LINEAR LINEAR LINEAR LINEAR
LINEAR LINEAR LINEAR LINEAR LINEAR LINEAR LINEAR LINEAR LINEAR LINEAR LINEAR LINEAR
LINEAR LINEAR LINEAR</Name_array>
        <technique_common>
          <accessor source="#mixamorig_LeftHandRing3-Interpolations-array" count="26">
            <param type="name"/>
          </accessor>
        </technique_common>
      </source>
      <sampler id="mixamorig_LeftHandRing3-Matrix-animation-transform">
        <input semantic="INPUT" source="#mixamorig_LeftHandRing3-Matrix-animation-input"/>
        <input semantic="OUTPUT" source="#mixamorig_LeftHandRing3-Matrix-animation-output-transform"/>
        <input semantic="INTERPOLATION" source="#mixamorig_LeftHandRing3-Interpolations"/>
      </sampler>
      <channel source="#mixamorig_LeftHandRing3-Matrix-animation-transform" target="mixamorig_LeftHandRing3/matrix"/>
    </animation>
    <animation id="mixamorig_LeftHandPinky1-anim" name="mixamorig_LeftHandPinky1">
      <source id="mixamorig_LeftHandPinky1-Matrix-animation-input">
        <float_array id="mixamorig_LeftHandPinky1-Matrix-animation-input-array" count="26">

0.000000 0.033333 0.066667 0.100000 0.133333 0.166667 0.200000 0.233333 0.266667 0.300000 0.333333 0.366667 0.400000 0.433333 0.466667 0.500000
0.533333 0.566667 0.600000 0.633333 0.666667 0.700000 0.733333 0.766667 0.800000 0.833333</float_array>
        <technique_common>
          <accessor source="#mixamorig_LeftHandPinky1-Matrix-animation-input-array" count="26">
            <param name="TIME" type="float"/>
          </accessor>
        </technique_common>
      </source>
      <source id="mixamorig_LeftHandPinky1-Matrix-animation-output-transform">
        <float_array id="mixamorig_LeftHandPinky1-Matrix-animation-output-transform-array" count="416">

0.945818 0.300937 -0.121922 3.806300 -0.317301 0.776954 -0.543749 8.077800 -0.068907 0.552973 0.830345 0.486900 0.000000 0.000000 0.000000 1.000000
0.946420 0.300484 -0.118313 3.806300 -0.315953 0.785788 -0.531705 8.077800 -0.066800 0.540598 0.838625 0.486900 0.000000 0.000000 0.000000 1.000000
0.947426 0.300528 -0.109848 3.806300 -0.313524 0.803320 -0.506339 8.077800 -0.063926 0.514159 0.855310 0.486900 0.000000 0.000000 0.000000 1.000000
0.948931 0.300292 -0.096715 3.806300 -0.309600 0.827472 -0.468443 8.077800 -0.060641 0.474463 0.878184 0.486900 0.000000 0.000000 0.000000 1.000000
0.950671 0.299723 -0.079937 3.806300 -0.304640 0.853528 -0.422710 8.077800 -0.058467 0.426210 0.902733 0.486900 0.000000 0.000000 0.000000 1.000000
0.952138 0.299427 -0.061461 3.806300 -0.299944 0.876490 -0.376562 8.077800 -0.058883 0.376973 0.924351 0.486900 0.000000 0.000000 0.000000 1.000000
0.952799 0.300412 -0.043891 3.806300 -0.297115 0.892920 -0.338254 8.077800 -0.062424 0.335329 0.940031 0.486900 0.000000 0.000000 0.000000 1.000000
0.952240 0.303851 -0.030229 3.806300 -0.297519 0.900979 -0.315782 8.077800 -0.068715 0.309694 0.948350 0.486900 0.000000 0.000000 0.000000 1.000000
0.950553 0.309757 -0.022349 3.806300 -0.301017 0.901245 -0.311684 8.077800 -0.076404 0.302999 0.949923 0.486900 0.000000 0.000000 0.000000 1.000000
0.948616 0.315831 -0.019446 3.806300 -0.305312 0.897410 -0.318496 8.077800 -0.083140 0.308067 0.947725 0.486900 0.000000 0.000000 0.000000 1.000000
0.947657 0.318713 -0.019202 3.806300 -0.307465 0.894689 -0.324031 8.077800 -0.086093 0.312975 0.945851 0.486900 0.000000 0.000000 0.000000 1.000000
0.949882 0.305837 -0.064718 3.806300 -0.300701 0.837308 -0.456612 8.077800 -0.085460 0.453188 0.887309 0.486900 0.000000 0.000000 0.000000 1.000000
0.952735 0.270358 -0.138573 3.806300 -0.290905 0.680372 -0.672658 8.077800 -0.087577 0.681176 0.726862 0.486900 0.000000 0.000000 0.000000 1.000000
0.953814 0.246456 -0.171751 3.806300 -0.286227 0.572090 -0.768627 8.077800 -0.091176 0.782286 0.616210 0.486900 0.000000 0.000000 0.000000 1.000000
0.953989 0.246859 -0.170191 3.806300 -0.286592 0.583859 -0.759588 8.077800 -0.088144 0.773414 0.627743 0.486900 0.000000 0.000000 0.000000 1.000000
0.954519 0.247868 -0.165698 3.806300 -0.287231 0.615436 -0.733987 8.077800 -0.079955 0.748198 0.658640 0.486900 0.000000 0.000000 0.000000 1.000000
0.955607 0.248922 -0.157651 3.806300 -0.286728 0.662419 -0.692089 8.077800 -0.067845 0.706568 0.704385 0.486900 0.000000 0.000000 0.000000 1.000000
0.957445 0.249209 -0.145581 3.806300 -0.283654 0.719389 -0.634050 8.077800 -0.053281 0.648363 0.759465 0.486900 0.000000 0.000000 0.000000 1.000000
0.959586 0.248700 -0.131695 3.806300 -0.278729 0.775414 -0.566607 8.077800 -0.038797 0.580416 0.813396 0.486900 0.000000 0.000000 0.000000 1.000000
0.960660 0.249823 -0.121329 3.806300 -0.276315 0.815761 -0.508118 8.077800 -0.027964 0.521653 0.852699 0.486900 0.000000 0.000000 0.000000 1.000000
0.959384 0.256168 -0.118152 3.806300 -0.281061 0.832011 -0.478291 8.077800 -0.024219 0.492073 0.870217 0.486900 0.000000 0.000000 0.000000 1.000000
0.955856 0.268150 -0.120146 3.806300 -0.292334 0.826541 -0.481011 8.077800 -0.029678 0.494899 0.868443 0.486900 0.000000 0.000000 0.000000 1.000000
0.951549 0.282034 -0.122520 3.806300 -0.304509 0.808854 -0.503020 8.077800 -0.042768 0.515957 0.855546 0.486900 0.000000 0.000000 0.000000 1.000000
0.948156 0.293215 -0.122581 3.806300 -0.312609 0.791005 -0.525915 8.077800 -0.057244 0.536969 0.841658 0.486900 0.000000 0.000000 0.000000 1.000000
0.946352 0.299428 -0.121497 3.806300 -0.316186 0.780469 -0.539347 8.077800 -0.066671 0.548827 0.833273 0.486900 0.000000 0.000000 0.000000 1.000000
0.945978 0.300665 -0.121350 3.806300 -0.316775 0.777257 -0.543622 8.077800 -0.069128 0.552696 0.830511 0.486900 0.000000 0.000000 0.000000 1.000000</float_array>
        <technique_common>
          <accessor source="#mixamorig_LeftHandPinky1-Matrix-animation-output-transform-array" count="26" stride="16">
            <param type="float4x4"/>
          </accessor>
        </technique_common>
      </source>
      <source id="mixamorig_LeftHandPinky1-Interpolations">
        <Name_array id="mixamorig_LeftHandPinky1-Interpolations-array" count="26">
 LINEAR LINEAR LINEAR LINEAR LINEAR LINEAR LINEAR LINEAR LINEAR LINEAR LINEAR
LINEAR LINEAR LINEAR LINEAR LINEAR LINEAR LINEAR LINEAR LINEAR LINEAR LINEAR LINEAR
LINEAR LINEAR LINEAR</Name_array>
        <technique_common>
          <accessor source="#mixamorig_LeftHandPinky1-Interpolations-array" count="26">
            <param type="name"/>
          </accessor>
        </technique_common>
      </source>
      <sampler id="mixamorig_LeftHandPinky1-Matrix-animation-transform">
        <input semantic="INPUT" source="#mixamorig_LeftHandPinky1-Matrix-animation-input"/>
        <input semantic="OUTPUT" source="#mixamorig_LeftHandPinky1-Matrix-animation-output-transform"/>
        <input semantic="INTERPOLATION" source="#mixamorig_LeftHandPinky1-Interpolations"/>
      </sampler>
      <channel source="#mixamorig_LeftHandPinky1-Matrix-animation-transform" target="mixamorig_LeftHandPinky1/matrix"/>
    </animation>
    <animation id="mixamorig_LeftHandPinky2-anim" name="mixamorig_LeftHandPinky2">
      <source id="mixamorig_LeftHandPinky2-Matrix-animation-input">
        <float_array id="mixamorig_LeftHandPinky2-Matrix-animation-input-array" count="26">

0.000000 0.033333 0.066667 0.100000 0.133333 0.166667 0.200000 0.233333 0.266667 0.300000 0.333333 0.366667 0.400000 0.433333 0.466667 0.500000
0.533333 0.566667 0.600000 0.633333 0.666667 0.700000 0.733333 0.766667 0.800000 0.833333</float_array>
        <technique_common>
          <accessor source="#mixamorig_LeftHandPinky2-Matrix-animation-input-array" count="26">
            <param name="TIME" type="float"/>
          </accessor>
        </technique_common>
      </source>
      <source id="mixamorig_LeftHandPinky2-Matrix-animation-output-transform">
        <float_array id="mixamorig_LeftHandPinky2-Matrix-animation-output-transform-array" count="416">

0.994845 -0.085635 0.054323 0.000000 0.100667 0.769107 -0.631143 3.600000 0.012268 0.633357 0.773762 0.000000 0.000000 0.000000 0.000000 1.000000
0.994864 -0.085984 0.053416 0.000000 0.100497 0.775808 -0.622915 3.600000 0.012120 0.625083 0.780464 0.000000 0.000000 0.000000 0.000000 1.000000
0.994903 -0.086670 0.051547 -0.000000 0.100146 0.789285 -0.605806 3.600000 0.011820 0.607880 0.793941 -0.000000 0.000000 0.000000 0.000000 1.000000
0.994960 -0.087602 0.048787 -0.000000 0.099621 0.808311 -0.580266 3.600000 0.011397 0.582202 0.812964 0.000000 0.000000 0.000000 0.000000 1.000000
0.995029 -0.088582 0.045507 0.000000 0.098987 0.829631 -0.549467 3.600000 0.010919 0.551241 0.834275 0.000000 0.000000 0.000000 0.000000 1.000000
0.995097 -0.089422 0.042256 0.000000 0.098347 0.849420 -0.518473 3.600000 0.010470 0.520086 0.854050 0.000000 0.000000 0.000000 0.000000 1.000000
0.995152 -0.090015 0.039610 0.000000 0.097821 0.864551 -0.492932 3.600000 0.010126 0.494417 0.869166 -0.000000 0.000000 0.000000 0.000000 1.000000
0.995183 -0.090314 0.038136 -0.000000 0.097532 0.872733 -0.478357 3.600000 0.009920 0.479772 0.877337 -0.000000 0.000000 0.000000 0.000000 1.000000
0.995186 -0.090358 0.037958 0.000000 0.097508 0.873780 -0.476447 3.600000 0.009884 0.477854 0.878384 -0.000000 0.000000 0.000000 0.000000 1.000000
0.995174 -0.090262 0.038496 0.000000 0.097621 0.870791 -0.481864 3.600000 0.009972 0.483297 0.875400 0.000000 0.000000 0.000000 0.000000 1.000000
0.995163 -0.090203 0.038899 0.000000 0.097718 0.868493 -0.485974 3.600000 0.010053 0.487424 0.873107 0.000000 0.000000 0.000000 0.000000 1.000000
0.994874 -0.086528 0.052339 0.000000 0.100428 0.784666 -0.611730 3.600000 0.011863 0.613850 0.789333 0.000000 0.000000 0.000000 0.000000 1.000000
0.994388 -0.074557 0.075062 -0.000000 0.104556 0.584182 -0.804860 3.600000 0.016158 0.808191 0.588699 0.000000 0.000000 0.000000 0.000000 1.000000
0.994166 -0.065607 0.085617 -0.000000 0.106197 0.456364 -0.883433 3.600000 0.018887 0.887371 0.460668 -0.000000 0.000000 0.000000 0.000000 1.000000
0.994193 -0.066501 0.084599 0.000000 0.105989 0.469312 -0.876649 3.600000 0.018595 0.880525 0.473635 -0.000000 0.000000 0.000000 0.000000 1.000000
0.994257 -0.068962 0.081834 -0.000000 0.105520 0.504310 -0.857051 3.600000 0.017834 0.860765 0.508690 0.000000 0.000000 0.000000 0.000000 1.000000
0.994354 -0.072557 0.077427 -0.000000 0.104787 0.556524 -0.824197 3.600000 0.016711 0.827657 0.560986 0.000000 0.000000 0.000000 0.000000 1.000000
0.994483 -0.076765 0.071488 0.000000 0.103770 0.620325 -0.777450 3.600000 0.015335 0.780579 0.624869 0.000000 0.000000 0.000000 0.000000 1.000000
0.994630 -0.080808 0.064662 0.000000 0.102553 0.685472 -0.720840 3.600000 0.013926 0.723601 0.690078 0.000000 0.000000 0.000000 0.000000 1.000000
0.994762 -0.083850 0.058467 0.000000 0.101417 0.737973 -0.667166 3.600000 0.012794 0.669601 0.742611 0.000000 0.000000 0.000000 0.000000 1.000000
0.994843 -0.085563 0.054467 -0.000000 0.100698 0.768890 -0.631402 3.600000 0.012145 0.633630 0.773541 0.000000 0.000000 0.000000 0.000000 1.000000
0.994866 -0.086207 0.053015 0.000000 0.100494 0.779604 -0.618158 3.600000 0.011959 0.620312 0.784264 0.000000 0.000000 0.000000 0.000000 1.000000
0.994851 -0.086245 0.053232 0.000000 0.100632 0.778180 -0.619927 3.600000 0.012042 0.622091 0.782852 0.000000 0.000000 0.000000 0.000000 1.000000
0.994839 -0.086029 0.053808 0.000000 0.100739 0.773776 -0.625398 3.600000 0.012167 0.627590 0.778449 0.000000 0.000000 0.000000 0.000000 1.000000
0.994830 -0.085881 0.054207 0.000000 0.100820 0.770989 -0.628817 3.600000 0.012210 0.631031 0.775661 0.000000 0.000000 0.000000 0.000000 1.000000
0.994827 -0.085823 0.054349 -0.000000 0.100842 0.769732 -0.630352 3.600000 0.012264 0.632571 0.774405 0.000000 0.000000 0.000000 0.000000 1.000000</float_array>
        <technique_common>
          <accessor source="#mixamorig_LeftHandPinky2-Matrix-animation-output-transform-array" count="26" stride="16">
            <param type="float4x4"/>
          </accessor>
        </technique_common>
      </source>
      <source id="mixamorig_LeftHandPinky2-Interpolations">
        <Name_array id="mixamorig_LeftHandPinky2-Interpolations-array" count="26">
 LINEAR LINEAR LINEAR LINEAR LINEAR LINEAR LINEAR LINEAR LINEAR LINEAR LINEAR
LINEAR LINEAR LINEAR LINEAR LINEAR LINEAR LINEAR LINEAR LINEAR LINEAR LINEAR LINEAR
LINEAR LINEAR LINEAR</Name_array>
        <technique_common>
          <accessor source="#mixamorig_LeftHandPinky2-Interpolations-array" count="26">
            <param type="name"/>
          </accessor>
        </technique_common>
      </source>
      <sampler id="mixamorig_LeftHandPinky2-Matrix-animation-transform">
        <input semantic="INPUT" source="#mixamorig_LeftHandPinky2-Matrix-animation-input"/>
        <input semantic="OUTPUT" source="#mixamorig_LeftHandPinky2-Matrix-animation-output-transform"/>
        <input semantic="INTERPOLATION" source="#mixamorig_LeftHandPinky2-Interpolations"/>
      </sampler>
      <channel source="#mixamorig_LeftHandPinky2-Matrix-animation-transform" target="mixamorig_LeftHandPinky2/matrix"/>
    </animation>
    <animation id="mixamorig_LeftHandPinky3-anim" name="mixamorig_LeftHandPinky3">
      <source id="mixamorig_LeftHandPinky3-Matrix-animation-input">
        <float_array id="mixamorig_LeftHandPinky3-Matrix-animation-input-array" count="26">

0.000000 0.033333 0.066667 0.100000 0.133333 0.166667 0.200000 0.233333 0.266667 0.300000 0.333333 0.366667 0.400000 0.433333 0.466667 0.500000
0.533333 0.566667 0.600000 0.633333 0.666667 0.700000 0.733333 0.766667 0.800000 0.833333</float_array>
        <technique_common>
          <accessor source="#mixamorig_LeftHandPinky3-Matrix-animation-input-array" count="26">
            <param name="TIME" type="float"/>
          </accessor>
        </technique_common>
      </source>
      <source id="mixamorig_LeftHandPinky3-Matrix-animation-output-transform">
        <float_array id="mixamorig_LeftHandPinky3-Matrix-animation-output-transform-array" count="416">

1.000000 0.000000 0.000000 0.000000 -0.000000 1.000000 -0.000000 2.100000 0.000000 0.000000 1.000000 0.000000 0.000000 0.000000 0.000000 1.000000
1.000000 -0.000000 0.000000 0.000000 0.000000 1.000000 0.000000 2.100000 -0.000000 -0.000000 1.000000 -0.000000 0.000000 0.000000 0.000000 1.000000
1.000000 -0.000000 -0.000000 0.000000 0.000000 1.000000 0.000000 2.100000 0.000000 -0.000000 1.000000 0.000000 0.000000 0.000000 0.000000 1.000000
1.000000 0.000000 0.000000 0.000000 -0.000000 1.000000 -0.000000 2.100000 0.000000 0.000000 1.000000 0.000000 0.000000 0.000000 0.000000 1.000000
1.000000 0.000000 -0.000000 0.000000 -0.000000 1.000000 -0.000000 2.100000 -0.000000 0.000000 1.000000 0.000000 0.000000 0.000000 0.000000 1.000000
1.000000 0.000000 0.000000 0.000000 -0.000000 1.000000 -0.000000 2.100000 -0.000000 0.000000 1.000000 0.000000 0.000000 0.000000 0.000000 1.000000
1.000000 0.000000 0.000000 -0.000000 -0.000000 1.000000 0.000000 2.100000 -0.000000 -0.000000 1.000000 -0.000000 0.000000 0.000000 0.000000 1.000000
1.000000 0.000000 -0.000000 0.000000 -0.000000 1.000000 0.000000 2.100000 -0.000000 -0.000000 1.000000 0.000000 0.000000 0.000000 0.000000 1.000000
1.000000 0.000000 -0.000000 0.000000 -0.000000 1.000000 0.000000 2.100000 0.000000 -0.000000 1.000000 -0.000000 0.000000 0.000000 0.000000 1.000000
1.000000 0.000000 -0.000000 0.000000 -0.000000 1.000000 -0.000000 2.100000 0.000000 0.000000 1.000000 0.000000 0.000000 0.000000 0.000000 1.000000
1.000000 0.000000 0.000000 0.000000 -0.000000 1.000000 0.000000 2.100000 0.000000 0.000000 1.000000 -0.000000 0.000000 0.000000 0.000000 1.000000
1.000000 0.000000 -0.000000 -0.000000 -0.000000 1.000000 0.000000 2.100000 0.000000 -0.000000 1.000000 0.000000 0.000000 0.000000 0.000000 1.000000
1.000000 -0.000000 -0.000000 0.000000 0.000000 1.000000 -0.000000 2.100000 0.000000 0.000000 1.000000 0.000000 0.000000 0.000000 0.000000 1.000000
1.000000 0.000000 -0.000000 0.000000 -0.000000 1.000000 0.000000 2.100000 0.000000 -0.000000 1.000000 0.000000 0.000000 0.000000 0.000000 1.000000
1.000000 0.000000 -0.000000 0.000000 -0.000000 1.000000 0.000000 2.100000 -0.000000 0.000000 1.000000 0.000000 0.000000 0.000000 0.000000 1.000000
1.000000 0.000000 0.000000 0.000000 -0.000000 1.000000 0.000000 2.100000 0.000000 0.000000 1.000000 -0.000000 0.000000 0.000000 0.000000 1.000000
1.000000 0.000000 0.000000 0.000000 -0.000000 1.000000 0.000000 2.100000 0.000000 0.000000 1.000000 0.000000 0.000000 0.000000 0.000000 1.000000
1.000000 0.000000 0.000000 0.000000 -0.000000 1.000000 0.000000 2.100000 -0.000000 -0.000000 1.000000 0.000000 0.000000 0.000000 0.000000 1.000000
1.000000 0.000000 -0.000000 -0.000000 -0.000000 1.000000 0.000000 2.100000 0.000000 0.000000 1.000000 0.000000 0.000000 0.000000 0.000000 1.000000
1.000000 0.000000 0.000000 0.000000 -0.000000 1.000000 -0.000000 2.100000 0.000000 0.000000 1.000000 -0.000000 0.000000 0.000000 0.000000 1.000000
1.000000 0.000000 -0.000000 -0.000000 -0.000000 1.000000 -0.000000 2.100000 0.000000 -0.000000 1.000000 0.000000 0.000000 0.000000 0.000000 1.000000
1.000000 0.000000 -0.000000 0.000000 -0.000000 1.000000 -0.000000 2.100000 0.000000 0.000000 1.000000 -0.000000 0.000000 0.000000 0.000000 1.000000
1.000000 0.000000 -0.000000 -0.000000 -0.000000 1.000000 0.000000 2.100000 0.000000 -0.000000 1.000000 0.000000 0.000000 0.000000 0.000000 1.000000
1.000000 0.000000 -0.000000 0.000000 -0.000000 1.000000 -0.000000 2.100000 0.000000 0.000000 1.000000 0.000000 0.000000 0.000000 0.000000 1.000000
1.000000 0.000000 -0.000000 -0.000000 -0.000000 1.000000 0.000000 2.100000 0.000000 -0.000000 1.000000 0.000000 0.000000 0.000000 0.000000 1.000000
1.000000 0.000000 0.000000 0.000000 -0.000000 1.000000 0.000000 2.100000 0.000000 -0.000000 1.000000 0.000000 0.000000 0.000000 0.000000 1.000000</float_array>
        <technique_common>
          <accessor source="#mixamorig_LeftHandPinky3-Matrix-animation-output-transform-array" count="26" stride="16">
            <param type="float4x4"/>
          </accessor>
        </technique_common>
      </source>
      <source id="mixamorig_LeftHandPinky3-Interpolations">
        <Name_array id="mixamorig_LeftHandPinky3-Interpolations-array" count="26">
 LINEAR LINEAR LINEAR LINEAR LINEAR LINEAR LINEAR LINEAR LINEAR LINEAR LINEAR
LINEAR LINEAR LINEAR LINEAR LINEAR LINEAR LINEAR LINEAR LINEAR LINEAR LINEAR LINEAR
LINEAR LINEAR LINEAR</Name_array>
        <technique_common>
          <accessor source="#mixamorig_LeftHandPinky3-Interpolations-array" count="26">
            <param type="name"/>
          </accessor>
        </technique_common>
      </source>
      <sampler id="mixamorig_LeftHandPinky3-Matrix-animation-transform">
        <input semantic="INPUT" source="#mixamorig_LeftHandPinky3-Matrix-animation-input"/>
        <input semantic="OUTPUT" source="#mixamorig_LeftHandPinky3-Matrix-animation-output-transform"/>
        <input semantic="INTERPOLATION" source="#mixamorig_LeftHandPinky3-Interpolations"/>
      </sampler>
      <channel source="#mixamorig_LeftHandPinky3-Matrix-animation-transform" target="mixamorig_LeftHandPinky3/matrix"/>
    </animation>
    <animation id="mixamorig_RightUpLeg-anim" name="mixamorig_RightUpLeg">
      <source id="mixamorig_RightUpLeg-Matrix-animation-input">
        <float_array id="mixamorig_RightUpLeg-Matrix-animation-input-array" count="26">

0.000000 0.033333 0.066667 0.100000 0.133333 0.166667 0.200000 0.233333 0.266667 0.300000 0.333333 0.366667 0.400000 0.433333 0.466667 0.500000
0.533333 0.566667 0.600000 0.633333 0.666667 0.700000 0.733333 0.766667 0.800000 0.833333</float_array>
        <technique_common>
          <accessor source="#mixamorig_RightUpLeg-Matrix-animation-input-array" count="26">
            <param name="TIME" type="float"/>
          </accessor>
        </technique_common>
      </source>
      <source id="mixamorig_RightUpLeg-Matrix-animation-output-transform">
        <float_array id="mixamorig_RightUpLeg-Matrix-animation-output-transform-array" count="416">

-0.938738 -0.250884 -0.236280 -8.207800 0.230188 -0.966690 0.111908 -6.771800 -0.256486 0.050663 0.965219 -1.512200 0.000000 0.000000 0.000000 1.000000
-0.942588 -0.248479 -0.223129 -8.207800 0.222593 -0.965533 0.134902 -6.771800 -0.248959 0.077490 0.965409 -1.512200 0.000000 0.000000 0.000000 1.000000
-0.945219 -0.266298 -0.188802 -8.207800 0.221330 -0.947939 0.228964 -6.771800 -0.239945 0.174634 0.954950 -1.512200 0.000000 0.000000 0.000000 1.000000
-0.945594 -0.293646 -0.140088 -8.207800 0.219198 -0.893180 0.392659 -6.771800 -0.240427 0.340589 0.908952 -1.512200 0.000000 0.000000 0.000000 1.000000
-0.944520 -0.318315 -0.080978 -8.207800 0.213385 -0.782109 0.585467 -6.771800 -0.249697 0.535706 0.806641 -1.512200 0.000000 0.000000 0.000000 1.000000
-0.948827 -0.315776 -0.003674 -8.207800 0.202826 -0.618276 0.759340 -6.771800 -0.242052 0.719737 0.650684 -1.512200 0.000000 0.000000 0.000000 1.000000
-0.950757 -0.300034 0.077716 -8.207800 0.205602 -0.422917 0.882536 -6.771800 -0.231923 0.855056 0.463779 -1.512200 0.000000 0.000000 0.000000 1.000000
-0.932529 -0.325010 0.157348 -8.207800 0.241069 -0.235923 0.941396 -6.771800 -0.268841 0.915810 0.298355 -1.512200 0.000000 0.000000 0.000000 1.000000
-0.901006 -0.355832 0.248135 -8.207800 0.300330 -0.098909 0.948693 -6.771800 -0.313033 0.929301 0.195985 -1.512200 0.000000 0.000000 0.000000 1.000000
-0.877142 -0.364213 0.313004 -8.207800 0.358981 -0.064333 0.931125 -6.771800 -0.318991 0.929091 0.187175 -1.512200 0.000000 0.000000 0.000000 1.000000
-0.862177 -0.387383 0.326472 -8.207800 0.407746 -0.148175 0.900992 -6.771800 -0.300654 0.909933 0.285707 -1.512200 0.000000 0.000000 0.000000 1.000000
-0.858097 -0.423855 0.289858 -8.207800 0.435373 -0.301265 0.848345 -6.771800 -0.272251 0.854158 0.443050 -1.512200 0.000000 0.000000 0.000000 1.000000
-0.871328 -0.456771 0.179300 -8.207800 0.416390 -0.494921 0.762675 -6.771800 -0.259629 0.739198 0.621433 -1.512200 0.000000 0.000000 0.000000 1.000000
-0.899758 -0.436266 0.010329 -8.207800 0.353282 -0.714306 0.604118 -6.771800 -0.256178 0.547210 0.796828 -1.512200 0.000000 0.000000 0.000000 1.000000
-0.910032 -0.374463 -0.177819 -8.207800 0.302060 -0.892783 0.334213 -6.771800 -0.283904 0.250433 0.925571 -1.512200 0.000000 0.000000 0.000000 1.000000
-0.913098 -0.252899 -0.319836 -8.207800 0.278754 -0.959649 -0.037004 -6.771800 -0.297572 -0.122943 0.946750 -1.512200 0.000000 0.000000 0.000000 1.000000
-0.930705 -0.175308 -0.321023 -8.207800 0.266738 -0.925835 -0.267731 -6.771800 -0.250279 -0.334808 0.908441 -1.512200 0.000000 0.000000 0.000000 1.000000
-0.910850 -0.274162 -0.308523 -8.207800 0.321271 -0.940224 -0.112976 -6.771800 -0.259107 -0.202024 0.944484 -1.512200 0.000000 0.000000 0.000000 1.000000
-0.852127 -0.452305 -0.263247 -8.207800 0.411607 -0.889896 0.196633 -6.771800 -0.323201 0.059202 0.944477 -1.512200 0.000000 0.000000 0.000000 1.000000
-0.800089 -0.573232 -0.176815 -8.207800 0.405282 -0.733838 0.545187 -6.771800 -0.442271 0.364538 0.819456 -1.512200 0.000000 0.000000 0.000000 1.000000
-0.761326 -0.641068 -0.097026 -8.207800 0.360814 -0.543237 0.758094 -6.771800 -0.538698 0.542149 0.644887 -1.512200 0.000000 0.000000 0.000000 1.000000
-0.772031 -0.634061 -0.043979 -8.207800 0.290964 -0.414099 0.862474 -6.771800 -0.565073 0.653061 0.504186 -1.512200 0.000000 0.000000 0.000000 1.000000
-0.808046 -0.588851 -0.017778 -8.207800 0.223511 -0.334353 0.915561 -6.771800 -0.545073 0.735842 0.401787 -1.512200 0.000000 0.000000 0.000000 1.000000
-0.853916 -0.519725 -0.026688 -8.207800 0.145105 -0.287031 0.946867 -6.771800 -0.499771 0.804673 0.320515 -1.512200 0.000000 0.000000 0.000000 1.000000
-0.900261 -0.426491 -0.087380 -8.207800 0.050849 -0.302349 0.951840 -6.771800 -0.432371 0.852461 0.293879 -1.512200 0.000000 0.000000 0.000000 1.000000
-0.917374 -0.372756 -0.139561 -8.207800 -0.006834 -0.335830 0.941898 -6.771800 -0.397967 0.865027 0.305534 -1.512200 0.000000 0.000000 0.000000 1.000000</float_array>
        <technique_common>
          <accessor source="#mixamorig_RightUpLeg-Matrix-animation-output-transform-array" count="26" stride="16">
            <param type="float4x4"/>
          </accessor>
        </technique_common>
      </source>
      <source id="mixamorig_RightUpLeg-Interpolations">
        <Name_array id="mixamorig_RightUpLeg-Interpolations-array" count="26">
 LINEAR LINEAR LINEAR LINEAR LINEAR LINEAR LINEAR LINEAR LINEAR LINEAR LINEAR
LINEAR LINEAR LINEAR LINEAR LINEAR LINEAR LINEAR LINEAR LINEAR LINEAR LINEAR LINEAR
LINEAR LINEAR LINEAR</Name_array>
        <technique_common>
          <accessor source="#mixamorig_RightUpLeg-Interpolations-array" count="26">
            <param type="name"/>
          </accessor>
        </technique_common>
      </source>
      <sampler id="mixamorig_RightUpLeg-Matrix-animation-transform">
        <input semantic="INPUT" source="#mixamorig_RightUpLeg-Matrix-animation-input"/>
        <input semantic="OUTPUT" source="#mixamorig_RightUpLeg-Matrix-animation-output-transform"/>
        <input semantic="INTERPOLATION" source="#mixamorig_RightUpLeg-Interpolations"/>
      </sampler>
      <channel source="#mixamorig_RightUpLeg-Matrix-animation-transform" target="mixamorig_RightUpLeg/matrix"/>
    </animation>
    <animation id="mixamorig_RightLeg-anim" name="mixamorig_RightLeg">
      <source id="mixamorig_RightLeg-Matrix-animation-input">
        <float_array id="mixamorig_RightLeg-Matrix-animation-input-array" count="26">

0.000000 0.033333 0.066667 0.100000 0.133333 0.166667 0.200000 0.233333 0.266667 0.300000 0.333333 0.366667 0.400000 0.433333 0.466667 0.500000
0.533333 0.566667 0.600000 0.633333 0.666667 0.700000 0.733333 0.766667 0.800000 0.833333</float_array>
        <technique_common>
          <accessor source="#mixamorig_RightLeg-Matrix-animation-input-array" count="26">
            <param name="TIME" type="float"/>
          </accessor>
        </technique_common>
      </source>
      <source id="mixamorig_RightLeg-Matrix-animation-output-transform">
        <float_array id="mixamorig_RightLeg-Matrix-animation-output-transform-array" count="416">

0.987300 -0.003768 0.158823 0.000000 -0.093985 0.792156 0.603039 44.371498 -0.128085 -0.610308 0.781741 0.000000 0.000000 0.000000 0.000000 1.000000
0.985693 -0.005521 0.168462 0.000000 -0.099793 0.786347 0.609672 44.371498 -0.135835 -0.617761 0.774545 0.000000 0.000000 0.000000 0.000000 1.000000
0.985487 -0.013133 0.169244 -0.000000 -0.105350 0.734454 0.670432 44.371498 -0.133106 -0.678532 0.722411 -0.000000 0.000000 0.000000 0.000000 1.000000
0.990312 -0.029569 0.135678 -0.000000 -0.087250 0.627616 0.773619 44.371498 -0.108028 -0.777962 0.618955 -0.000000 0.000000 0.000000 0.000000 1.000000
0.995888 -0.052402 0.073899 -0.000000 -0.041268 0.463763 0.884998 44.371498 -0.080647 -0.884408 0.459693 -0.000000 0.000000 0.000000 0.000000 1.000000
0.997644 -0.065057 0.021754 0.000000 -0.004311 0.257049 0.966389 44.371498 -0.068462 -0.964206 0.256163 0.000000 0.000000 0.000000 0.000000 1.000000
0.998218 -0.059054 -0.008602 0.000000 0.010270 0.028004 0.999555 44.371498 -0.058786 -0.997862 0.028560 -0.000000 0.000000 0.000000 0.000000 1.000000
0.998120 -0.039669 -0.046716 -0.000000 0.038151 -0.194376 0.980185 44.371498 -0.047964 -0.980125 -0.192497 -0.000000 0.000000 0.000000 0.000000 1.000000
0.997692 -0.018151 -0.065430 -0.000000 0.054225 -0.366986 0.928645 44.371498 -0.040868 -0.930049 -0.365155 0.000000 0.000000 0.000000 0.000000 1.000000
0.998871 -0.010239 -0.046389 -0.000000 0.036154 -0.469586 0.882146 44.371498 -0.030815 -0.882827 -0.468686 0.000000 0.000000 0.000000 0.000000 1.000000
0.999798 -0.020080 0.000116 0.000000 -0.010381 -0.511896 0.858985 44.371498 -0.017188 -0.858813 -0.512001 0.000000 0.000000 0.000000 0.000000 1.000000
0.997893 -0.046229 0.045533 0.000000 -0.062210 -0.482099 0.873905 44.371498 -0.018448 -0.874896 -0.483959 0.000000 0.000000 0.000000 0.000000 1.000000
0.997469 -0.066466 0.025238 -0.000000 -0.047412 -0.357341 0.932770 44.371498 -0.052979 -0.931606 -0.359588 -0.000000 0.000000 0.000000 0.000000 1.000000
0.998681 -0.050688 0.008198 0.000000 -0.014205 -0.119321 0.992754 44.371498 -0.049342 -0.991561 -0.119884 -0.000000 0.000000 0.000000 0.000000 1.000000
0.997664 -0.006049 0.068040 0.000000 -0.064491 0.244938 0.967392 44.371498 -0.022518 -0.969520 0.243975 0.000000 0.000000 0.000000 0.000000 1.000000
0.992031 0.002758 0.125962 0.000000 -0.086152 0.744357 0.662201 44.371498 -0.091935 -0.667776 0.738663 0.000000 0.000000 0.000000 0.000000 1.000000
0.999215 0.021129 0.033497 -0.000000 -0.026750 0.983775 0.177403 44.371498 -0.029205 -0.178160 0.983568 0.000000 0.000000 0.000000 0.000000 1.000000
0.999388 0.022571 0.026706 0.000000 -0.029132 0.959881 0.278891 44.371498 -0.019339 -0.279499 0.959951 0.000000 0.000000 0.000000 0.000000 1.000000
0.990778 -0.125522 -0.051028 0.000000 0.130340 0.779995 0.612062 44.371498 -0.037026 -0.613068 0.789162 -0.000000 0.000000 0.000000 0.000000 1.000000
0.975324 -0.201839 -0.089469 0.000000 0.180092 0.492916 0.851235 44.371498 -0.127712 -0.846342 0.517102 0.000000 0.000000 0.000000 0.000000 1.000000
0.961241 -0.241291 -0.133392 0.000000 0.186223 0.211436 0.959487 44.371498 -0.203312 -0.947140 0.248175 0.000000 0.000000 0.000000 0.000000 1.000000
0.948822 -0.249539 -0.193562 0.000000 0.184515 -0.059384 0.981034 44.371498 -0.256301 -0.966542 -0.010301 0.000000 0.000000 0.000000 0.000000 1.000000
0.942057 -0.198694 -0.270277 -0.000000 0.196141 -0.327364 0.924317 44.371498 -0.272135 -0.923771 -0.269423 0.000000 0.000000 0.000000 0.000000 1.000000
0.945632 -0.092235 -0.311886 0.000000 0.212394 -0.551103 0.806954 44.371498 -0.246311 -0.829324 -0.501550 0.000000 0.000000 0.000000 0.000000 1.000000
0.962876 -0.015166 -0.269518 -0.000000 0.189398 -0.673474 0.714536 44.371498 -0.192350 -0.739055 -0.645599 -0.000000 0.000000 0.000000 0.000000 1.000000
0.976152 0.005660 -0.217014 0.000000 0.159473 -0.696966 0.699148 44.371498 -0.147294 -0.717082 -0.681247 -0.000000 0.000000 0.000000 0.000000 1.000000</float_array>
        <technique_common>
          <accessor source="#mixamorig_RightLeg-Matrix-animation-output-transform-array" count="26" stride="16">
            <param type="float4x4"/>
          </accessor>
        </technique_common>
      </source>
      <source id="mixamorig_RightLeg-Interpolations">
        <Name_array id="mixamorig_RightLeg-Interpolations-array" count="26">
 LINEAR LINEAR LINEAR LINEAR LINEAR LINEAR LINEAR LINEAR LINEAR LINEAR LINEAR
LINEAR LINEAR LINEAR LINEAR LINEAR LINEAR LINEAR LINEAR LINEAR LINEAR LINEAR LINEAR
LINEAR LINEAR LINEAR</Name_array>
        <technique_common>
          <accessor source="#mixamorig_RightLeg-Interpolations-array" count="26">
            <param type="name"/>
          </accessor>
        </technique_common>
      </source>
      <sampler id="mixamorig_RightLeg-Matrix-animation-transform">
        <input semantic="INPUT" source="#mixamorig_RightLeg-Matrix-animation-input"/>
        <input semantic="OUTPUT" source="#mixamorig_RightLeg-Matrix-animation-output-transform"/>
        <input semantic="INTERPOLATION" source="#mixamorig_RightLeg-Interpolations"/>
      </sampler>
      <channel source="#mixamorig_RightLeg-Matrix-animation-transform" target="mixamorig_RightLeg/matrix"/>
    </animation>
    <animation id="mixamorig_RightFoot-anim" name="mixamorig_RightFoot">
      <source id="mixamorig_RightFoot-Matrix-animation-input">
        <float_array id="mixamorig_RightFoot-Matrix-animation-input-array" count="26">

0.000000 0.033333 0.066667 0.100000 0.133333 0.166667 0.200000 0.233333 0.266667 0.300000 0.333333 0.366667 0.400000 0.433333 0.466667 0.500000
0.533333 0.566667 0.600000 0.633333 0.666667 0.700000 0.733333 0.766667 0.800000 0.833333</float_array>
        <technique_common>
          <accessor source="#mixamorig_RightFoot-Matrix-animation-input-array" count="26">
            <param name="TIME" type="float"/>
          </accessor>
        </technique_common>
      </source>
      <source id="mixamorig_RightFoot-Matrix-animation-output-transform">
        <float_array id="mixamorig_RightFoot-Matrix-animation-output-transform-array" count="416">

0.958259 -0.124640 0.257301 0.000000 0.280308 0.232463 -0.931337 44.527802 0.056269 0.964586 0.257697 -0.000000 0.000000 0.000000 0.000000 1.000000
0.957532 -0.124860 0.259887 -0.000000 0.282968 0.234006 -0.930145 44.527802 0.055323 0.964184 0.259400 0.000000 0.000000 0.000000 0.000000 1.000000
0.955657 -0.124691 0.266782 0.000000 0.288444 0.213813 -0.933319 44.527802 0.059335 0.968884 0.240299 0.000000 0.000000 0.000000 0.000000 1.000000
0.956181 -0.116945 0.268407 0.000000 0.285642 0.171455 -0.942874 44.527802 0.064245 0.978226 0.197347 -0.000000 0.000000 0.000000 0.000000 1.000000
0.959596 -0.100724 0.262737 0.000000 0.273410 0.113073 -0.955228 44.527802 0.066506 0.988468 0.136044 -0.000000 0.000000 0.000000 0.000000 1.000000
0.960173 -0.088106 0.265151 -0.000000 0.269894 0.046956 -0.961744 44.527802 0.072285 0.995004 0.068866 -0.000000 0.000000 0.000000 0.000000 1.000000
0.955852 -0.082770 0.281950 0.000000 0.280753 -0.025997 -0.959428 44.527802 0.086742 0.996230 -0.001612 0.000000 0.000000 0.000000 0.000000 1.000000
0.953568 -0.077565 0.291018 -0.000000 0.283253 -0.097401 -0.954086 44.527802 0.102349 0.992218 -0.070908 0.000000 0.000000 0.000000 0.000000 1.000000
0.955804 -0.072374 0.284957 0.000000 0.271923 -0.150908 -0.950413 44.527802 0.111787 0.985895 -0.124558 -0.000000 0.000000 0.000000 0.000000 1.000000
0.961667 -0.069193 0.265346 0.000000 0.248652 -0.187966 -0.950179 44.527802 0.115622 0.979735 -0.163556 -0.000000 0.000000 0.000000 0.000000 1.000000
0.971036 -0.067172 0.229295 0.000000 0.209613 -0.221103 -0.952458 44.527802 0.114677 0.972934 -0.200619 -0.000000 0.000000 0.000000 0.000000 1.000000
0.978221 -0.068543 0.195920 0.000000 0.173254 -0.250174 -0.952573 44.527802 0.114306 0.965772 -0.232851 0.000000 0.000000 0.000000 0.000000 1.000000
0.971348 -0.074853 0.225565 -0.000000 0.197710 -0.272181 -0.941716 44.527802 0.131884 0.959330 -0.249583 0.000000 0.000000 0.000000 0.000000 1.000000
0.957291 -0.078995 0.278127 -0.000000 0.250686 -0.252503 -0.934558 44.527802 0.144053 0.964366 -0.221916 -0.000000 0.000000 0.000000 0.000000 1.000000
0.956491 -0.081622 0.280112 0.000000 0.267303 -0.139639 -0.953441 44.527802 0.116936 0.986833 -0.111746 0.000000 0.000000 0.000000 0.000000 1.000000
0.969976 -0.097589 0.222760 0.000000 0.236476 0.164594 -0.957595 44.527802 0.056786 0.981522 0.182730 -0.000000 0.000000 0.000000 0.000000 1.000000
0.942886 -0.240197 0.230807 0.000000 0.329290 0.776775 -0.536832 44.527802 -0.050340 0.582174 0.811505 0.000000 0.000000 0.000000 0.000000 1.000000
0.949911 -0.225430 0.216448 0.000000 0.306157 0.810288 -0.499701 44.527802 -0.062738 0.540939 0.838719 0.000000 0.000000 0.000000 0.000000 1.000000
0.982014 -0.105272 0.156735 0.000000 0.179896 0.773722 -0.607447 44.527802 -0.057322 0.624717 0.778744 -0.000000 0.000000 0.000000 0.000000 1.000000
0.995555 -0.022729 0.091400 0.000000 0.081414 0.695599 -0.713802 44.527802 -0.047354 0.718071 0.694357 -0.000000 0.000000 0.000000 0.000000 1.000000
0.999213 0.006681 0.039093 0.000000 0.023377 0.697039 -0.716652 44.527802 -0.032037 0.717002 0.696335 0.000000 0.000000 0.000000 0.000000 1.000000
0.999591 -0.008326 0.027368 -0.000000 0.024194 0.756531 -0.653510 44.527802 -0.015264 0.653904 0.756423 -0.000000 0.000000 0.000000 0.000000 1.000000
0.994001 -0.080841 0.073661 0.000000 0.108135 0.827267 -0.551304 44.527802 -0.016369 0.555963 0.831046 0.000000 0.000000 0.000000 0.000000 1.000000
0.974991 -0.169462 0.143791 0.000000 0.218057 0.854435 -0.471585 44.527802 -0.042944 0.491146 0.870018 0.000000 0.000000 0.000000 0.000000 1.000000
0.947267 -0.242709 0.209233 0.000000 0.311927 0.847948 -0.428585 44.527802 -0.073397 0.471249 0.878941 0.000000 0.000000 0.000000 0.000000 1.000000
0.935316 -0.267523 0.231548 0.000000 0.342147 0.850553 -0.399368 44.527802 -0.090104 0.452759 0.887069 0.000000 0.000000 0.000000 0.000000 1.000000</float_array>
        <technique_common>
          <accessor source="#mixamorig_RightFoot-Matrix-animation-output-transform-array" count="26" stride="16">
            <param type="float4x4"/>
          </accessor>
        </technique_common>
      </source>
      <source id="mixamorig_RightFoot-Interpolations">
        <Name_array id="mixamorig_RightFoot-Interpolations-array" count="26">
 LINEAR LINEAR LINEAR LINEAR LINEAR LINEAR LINEAR LINEAR LINEAR LINEAR LINEAR
LINEAR LINEAR LINEAR LINEAR LINEAR LINEAR LINEAR LINEAR LINEAR LINEAR LINEAR LINEAR
LINEAR LINEAR LINEAR</Name_array>
        <technique_common>
          <accessor source="#mixamorig_RightFoot-Interpolations-array" count="26">
            <param type="name"/>
          </accessor>
        </technique_common>
      </source>
      <sampler id="mixamorig_RightFoot-Matrix-animation-transform">
        <input semantic="INPUT" source="#mixamorig_RightFoot-Matrix-animation-input"/>
        <input semantic="OUTPUT" source="#mixamorig_RightFoot-Matrix-animation-output-transform"/>
        <input semantic="INTERPOLATION" source="#mixamorig_RightFoot-Interpolations"/>
      </sampler>
      <channel source="#mixamorig_RightFoot-Matrix-animation-transform" target="mixamorig_RightFoot/matrix"/>
    </animation>
    <animation id="mixamorig_RightToeBase-anim" name="mixamorig_RightToeBase">
      <source id="mixamorig_RightToeBase-Matrix-animation-input">
        <float_array id="mixamorig_RightToeBase-Matrix-animation-input-array" count="26">

0.000000 0.033333 0.066667 0.100000 0.133333 0.166667 0.200000 0.233333 0.266667 0.300000 0.333333 0.366667 0.400000 0.433333 0.466667 0.500000
0.533333 0.566667 0.600000 0.633333 0.666667 0.700000 0.733333 0.766667 0.800000 0.833333</float_array>
        <technique_common>
          <accessor source="#mixamorig_RightToeBase-Matrix-animation-input-array" count="26">
            <param name="TIME" type="float"/>
          </accessor>
        </technique_common>
      </source>
      <source id="mixamorig_RightToeBase-Matrix-animation-output-transform">
        <float_array id="mixamorig_RightToeBase-Matrix-animation-output-transform-array" count="416">

0.999963 0.006315 0.005918 0.000000 -0.000889 0.755140 -0.655563 13.816900 -0.008609 0.655534 0.755117 -0.000000 0.000000 0.000000 0.000000 1.000000
0.999976 0.003822 0.005768 -0.000000 0.000868 0.757785 -0.652504 13.816900 -0.006865 0.652493 0.757764 -0.000000 0.000000 0.000000 0.000000 1.000000
0.999975 0.004920 0.005084 -0.000000 -0.000426 0.759131 -0.650938 13.816900 -0.007062 0.650919 0.759114 0.000000 0.000000 0.000000 0.000000 1.000000
0.999954 0.008691 0.004139 0.000000 -0.003913 0.759792 -0.650154 13.816900 -0.008795 0.650108 0.759791 0.000000 0.000000 0.000000 0.000000 1.000000
0.999949 0.009497 0.003471 0.000000 -0.005012 0.763714 -0.645535 13.816900 -0.008782 0.645485 0.763723 0.000000 0.000000 0.000000 0.000000 1.000000
0.999915 0.012699 0.002831 -0.000000 -0.007911 0.766162 -0.642599 13.816900 -0.010329 0.642522 0.766198 0.000000 0.000000 0.000000 0.000000 1.000000
0.999571 0.027719 0.009488 0.000000 -0.015023 0.762955 -0.646278 13.816900 -0.025153 0.645858 0.763043 -0.000000 0.000000 0.000000 0.000000 1.000000
0.998874 0.036536 0.030250 0.000000 -0.007666 0.753702 -0.657171 13.816900 -0.046810 0.656200 0.753134 -0.000000 0.000000 0.000000 0.000000 1.000000
0.999013 0.040649 0.017906 0.000000 -0.019034 0.756007 -0.654287 13.816900 -0.040133 0.653301 0.756034 0.000000 0.000000 0.000000 0.000000 1.000000
0.999042 0.043322 0.006189 0.000000 -0.028806 0.757474 -0.652230 13.816900 -0.032944 0.651427 0.757996 -0.000000 0.000000 0.000000 0.000000 1.000000
0.998943 0.045969 -0.000082 0.000000 -0.034862 0.756410 -0.653168 13.816900 -0.029964 0.652481 0.757213 0.000000 0.000000 0.000000 0.000000 1.000000
0.998804 0.048640 -0.004874 0.000000 -0.039771 0.750602 -0.659556 13.816900 -0.028423 0.658962 0.751639 0.000000 0.000000 0.000000 0.000000 1.000000
0.998598 0.042703 -0.031273 0.000000 -0.052456 0.719591 -0.692414 13.816900 -0.007065 0.693084 0.720822 -0.000000 0.000000 0.000000 0.000000 1.000000
0.998941 0.042438 -0.017799 0.000000 -0.042387 0.697908 -0.714932 13.816900 -0.017918 0.714929 0.698968 -0.000000 0.000000 0.000000 0.000000 1.000000
0.998530 0.054081 -0.003669 0.000000 -0.039362 0.676898 -0.735023 13.816900 -0.037268 0.734087 0.678032 0.000000 0.000000 0.000000 0.000000 1.000000
0.998333 0.053684 -0.021180 -0.000000 -0.050304 0.629591 -0.775296 13.816900 -0.028287 0.775070 0.631242 0.000000 0.000000 0.000000 0.000000 1.000000
0.990751 -0.031599 -0.131961 0.000000 -0.109283 0.390647 -0.914031 13.816900 0.080433 0.919998 0.383581 -0.000000 0.000000 0.000000 0.000000 1.000000
0.985854 -0.045626 -0.161276 0.000000 -0.097583 0.626077 -0.773631 13.816900 0.136269 0.778425 0.612768 0.000000 0.000000 0.000000 0.000000 1.000000
0.986300 -0.051959 -0.156562 0.000000 -0.088764 0.632810 -0.769203 13.816900 0.139041 0.772562 0.619529 0.000000 0.000000 0.000000 0.000000 1.000000
0.989840 -0.045908 -0.134570 0.000000 -0.071972 0.654464 -0.752660 13.816900 0.122624 0.754698 0.644511 -0.000000 0.000000 0.000000 0.000000 1.000000
0.993206 -0.048381 -0.105838 0.000000 -0.043254 0.690850 -0.721703 13.816900 0.108035 0.721377 0.684064 0.000000 0.000000 0.000000 0.000000 1.000000
0.996367 -0.041475 -0.074387 0.000000 -0.020639 0.729796 -0.683353 13.816900 0.082629 0.682405 0.726289 0.000000 0.000000 0.000000 0.000000 1.000000
0.998764 -0.023430 -0.043827 0.000000 -0.010582 0.761395 -0.648202 13.816900 0.048558 0.647865 0.760206 -0.000000 0.000000 0.000000 0.000000 1.000000
0.999815 -0.008212 -0.017393 -0.000000 -0.004249 0.787641 -0.616120 13.816900 0.018759 0.616080 0.787460 0.000000 0.000000 0.000000 0.000000 1.000000
0.999996 -0.002225 -0.001880 0.000000 0.000671 0.804074 -0.594529 13.816900 0.002835 0.594525 0.804072 0.000000 0.000000 0.000000 0.000000 1.000000
1.000000 0.000956 0.000094 -0.000000 -0.000714 0.805523 -0.592564 13.816900 -0.000642 0.592563 0.805523 -0.000000 0.000000 0.000000 0.000000 1.000000</float_array>
        <technique_common>
          <accessor source="#mixamorig_RightToeBase-Matrix-animation-output-transform-array" count="26" stride="16">
            <param type="float4x4"/>
          </accessor>
        </technique_common>
      </source>
      <source id="mixamorig_RightToeBase-Interpolations">
        <Name_array id="mixamorig_RightToeBase-Interpolations-array" count="26">
 LINEAR LINEAR LINEAR LINEAR LINEAR LINEAR LINEAR LINEAR LINEAR LINEAR LINEAR
LINEAR LINEAR LINEAR LINEAR LINEAR LINEAR LINEAR LINEAR LINEAR LINEAR LINEAR LINEAR
LINEAR LINEAR LINEAR</Name_array>
        <technique_common>
          <accessor source="#mixamorig_RightToeBase-Interpolations-array" count="26">
            <param type="name"/>
          </accessor>
        </technique_common>
      </source>
      <sampler id="mixamorig_RightToeBase-Matrix-animation-transform">
        <input semantic="INPUT" source="#mixamorig_RightToeBase-Matrix-animation-input"/>
        <input semantic="OUTPUT" source="#mixamorig_RightToeBase-Matrix-animation-output-transform"/>
        <input semantic="INTERPOLATION" source="#mixamorig_RightToeBase-Interpolations"/>
      </sampler>
      <channel source="#mixamorig_RightToeBase-Matrix-animation-transform" target="mixamorig_RightToeBase/matrix"/>
    </animation>
    <animation id="mixamorig_LeftUpLeg-anim" name="mixamorig_LeftUpLeg">
      <source id="mixamorig_LeftUpLeg-Matrix-animation-input">
        <float_array id="mixamorig_LeftUpLeg-Matrix-animation-input-array" count="26">

0.000000 0.033333 0.066667 0.100000 0.133333 0.166667 0.200000 0.233333 0.266667 0.300000 0.333333 0.366667 0.400000 0.433333 0.466667 0.500000
0.533333 0.566667 0.600000 0.633333 0.666667 0.700000 0.733333 0.766667 0.800000 0.833333</float_array>
        <technique_common>
          <accessor source="#mixamorig_LeftUpLeg-Matrix-animation-input-array" count="26">
            <param name="TIME" type="float"/>
          </accessor>
        </technique_common>
      </source>
      <source id="mixamorig_LeftUpLeg-Matrix-animation-output-transform">
        <float_array id="mixamorig_LeftUpLeg-Matrix-animation-output-transform-array" count="416">

-0.966806 0.232299 0.106413 8.207800 -0.161451 -0.878190 0.450241 -6.771800 0.198041 0.418115 0.886544 -1.512200 0.000000 0.000000 0.000000 1.000000
-0.969315 0.227857 0.092249 8.207800 -0.159247 -0.867921 0.470482 -6.771800 0.187267 0.441355 0.877575 -1.512200 0.000000 0.000000 0.000000 1.000000
-0.972952 0.219892 0.070791 8.207800 -0.147552 -0.827349 0.541961 -6.771800 0.177742 0.516856 0.837417 -1.512200 0.000000 0.000000 0.000000 1.000000
-0.966832 0.247966 0.061219 8.207800 -0.144272 -0.727995 0.670230 -6.771800 0.210762 0.639168 0.739624 -1.512200 0.000000 0.000000 0.000000 1.000000
-0.955632 0.292530 0.034545 8.207800 -0.142030 -0.560341 0.815993 -6.771800 0.258060 0.774883 0.577028 -1.512200 0.000000 0.000000 0.000000 1.000000
-0.945011 0.326148 -0.024134 8.207800 -0.139804 -0.336161 0.931370 -6.771800 0.295651 0.883529 0.363273 -1.512200 0.000000 0.000000 0.000000 1.000000
-0.938894 0.329747 -0.098718 8.207800 -0.135328 -0.089924 0.986712 -6.771800 0.316489 0.939777 0.129053 -1.512200 0.000000 0.000000 0.000000 1.000000
-0.942890 0.299435 -0.145936 8.207800 -0.117254 0.111718 0.986798 -6.771800 0.311786 0.947554 -0.070227 -1.512200 0.000000 0.000000 0.000000 1.000000
-0.948839 0.273014 -0.158643 8.207800 -0.094094 0.235119 0.967401 -6.771800 0.301414 0.932836 -0.197401 -1.512200 0.000000 0.000000 0.000000 1.000000
-0.950379 0.261112 -0.169114 8.207800 -0.096948 0.267951 0.958542 -6.771800 0.295601 0.927374 -0.229341 -1.512200 0.000000 0.000000 0.000000 1.000000
-0.952925 0.243053 -0.181271 8.207800 -0.134770 0.196013 0.971296 -6.771800 0.271608 0.950002 -0.154029 -1.512200 0.000000 0.000000 0.000000 1.000000
-0.955589 0.230595 -0.183508 8.207800 -0.180057 0.036111 0.982993 -6.771800 0.233300 0.972380 0.007012 -1.512200 0.000000 0.000000 0.000000 1.000000
-0.959967 0.222027 -0.170782 8.207800 -0.209904 -0.166475 0.963445 -6.771800 0.185479 0.960724 0.206415 -1.512200 0.000000 0.000000 0.000000 1.000000
-0.963020 0.231137 -0.138449 8.207800 -0.225734 -0.411625 0.882955 -6.771800 0.147094 0.881556 0.448579 -1.512200 0.000000 0.000000 0.000000 1.000000
-0.969070 0.238956 -0.061663 8.207800 -0.215051 -0.695104 0.685991 -6.771800 0.121059 0.678034 0.724993 -1.512200 0.000000 0.000000 0.000000 1.000000
-0.973278 0.218307 0.071219 8.207800 -0.173286 -0.901751 0.396000 -6.771800 0.150672 0.373077 0.915484 -1.512200 0.000000 0.000000 0.000000 1.000000
-0.966736 0.210208 0.145719 8.207800 -0.169990 -0.953719 0.248039 -6.771800 0.191115 0.215018 0.957728 -1.512200 0.000000 0.000000 0.000000 1.000000
-0.977122 0.156561 0.143949 8.207800 -0.125449 -0.970829 0.204339 -6.771800 0.171741 0.181606 0.968258 -1.512200 0.000000 0.000000 0.000000 1.000000
-0.987064 0.108865 0.117696 8.207800 -0.058052 -0.926985 0.370579 -6.771800 0.149445 0.358953 0.921314 -1.512200 0.000000 0.000000 0.000000 1.000000
-0.990400 0.086079 0.108160 8.207800 0.000458 -0.780402 0.625277 -6.771800 0.138232 0.619324 0.772871 -1.512200 0.000000 0.000000 0.000000 1.000000
-0.987812 0.079569 0.133776 8.207800 0.057789 -0.610544 0.789871 -6.771800 0.144526 0.787975 0.598505 -1.512200 0.000000 0.000000 0.000000 1.000000
-0.968751 0.172680 0.178051 8.207800 0.079024 -0.465565 0.881479 -6.771800 0.235108 0.868004 0.437370 -1.512200 0.000000 0.000000 0.000000 1.000000
-0.944257 0.270881 0.187089 8.207800 0.080789 -0.360253 0.929350 -6.771800 0.319142 0.892660 0.318288 -1.512200 0.000000 0.000000 0.000000 1.000000
-0.940301 0.298447 0.163593 8.207800 0.072054 -0.295209 0.952712 -6.771800 0.332628 0.907624 0.256081 -1.512200 0.000000 0.000000 0.000000 1.000000
-0.944830 0.300746 0.129799 8.207800 0.043959 -0.276257 0.960078 -6.771800 0.324597 0.912817 0.247796 -1.512200 0.000000 0.000000 0.000000 1.000000
-0.944748 0.310516 0.105030 8.207800 0.012043 -0.287316 0.957760 -6.771800 0.327577 0.906107 0.267701 -1.512200 0.000000 0.000000 0.000000 1.000000</float_array>
        <technique_common>
          <accessor source="#mixamorig_LeftUpLeg-Matrix-animation-output-transform-array" count="26" stride="16">
            <param type="float4x4"/>
          </accessor>
        </technique_common>
      </source>
      <source id="mixamorig_LeftUpLeg-Interpolations">
        <Name_array id="mixamorig_LeftUpLeg-Interpolations-array" count="26">
 LINEAR LINEAR LINEAR LINEAR LINEAR LINEAR LINEAR LINEAR LINEAR LINEAR LINEAR
LINEAR LINEAR LINEAR LINEAR LINEAR LINEAR LINEAR LINEAR LINEAR LINEAR LINEAR LINEAR
LINEAR LINEAR LINEAR</Name_array>
        <technique_common>
          <accessor source="#mixamorig_LeftUpLeg-Interpolations-array" count="26">
            <param type="name"/>
          </accessor>
        </technique_common>
      </source>
      <sampler id="mixamorig_LeftUpLeg-Matrix-animation-transform">
        <input semantic="INPUT" source="#mixamorig_LeftUpLeg-Matrix-animation-input"/>
        <input semantic="OUTPUT" source="#mixamorig_LeftUpLeg-Matrix-animation-output-transform"/>
        <input semantic="INTERPOLATION" source="#mixamorig_LeftUpLeg-Interpolations"/>
      </sampler>
      <channel source="#mixamorig_LeftUpLeg-Matrix-animation-transform" target="mixamorig_LeftUpLeg/matrix"/>
    </animation>
    <animation id="mixamorig_LeftLeg-anim" name="mixamorig_LeftLeg">
      <source id="mixamorig_LeftLeg-Matrix-animation-input">
        <float_array id="mixamorig_LeftLeg-Matrix-animation-input-array" count="26">

0.000000 0.033333 0.066667 0.100000 0.133333 0.166667 0.200000 0.233333 0.266667 0.300000 0.333333 0.366667 0.400000 0.433333 0.466667 0.500000
0.533333 0.566667 0.600000 0.633333 0.666667 0.700000 0.733333 0.766667 0.800000 0.833333</float_array>
        <technique_common>
          <accessor source="#mixamorig_LeftLeg-Matrix-animation-input-array" count="26">
            <param name="TIME" type="float"/>
          </accessor>
        </technique_common>
      </source>
      <source id="mixamorig_LeftLeg-Matrix-animation-output-transform">
        <float_array id="mixamorig_LeftLeg-Matrix-animation-output-transform-array" count="416">

0.969825 -0.013275 0.243439 -0.000000 -0.140143 0.786707 0.601209 44.371399 -0.199496 -0.617184 0.761108 0.000000 0.000000 0.000000 0.000000 1.000000
0.973241 -0.016330 0.229206 0.000000 -0.130196 0.782727 0.608595 44.371399 -0.189344 -0.622151 0.759656 0.000000 0.000000 0.000000 0.000000 1.000000
0.979109 -0.016616 0.202658 0.000000 -0.123070 0.744948 0.655672 44.371399 -0.161864 -0.666915 0.727341 0.000000 0.000000 0.000000 0.000000 1.000000
0.980468 0.007820 0.196525 -0.000000 -0.153722 0.653774 0.740911 44.371399 -0.122689 -0.756650 0.642206 0.000000 0.000000 0.000000 0.000000 1.000000
0.980687 0.030109 0.193252 0.000000 -0.182091 0.501195 0.845959 44.371399 -0.071386 -0.864811 0.496998 0.000000 0.000000 0.000000 0.000000 1.000000
0.984516 0.026976 0.173205 0.000000 -0.173239 0.300556 0.937899 44.371399 -0.026756 -0.953383 0.300575 0.000000 0.000000 0.000000 0.000000 1.000000
0.988662 0.012483 0.149637 0.000000 -0.150156 0.081244 0.985318 44.371399 0.000143 -0.996616 0.082197 0.000000 0.000000 0.000000 0.000000 1.000000
0.990103 0.010795 0.139929 -0.000000 -0.137684 -0.118544 0.983357 44.371399 0.027203 -0.992890 -0.115885 0.000000 0.000000 0.000000 0.000000 1.000000
0.989927 0.015318 0.140745 -0.000000 -0.131378 -0.271070 0.953552 44.371399 0.052758 -0.962438 -0.266327 -0.000000 0.000000 0.000000 0.000000 1.000000
0.988436 0.015054 0.150887 0.000000 -0.135170 -0.363485 0.921742 44.371399 0.068721 -0.931478 -0.357247 0.000000 0.000000 0.000000 0.000000 1.000000
0.985983 0.013336 0.166312 -0.000000 -0.147293 -0.398660 0.905193 44.371399 0.078374 -0.917002 -0.391108 0.000000 0.000000 0.000000 0.000000 1.000000
0.980300 0.018212 0.196670 0.000000 -0.176792 -0.363072 0.914835 44.371399 0.088067 -0.931583 -0.352700 0.000000 0.000000 0.000000 0.000000 1.000000
0.973718 0.029127 0.225885 0.000000 -0.212512 -0.240544 0.947089 44.371399 0.081921 -0.970201 -0.228033 0.000000 0.000000 0.000000 0.000000 1.000000
0.966101 0.030949 0.256302 0.000000 -0.255509 -0.027376 0.966419 44.371399 0.036926 -0.999146 -0.018541 -0.000000 0.000000 0.000000 0.000000 1.000000
0.957745 0.014569 0.287250 0.000000 -0.277409 0.310529 0.909184 44.371399 -0.075954 -0.950452 0.301449 -0.000000 0.000000 0.000000 0.000000 1.000000
0.977509 -0.036138 0.207773 0.000000 -0.111135 0.749039 0.653138 44.371399 -0.179233 -0.661540 0.728176 0.000000 0.000000 0.000000 0.000000 1.000000
0.949371 -0.074339 0.305236 0.000000 -0.059141 0.911938 0.406045 44.371399 -0.308541 -0.403539 0.861370 0.000000 0.000000 0.000000 0.000000 1.000000
0.883414 -0.030201 0.467619 0.000000 -0.135230 0.939032 0.316120 44.371399 -0.448657 -0.342501 0.825470 -0.000000 0.000000 0.000000 0.000000 1.000000
0.903493 0.019108 0.428176 0.000000 -0.257471 0.822860 0.506567 44.371399 -0.342649 -0.567922 0.748369 -0.000000 0.000000 0.000000 0.000000 1.000000
0.946059 0.048432 0.320353 0.000000 -0.286403 0.587287 0.757012 44.371399 -0.151475 -0.807928 0.569480 0.000000 0.000000 0.000000 0.000000 1.000000
0.989304 0.086656 0.117338 -0.000000 -0.139802 0.333699 0.932256 44.371399 0.041630 -0.938688 0.342244 -0.000000 0.000000 0.000000 0.000000 1.000000
0.992609 0.114405 0.040486 -0.000000 -0.048066 0.064294 0.996773 44.371399 0.111433 -0.991351 0.069318 -0.000000 0.000000 0.000000 0.000000 1.000000
0.994981 0.099959 0.004680 -0.000000 0.016102 -0.206091 0.978400 44.371399 0.098764 -0.973414 -0.206666 0.000000 0.000000 0.000000 0.000000 1.000000
0.997172 0.058510 -0.047162 0.000000 0.067679 -0.426387 0.902005 44.371399 0.032667 -0.902647 -0.429141 0.000000 0.000000 0.000000 0.000000 1.000000
0.999151 0.013395 -0.038950 0.000000 0.039796 -0.557764 0.829045 44.371399 -0.010620 -0.829891 -0.557824 -0.000000 0.000000 0.000000 0.000000 1.000000
0.999612 -0.001587 -0.027803 0.000000 0.021532 -0.589090 0.807781 44.371399 -0.017660 -0.808066 -0.588827 0.000000 0.000000 0.000000 0.000000 1.000000</float_array>
        <technique_common>
          <accessor source="#mixamorig_LeftLeg-Matrix-animation-output-transform-array" count="26" stride="16">
            <param type="float4x4"/>
          </accessor>
        </technique_common>
      </source>
      <source id="mixamorig_LeftLeg-Interpolations">
        <Name_array id="mixamorig_LeftLeg-Interpolations-array" count="26">
 LINEAR LINEAR LINEAR LINEAR LINEAR LINEAR LINEAR LINEAR LINEAR LINEAR LINEAR
LINEAR LINEAR LINEAR LINEAR LINEAR LINEAR LINEAR LINEAR LINEAR LINEAR LINEAR LINEAR
LINEAR LINEAR LINEAR</Name_array>
        <technique_common>
          <accessor source="#mixamorig_LeftLeg-Interpolations-array" count="26">
            <param type="name"/>
          </accessor>
        </technique_common>
      </source>
      <sampler id="mixamorig_LeftLeg-Matrix-animation-transform">
        <input semantic="INPUT" source="#mixamorig_LeftLeg-Matrix-animation-input"/>
        <input semantic="OUTPUT" source="#mixamorig_LeftLeg-Matrix-animation-output-transform"/>
        <input semantic="INTERPOLATION" source="#mixamorig_LeftLeg-Interpolations"/>
      </sampler>
      <channel source="#mixamorig_LeftLeg-Matrix-animation-transform" target="mixamorig_LeftLeg/matrix"/>
    </animation>
    <animation id="mixamorig_LeftFoot-anim" name="mixamorig_LeftFoot">
      <source id="mixamorig_LeftFoot-Matrix-animation-input">
        <float_array id="mixamorig_LeftFoot-Matrix-animation-input-array" count="26">

0.000000 0.033333 0.066667 0.100000 0.133333 0.166667 0.200000 0.233333 0.266667 0.300000 0.333333 0.366667 0.400000 0.433333 0.466667 0.500000
0.533333 0.566667 0.600000 0.633333 0.666667 0.700000 0.733333 0.766667 0.800000 0.833333</float_array>
        <technique_common>
          <accessor source="#mixamorig_LeftFoot-Matrix-animation-input-array" count="26">
            <param name="TIME" type="float"/>
          </accessor>
        </technique_common>
      </source>
      <source id="mixamorig_LeftFoot-Matrix-animation-output-transform">
        <float_array id="mixamorig_LeftFoot-Matrix-animation-output-transform-array" count="416">

0.991850 0.070549 -0.106099 0.000000 -0.127121 0.491522 -0.861537 44.527802 -0.008631 0.868003 0.496484 -0.000000 0.000000 0.000000 0.000000 1.000000
0.991466 0.071543 -0.108981 0.000000 -0.130128 0.492601 -0.860471 44.527802 -0.007877 0.867309 0.497707 0.000000 0.000000 0.000000 0.000000 1.000000
0.991846 0.068914 -0.107203 0.000000 -0.127198 0.483222 -0.866208 44.527802 -0.007891 0.872781 0.488048 0.000000 0.000000 0.000000 0.000000 1.000000
0.994656 0.054587 -0.087636 0.000000 -0.102937 0.458664 -0.882628 44.527802 -0.007985 0.886932 0.461832 -0.000000 0.000000 0.000000 0.000000 1.000000
0.996936 0.040026 -0.067201 0.000000 -0.077777 0.416225 -0.905929 44.527802 -0.008290 0.908380 0.418062 0.000000 0.000000 0.000000 0.000000 1.000000
0.996985 0.037279 -0.068059 0.000000 -0.076980 0.364482 -0.928023 44.527802 -0.009789 0.930464 0.366253 0.000000 0.000000 0.000000 0.000000 1.000000
0.995639 0.041901 -0.083354 0.000000 -0.092391 0.318960 -0.943254 44.527802 -0.012936 0.946842 0.321440 0.000000 0.000000 0.000000 0.000000 1.000000
0.994753 0.044638 -0.092056 0.000000 -0.101109 0.291577 -0.951189 44.527802 -0.015618 0.955505 0.294560 -0.000000 0.000000 0.000000 0.000000 1.000000
0.994090 0.046499 -0.098095 0.000000 -0.107106 0.272816 -0.956086 44.527802 -0.017695 0.960942 0.276184 0.000000 0.000000 0.000000 0.000000 1.000000
0.993238 0.047680 -0.105851 0.000000 -0.114566 0.255092 -0.960105 44.527802 -0.018776 0.965740 0.258830 0.000000 0.000000 0.000000 0.000000 1.000000
0.991970 0.047366 -0.117270 0.000000 -0.125074 0.229793 -0.965169 44.527802 -0.018768 0.972086 0.233872 0.000000 0.000000 0.000000 0.000000 1.000000
0.991918 0.040131 -0.120363 0.000000 -0.125907 0.194279 -0.972832 44.527802 -0.015657 0.980125 0.197762 -0.000000 0.000000 0.000000 0.000000 1.000000
0.995586 0.021183 -0.091430 0.000000 -0.093790 0.189105 -0.977468 44.527802 -0.003416 0.981728 0.190257 0.000000 0.000000 0.000000 0.000000 1.000000
0.998448 0.003585 -0.055578 -0.000000 -0.054960 0.224808 -0.972852 44.527802 0.009006 0.974396 0.224656 -0.000000 0.000000 0.000000 0.000000 1.000000
0.993505 0.039083 -0.106867 0.000000 -0.113723 0.373086 -0.920801 44.527802 0.003883 0.926973 0.375107 0.000000 0.000000 0.000000 0.000000 1.000000
0.972706 0.150372 -0.176721 -0.000000 -0.229674 0.732393 -0.640976 44.527802 0.033044 0.664070 0.746940 0.000000 0.000000 0.000000 0.000000 1.000000
0.971986 0.184779 -0.145259 0.000000 -0.227278 0.896414 -0.380508 44.527802 0.059903 0.402863 0.913298 0.000000 0.000000 0.000000 0.000000 1.000000
0.943158 0.274734 -0.187016 0.000000 -0.316751 0.913430 -0.255567 44.527802 0.100613 0.300277 0.948531 0.000000 0.000000 0.000000 0.000000 1.000000
0.896895 0.366941 -0.246847 0.000000 -0.422600 0.875629 -0.233843 44.527802 0.130340 0.314050 0.940417 0.000000 0.000000 0.000000 0.000000 1.000000
0.918546 0.300118 -0.257299 0.000000 -0.388354 0.806669 -0.445495 44.527802 0.073854 0.509130 0.857515 0.000000 0.000000 0.000000 0.000000 1.000000
0.954852 0.206044 -0.214018 0.000000 -0.295823 0.725697 -0.621170 44.527802 0.027324 0.656437 0.753886 -0.000000 0.000000 0.000000 0.000000 1.000000
0.970969 0.156904 -0.180554 0.000000 -0.238962 0.670182 -0.702676 44.527802 0.010752 0.725422 0.688220 0.000000 0.000000 0.000000 0.000000 1.000000
0.979997 0.124817 -0.155003 0.000000 -0.198985 0.626972 -0.753201 44.527802 0.003171 0.768978 0.639267 0.000000 0.000000 0.000000 0.000000 1.000000
0.972457 0.141603 -0.185139 0.000000 -0.233083 0.588613 -0.774085 44.527802 -0.000638 0.795917 0.605406 -0.000000 0.000000 0.000000 0.000000 1.000000
0.964376 0.156753 -0.213089 0.000000 -0.264480 0.555059 -0.788644 44.527802 -0.005345 0.816907 0.576744 0.000000 0.000000 0.000000 0.000000 1.000000
0.974634 0.132720 -0.180203 -0.000000 -0.223714 0.555150 -0.801100 44.527802 -0.006282 0.821093 0.570760 0.000000 0.000000 0.000000 0.000000 1.000000</float_array>
        <technique_common>
          <accessor source="#mixamorig_LeftFoot-Matrix-animation-output-transform-array" count="26" stride="16">
            <param type="float4x4"/>
          </accessor>
        </technique_common>
      </source>
      <source id="mixamorig_LeftFoot-Interpolations">
        <Name_array id="mixamorig_LeftFoot-Interpolations-array" count="26">
 LINEAR LINEAR LINEAR LINEAR LINEAR LINEAR LINEAR LINEAR LINEAR LINEAR LINEAR
LINEAR LINEAR LINEAR LINEAR LINEAR LINEAR LINEAR LINEAR LINEAR LINEAR LINEAR LINEAR
LINEAR LINEAR LINEAR</Name_array>
        <technique_common>
          <accessor source="#mixamorig_LeftFoot-Interpolations-array" count="26">
            <param type="name"/>
          </accessor>
        </technique_common>
      </source>
      <sampler id="mixamorig_LeftFoot-Matrix-animation-transform">
        <input semantic="INPUT" source="#mixamorig_LeftFoot-Matrix-animation-input"/>
        <input semantic="OUTPUT" source="#mixamorig_LeftFoot-Matrix-animation-output-transform"/>
        <input semantic="INTERPOLATION" source="#mixamorig_LeftFoot-Interpolations"/>
      </sampler>
      <channel source="#mixamorig_LeftFoot-Matrix-animation-transform" target="mixamorig_LeftFoot/matrix"/>
    </animation>
    <animation id="mixamorig_LeftToeBase-anim" name="mixamorig_LeftToeBase">
      <source id="mixamorig_LeftToeBase-Matrix-animation-input">
        <float_array id="mixamorig_LeftToeBase-Matrix-animation-input-array" count="26">

0.000000 0.033333 0.066667 0.100000 0.133333 0.166667 0.200000 0.233333 0.266667 0.300000 0.333333 0.366667 0.400000 0.433333 0.466667 0.500000
0.533333 0.566667 0.600000 0.633333 0.666667 0.700000 0.733333 0.766667 0.800000 0.833333</float_array>
        <technique_common>
          <accessor source="#mixamorig_LeftToeBase-Matrix-animation-input-array" count="26">
            <param name="TIME" type="float"/>
          </accessor>
        </technique_common>
      </source>
      <source id="mixamorig_LeftToeBase-Matrix-animation-output-transform">
        <float_array id="mixamorig_LeftToeBase-Matrix-animation-output-transform-array" count="416">

0.998334 0.055971 0.013996 0.000000 -0.032633 0.747857 -0.663057 13.816900 -0.047579 0.661496 0.748438 0.000000 0.000000 0.000000 0.000000 1.000000
0.998412 0.054224 0.015267 -0.000000 -0.030426 0.747165 -0.663941 13.816900 -0.047409 0.662423 0.747629 0.000000 0.000000 0.000000 0.000000 1.000000
0.998787 0.048765 -0.006891 0.000000 -0.041366 0.754715 -0.654747 13.816900 -0.026728 0.654238 0.755817 0.000000 0.000000 0.000000 0.000000 1.000000
0.999116 0.039906 -0.013248 0.000000 -0.038962 0.760187 -0.648534 13.816900 -0.015810 0.648477 0.761070 -0.000000 0.000000 0.000000 0.000000 1.000000
0.999486 0.028448 -0.014787 -0.000000 -0.031304 0.766213 -0.641824 13.816900 -0.006928 0.641957 0.766709 0.000000 0.000000 0.000000 0.000000 1.000000
0.999751 0.017919 -0.013320 0.000000 -0.022297 0.770289 -0.637305 13.816900 -0.001160 0.637443 0.770497 0.000000 0.000000 0.000000 0.000000 1.000000
0.999967 0.007381 -0.003414 0.000000 -0.007872 0.772921 -0.634453 13.816900 -0.002044 0.634459 0.772954 0.000000 0.000000 0.000000 0.000000 1.000000
0.999999 0.001506 0.000275 0.000000 -0.000992 0.774004 -0.633180 13.816900 -0.001167 0.633179 0.774005 0.000000 0.000000 0.000000 0.000000 1.000000
1.000000 0.000712 -0.000206 0.000000 -0.000682 0.774784 -0.632226 13.816900 -0.000290 0.632226 0.774784 0.000000 0.000000 0.000000 0.000000 1.000000
0.999997 0.002418 0.000197 0.000000 -0.001745 0.773552 -0.633730 13.816900 -0.001685 0.633728 0.773554 0.000000 0.000000 0.000000 0.000000 1.000000
0.999973 0.004189 -0.006061 -0.000000 -0.007083 0.773014 -0.634349 13.816900 0.002028 0.634375 0.773023 0.000000 0.000000 0.000000 0.000000 1.000000
0.999846 0.006179 -0.016411 0.000000 -0.015177 0.773706 -0.633363 13.816900 0.008784 0.633515 0.773681 -0.000000 0.000000 0.000000 0.000000 1.000000
0.999107 0.006281 -0.041776 0.000000 -0.031169 0.777103 -0.628602 13.816900 0.028516 0.629342 0.776605 0.000000 0.000000 0.000000 0.000000 1.000000
0.997909 0.001151 -0.064622 -0.000000 -0.043767 0.747746 -0.662541 13.816900 0.047559 0.663984 0.746233 0.000000 0.000000 0.000000 0.000000 1.000000
0.999507 -0.010249 -0.029667 0.000000 -0.015119 0.671088 -0.741223 13.816900 0.027506 0.741307 0.670603 0.000000 0.000000 0.000000 0.000000 1.000000
0.999811 -0.004095 0.019030 0.000000 0.018190 0.544618 -0.838487 13.816900 -0.006930 0.838674 0.544590 -0.000000 0.000000 0.000000 0.000000 1.000000
0.989266 0.019886 -0.144764 -0.000000 -0.103358 0.795536 -0.597026 13.816900 0.103292 0.605580 0.789052 -0.000000 0.000000 0.000000 0.000000 1.000000
0.988314 0.017288 -0.151448 0.000000 -0.104700 0.799084 -0.592033 13.816900 0.110785 0.600971 0.791556 -0.000000 0.000000 0.000000 0.000000 1.000000
0.992801 0.019173 -0.118230 0.000000 -0.087594 0.789461 -0.607518 13.816900 0.081690 0.613501 0.785457 0.000000 0.000000 0.000000 0.000000 1.000000
0.994806 0.016632 -0.100418 0.000000 -0.075036 0.786436 -0.613097 13.816900 0.068775 0.617447 0.783600 0.000000 0.000000 0.000000 0.000000 1.000000
0.996487 0.007109 -0.083443 0.000000 -0.057094 0.786606 -0.614809 13.816900 0.061266 0.617414 0.784249 0.000000 0.000000 0.000000 0.000000 1.000000
0.998756 0.005144 -0.049606 0.000000 -0.035262 0.776227 -0.629467 13.816900 0.035267 0.630433 0.775442 0.000000 0.000000 0.000000 0.000000 1.000000
0.999325 0.007056 -0.036042 0.000000 -0.028508 0.767721 -0.640150 13.816900 0.023153 0.640746 0.767404 0.000000 0.000000 0.000000 0.000000 1.000000
0.999745 0.005681 -0.021840 -0.000000 -0.018471 0.761991 -0.647324 13.816900 0.012965 0.647562 0.761902 0.000000 0.000000 0.000000 0.000000 1.000000
0.999992 0.002429 -0.003329 0.000000 -0.004013 0.758035 -0.652202 13.816900 0.000939 0.652210 0.758038 0.000000 0.000000 0.000000 0.000000 1.000000
0.999998 -0.001254 0.001408 0.000000 0.001868 0.759294 -0.650745 13.816900 -0.000253 0.650746 0.759295 0.000000 0.000000 0.000000 0.000000 1.000000</float_array>
        <technique_common>
          <accessor source="#mixamorig_LeftToeBase-Matrix-animation-output-transform-array" count="26" stride="16">
            <param type="float4x4"/>
          </accessor>
        </technique_common>
      </source>
      <source id="mixamorig_LeftToeBase-Interpolations">
        <Name_array id="mixamorig_LeftToeBase-Interpolations-array" count="26">
 LINEAR LINEAR LINEAR LINEAR LINEAR LINEAR LINEAR LINEAR LINEAR LINEAR LINEAR
LINEAR LINEAR LINEAR LINEAR LINEAR LINEAR LINEAR LINEAR LINEAR LINEAR LINEAR LINEAR
LINEAR LINEAR LINEAR</Name_array>
        <technique_common>
          <accessor source="#mixamorig_LeftToeBase-Interpolations-array" count="26">
            <param type="name"/>
          </accessor>
        </technique_common>
      </source>
      <sampler id="mixamorig_LeftToeBase-Matrix-animation-transform">
        <input semantic="INPUT" source="#mixamorig_LeftToeBase-Matrix-animation-input"/>
        <input semantic="OUTPUT" source="#mixamorig_LeftToeBase-Matrix-animation-output-transform"/>
        <input semantic="INTERPOLATION" source="#mixamorig_LeftToeBase-Interpolations"/>
      </sampler>
      <channel source="#mixamorig_LeftToeBase-Matrix-animation-transform" target="mixamorig_LeftToeBase/matrix"/>
    </animation>
  </library_animations>
  <library_visual_scenes>
    <visual_scene id="RootNode" name="RootNode">
      <node id="mixamorig_Hips" name="mixamorig_Hips" sid="mixamorig_Hips" type="JOINT">
        <matrix sid="matrix">0.729268 0.044650 -0.682770 -0.816694 -0.000591 0.997909 0.064627 96.912285 0.684228 -0.046727 0.727769 0.086863 0.000000 0.000000 0.000000 1.000000</matrix>
        <node id="mixamorig_Spine" name="mixamorig_Spine" sid="mixamorig_Spine" type="JOINT">
          <matrix sid="matrix">0.996557 0.006391 0.082665 -0.000000 -0.011307 0.998186 0.059134 10.182400 -0.082138 -0.059865 0.994821 0.000000 0.000000 0.000000 0.000000 1.000000</matrix>
          <node id="mixamorig_Spine1" name="mixamorig_Spine1" sid="mixamorig_Spine1" type="JOINT">
            <matrix sid="matrix">0.986175 0.029400 0.163076 -0.000000 0.003981 0.979647 -0.200687 10.002700 -0.165657 0.198561 0.965987 0.000000 0.000000 0.000000 0.000000 1.000000</matrix>
            <node id="mixamorig_Spine2" name="mixamorig_Spine2" sid="mixamorig_Spine2" type="JOINT">
              <matrix sid="matrix">0.986175 0.033592 0.162264 0.000000 0.003981 0.974151 -0.225864 9.322100 -0.165657 0.223388 0.960550 0.000000 0.000000 0.000000 0.000000 1.000000</matrix>
              <node id="mixamorig_Neck" name="mixamorig_Neck" sid="mixamorig_Neck" type="JOINT">
                <matrix sid="matrix">0.999743 -0.000689 -0.022666 -0.000000 0.002389 0.997177 0.075045 16.865299 0.022550 -0.075080 0.996923 -0.000000 0.000000 0.000000 0.000000 1.000000</matrix>
                <node id="mixamorig_Head" name="mixamorig_Head" sid="mixamorig_Head" type="JOINT">
                  <matrix sid="matrix">0.937031 -0.036282 0.347355 -0.000000 -0.002296 0.993928 0.110012 9.341900 -0.349237 -0.103882 0.931258 2.841000 0.000000 0.000000 0.000000 1.000000</matrix>
                  <node id="mixamorig_HeadTop_End" name="mixamorig_HeadTop_End" sid="mixamorig_HeadTop_End" type="JOINT">
                    <matrix sid="matrix">1.000000 -0.000000 -0.000000 -0.000000 0.000000 1.000000 -0.000000 20.962799 -0.000000 -0.000000 1.000000 10.122900 0.000000 0.000000 0.000000 1.000000</matrix>
                  </node>
                </node>
              </node>
              <node id="mixamorig_RightShoulder" name="mixamorig_RightShoulder" sid="mixamorig_RightShoulder" type="JOINT">
                <matrix sid="matrix">-0.037375 -0.975757 0.215641 -4.570000 -0.190048 -0.204913 -0.960152 11.195800 0.981063 -0.076868 -0.177782 -0.806600 0.000000 0.000000 0.000000 1.000000</matrix>
                <node id="mixamorig_RightArm" name="mixamorig_RightArm" sid="mixamorig_RightArm" type="JOINT">
                  <matrix sid="matrix">0.976616 -0.114894 0.181718 0.000000 0.214991 0.525685 -0.823064 10.838200 -0.000961 0.842885 0.538093 -0.000000 0.000000 0.000000 0.000000 1.000000</matrix>
                  <node id="mixamorig_RightForeArm" name="mixamorig_RightForeArm" sid="mixamorig_RightForeArm" type="JOINT">
                    <matrix sid="matrix">0.739770 0.672496 0.022133 0.000000 -0.667291 0.737474 -0.104188 27.841499 -0.086389 0.062306 0.994311 0.000000 0.000000 0.000000 0.000000 1.000000</matrix>
                    <node id="mixamorig_RightHand" name="mixamorig_RightHand" sid="mixamorig_RightHand" type="JOINT">
                      <matrix sid="matrix">0.971221 0.185826 -0.148991 0.000000 -0.213385 0.956758 -0.197687 28.328800 0.105813 0.223790 0.968876 0.000000 0.000000 0.000000 0.000000 1.000000</matrix>
                      <node id="mixamorig_RightHandThumb1" name="mixamorig_RightHandThumb1" sid="mixamorig_RightHandThumb1" type="JOINT">
                        <matrix sid="matrix">0.878785 0.442903 0.177691 2.681900 -0.310056 0.812954 -0.492922 2.464800 -0.362771 0.378078 0.851736 1.574000 0.000000 0.000000 0.000000 1.000000</matrix>
                        <node id="mixamorig_RightHandThumb2" name="mixamorig_RightHandThumb2" sid="mixamorig_RightHandThumb2" type="JOINT">
                          <matrix sid="matrix">0.936260 -0.351055 -0.013352 0.000000 0.350938 0.932854 0.081398 4.189000 -0.016120 -0.080895 0.996592 -0.000000 0.000000 0.000000 0.000000 1.000000</matrix>
                          <node id="mixamorig_RightHandThumb3" name="mixamorig_RightHandThumb3" sid="mixamorig_RightHandThumb3" type="JOINT">
                            <matrix sid="matrix">0.999999 0.000000 -0.001615 -0.000000 -0.000000 1.000000 -0.000000 3.416300 0.001615 0.000000 0.999999 0.000000 0.000000 0.000000 0.000000 1.000000</matrix>
                            <node id="mixamorig_RightHandThumb4" name="mixamorig_RightHandThumb4" sid="mixamorig_RightHandThumb4" type="JOINT">
                              <matrix sid="matrix">0.967631 0.095337 -0.233668 -0.000000 -0.098051 0.995181 0.000001 2.575000 0.232542 0.022911 0.972316 -0.000000 0.000000 0.000000 0.000000 1.000000</matrix>
                            </node>
                          </node>
                        </node>
                      </node>
                      <node id="mixamorig_RightHandIndex1" name="mixamorig_RightHandIndex1" sid="mixamorig_RightHandIndex1" type="JOINT">
                        <matrix sid="matrix">0.999601 -0.019642 0.020292 2.259800 0.021186 0.996658 -0.078891 9.108300 -0.018675 0.079290 0.996677 0.517900 0.000000 0.000000 0.000000 1.000000</matrix>
                        <node id="mixamorig_RightHandIndex2" name="mixamorig_RightHandIndex2" sid="mixamorig_RightHandIndex2" type="JOINT">
                          <matrix sid="matrix">0.999809 -0.019232 0.003582 0.000000 0.019441 0.956469 -0.291187 3.700000 0.002174 0.291201 0.956659 0.000000 0.000000 0.000000 0.000000 1.000000</matrix>
                          <node id="mixamorig_RightHandIndex3" name="mixamorig_RightHandIndex3" sid="mixamorig_RightHandIndex3" type="JOINT">
                            <matrix sid="matrix">1.000000 0.000000 0.000000 -0.000000 -0.000000 1.000000 -0.000000 2.850000 0.000000 0.000000 1.000000 0.000000 0.000000 0.000000 0.000000 1.000000</matrix>
                            <node id="mixamorig_RightHandIndex4" name="mixamorig_RightHandIndex4" sid="mixamorig_RightHandIndex4" type="JOINT">
                              <matrix sid="matrix">0.999998 -0.000175 0.002005 0.000000 0.000175 1.000000 0.000000 2.772200 -0.002005 -0.000000 0.999998 -0.000000 0.000000 0.000000 0.000000 1.000000</matrix>
                            </node>
                          </node>
                        </node>
                      </node>
                      <node id="mixamorig_RightHandMiddle1" name="mixamorig_RightHandMiddle1" sid="mixamorig_RightHandMiddle1" type="JOINT">
                        <matrix sid="matrix">0.998646 -0.046865 0.022562 -0.000000 0.050687 0.974169 -0.220059 9.532500 -0.011666 0.220905 0.975226 0.000000 0.000000 0.000000 0.000000 1.000000</matrix>
                        <node id="mixamorig_RightHandMiddle2" name="mixamorig_RightHandMiddle2" sid="mixamorig_RightHandMiddle2" type="JOINT">
                          <matrix sid="matrix">0.999430 0.033192 -0.006099 -0.000000 -0.031681 0.860497 -0.508470 3.700000 -0.011629 0.508374 0.861058 0.000000 0.000000 0.000000 0.000000 1.000000</matrix>
                          <node id="mixamorig_RightHandMiddle3" name="mixamorig_RightHandMiddle3" sid="mixamorig_RightHandMiddle3" type="JOINT">
                            <matrix sid="matrix">1.000000 0.000000 0.000000 0.000000 -0.000000 1.000000 0.000000 2.950000 -0.000000 0.000000 1.000000 -0.000000 0.000000 0.000000 0.000000 1.000000</matrix>
                            <node id="mixamorig_RightHandMiddle4" name="mixamorig_RightHandMiddle4" sid="mixamorig_RightHandMiddle4" type="JOINT">
                              <matrix sid="matrix">0.999998 -0.000333 0.001857 -0.000000 0.000333 1.000000 0.000001 2.946600 -0.001857 -0.000000 0.999998 0.000000 0.000000 0.000000 0.000000 1.000000</matrix>
                            </node>
                          </node>
                        </node>
                      </node>
                      <node id="mixamorig_RightHandRing1" name="mixamorig_RightHandRing1" sid="mixamorig_RightHandRing1" type="JOINT">
                        <matrix sid="matrix">0.990773 -0.135247 0.008834 -1.865100 0.128996 0.920969 -0.367663 9.103600 0.041590 0.365410 0.929917 0.043100 0.000000 0.000000 0.000000 1.000000</matrix>
                        <node id="mixamorig_RightHandRing2" name="mixamorig_RightHandRing2" sid="mixamorig_RightHandRing2" type="JOINT">
                          <matrix sid="matrix">0.997680 0.062929 -0.025967 0.000000 -0.065764 0.792367 -0.606489 3.379300 -0.017591 0.606790 0.794667 0.000000 0.000000 0.000000 0.000000 1.000000</matrix>
                          <node id="mixamorig_RightHandRing3" name="mixamorig_RightHandRing3" sid="mixamorig_RightHandRing3" type="JOINT">
                            <matrix sid="matrix">1.000000 0.000000 -0.000000 0.000000 -0.000000 1.000000 0.000000 2.889700 0.000000 0.000000 1.000000 0.000000 0.000000 0.000000 0.000000 1.000000</matrix>
                            <node id="mixamorig_RightHandRing4" name="mixamorig_RightHandRing4" sid="mixamorig_RightHandRing4" type="JOINT">
                              <matrix sid="matrix">0.999999 0.001599 0.000291 0.000000 -0.001599 0.999999 -0.000000 2.638800 -0.000291 0.000000 1.000000 0.000000 0.000000 0.000000 0.000000 1.000000</matrix>
                            </node>
                          </node>
                        </node>
                      </node>
                      <node id="mixamorig_RightHandPinky1" name="mixamorig_RightHandPinky1" sid="mixamorig_RightHandPinky1" type="JOINT">
                        <matrix sid="matrix">0.982801 -0.183938 0.016405 -3.806300 0.174690 0.897217 -0.405567 8.076700 0.059880 0.401457 0.913918 0.486700 0.000000 0.000000 0.000000 1.000000</matrix>
                        <node id="mixamorig_RightHandPinky2" name="mixamorig_RightHandPinky2" sid="mixamorig_RightHandPinky2" type="JOINT">
                          <matrix sid="matrix">0.990230 0.120186 -0.070711 0.000000 -0.137100 0.746531 -0.651073 3.600000 -0.025462 0.654406 0.755714 0.000000 0.000000 0.000000 0.000000 1.000000</matrix>
                          <node id="mixamorig_RightHandPinky3" name="mixamorig_RightHandPinky3" sid="mixamorig_RightHandPinky3" type="JOINT">
                            <matrix sid="matrix">1.000000 0.000000 0.000000 -0.000000 -0.000000 1.000000 0.000000 2.100000 0.000000 -0.000000 1.000000 0.000000 0.000000 0.000000 0.000000 1.000000</matrix>
                            <node id="mixamorig_RightHandPinky4" name="mixamorig_RightHandPinky4" sid="mixamorig_RightHandPinky4" type="JOINT">
                              <matrix sid="matrix">0.999995 0.000082 0.003138 0.000000 -0.000082 1.000000 -0.000000 2.115800 -0.003138 0.000000 0.999995 0.000000 0.000000 0.000000 0.000000 1.000000</matrix>
                            </node>
                          </node>
                        </node>
                      </node>
                    </node>
                  </node>
                </node>
              </node>
              <node id="mixamorig_LeftShoulder" name="mixamorig_LeftShoulder" sid="mixamorig_LeftShoulder" type="JOINT">
                <matrix sid="matrix">-0.190462 0.963926 -0.185934 4.570400 0.180590 -0.151766 -0.971779 11.195600 -0.964941 -0.218665 -0.145170 -0.806600 0.000000 0.000000 0.000000 1.000000</matrix>
                <node id="mixamorig_LeftArm" name="mixamorig_LeftArm" sid="mixamorig_LeftArm" type="JOINT">
                  <matrix sid="matrix">0.953667 -0.298768 0.035447 0.000000 0.170520 0.439676 -0.881821 10.837700 0.247874 0.847008 0.470251 0.000000 0.000000 0.000000 0.000000 1.000000</matrix>
                  <node id="mixamorig_LeftForeArm" name="mixamorig_LeftForeArm" sid="mixamorig_LeftForeArm" type="JOINT">
                    <matrix sid="matrix">0.665270 -0.740471 0.095489 0.000000 0.737572 0.671658 0.069732 27.841499 -0.115771 0.024039 0.992985 0.000000 0.000000 0.000000 0.000000 1.000000</matrix>
                    <node id="mixamorig_LeftHand" name="mixamorig_LeftHand" sid="mixamorig_LeftHand" type="JOINT">
                      <matrix sid="matrix">0.960252 -0.075146 0.268830 -0.000000 -0.016105 0.946562 0.322121 28.328800 -0.278670 -0.313647 0.907727 0.000000 0.000000 0.000000 0.000000 1.000000</matrix>
                      <node id="mixamorig_LeftHandThumb1" name="mixamorig_LeftHandThumb1" sid="mixamorig_LeftHandThumb1" type="JOINT">
                        <matrix sid="matrix">0.951541 -0.296904 0.080112 -2.681700 0.286871 0.763140 -0.579071 2.466100 0.110792 0.573992 0.811332 1.576200 0.000000 0.000000 0.000000 1.000000</matrix>
                        <node id="mixamorig_LeftHandThumb2" name="mixamorig_LeftHandThumb2" sid="mixamorig_LeftHandThumb2" type="JOINT">
                          <matrix sid="matrix">0.999992 -0.002416 0.003123 0.000000 0.002370 0.999890 0.014622 4.187100 -0.003158 -0.014614 0.999888 0.000000 0.000000 0.000000 0.000000 1.000000</matrix>
                          <node id="mixamorig_LeftHandThumb3" name="mixamorig_LeftHandThumb3" sid="mixamorig_LeftHandThumb3" type="JOINT">
                            <matrix sid="matrix">0.999999 -0.000000 0.001490 0.000000 0.000000 1.000000 -0.000000 3.418400 -0.001490 0.000000 0.999999 0.000000 0.000000 0.000000 0.000000 1.000000</matrix>
                            <node id="mixamorig_LeftHandThumb4" name="mixamorig_LeftHandThumb4" sid="mixamorig_LeftHandThumb4" type="JOINT">
                              <matrix sid="matrix">0.966428 -0.081336 0.243724 0.000000 0.083865 0.996477 0.000001 2.580600 -0.242865 0.020439 0.969845 0.000000 0.000000 0.000000 0.000000 1.000000</matrix>
                            </node>
                          </node>
                        </node>
                      </node>
                      <node id="mixamorig_LeftHandIndex1" name="mixamorig_LeftHandIndex1" sid="mixamorig_LeftHandIndex1" type="JOINT">
                        <matrix sid="matrix">0.992463 -0.122302 -0.007667 -2.259900 0.121537 0.990395 -0.065930 9.109300 0.015657 0.064502 0.997795 0.518000 0.000000 0.000000 0.000000 1.000000</matrix>
                        <node id="mixamorig_LeftHandIndex2" name="mixamorig_LeftHandIndex2" sid="mixamorig_LeftHandIndex2" type="JOINT">
                          <matrix sid="matrix">0.999901 0.013701 -0.003127 -0.000000 -0.014026 0.959150 -0.282550 3.700000 -0.000872 0.282566 0.959247 0.000000 0.000000 0.000000 0.000000 1.000000</matrix>
                          <node id="mixamorig_LeftHandIndex3" name="mixamorig_LeftHandIndex3" sid="mixamorig_LeftHandIndex3" type="JOINT">
                            <matrix sid="matrix">1.000000 -0.000000 0.000000 0.000000 0.000000 1.000000 -0.000000 2.850000 -0.000000 -0.000000 1.000000 0.000000 0.000000 0.000000 0.000000 1.000000</matrix>
                            <node id="mixamorig_LeftHandIndex4" name="mixamorig_LeftHandIndex4" sid="mixamorig_LeftHandIndex4" type="JOINT">
                              <matrix sid="matrix">1.000000 0.000026 -0.000756 -0.000000 -0.000026 1.000000 0.000000 2.774900 0.000756 0.000000 1.000000 0.000000 0.000000 0.000000 0.000000 1.000000</matrix>
                            </node>
                          </node>
                        </node>
                      </node>
                      <node id="mixamorig_LeftHandMiddle1" name="mixamorig_LeftHandMiddle1" sid="mixamorig_LeftHandMiddle1" type="JOINT">
                        <matrix sid="matrix">0.985181 0.171247 -0.009649 0.000000 -0.168282 0.954179 -0.247434 9.533400 -0.033165 0.245391 0.968857 0.000000 0.000000 0.000000 0.000000 1.000000</matrix>
                        <node id="mixamorig_LeftHandMiddle2" name="mixamorig_LeftHandMiddle2" sid="mixamorig_LeftHandMiddle2" type="JOINT">
                          <matrix sid="matrix">0.999604 -0.027951 0.003133 0.000000 0.027105 0.927610 -0.372566 3.700000 0.007507 0.372504 0.928000 0.000000 0.000000 0.000000 0.000000 1.000000</matrix>
                          <node id="mixamorig_LeftHandMiddle3" name="mixamorig_LeftHandMiddle3" sid="mixamorig_LeftHandMiddle3" type="JOINT">
                            <matrix sid="matrix">1.000000 0.000000 0.000000 0.000000 -0.000000 1.000000 0.000000 2.950000 -0.000000 -0.000000 1.000000 0.000000 0.000000 0.000000 0.000000 1.000000</matrix>
                            <node id="mixamorig_LeftHandMiddle4" name="mixamorig_LeftHandMiddle4" sid="mixamorig_LeftHandMiddle4" type="JOINT">
                              <matrix sid="matrix">0.999998 -0.000056 -0.002049 0.000000 0.000056 1.000000 -0.000000 2.952900 0.002049 0.000000 0.999998 -0.000000 0.000000 0.000000 0.000000 1.000000</matrix>
                            </node>
                          </node>
                        </node>
                      </node>
                      <node id="mixamorig_LeftHandRing1" name="mixamorig_LeftHandRing1" sid="mixamorig_LeftHandRing1" type="JOINT">
                        <matrix sid="matrix">0.965374 0.242983 -0.094931 1.865100 -0.257168 0.825345 -0.502663 9.104500 -0.043788 0.509672 0.859254 0.043000 0.000000 0.000000 0.000000 1.000000</matrix>
                        <node id="mixamorig_LeftHandRing2" name="mixamorig_LeftHandRing2" sid="mixamorig_LeftHandRing2" type="JOINT">
                          <matrix sid="matrix">0.998836 -0.045410 0.016244 0.000000 0.047118 0.846994 -0.529511 3.150000 0.010286 0.529660 0.848148 0.000000 0.000000 0.000000 0.000000 1.000000</matrix>
                          <node id="mixamorig_LeftHandRing3" name="mixamorig_LeftHandRing3" sid="mixamorig_LeftHandRing3" type="JOINT">
                            <matrix sid="matrix">1.000000 -0.000000 -0.000000 0.000000 0.000000 1.000000 -0.000000 2.950000 0.000000 0.000000 1.000000 0.000000 0.000000 0.000000 0.000000 1.000000</matrix>
                            <node id="mixamorig_LeftHandRing4" name="mixamorig_LeftHandRing4" sid="mixamorig_LeftHandRing4" type="JOINT">
                              <matrix sid="matrix">1.000000 -0.000031 0.000986 0.000000 0.000031 1.000000 0.000000 2.644300 -0.000986 0.000000 1.000000 0.000000 0.000000 0.000000 0.000000 1.000000</matrix>
                            </node>
                          </node>
                        </node>
                      </node>
                      <node id="mixamorig_LeftHandPinky1" name="mixamorig_LeftHandPinky1" sid="mixamorig_LeftHandPinky1" type="JOINT">
                        <matrix sid="matrix">0.945818 0.300937 -0.121922 3.806300 -0.317301 0.776954 -0.543749 8.077800 -0.068907 0.552973 0.830345 0.486900 0.000000 0.000000 0.000000 1.000000</matrix>
                        <node id="mixamorig_LeftHandPinky2" name="mixamorig_LeftHandPinky2" sid="mixamorig_LeftHandPinky2" type="JOINT">
                          <matrix sid="matrix">0.994845 -0.085635 0.054323 0.000000 0.100667 0.769107 -0.631143 3.600000 0.012268 0.633357 0.773762 0.000000 0.000000 0.000000 0.000000 1.000000</matrix>
                          <node id="mixamorig_LeftHandPinky3" name="mixamorig_LeftHandPinky3" sid="mixamorig_LeftHandPinky3" type="JOINT">
                            <matrix sid="matrix">1.000000 0.000000 0.000000 0.000000 -0.000000 1.000000 -0.000000 2.100000 0.000000 0.000000 1.000000 0.000000 0.000000 0.000000 0.000000 1.000000</matrix>
                            <node id="mixamorig_LeftHandPinky4" name="mixamorig_LeftHandPinky4" sid="mixamorig_LeftHandPinky4" type="JOINT">
                              <matrix sid="matrix">0.999999 0.000590 -0.001567 0.000000 -0.000590 1.000000 -0.000001 2.125500 0.001567 0.000002 0.999999 -0.000000 0.000000 0.000000 0.000000 1.000000</matrix>
                            </node>
                          </node>
                        </node>
                      </node>
                    </node>
                  </node>
                </node>
              </node>
            </node>
          </node>
        </node>
        <node id="mixamorig_RightUpLeg" name="mixamorig_RightUpLeg" sid="mixamorig_RightUpLeg" type="JOINT">
          <matrix sid="matrix">-0.938738 -0.250884 -0.236280 -8.207800 0.230188 -0.966690 0.111908 -6.771800 -0.256486 0.050663 0.965219 -1.512200 0.000000 0.000000 0.000000 1.000000</matrix>
          <node id="mixamorig_RightLeg" name="mixamorig_RightLeg" sid="mixamorig_RightLeg" type="JOINT">
            <matrix sid="matrix">0.987300 -0.003768 0.158823 0.000000 -0.093985 0.792156 0.603039 44.371498 -0.128085 -0.610308 0.781741 0.000000 0.000000 0.000000 0.000000 1.000000</matrix>
            <node id="mixamorig_RightFoot" name="mixamorig_RightFoot" sid="mixamorig_RightFoot" type="JOINT">
              <matrix sid="matrix">0.958259 -0.124640 0.257301 0.000000 0.280308 0.232463 -0.931337 44.527802 0.056269 0.964586 0.257697 -0.000000 0.000000 0.000000 0.000000 1.000000</matrix>
              <node id="mixamorig_RightToeBase" name="mixamorig_RightToeBase" sid="mixamorig_RightToeBase" type="JOINT">
                <matrix sid="matrix">0.999963 0.006315 0.005918 0.000000 -0.000889 0.755140 -0.655563 13.816900 -0.008609 0.655534 0.755117 -0.000000 0.000000 0.000000 0.000000 1.000000</matrix>
                <node id="mixamorig_RightToe_End" name="mixamorig_RightToe_End" sid="mixamorig_RightToe_End" type="JOINT">
                  <matrix sid="matrix">0.999731 -0.000000 0.023214 0.000000 0.000000 1.000000 0.000000 9.278100 -0.023214 0.000000 0.999731 0.000000 0.000000 0.000000 0.000000 1.000000</matrix>
                </node>
              </node>
            </node>
          </node>
        </node>
        <node id="mixamorig_LeftUpLeg" name="mixamorig_LeftUpLeg" sid="mixamorig_LeftUpLeg" type="JOINT">
          <matrix sid="matrix">-0.966806 0.232299 0.106413 8.207800 -0.161451 -0.878190 0.450241 -6.771800 0.198041 0.418115 0.886544 -1.512200 0.000000 0.000000 0.000000 1.000000</matrix>
          <node id="mixamorig_LeftLeg" name="mixamorig_LeftLeg" sid="mixamorig_LeftLeg" type="JOINT">
            <matrix sid="matrix">0.969825 -0.013275 0.243439 -0.000000 -0.140143 0.786707 0.601209 44.371399 -0.199496 -0.617184 0.761108 0.000000 0.000000 0.000000 0.000000 1.000000</matrix>
            <node id="mixamorig_LeftFoot" name="mixamorig_LeftFoot" sid="mixamorig_LeftFoot" type="JOINT">
              <matrix sid="matrix">0.991850 0.070549 -0.106099 0.000000 -0.127121 0.491522 -0.861537 44.527802 -0.008631 0.868003 0.496484 -0.000000 0.000000 0.000000 0.000000 1.000000</matrix>
              <node id="mixamorig_LeftToeBase" name="mixamorig_LeftToeBase" sid="mixamorig_LeftToeBase" type="JOINT">
                <matrix sid="matrix">0.998334 0.055971 0.013996 0.000000 -0.032633 0.747857 -0.663057 13.816900 -0.047579 0.661496 0.748438 0.000000 0.000000 0.000000 0.000000 1.000000</matrix>
                <node id="mixamorig_LeftToe_End" name="mixamorig_LeftToe_End" sid="mixamorig_LeftToe_End" type="JOINT">
                  <matrix sid="matrix">0.999718 0.000000 -0.023736 0.000000 -0.000000 1.000000 0.000000 9.278100 0.023736 -0.000000 0.999718 0.000000 0.000000 0.000000 0.000000 1.000000</matrix>
                </node>
              </node>
            </node>
          </node>
        </node>
      </node>
    </visual_scene>
  </library_visual_scenes>
  <scene>
    <instance_visual_scene url="#RootNode"/>
  </scene>
</COLLADA>
