<?xml version="1.0" encoding="utf-8"?>
<COLLADA xmlns="http://www.collada.org/2005/11/COLLADASchema" version="1.4.1">
  <asset>
    <contributor>
      <author>Mixamo</author>
      <authoring_tool>COLLADA Mixamo exporter</authoring_tool>
      <comments/>
    </contributor>
    <created>2026-09-14T02:16:12Z</created>
    <modified>2026-09-14T02:16:12Z</modified>
    <revision/>
    <title/>
    <unit meter="0.010000"/>
    <up_axis>Y_UP</up_axis>
  </asset>
  <library_animations>
    <animation id="mixamorig_Hips-anim" name="mixamorig_Hips">
      <source id="mixamorig_Hips-Matrix-animation-input">
        <float_array id="mixamorig_Hips-Matrix-animation-input-array" count="78">

0.000000 0.033333 0.066667 0.100000 0.133333 0.166667 0.200000 0.233333 0.266667 0.300000 0.333333 0.366667 0.400000 0.433333 0.466667 0.500000
0.533333 0.566667 0.600000 0.633333 0.666667 0.700000 0.733333 0.766667 0.800000 0.833333 0.866667 0.900000 0.933333 0.966667 1.000000 1.033333
1.066667 1.100000 1.133333 1.166667 1.200000 1.233333 1.266667 1.300000 1.333333 1.366667 1.400000 1.433333 1.466667 1.500000 1.533333 1.566667
1.600000 1.633333 1.666667 1.700000 1.733333 1.766667 1.800000 1.833333 1.866667 1.900000 1.933333 1.966667 2.000000 2.033333 2.066667 2.100000
2.133333 2.166667 2.200000 2.233333 2.266667 2.300000 2.333333 2.366667 2.400000 2.433333 2.466667 2.500000 2.533333 2.566667</float_array>
        <technique_common>
          <accessor source="#mixamorig_Hips-Matrix-animation-input-array" count="78">
            <param name="TIME" type="float"/>
          </accessor>
        </technique_common>
      </source>
      <source id="mixamorig_Hips-Matrix-animation-output-transform">
        <float_array id="mixamorig_Hips-Matrix-animation-output-transform-array" count="1248">

0.993710 -0.064146 0.091791 -0.144250 0.059517 0.996856 0.052313 103.378937 -0.094858 -0.046521 0.994403 1.422864 0.000000 0.000000 0.000000 1.000000
0.994291 -0.052348 0.092979 -0.386299 0.047919 0.997637 0.049245 101.679199 -0.095337 -0.044509 0.994450 0.906317 0.000000 0.000000 0.000000 1.000000
0.994432 -0.036859 0.098729 -0.669941 0.032993 0.998634 0.040512 99.901070 -0.100087 -0.037029 0.994289 -0.097598 0.000000 0.000000 0.000000 1.000000
0.994101 -0.014285 0.107510 -0.989979 0.012706 0.999801 0.015359 97.839111 -0.107708 -0.013903 0.994085 -1.683751 0.000000 0.000000 0.000000 1.000000
0.993477 0.011699 0.113428 -1.304754 -0.008106 0.999452 -0.032093 95.343491 -0.113741 0.030964 0.993028 -3.764295 0.000000 0.000000 0.000000 1.000000
0.993157 0.031488 0.112466 -1.557362 -0.020576 0.995081 -0.096903 92.241348 -0.114964 0.093926 0.988919 -6.043238 0.000000 0.000000 0.000000 1.000000
0.993318 0.039321 0.108507 -1.731833 -0.021050 0.986126 -0.164660 88.491516 -0.113477 0.161276 0.980364 -8.214908 0.000000 0.000000 0.000000 1.000000
0.993507 0.036615 0.107717 -1.878433 -0.011955 0.975155 -0.221201 84.190590 -0.113140 0.218476 0.969261 -10.183146 0.000000 0.000000 0.000000 1.000000
0.993641 0.023500 0.110112 -2.059393 0.006468 0.964448 -0.264194 79.375793 -0.112406 0.263227 0.958163 -11.908744 0.000000 0.000000 0.000000 1.000000
0.993872 0.000230 0.110534 -2.267481 0.033645 0.951917 -0.304502 74.809654 -0.105289 0.306355 0.946076 -13.309438 0.000000 0.000000 0.000000 1.000000
0.994116 -0.023659 0.105703 -2.463341 0.059645 0.934148 -0.351866 70.802261 -0.090418 0.356100 0.930063 -14.194122 0.000000 0.000000 0.000000 1.000000
0.994737 -0.034871 0.096349 -2.602683 0.070855 0.913352 -0.400959 67.392601 -0.074018 0.405675 0.911015 -14.519693 0.000000 0.000000 0.000000 1.000000
0.995861 -0.032300 0.084953 -2.668369 0.066622 0.895227 -0.440602 64.567741 -0.061820 0.444438 0.893674 -14.387840 0.000000 0.000000 0.000000 1.000000
0.996843 -0.026721 0.074772 -2.712621 0.058700 0.882134 -0.467326 62.400761 -0.053471 0.470239 0.880918 -13.803076 0.000000 0.000000 0.000000 1.000000
0.997329 -0.025000 0.068634 -2.826744 0.054967 0.875676 -0.479760 60.980659 -0.048107 0.482251 0.874711 -12.734213 0.000000 0.000000 0.000000 1.000000
0.997379 -0.023206 0.068537 -3.019734 0.052826 0.880809 -0.470515 60.285851 -0.049450 0.472902 0.879726 -11.370563 0.000000 0.000000 0.000000 1.000000
0.997176 -0.015097 0.073569 -3.175899 0.045677 0.899491 -0.434546 60.937614 -0.059614 0.436679 0.897640 -10.127709 0.000000 0.000000 0.000000 1.000000
0.996721 -0.002351 0.080877 -3.152838 0.032901 0.924984 -0.378579 63.282749 -0.073920 0.379999 0.922028 -9.195828 0.000000 0.000000 0.000000 1.000000
0.996287 0.010247 0.085486 -2.903624 0.017309 0.948782 -0.315456 66.994606 -0.084340 0.315765 0.945082 -8.308450 0.000000 0.000000 0.000000 1.000000
0.996402 0.021196 0.082064 -2.502017 0.000165 0.967739 -0.251956 71.966675 -0.084757 0.251063 0.964253 -7.102842 0.000000 0.000000 0.000000 1.000000
0.997134 0.032503 0.068321 -2.094313 -0.019250 0.982292 -0.186365 78.364883 -0.073169 0.184515 0.980102 -5.488888 0.000000 0.000000 0.000000 1.000000
0.997718 0.047951 0.047529 -1.821754 -0.042056 0.992113 -0.118080 86.762314 -0.052816 0.115812 0.991866 -3.521689 0.000000 0.000000 0.000000 1.000000
0.997330 0.067869 0.026972 -1.756115 -0.066065 0.995829 -0.062932 97.381104 -0.031130 0.060982 0.997653 -1.010131 0.000000 0.000000 0.000000 1.000000
0.996887 0.077994 0.011552 -1.952956 -0.077252 0.995506 -0.054769 107.642731 -0.015772 0.053706 0.998432 2.069825 0.000000 0.000000 0.000000 1.000000
0.997001 0.077362 -0.002124 -2.080765 -0.077162 0.991571 -0.104085 115.009888 -0.005946 0.103937 0.994566 4.415536 0.000000 0.000000 0.000000 1.000000
0.997042 0.074946 -0.017049 -2.058218 -0.076720 0.983854 -0.161695 122.838249 0.004656 0.162525 0.986694 4.782886 0.000000 0.000000 0.000000 1.000000
0.997134 0.070328 -0.027890 -1.904922 -0.074174 0.981363 -0.177271 131.031982 0.014903 0.178831 0.983767 3.193995 0.000000 0.000000 0.000000 1.000000
0.997767 0.060737 -0.027798 -1.637173 -0.064618 0.983086 -0.171368 137.083832 0.016919 0.172782 0.984815 0.714215 0.000000 0.000000 0.000000 1.000000
0.998681 0.047979 -0.018307 -1.346398 -0.050598 0.980262 -0.191118 141.542664 0.008776 0.191792 0.981396 -1.845831 0.000000 0.000000 0.000000 1.000000
0.999347 0.035455 -0.006968 -1.136000 -0.036098 0.971135 -0.235785 144.141190 -0.001593 0.235882 0.971780 -4.410508 0.000000 0.000000 0.000000 1.000000
0.999654 0.026115 -0.003018 -1.030592 -0.025994 0.964763 -0.261835 145.073547 -0.003926 0.261823 0.965108 -6.569921 0.000000 0.000000 0.000000 1.000000
0.999884 0.014154 -0.005702 -1.010371 -0.015116 0.969802 -0.243425 144.649551 0.002085 0.243483 0.969903 -7.623759 0.000000 0.000000 0.000000 1.000000
0.999949 -0.001310 -0.010058 -0.999239 -0.000719 0.979975 -0.199117 143.605392 0.010117 0.199114 0.979924 -7.772528 0.000000 0.000000 0.000000 1.000000
0.999782 -0.016900 -0.012260 -0.946416 0.014511 0.984656 -0.173904 142.427490 0.015011 0.173689 0.984686 -7.610812 0.000000 0.000000 0.000000 1.000000
0.999465 -0.029721 -0.013643 -0.927125 0.026485 0.980361 -0.195424 141.127304 0.019183 0.194958 0.980624 -7.165584 0.000000 0.000000 0.000000 1.000000
0.999097 -0.037952 -0.019095 -1.053758 0.032070 0.968503 -0.246930 139.309082 0.027865 0.246095 0.968845 -6.095125 0.000000 0.000000 0.000000 1.000000
0.998645 -0.044449 -0.027050 -1.335964 0.034784 0.956919 -0.288263 136.330917 0.038698 0.286932 0.957169 -4.439986 0.000000 0.000000 0.000000 1.000000
0.998196 -0.052610 -0.028938 -1.687788 0.041649 0.953828 -0.297450 131.932755 0.043251 0.295708 0.954299 -2.565059 0.000000 0.000000 0.000000 1.000000
0.997768 -0.063643 -0.020231 -2.055723 0.055252 0.956871 -0.285211 126.224693 0.037510 0.283457 0.958251 -0.740820 0.000000 0.000000 0.000000 1.000000
0.997120 -0.075294 -0.009093 -2.477843 0.069811 0.958074 -0.277885 119.122261 0.029635 0.276450 0.960571 0.826160 0.000000 0.000000 0.000000 1.000000
0.996380 -0.084381 -0.010292 -2.983368 0.077730 0.953403 -0.291515 110.110016 0.034411 0.289660 0.956511 1.813345 0.000000 0.000000 0.000000 1.000000
0.995353 -0.091467 -0.030120 -3.528985 0.077289 0.945367 -0.316713 99.098648 0.057443 0.312913 0.948043 1.799107 0.000000 0.000000 0.000000 1.000000
0.993426 -0.098704 -0.057979 -3.945831 0.074372 0.941544 -0.328579 87.469963 0.087022 0.322107 0.942695 0.435958 0.000000 0.000000 0.000000 1.000000
0.991451 -0.104437 -0.078214 -4.175839 0.074672 0.945728 -0.316263 77.293030 0.106999 0.307719 0.945442 -1.745807 0.000000 0.000000 0.000000 1.000000
0.990255 -0.106688 -0.089509 -4.400447 0.075636 0.951697 -0.297577 69.742256 0.116933 0.287908 0.950492 -3.261290 0.000000 0.000000 0.000000 1.000000
0.988280 -0.111415 -0.104350 -4.604874 0.076615 0.953279 -0.292214 64.873856 0.132032 0.280795 0.950643 -4.231238 0.000000 0.000000 0.000000 1.000000
0.983942 -0.119460 -0.132621 -4.753561 0.074930 0.950821 -0.300542 61.796997 0.162001 0.285779 0.944503 -5.415111 0.000000 0.000000 0.000000 1.000000
0.979579 -0.121383 -0.160286 -4.867575 0.066153 0.947393 -0.313163 59.991051 0.189866 0.296164 0.936076 -6.636089 0.000000 0.000000 0.000000 1.000000
0.979396 -0.113655 -0.166934 -4.851426 0.054008 0.943901 -0.325783 59.190224 0.194596 0.310055 0.930590 -7.612301 0.000000 0.000000 0.000000 1.000000
0.981618 -0.107387 -0.157776 -4.631380 0.047960 0.938950 -0.340694 59.172836 0.184730 0.326865 0.926841 -8.192028 0.000000 0.000000 0.000000 1.000000
0.982199 -0.111197 -0.151392 -4.358141 0.050996 0.933539 -0.354829 59.794415 0.180786 0.340792 0.922593 -8.525780 0.000000 0.000000 0.000000 1.000000
0.980967 -0.122825 -0.150391 -4.104833 0.061266 0.930740 -0.360512 61.018013 0.184255 0.344437 0.920551 -8.829251 0.000000 0.000000 0.000000 1.000000
0.980126 -0.134212 -0.146080 -3.853621 0.074236 0.931033 -0.357305 62.888397 0.183960 0.339360 0.922493 -9.206877 0.000000 0.000000 0.000000 1.000000
0.980374 -0.142463 -0.136273 -3.517045 0.086649 0.932267 -0.351241 65.311012 0.177081 0.332540 0.926315 -9.441745 0.000000 0.000000 0.000000 1.000000
0.980493 -0.149954 -0.127070 -3.024333 0.098277 0.933900 -0.343763 68.075951 0.170220 0.324569 0.930419 -9.309123 0.000000 0.000000 0.000000 1.000000
0.980039 -0.156504 -0.122596 -2.414993 0.108479 0.937752 -0.329928 71.157928 0.166600 0.310044 0.936011 -8.954691 0.000000 0.000000 0.000000 1.000000
0.980539 -0.154826 -0.120712 -1.812447 0.111939 0.946035 -0.304119 74.784454 0.161283 0.284689 0.944955 -8.642754 0.000000 0.000000 0.000000 1.000000
0.983448 -0.138181 -0.117200 -1.298348 0.102992 0.958494 -0.265862 79.086586 0.149072 0.249391 0.956860 -8.414589 0.000000 0.000000 0.000000 1.000000
0.987707 -0.111614 -0.109438 -0.867998 0.084738 0.970632 -0.225149 83.847145 0.131354 0.213108 0.968159 -8.165560 0.000000 0.000000 0.000000 1.000000
0.991333 -0.087931 -0.097605 -0.493122 0.067464 0.978260 -0.196102 88.587799 0.112727 0.187818 0.975714 -7.824625 0.000000 0.000000 0.000000 1.000000
0.993924 -0.070789 -0.084290 -0.159832 0.054789 0.982334 -0.178937 92.926590 0.095468 0.173231 0.980243 -7.375867 0.000000 0.000000 0.000000 1.000000
0.996063 -0.055569 -0.069076 0.130038 0.043972 0.986245 -0.159334 96.701553 0.076980 0.155669 0.984805 -6.785373 0.000000 0.000000 0.000000 1.000000
0.998020 -0.040553 -0.048076 0.358218 0.034053 0.991051 -0.129065 99.614754 0.052880 0.127173 0.990470 -6.017616 0.000000 0.000000 0.000000 1.000000
0.999363 -0.030105 -0.019153 0.532150 0.028128 0.994964 -0.096205 101.546265 0.021953 0.095605 0.995177 -5.144964 0.000000 0.000000 0.000000 1.000000
0.999523 -0.026528 0.015827 0.690654 0.027584 0.997116 -0.070700 102.722389 -0.013906 0.071103 0.997372 -4.298716 0.000000 0.000000 0.000000 1.000000
0.998213 -0.028504 0.052515 0.822212 0.031200 0.998198 -0.051252 103.138573 -0.050959 0.052799 0.997304 -3.554278 0.000000 0.000000 0.000000 1.000000
0.995920 -0.032100 0.084339 0.942365 0.034717 0.998955 -0.029742 103.090759 -0.083296 0.032549 0.995993 -2.981930 0.000000 0.000000 0.000000 1.000000
0.993636 -0.039916 0.105330 1.011534 0.040287 0.999187 -0.001394 103.037003 -0.105189 0.005629 0.994436 -2.548303 0.000000 0.000000 0.000000 1.000000
0.992318 -0.049676 0.113305 1.021113 0.046566 0.998467 0.029933 103.062309 -0.114618 -0.024427 0.993109 -2.147309 0.000000 0.000000 0.000000 1.000000
0.992087 -0.057287 0.111724 0.963201 0.051401 0.997169 0.054875 103.165070 -0.114551 -0.048698 0.992223 -1.669082 0.000000 0.000000 0.000000 1.000000
0.992677 -0.059019 0.105399 0.856859 0.052105 0.996379 0.067187 103.316284 -0.108983 -0.061203 0.992158 -1.111476 0.000000 0.000000 0.000000 1.000000
0.993637 -0.056594 0.097378 0.703004 0.049952 0.996341 0.069348 103.398026 -0.100947 -0.064043 0.992828 -0.531352 0.000000 0.000000 0.000000 1.000000
0.994341 -0.054745 0.091044 0.526143 0.048526 0.996424 0.069174 103.377960 -0.094506 -0.064364 0.993441 -0.018116 0.000000 0.000000 0.000000 1.000000
0.994400 -0.055754 0.089779 0.354685 0.049485 0.996276 0.070602 103.309189 -0.093381 -0.065764 0.993456 0.383673 0.000000 0.000000 0.000000 1.000000
0.993969 -0.058188 0.092947 0.192244 0.051684 0.996143 0.070908 103.243286 -0.096714 -0.065677 0.993143 0.703263 0.000000 0.000000 0.000000 1.000000
0.993519 -0.060565 0.096182 0.055614 0.054213 0.996256 0.067339 103.223373 -0.099901 -0.061688 0.993083 0.956861 0.000000 0.000000 0.000000 1.000000
0.993413 -0.062245 0.096214 -0.045758 0.056509 0.996523 0.061234 103.262505 -0.099691 -0.055393 0.993475 1.163516 0.000000 0.000000 0.000000 1.000000
0.993597 -0.063427 0.093498 -0.116008 0.058443 0.996768 0.055112 103.336937 -0.096691 -0.049295 0.994093 1.342391 0.000000 0.000000 0.000000 1.000000</float_array>
        <technique_common>
          <accessor source="#mixamorig_Hips-Matrix-animation-output-transform-array" count="78" stride="16">
            <param type="float4x4"/>
          </accessor>
        </technique_common>
      </source>
      <source id="mixamorig_Hips-Interpolations">
        <Name_array id="mixamorig_Hips-Interpolations-array" count="78">
 LINEAR LINEAR LINEAR LINEAR LINEAR LINEAR LINEAR LINEAR LINEAR LINEAR LINEAR
LINEAR LINEAR LINEAR LINEAR LINEAR LINEAR LINEAR LINEAR LINEAR LINEAR LINEAR LINEAR
LINEAR LINEAR LINEAR LINEAR LINEAR LINEAR LINEAR LINEAR LINEAR LINEAR LINEAR LINEAR
LINEAR LINEAR LINEAR LINEAR LINEAR LINEAR LINEAR LINEAR LINEAR LINEAR LINEAR LINEAR
LINEAR LINEAR LINEAR LINEAR LINEAR LINEAR LINEAR LINEAR LINEAR LINEAR LINEAR LINEAR
LINEAR LINEAR LINEAR LINEAR LINEAR LINEAR LINEAR LINEAR LINEAR LINEAR LINEAR LINEAR
LINEAR LINEAR LINEAR LINEAR LINEAR LINEAR LINEAR</Name_array>
        <technique_common>
          <accessor source="#mixamorig_Hips-Interpolations-array" count="78">
            <param type="name"/>
          </accessor>
        </technique_common>
      </source>
      <sampler id="mixamorig_Hips-Matrix-animation-transform">
        <input semantic="INPUT" source="#mixamorig_Hips-Matrix-animation-input"/>
        <input semantic="OUTPUT" source="#mixamorig_Hips-Matrix-animation-output-transform"/>
        <input semantic="INTERPOLATION" source="#mixamorig_Hips-Interpolations"/>
      </sampler>
      <channel source="#mixamorig_Hips-Matrix-animation-transform" target="mixamorig_Hips/matrix"/>
    </animation>
    <animation id="mixamorig_Spine-anim" name="mixamorig_Spine">
      <source id="mixamorig_Spine-Matrix-animation-input">
        <float_array id="mixamorig_Spine-Matrix-animation-input-array" count="78">

0.000000 0.033333 0.066667 0.100000 0.133333 0.166667 0.200000 0.233333 0.266667 0.300000 0.333333 0.366667 0.400000 0.433333 0.466667 0.500000
0.533333 0.566667 0.600000 0.633333 0.666667 0.700000 0.733333 0.766667 0.800000 0.833333 0.866667 0.900000 0.933333 0.966667 1.000000 1.033333
1.066667 1.100000 1.133333 1.166667 1.200000 1.233333 1.266667 1.300000 1.333333 1.366667 1.400000 1.433333 1.466667 1.500000 1.533333 1.566667
1.600000 1.633333 1.666667 1.700000 1.733333 1.766667 1.800000 1.833333 1.866667 1.900000 1.933333 1.966667 2.000000 2.033333 2.066667 2.100000
2.133333 2.166667 2.200000 2.233333 2.266667 2.300000 2.333333 2.366667 2.400000 2.433333 2.466667 2.500000 2.533333 2.566667</float_array>
        <technique_common>
          <accessor source="#mixamorig_Spine-Matrix-animation-input-array" count="78">
            <param name="TIME" type="float"/>
          </accessor>
        </technique_common>
      </source>
      <source id="mixamorig_Spine-Matrix-animation-output-transform">
        <float_array id="mixamorig_Spine-Matrix-animation-output-transform-array" count="1248">

0.998506 0.051032 -0.019551 -0.000000 -0.048767 0.993521 0.102656 10.182400 0.024663 -0.101549 0.994525 -0.000000 0.000000 0.000000 0.000000 1.000000
0.998796 0.045185 -0.019119 0.000000 -0.043907 0.997066 0.062695 10.182400 0.021896 -0.061780 0.997850 -0.000000 0.000000 0.000000 0.000000 1.000000
0.999250 0.034638 -0.017338 0.000000 -0.034494 0.999369 0.008506 10.182400 0.017622 -0.007902 0.999813 0.000000 0.000000 0.000000 0.000000 1.000000
0.999762 0.016496 -0.014252 -0.000000 -0.017202 0.998552 -0.050971 10.182400 0.013391 0.051204 0.998598 -0.000000 0.000000 0.000000 0.000000 1.000000
0.999911 -0.006727 -0.011549 -0.000000 0.005491 0.994570 -0.103926 10.182400 0.012185 0.103853 0.994518 0.000000 0.000000 0.000000 0.000000 1.000000
0.999515 -0.028848 -0.011709 -0.000000 0.026802 0.988644 -0.147869 10.182400 0.015842 0.147484 0.988938 -0.000000 0.000000 0.000000 0.000000 1.000000
0.998914 -0.044503 -0.013816 0.000000 0.040966 0.979990 -0.194783 10.182400 0.022208 0.194006 0.980749 0.000000 0.000000 0.000000 0.000000 1.000000
0.998687 -0.049616 -0.012756 0.000000 0.044689 0.965486 -0.256592 10.182400 0.025047 0.255685 0.966436 -0.000000 0.000000 0.000000 0.000000 1.000000
0.999132 -0.041314 -0.005341 -0.000000 0.037266 0.943720 -0.328640 10.182400 0.018618 0.328156 0.944440 0.000000 0.000000 0.000000 0.000000 1.000000
0.999728 -0.022836 0.004823 0.000000 0.022891 0.918944 -0.393723 10.182400 0.004559 0.393727 0.919216 0.000000 0.000000 0.000000 0.000000 1.000000
0.999931 -0.005580 0.010299 0.000000 0.009545 0.897792 -0.440317 10.182400 -0.006789 0.440385 0.897783 0.000000 0.000000 0.000000 0.000000 1.000000
0.999969 -0.001017 0.007777 0.000000 0.004559 0.882202 -0.470850 10.182400 -0.006382 0.470870 0.882179 0.000000 0.000000 0.000000 0.000000 1.000000
0.999960 -0.008982 0.000059 0.000000 0.007846 0.870295 -0.492469 10.182400 0.004372 0.492449 0.870330 0.000000 0.000000 0.000000 0.000000 1.000000
0.999797 -0.018348 -0.008357 0.000000 0.011592 0.862260 -0.506333 10.182400 0.016496 0.506133 0.862298 0.000000 0.000000 0.000000 0.000000 1.000000
0.999684 -0.019983 -0.015222 0.000000 0.009413 0.859796 -0.510551 10.182400 0.023291 0.510247 0.859713 0.000000 0.000000 0.000000 0.000000 1.000000
0.999656 -0.015628 -0.021058 0.000000 0.002784 0.861720 -0.507376 10.182400 0.026075 0.507143 0.861468 -0.000000 0.000000 0.000000 0.000000 1.000000
0.999574 -0.013050 -0.026117 0.000000 -0.001716 0.866736 -0.498765 10.182400 0.029145 0.498597 0.866344 0.000000 0.000000 0.000000 0.000000 1.000000
0.999424 -0.016138 -0.029849 -0.000000 -0.000096 0.878325 -0.478064 10.182400 0.033933 0.477792 0.877818 0.000000 0.000000 0.000000 0.000000 1.000000
0.999260 -0.023627 -0.030351 -0.000000 0.007984 0.899318 -0.437221 10.182400 0.037625 0.436656 0.898842 -0.000000 0.000000 0.000000 0.000000 1.000000
0.999110 -0.032788 -0.026517 0.000000 0.020020 0.922254 -0.386066 10.182400 0.037114 0.385192 0.922090 0.000000 0.000000 0.000000 0.000000 1.000000
0.999043 -0.039855 -0.018012 -0.000000 0.030997 0.935759 -0.351275 10.182400 0.030855 0.350381 0.936099 0.000000 0.000000 0.000000 0.000000 1.000000
0.999143 -0.041083 -0.005044 0.000000 0.036976 0.940665 -0.337316 10.182400 0.018602 0.336841 0.941378 0.000000 0.000000 0.000000 0.000000 1.000000
0.999220 -0.038288 0.009621 0.000000 0.039408 0.952862 -0.300832 10.182400 0.002350 0.300977 0.953629 0.000000 0.000000 0.000000 0.000000 1.000000
0.999333 -0.031364 0.018688 -0.000000 0.034437 0.979758 -0.197200 10.182400 -0.012125 0.197712 0.980185 -0.000000 0.000000 0.000000 0.000000 1.000000
0.999306 -0.027220 0.025447 -0.000000 0.028571 0.998114 -0.054339 10.182400 -0.023920 0.055029 0.998198 -0.000000 0.000000 0.000000 0.000000 1.000000
0.998959 -0.027910 0.036093 0.000000 0.026658 0.999042 0.034714 10.182400 -0.037028 -0.033715 0.998745 0.000000 0.000000 0.000000 0.000000 1.000000
0.998652 -0.021534 0.047221 0.000000 0.020930 0.999693 0.013260 10.182400 -0.047492 -0.012254 0.998796 0.000000 0.000000 0.000000 0.000000 1.000000
0.998866 -0.005287 0.047306 0.000000 0.009564 0.995836 -0.090660 10.182400 -0.046630 0.091010 0.994758 0.000000 0.000000 0.000000 0.000000 1.000000
0.999478 0.011115 0.030337 0.000000 -0.004211 0.975765 -0.218782 10.182400 -0.032033 0.218540 0.975302 0.000000 0.000000 0.000000 0.000000 1.000000
0.999733 0.023042 0.001499 -0.000000 -0.021105 0.938174 -0.345521 10.182400 -0.009368 0.345397 0.938410 0.000000 0.000000 0.000000 0.000000 1.000000
0.999228 0.029418 -0.026023 -0.000000 -0.038205 0.881704 -0.470254 10.182400 0.009111 0.470885 0.882147 0.000000 0.000000 0.000000 0.000000 1.000000
0.998468 0.032160 -0.045018 0.000000 -0.052372 0.811730 -0.581679 10.182400 0.017836 0.583146 0.812171 -0.000000 0.000000 0.000000 0.000000 1.000000
0.998144 0.030622 -0.052637 0.000000 -0.057693 0.752151 -0.656460 10.182400 0.019488 0.658279 0.752522 0.000000 0.000000 0.000000 0.000000 1.000000
0.998242 0.026570 -0.052985 -0.000000 -0.055435 0.734939 -0.675864 10.182400 0.020983 0.677613 0.735119 0.000000 0.000000 0.000000 0.000000 1.000000
0.998292 0.025630 -0.052499 0.000000 -0.053074 0.773458 -0.631622 10.182400 0.024418 0.633329 0.773497 0.000000 0.000000 0.000000 0.000000 1.000000
0.997978 0.032845 -0.054420 0.000000 -0.056790 0.845304 -0.531258 10.182400 0.028552 0.533274 0.845460 0.000000 0.000000 0.000000 0.000000 1.000000
0.997252 0.046177 -0.057924 0.000000 -0.065847 0.910796 -0.407573 10.182400 0.033936 0.410267 0.911334 -0.000000 0.000000 0.000000 0.000000 1.000000
0.996543 0.058518 -0.058976 -0.000000 -0.073672 0.950554 -0.301694 10.182400 0.038405 0.304996 0.951579 -0.000000 0.000000 0.000000 0.000000 1.000000
0.996358 0.066112 -0.053855 0.000000 -0.076703 0.970794 -0.227322 10.182400 0.037254 0.230625 0.972329 0.000000 0.000000 0.000000 0.000000 1.000000
0.996561 0.071008 -0.042703 0.000000 -0.077386 0.981813 -0.173365 10.182400 0.029616 0.176074 0.983931 -0.000000 0.000000 0.000000 0.000000 1.000000
0.996408 0.078700 -0.031260 0.000000 -0.082381 0.986327 -0.142732 10.182400 0.019600 0.144795 0.989268 0.000000 0.000000 0.000000 0.000000 1.000000
0.995120 0.094889 -0.027045 0.000000 -0.098083 0.981133 -0.166608 10.182400 0.010726 0.168448 0.985652 -0.000000 0.000000 0.000000 0.000000 1.000000
0.992614 0.116907 -0.032401 -0.000000 -0.121314 0.956388 -0.265717 10.182400 -0.000077 0.267685 0.963506 -0.000000 0.000000 0.000000 0.000000 1.000000
0.990944 0.127890 -0.040925 0.000000 -0.133390 0.902568 -0.409362 10.182400 -0.015415 0.411114 0.911454 0.000000 0.000000 0.000000 0.000000 1.000000
0.992354 0.115828 -0.042623 0.000000 -0.120380 0.832153 -0.541322 10.182400 -0.027231 0.542315 0.839734 0.000000 0.000000 0.000000 0.000000 1.000000
0.994402 0.097505 -0.040718 0.000000 -0.100997 0.763789 -0.637515 10.182400 -0.031061 0.638059 0.769361 0.000000 0.000000 0.000000 0.000000 1.000000
0.994428 0.095666 -0.044282 -0.000000 -0.098705 0.697491 -0.709763 10.182400 -0.037014 0.710180 0.703047 0.000000 0.000000 0.000000 0.000000 1.000000
0.992473 0.107892 -0.057941 0.000000 -0.113200 0.627700 -0.770181 10.182400 -0.046727 0.770942 0.635189 0.000000 0.000000 0.000000 0.000000 1.000000
0.990735 0.111206 -0.077951 0.000000 -0.127513 0.564228 -0.815712 10.182400 -0.046730 0.818095 0.573181 0.000000 0.000000 0.000000 0.000000 1.000000
0.990963 0.097841 -0.091759 0.000000 -0.129765 0.526037 -0.840504 10.182400 -0.033968 0.844815 0.533979 0.000000 0.000000 0.000000 0.000000 1.000000
0.992300 0.085404 -0.089699 0.000000 -0.121181 0.519844 -0.845622 10.182400 -0.025590 0.849981 0.526191 0.000000 0.000000 0.000000 0.000000 1.000000
0.993278 0.088802 -0.074246 0.000000 -0.110487 0.536165 -0.836851 10.182400 -0.034506 0.839429 0.542372 0.000000 0.000000 0.000000 0.000000 1.000000
0.993274 0.101299 -0.056086 -0.000000 -0.103945 0.566681 -0.817354 10.182400 -0.051015 0.817687 0.573399 0.000000 0.000000 0.000000 0.000000 1.000000
0.993159 0.108534 -0.043075 0.000000 -0.101135 0.615116 -0.781923 10.182400 -0.058369 0.780931 0.621885 0.000000 0.000000 0.000000 0.000000 1.000000
0.993599 0.107429 -0.034915 0.000000 -0.099357 0.684100 -0.722590 10.182400 -0.053742 0.721434 0.690395 0.000000 0.000000 0.000000 0.000000 1.000000
0.994225 0.103723 -0.027518 -0.000000 -0.097075 0.760010 -0.642621 10.182400 -0.045741 0.641581 0.765690 0.000000 0.000000 0.000000 0.000000 1.000000
0.994957 0.098461 -0.019107 0.000000 -0.092190 0.822740 -0.560892 10.182400 -0.039506 0.559826 0.827668 0.000000 0.000000 0.000000 0.000000 1.000000
0.996199 0.086355 -0.011457 -0.000000 -0.080711 0.865509 -0.494347 10.182400 -0.032773 0.493393 0.869189 0.000000 0.000000 0.000000 0.000000 1.000000
0.997786 0.066113 -0.007163 0.000000 -0.062510 0.895711 -0.440222 10.182400 -0.022689 0.439695 0.897860 -0.000000 0.000000 0.000000 0.000000 1.000000
0.998967 0.044839 -0.007373 -0.000000 -0.044222 0.921980 -0.384705 10.182400 -0.010452 0.384633 0.923010 0.000000 0.000000 0.000000 0.000000 1.000000
0.999549 0.028366 -0.009839 -0.000000 -0.030024 0.945837 -0.323251 10.182400 0.000136 0.323401 0.946262 0.000000 0.000000 0.000000 0.000000 1.000000
0.999783 0.016307 -0.012956 0.000000 -0.019148 0.964383 -0.263815 10.182400 0.008192 0.264006 0.964486 0.000000 0.000000 0.000000 0.000000 1.000000
0.999822 0.006325 -0.017775 -0.000000 -0.009962 0.977070 -0.212684 10.182400 0.016022 0.212823 0.976959 0.000000 0.000000 0.000000 0.000000 1.000000
0.999658 -0.001431 -0.026093 0.000000 -0.002941 0.985994 -0.166753 10.182400 0.025966 0.166772 0.985653 0.000000 0.000000 0.000000 0.000000 1.000000
0.999283 -0.005697 -0.037433 0.000000 0.001092 0.992539 -0.121923 10.182400 0.037848 0.121795 0.991833 0.000000 0.000000 0.000000 0.000000 1.000000
0.998798 -0.004754 -0.048785 0.000000 0.000736 0.996628 -0.082053 10.182400 0.049010 0.081919 0.995433 0.000000 0.000000 0.000000 0.000000 1.000000
0.998444 0.000158 -0.055766 0.000000 -0.003220 0.998491 -0.054825 10.182400 0.055673 0.054919 0.996938 0.000000 0.000000 0.000000 0.000000 1.000000
0.998307 0.011968 -0.056913 0.000000 -0.014248 0.999105 -0.039820 10.182400 0.056385 0.040564 0.997585 0.000000 0.000000 0.000000 0.000000 1.000000
0.998212 0.027610 -0.053019 -0.000000 -0.029040 0.999230 -0.026401 10.182400 0.052249 0.027893 0.998244 0.000000 0.000000 0.000000 0.000000 1.000000
0.998059 0.041853 -0.046111 0.000000 -0.042079 0.999107 -0.003926 10.182400 0.045906 0.005859 0.998929 0.000000 0.000000 0.000000 0.000000 1.000000
0.998085 0.049349 -0.037295 0.000000 -0.048350 0.998459 0.027240 10.182400 0.038582 -0.025385 0.998933 0.000000 0.000000 0.000000 0.000000 1.000000
0.998344 0.050519 -0.027522 0.000000 -0.048890 0.997178 0.056964 10.182400 0.030322 -0.055524 0.997997 0.000000 0.000000 0.000000 0.000000 1.000000
0.998570 0.049874 -0.019243 0.000000 -0.048275 0.995927 0.076148 10.182400 0.022962 -0.075110 0.996911 -0.000000 0.000000 0.000000 0.000000 1.000000
0.998586 0.050853 -0.015462 0.000000 -0.049372 0.995199 0.084508 10.182400 0.019685 -0.083625 0.996303 0.000000 0.000000 0.000000 0.000000 1.000000
0.998456 0.052969 -0.016710 0.000000 -0.051297 0.994777 0.088249 10.182400 0.021297 -0.087256 0.995958 0.000000 0.000000 0.000000 0.000000 1.000000
0.998325 0.054251 -0.020081 0.000000 -0.052174 0.994345 0.092503 10.182400 0.024986 -0.091300 0.995510 0.000000 0.000000 0.000000 0.000000 1.000000
0.998312 0.053759 -0.021985 -0.000000 -0.051372 0.993899 0.097601 10.182400 0.027098 -0.096307 0.994983 0.000000 0.000000 0.000000 0.000000 1.000000
0.998422 0.052038 -0.021131 0.000000 -0.049633 0.993578 0.101680 10.182400 0.026287 -0.100470 0.994593 0.000000 0.000000 0.000000 0.000000 1.000000</float_array>
        <technique_common>
          <accessor source="#mixamorig_Spine-Matrix-animation-output-transform-array" count="78" stride="16">
            <param type="float4x4"/>
          </accessor>
        </technique_common>
      </source>
      <source id="mixamorig_Spine-Interpolations">
        <Name_array id="mixamorig_Spine-Interpolations-array" count="78">
 LINEAR LINEAR LINEAR LINEAR LINEAR LINEAR LINEAR LINEAR LINEAR LINEAR LINEAR
LINEAR LINEAR LINEAR LINEAR LINEAR LINEAR LINEAR LINEAR LINEAR LINEAR LINEAR LINEAR
LINEAR LINEAR LINEAR LINEAR LINEAR LINEAR LINEAR LINEAR LINEAR LINEAR LINEAR LINEAR
LINEAR LINEAR LINEAR LINEAR LINEAR LINEAR LINEAR LINEAR LINEAR LINEAR LINEAR LINEAR
LINEAR LINEAR LINEAR LINEAR LINEAR LINEAR LINEAR LINEAR LINEAR LINEAR LINEAR LINEAR
LINEAR LINEAR LINEAR LINEAR LINEAR LINEAR LINEAR LINEAR LINEAR LINEAR LINEAR LINEAR
LINEAR LINEAR LINEAR LINEAR LINEAR LINEAR LINEAR</Name_array>
        <technique_common>
          <accessor source="#mixamorig_Spine-Interpolations-array" count="78">
            <param type="name"/>
          </accessor>
        </technique_common>
      </source>
      <sampler id="mixamorig_Spine-Matrix-animation-transform">
        <input semantic="INPUT" source="#mixamorig_Spine-Matrix-animation-input"/>
        <input semantic="OUTPUT" source="#mixamorig_Spine-Matrix-animation-output-transform"/>
        <input semantic="INTERPOLATION" source="#mixamorig_Spine-Interpolations"/>
      </sampler>
      <channel source="#mixamorig_Spine-Matrix-animation-transform" target="mixamorig_Spine/matrix"/>
    </animation>
    <animation id="mixamorig_Spine1-anim" name="mixamorig_Spine1">
      <source id="mixamorig_Spine1-Matrix-animation-input">
        <float_array id="mixamorig_Spine1-Matrix-animation-input-array" count="78">

0.000000 0.033333 0.066667 0.100000 0.133333 0.166667 0.200000 0.233333 0.266667 0.300000 0.333333 0.366667 0.400000 0.433333 0.466667 0.500000
0.533333 0.566667 0.600000 0.633333 0.666667 0.700000 0.733333 0.766667 0.800000 0.833333 0.866667 0.900000 0.933333 0.966667 1.000000 1.033333
1.066667 1.100000 1.133333 1.166667 1.200000 1.233333 1.266667 1.300000 1.333333 1.366667 1.400000 1.433333 1.466667 1.500000 1.533333 1.566667
1.600000 1.633333 1.666667 1.700000 1.733333 1.766667 1.800000 1.833333 1.866667 1.900000 1.933333 1.966667 2.000000 2.033333 2.066667 2.100000
2.133333 2.166667 2.200000 2.233333 2.266667 2.300000 2.333333 2.366667 2.400000 2.433333 2.466667 2.500000 2.533333 2.566667</float_array>
        <technique_common>
          <accessor source="#mixamorig_Spine1-Matrix-animation-input-array" count="78">
            <param name="TIME" type="float"/>
          </accessor>
        </technique_common>
      </source>
      <source id="mixamorig_Spine1-Matrix-animation-output-transform">
        <float_array id="mixamorig_Spine1-Matrix-animation-output-transform-array" count="1248">

0.999616 0.027651 -0.001698 -0.000000 -0.027679 0.999416 -0.020055 10.002700 0.001142 0.020094 0.999797 0.000000 0.000000 0.000000 0.000000 1.000000
0.999719 0.023666 -0.001611 -0.000000 -0.023673 0.999707 -0.004955 10.002700 0.001494 0.004992 0.999986 0.000000 0.000000 0.000000 0.000000 1.000000
0.999820 0.018899 -0.001594 0.000000 -0.018882 0.999773 0.009910 10.002700 0.001781 -0.009878 0.999950 0.000000 0.000000 0.000000 0.000000 1.000000
0.999895 0.014369 -0.001670 0.000000 -0.014333 0.999693 0.020197 10.002700 0.001960 -0.020171 0.999795 0.000000 0.000000 0.000000 0.000000 1.000000
0.999926 0.011993 -0.001866 0.000000 -0.011949 0.999686 0.022043 10.002700 0.002129 -0.022020 0.999755 0.000000 0.000000 0.000000 0.000000 1.000000
0.999907 0.013455 -0.002162 -0.000000 -0.013418 0.999777 0.016309 10.002700 0.002381 -0.016278 0.999865 0.000000 0.000000 0.000000 0.000000 1.000000
0.999832 0.018184 -0.002341 -0.000000 -0.018163 0.999796 0.008848 10.002700 0.002501 -0.008804 0.999958 0.000000 0.000000 0.000000 0.000000 1.000000
0.999739 0.022759 -0.001979 0.000000 -0.022749 0.999731 0.004600 10.002700 0.002083 -0.004554 0.999987 0.000000 0.000000 0.000000 0.000000 1.000000
0.999722 0.023543 -0.000860 0.000000 -0.023540 0.999717 0.003290 10.002700 0.000937 -0.003269 0.999994 0.000000 0.000000 0.000000 0.000000 1.000000
0.999790 0.020504 0.000626 0.000000 -0.020505 0.999786 0.002909 10.002700 -0.000566 -0.002921 0.999996 0.000000 0.000000 0.000000 0.000000 1.000000
0.999847 0.017414 0.001722 -0.000000 -0.017421 0.999839 0.004318 10.002700 -0.001646 -0.004347 0.999989 0.000000 0.000000 0.000000 0.000000 1.000000
0.999840 0.017778 0.001989 -0.000000 -0.017796 0.999799 0.009267 10.002700 -0.001824 -0.009301 0.999955 0.000000 0.000000 0.000000 0.000000 1.000000
0.999765 0.021597 0.001644 0.000000 -0.021620 0.999643 0.015725 10.002700 -0.001304 -0.015757 0.999875 0.000000 0.000000 0.000000 0.000000 1.000000
0.999653 0.026326 0.001209 0.000000 -0.026344 0.999470 0.019110 10.002700 -0.000705 -0.019135 0.999817 0.000000 0.000000 0.000000 0.000000 1.000000
0.999565 0.029479 0.000936 0.000000 -0.029491 0.999394 0.018472 10.002700 -0.000391 -0.018491 0.999829 0.000000 0.000000 0.000000 0.000000 1.000000
0.999555 0.029809 0.000643 0.000000 -0.029815 0.999394 0.017990 10.002700 -0.000106 -0.018001 0.999838 -0.000000 0.000000 0.000000 0.000000 1.000000
0.999623 0.027451 0.000080 0.000000 -0.027446 0.999409 0.020693 10.002700 0.000488 -0.020687 0.999786 -0.000000 0.000000 0.000000 0.000000 1.000000
0.999713 0.023930 -0.000630 0.000000 -0.023908 0.999428 0.023910 10.002700 0.001202 -0.023888 0.999714 0.000000 0.000000 0.000000 0.000000 1.000000
0.999772 0.021304 -0.001058 -0.000000 -0.021271 0.999466 0.024818 10.002700 0.001586 -0.024789 0.999691 0.000000 0.000000 0.000000 0.000000 1.000000
0.999805 0.019751 -0.000937 -0.000000 -0.019715 0.999390 0.028816 10.002700 0.001506 -0.028792 0.999584 0.000000 0.000000 0.000000 0.000000 1.000000
0.999869 0.016163 -0.000427 0.000000 -0.016127 0.998840 0.045372 10.002700 0.001160 -0.045359 0.998970 0.000000 0.000000 0.000000 0.000000 1.000000
0.999973 0.007310 0.000134 -0.000000 -0.007300 0.997419 0.071434 10.002700 0.000389 -0.071433 0.997445 0.000000 0.000000 0.000000 0.000000 1.000000
0.999987 -0.005142 0.000653 0.000000 0.005067 0.996268 0.086164 10.002700 -0.001094 -0.086160 0.996281 0.000000 0.000000 0.000000 0.000000 1.000000
0.999884 -0.015168 0.001410 0.000000 0.015026 0.997272 0.072268 10.002700 -0.002502 -0.072238 0.997384 0.000000 0.000000 0.000000 0.000000 1.000000
0.999819 -0.018803 0.002760 0.000000 0.018686 0.999123 0.037480 10.002700 -0.003462 -0.037422 0.999294 -0.000000 0.000000 0.000000 0.000000 1.000000
0.999830 -0.017847 0.004699 0.000000 0.017829 0.999834 0.003784 10.002700 -0.004765 -0.003700 0.999982 -0.000000 0.000000 0.000000 0.000000 1.000000
0.999842 -0.016506 0.006568 0.000000 0.016615 0.999719 -0.016882 10.002700 -0.006288 0.016989 0.999836 0.000000 0.000000 0.000000 0.000000 1.000000
0.999832 -0.016838 0.007299 0.000000 0.017001 0.999596 -0.022795 10.002700 -0.006912 0.022916 0.999714 -0.000000 0.000000 0.000000 0.000000 1.000000
0.999809 -0.018509 0.006347 0.000000 0.018569 0.999783 -0.009418 10.002700 -0.006171 0.009534 0.999936 0.000000 0.000000 0.000000 0.000000 1.000000
0.999778 -0.020608 0.004445 0.000000 0.020489 0.999465 0.025504 10.002700 -0.004969 -0.025408 0.999665 -0.000000 0.000000 0.000000 0.000000 1.000000
0.999761 -0.021628 0.003157 -0.000000 0.021357 0.997370 0.069255 10.002700 -0.004646 -0.069171 0.997594 0.000000 0.000000 0.000000 0.000000 1.000000
0.999806 -0.019376 0.003590 0.000000 0.018908 0.994578 0.102258 10.002700 -0.005552 -0.102171 0.994751 0.000000 0.000000 0.000000 0.000000 1.000000
0.999895 -0.013390 0.005552 0.000000 0.012652 0.993101 0.116580 10.002700 -0.007075 -0.116498 0.993166 0.000000 0.000000 0.000000 0.000000 1.000000
0.999946 -0.006745 0.007892 0.000000 0.005781 0.993181 0.116441 10.002700 -0.008624 -0.116390 0.993166 -0.000000 0.000000 0.000000 0.000000 1.000000
0.999947 -0.003749 0.009627 0.000000 0.002708 0.994365 0.105976 10.002700 -0.009970 -0.105945 0.994322 0.000000 0.000000 0.000000 0.000000 1.000000
0.999927 -0.005523 0.010755 0.000000 0.004571 0.996232 0.086609 10.002700 -0.011193 -0.086554 0.996184 -0.000000 0.000000 0.000000 0.000000 1.000000
0.999889 -0.008727 0.012081 0.000000 0.007952 0.997998 0.062751 10.002700 -0.012604 -0.062648 0.997956 -0.000000 0.000000 0.000000 0.000000 1.000000
0.999853 -0.009285 0.014400 0.000000 0.008693 0.999135 0.040670 10.002700 -0.014766 -0.040539 0.999069 0.000000 0.000000 0.000000 0.000000 1.000000
0.999820 -0.006291 0.017902 -0.000000 0.005885 0.999726 0.022649 10.002700 -0.018039 -0.022539 0.999583 -0.000000 0.000000 0.000000 0.000000 1.000000
0.999753 -0.001335 0.022189 0.000000 0.001124 0.999954 0.009523 10.002700 -0.022200 -0.009496 0.999708 0.000000 0.000000 0.000000 0.000000 1.000000
0.999638 0.003915 0.026622 -0.000000 -0.004111 0.999965 0.007306 10.002700 -0.026592 -0.007413 0.999619 0.000000 0.000000 0.000000 0.000000 1.000000
0.999499 0.007869 0.030647 0.000000 -0.008551 0.999717 0.022197 10.002700 -0.030463 -0.022448 0.999284 0.000000 0.000000 0.000000 0.000000 1.000000
0.999365 0.010347 0.034104 0.000000 -0.011975 0.998781 0.047881 10.002700 -0.033567 -0.048259 0.998271 0.000000 0.000000 0.000000 0.000000 1.000000
0.999176 0.015693 0.037430 0.000000 -0.018209 0.997528 0.067864 10.002700 -0.036273 -0.068490 0.996992 0.000000 0.000000 0.000000 0.000000 1.000000
0.998736 0.028628 0.041325 0.000000 -0.031718 0.996589 0.076185 10.002700 -0.039003 -0.077399 0.996237 0.000000 0.000000 0.000000 0.000000 1.000000
0.997919 0.045322 0.045857 -0.000000 -0.049116 0.995142 0.085320 10.002700 -0.041768 -0.087394 0.995298 0.000000 0.000000 0.000000 0.000000 1.000000
0.997165 0.056228 0.049995 -0.000000 -0.061272 0.992493 0.105846 10.002700 -0.043668 -0.108609 0.993125 0.000000 0.000000 0.000000 0.000000 1.000000
0.996881 0.058962 0.052452 -0.000000 -0.065367 0.989329 0.130215 10.002700 -0.044214 -0.133237 0.990097 0.000000 0.000000 0.000000 0.000000 1.000000
0.996767 0.060339 0.053049 -0.000000 -0.067429 0.987274 0.144024 10.002700 -0.043684 -0.147135 0.988151 0.000000 0.000000 0.000000 0.000000 1.000000
0.996523 0.064461 0.052786 -0.000000 -0.071463 0.987026 0.143777 10.002700 -0.042834 -0.147050 0.988201 0.000000 0.000000 0.000000 0.000000 1.000000
0.996387 0.066715 0.052556 0.000000 -0.073396 0.987762 0.137623 10.002700 -0.042731 -0.140983 0.989089 -0.000000 0.000000 0.000000 0.000000 1.000000
0.996706 0.061949 0.052332 0.000000 -0.068473 0.988641 0.133795 10.002700 -0.043449 -0.136937 0.989626 0.000000 0.000000 0.000000 0.000000 1.000000
0.997277 0.052623 0.051668 -0.000000 -0.059048 0.989497 0.131942 10.002700 -0.044182 -0.134634 0.989910 0.000000 0.000000 0.000000 0.000000 1.000000
0.997683 0.045586 0.050503 0.000000 -0.051578 0.990874 0.124530 10.002700 -0.044366 -0.126846 0.990930 0.000000 0.000000 0.000000 0.000000 1.000000
0.997840 0.043592 0.049147 0.000000 -0.048599 0.993202 0.105770 10.002700 -0.044202 -0.107930 0.993175 0.000000 0.000000 0.000000 0.000000 1.000000
0.997924 0.043257 0.047721 0.000000 -0.046935 0.995781 0.078847 10.002700 -0.044109 -0.080923 0.995744 0.000000 0.000000 0.000000 0.000000 1.000000
0.998109 0.040728 0.046039 -0.000000 -0.043188 0.997619 0.053773 10.002700 -0.043740 -0.055660 0.997491 0.000000 0.000000 0.000000 0.000000 1.000000
0.998376 0.036256 0.043943 0.000000 -0.037958 0.998536 0.038543 10.002700 -0.042481 -0.040148 0.998290 0.000000 0.000000 0.000000 0.000000 1.000000
0.998617 0.032290 0.041499 0.000000 -0.033699 0.998864 0.033702 10.002700 -0.040363 -0.035054 0.998570 -0.000000 0.000000 0.000000 0.000000 1.000000
0.998806 0.029556 0.038887 0.000000 -0.030915 0.998916 0.034814 10.002700 -0.037816 -0.035975 0.998637 0.000000 0.000000 0.000000 0.000000 1.000000
0.998982 0.026895 0.036225 0.000000 -0.028254 0.998896 0.037529 10.002700 -0.035175 -0.038514 0.998639 -0.000000 0.000000 0.000000 0.000000 1.000000
0.999158 0.023652 0.033512 -0.000000 -0.024974 0.998903 0.039600 10.002700 -0.032539 -0.040404 0.998653 0.000000 0.000000 0.000000 0.000000 1.000000
0.999317 0.020622 0.030677 -0.000000 -0.021859 0.998938 0.040560 10.002700 -0.029808 -0.041203 0.998706 -0.000000 0.000000 0.000000 0.000000 1.000000
0.999434 0.019101 0.027675 -0.000000 -0.020245 0.998927 0.041652 10.002700 -0.026850 -0.042188 0.998749 0.000000 0.000000 0.000000 0.000000 1.000000
0.999503 0.019731 0.024576 0.000000 -0.020821 0.998774 0.044912 10.002700 -0.023659 -0.045401 0.998689 0.000000 0.000000 0.000000 0.000000 1.000000
0.999525 0.022012 0.021592 -0.000000 -0.023079 0.998460 0.050457 10.002700 -0.020448 -0.050932 0.998493 0.000000 0.000000 0.000000 0.000000 1.000000
0.999516 0.024635 0.018997 0.000000 -0.025638 0.998182 0.054543 10.002700 -0.017619 -0.055004 0.998331 0.000000 0.000000 0.000000 0.000000 1.000000
0.999508 0.026419 0.016928 -0.000000 -0.027259 0.998301 0.051496 10.002700 -0.015539 -0.051932 0.998530 0.000000 0.000000 0.000000 0.000000 1.000000
0.999517 0.027074 0.015272 0.000000 -0.027652 0.998856 0.039016 10.002700 -0.014199 -0.039420 0.999122 0.000000 0.000000 0.000000 0.000000 1.000000
0.999542 0.026945 0.013803 -0.000000 -0.027237 0.999399 0.021442 10.002700 -0.013216 -0.021808 0.999675 -0.000000 0.000000 0.000000 0.000000 1.000000
0.999579 0.026251 0.012397 0.000000 -0.026332 0.999632 0.006455 10.002700 -0.012223 -0.006778 0.999902 0.000000 0.000000 0.000000 0.000000 1.000000
0.999624 0.025110 0.011021 -0.000000 -0.025093 0.999684 -0.001661 10.002700 -0.011060 0.001384 0.999938 0.000000 0.000000 0.000000 0.000000 1.000000
0.999664 0.024094 0.009526 0.000000 -0.024050 0.999700 -0.004710 10.002700 -0.009637 0.004480 0.999944 -0.000000 0.000000 0.000000 0.000000 1.000000
0.999683 0.023997 0.007675 0.000000 -0.023943 0.999689 -0.007036 10.002700 -0.007842 0.006850 0.999946 -0.000000 0.000000 0.000000 0.000000 1.000000
0.999674 0.024964 0.005423 -0.000000 -0.024904 0.999631 -0.010834 10.002700 -0.005691 0.010696 0.999927 0.000000 0.000000 0.000000 0.000000 1.000000
0.999649 0.026324 0.003041 0.000000 -0.026275 0.999539 -0.015198 10.002700 -0.003439 0.015112 0.999880 0.000000 0.000000 0.000000 0.000000 1.000000
0.999627 0.027311 0.000878 -0.000000 -0.027290 0.999458 -0.018384 10.002700 -0.001380 0.018353 0.999831 0.000000 0.000000 0.000000 0.000000 1.000000
0.999616 0.027697 -0.000938 0.000000 -0.027710 0.999418 -0.019904 10.002700 0.000386 0.019923 0.999801 0.000000 0.000000 0.000000 0.000000 1.000000</float_array>
        <technique_common>
          <accessor source="#mixamorig_Spine1-Matrix-animation-output-transform-array" count="78" stride="16">
            <param type="float4x4"/>
          </accessor>
        </technique_common>
      </source>
      <source id="mixamorig_Spine1-Interpolations">
        <Name_array id="mixamorig_Spine1-Interpolations-array" count="78">
 LINEAR LINEAR LINEAR LINEAR LINEAR LINEAR LINEAR LINEAR LINEAR LINEAR LINEAR
LINEAR LINEAR LINEAR LINEAR LINEAR LINEAR LINEAR LINEAR LINEAR LINEAR LINEAR LINEAR
LINEAR LINEAR LINEAR LINEAR LINEAR LINEAR LINEAR LINEAR LINEAR LINEAR LINEAR LINEAR
LINEAR LINEAR LINEAR LINEAR LINEAR LINEAR LINEAR LINEAR LINEAR LINEAR LINEAR LINEAR
LINEAR LINEAR LINEAR LINEAR LINEAR LINEAR LINEAR LINEAR LINEAR LINEAR LINEAR LINEAR
LINEAR LINEAR LINEAR LINEAR LINEAR LINEAR LINEAR LINEAR LINEAR LINEAR LINEAR LINEAR
LINEAR LINEAR LINEAR LINEAR LINEAR LINEAR LINEAR</Name_array>
        <technique_common>
          <accessor source="#mixamorig_Spine1-Interpolations-array" count="78">
            <param type="name"/>
          </accessor>
        </technique_common>
      </source>
      <sampler id="mixamorig_Spine1-Matrix-animation-transform">
        <input semantic="INPUT" source="#mixamorig_Spine1-Matrix-animation-input"/>
        <input semantic="OUTPUT" source="#mixamorig_Spine1-Matrix-animation-output-transform"/>
        <input semantic="INTERPOLATION" source="#mixamorig_Spine1-Interpolations"/>
      </sampler>
      <channel source="#mixamorig_Spine1-Matrix-animation-transform" target="mixamorig_Spine1/matrix"/>
    </animation>
    <animation id="mixamorig_Spine2-anim" name="mixamorig_Spine2">
      <source id="mixamorig_Spine2-Matrix-animation-input">
        <float_array id="mixamorig_Spine2-Matrix-animation-input-array" count="78">

0.000000 0.033333 0.066667 0.100000 0.133333 0.166667 0.200000 0.233333 0.266667 0.300000 0.333333 0.366667 0.400000 0.433333 0.466667 0.500000
0.533333 0.566667 0.600000 0.633333 0.666667 0.700000 0.733333 0.766667 0.800000 0.833333 0.866667 0.900000 0.933333 0.966667 1.000000 1.033333
1.066667 1.100000 1.133333 1.166667 1.200000 1.233333 1.266667 1.300000 1.333333 1.366667 1.400000 1.433333 1.466667 1.500000 1.533333 1.566667
1.600000 1.633333 1.666667 1.700000 1.733333 1.766667 1.800000 1.833333 1.866667 1.900000 1.933333 1.966667 2.000000 2.033333 2.066667 2.100000
2.133333 2.166667 2.200000 2.233333 2.266667 2.300000 2.333333 2.366667 2.400000 2.433333 2.466667 2.500000 2.533333 2.566667</float_array>
        <technique_common>
          <accessor source="#mixamorig_Spine2-Matrix-animation-input-array" count="78">
            <param name="TIME" type="float"/>
          </accessor>
        </technique_common>
      </source>
      <source id="mixamorig_Spine2-Matrix-animation-output-transform">
        <float_array id="mixamorig_Spine2-Matrix-animation-output-transform-array" count="1248">

0.999614 0.027620 -0.002882 0.000000 -0.027722 0.998584 -0.045413 9.322100 0.001624 0.045475 0.998964 0.000000 0.000000 0.000000 0.000000 1.000000
0.999718 0.023586 -0.002639 -0.000000 -0.023655 0.999259 -0.030363 9.322100 0.001921 0.030417 0.999535 0.000000 0.000000 0.000000 0.000000 1.000000
0.999821 0.018770 -0.002398 -0.000000 -0.018805 0.999702 -0.015545 9.322100 0.002105 0.015588 0.999876 0.000000 0.000000 0.000000 0.000000 1.000000
0.999897 0.014203 -0.002217 -0.000000 -0.014214 0.999885 -0.005300 9.322100 0.002141 0.005331 0.999983 -0.000000 0.000000 0.000000 0.000000 1.000000
0.999928 0.011807 -0.002249 0.000000 -0.011814 0.999924 -0.003484 9.322100 0.002208 0.003511 0.999991 0.000000 0.000000 0.000000 0.000000 1.000000
0.999909 0.013257 -0.002627 0.000000 -0.013281 0.999869 -0.009235 9.322100 0.002504 0.009269 0.999954 0.000000 0.000000 0.000000 0.000000 1.000000
0.999833 0.017981 -0.003145 0.000000 -0.018031 0.999698 -0.016701 9.322100 0.002844 0.016755 0.999856 0.000000 0.000000 0.000000 0.000000 1.000000
0.999740 0.022577 -0.003186 0.000000 -0.022639 0.999524 -0.020968 9.322100 0.002711 0.021035 0.999775 0.000000 0.000000 0.000000 0.000000 1.000000
0.999723 0.023436 -0.002276 0.000000 -0.023481 0.999475 -0.022322 9.322100 0.001751 0.022370 0.999748 0.000000 0.000000 0.000000 0.000000 1.000000
0.999789 0.020510 -0.000741 -0.000000 -0.020522 0.999530 -0.022764 9.322100 0.000274 0.022774 0.999741 0.000000 0.000000 0.000000 0.000000 1.000000
0.999846 0.017523 0.000453 0.000000 -0.017509 0.999618 -0.021407 9.322100 -0.000828 0.021396 0.999771 -0.000000 0.000000 0.000000 0.000000 1.000000
0.999839 0.017927 0.000621 -0.000000 -0.017914 0.999704 -0.016483 9.322100 -0.000916 0.016469 0.999864 0.000000 0.000000 0.000000 0.000000 1.000000
0.999765 0.021682 -0.000061 -0.000000 -0.021682 0.999715 -0.010025 9.322100 -0.000156 0.010024 0.999950 0.000000 0.000000 0.000000 0.000000 1.000000
0.999654 0.026277 -0.000905 -0.000000 -0.026283 0.999633 -0.006629 9.322100 0.000730 0.006650 0.999978 0.000000 0.000000 0.000000 0.000000 1.000000
0.999565 0.029460 -0.001445 -0.000000 -0.029469 0.999539 -0.007254 9.322100 0.001231 0.007294 0.999973 0.000000 0.000000 0.000000 0.000000 1.000000
0.999536 0.030427 -0.001726 0.000000 -0.030439 0.999507 -0.007722 9.322100 0.001490 0.007771 0.999969 -0.000000 0.000000 0.000000 0.000000 1.000000
0.999557 0.029689 -0.001976 -0.000000 -0.029698 0.999546 -0.005003 9.322100 0.001827 0.005059 0.999986 -0.000000 0.000000 0.000000 0.000000 1.000000
0.999581 0.028847 -0.002182 0.000000 -0.028851 0.999582 -0.001760 9.322100 0.002131 0.001822 0.999996 0.000000 0.000000 0.000000 0.000000 1.000000
0.999553 0.029815 -0.002069 0.000000 -0.029817 0.999555 -0.000819 9.322100 0.002044 0.000881 0.999998 0.000000 0.000000 0.000000 0.000000 1.000000
0.999468 0.032590 -0.001391 0.000000 -0.032586 0.999464 0.003210 9.322100 0.001495 -0.003163 0.999994 0.000000 0.000000 0.000000 0.000000 1.000000
0.999425 0.033911 -0.000121 0.000000 -0.033902 0.999229 0.019797 9.322100 0.000793 -0.019782 0.999804 0.000000 0.000000 0.000000 0.000000 1.000000
0.999536 0.030428 0.001556 0.000000 -0.030468 0.998481 0.045914 9.322100 -0.000157 -0.045940 0.998944 -0.000000 0.000000 0.000000 0.000000 1.000000
0.999714 0.023688 0.003358 0.000000 -0.023848 0.997870 0.060713 9.322100 -0.001913 -0.060776 0.998150 0.000000 0.000000 0.000000 0.000000 1.000000
0.999796 0.019545 0.005146 0.000000 -0.019765 0.998706 0.046849 9.322100 -0.004224 -0.046941 0.998889 -0.000000 0.000000 0.000000 0.000000 1.000000
0.999738 0.021770 0.007086 -0.000000 -0.021855 0.999688 0.012073 9.322100 -0.006821 -0.012225 0.999902 -0.000000 0.000000 0.000000 0.000000 1.000000
0.999552 0.028416 0.009349 -0.000000 -0.028208 0.999369 -0.021605 9.322100 -0.009957 0.021331 0.999723 -0.000000 0.000000 0.000000 0.000000 1.000000
0.999315 0.035182 0.011515 -0.000000 -0.034666 0.998506 -0.042245 9.322100 -0.012984 0.041817 0.999041 -0.000000 0.000000 0.000000 0.000000 1.000000
0.999125 0.039884 0.012607 0.000000 -0.039235 0.998071 -0.048111 9.322100 -0.014502 0.047574 0.998762 0.000000 0.000000 0.000000 0.000000 1.000000
0.999018 0.042639 0.012076 0.000000 -0.042199 0.998508 -0.034660 9.322100 -0.013535 0.034116 0.999326 0.000000 0.000000 0.000000 0.000000 1.000000
0.998970 0.044115 0.010582 0.000000 -0.044121 0.999026 0.000371 9.322100 -0.010555 -0.000838 0.999944 0.000000 0.000000 0.000000 0.000000 1.000000
0.998909 0.045719 0.009503 0.000000 -0.046096 0.997955 0.044279 9.322100 -0.007459 -0.044669 0.998974 0.000000 0.000000 0.000000 0.000000 1.000000
0.998717 0.049689 0.009742 0.000000 -0.050296 0.995727 0.077449 9.322100 -0.005852 -0.077840 0.996949 0.000000 0.000000 0.000000 0.000000 1.000000
0.998343 0.056454 0.011154 0.000000 -0.057242 0.994120 0.091917 9.322100 -0.005899 -0.092403 0.995704 0.000000 0.000000 0.000000 0.000000 1.000000
0.997947 0.062722 0.012986 -0.000000 -0.063653 0.993729 0.091932 9.322100 -0.007139 -0.092570 0.995681 -0.000000 0.000000 0.000000 0.000000 1.000000
0.997841 0.064017 0.014672 0.000000 -0.065006 0.994537 0.081672 9.322100 -0.009364 -0.082450 0.996551 -0.000000 0.000000 0.000000 0.000000 1.000000
0.998109 0.059292 0.016199 0.000000 -0.060195 0.996223 0.062582 9.322100 -0.012427 -0.063439 0.997908 -0.000000 0.000000 0.000000 0.000000 1.000000
0.998480 0.052114 0.017949 0.000000 -0.052784 0.997841 0.039079 9.322100 -0.015873 -0.039967 0.999075 0.000000 0.000000 0.000000 0.000000 1.000000
0.998699 0.046770 0.020343 0.000000 -0.047127 0.998737 0.017431 9.322100 -0.019502 -0.018367 0.999641 0.000000 0.000000 0.000000 0.000000 1.000000
0.998740 0.044313 0.023557 -0.000000 -0.044324 0.999017 -0.000078 9.322100 -0.023537 -0.000966 0.999722 -0.000000 0.000000 0.000000 0.000000 1.000000
0.998688 0.043283 0.027383 0.000000 -0.042950 0.998998 -0.012620 9.322100 -0.027902 0.011428 0.999545 0.000000 0.000000 0.000000 0.000000 1.000000
0.998621 0.042134 0.031305 -0.000000 -0.041706 0.999029 -0.014196 9.322100 -0.031873 0.012871 0.999409 0.000000 0.000000 0.000000 0.000000 1.000000
0.998617 0.039414 0.034807 0.000000 -0.039486 0.999219 0.001387 9.322100 -0.034726 -0.002760 0.999393 -0.000000 0.000000 0.000000 0.000000 1.000000
0.998671 0.035142 0.037697 0.000000 -0.036201 0.998957 0.027810 9.322100 -0.036680 -0.029138 0.998902 0.000000 0.000000 0.000000 0.000000 1.000000
0.998616 0.033932 0.040190 0.000000 -0.035871 0.998176 0.048555 9.322100 -0.038469 -0.049929 0.998012 0.000000 0.000000 0.000000 0.000000 1.000000
0.998253 0.040793 0.042745 -0.000000 -0.043226 0.997401 0.057636 9.322100 -0.040282 -0.059383 0.997422 -0.000000 0.000000 0.000000 0.000000 1.000000
0.997599 0.052090 0.045629 0.000000 -0.055104 0.996196 0.067499 9.322100 -0.041939 -0.069851 0.996675 0.000000 0.000000 0.000000 0.000000 1.000000
0.997124 0.058341 0.048382 0.000000 -0.062467 0.994098 0.088692 9.322100 -0.042922 -0.091460 0.994883 0.000000 0.000000 0.000000 0.000000 1.000000
0.997114 0.057189 0.049940 0.000000 -0.062562 0.991551 0.113638 9.322100 -0.043019 -0.116434 0.992266 0.000000 0.000000 0.000000 0.000000 1.000000
0.997206 0.055648 0.049831 -0.000000 -0.061629 0.989872 0.127891 9.322100 -0.042209 -0.130604 0.990536 0.000000 0.000000 0.000000 0.000000 1.000000
0.997109 0.058115 0.048957 0.000000 -0.063964 0.989721 0.127913 9.322100 -0.041020 -0.130674 0.990576 0.000000 0.000000 0.000000 0.000000 1.000000
0.997018 0.059927 0.048618 -0.000000 -0.065468 0.990392 0.121813 9.322100 -0.040851 -0.124633 0.991362 0.000000 0.000000 0.000000 0.000000 1.000000
0.997259 0.055377 0.049075 0.000000 -0.060838 0.991165 0.117859 9.322100 -0.042115 -0.120522 0.991817 0.000000 0.000000 0.000000 0.000000 1.000000
0.997698 0.046334 0.049523 0.000000 -0.051814 0.991920 0.115802 9.322100 -0.043758 -0.118101 0.992037 0.000000 0.000000 0.000000 0.000000 1.000000
0.998006 0.039455 0.049268 -0.000000 -0.044602 0.993131 0.108175 9.322100 -0.044662 -0.110157 0.992910 0.000000 0.000000 0.000000 0.000000 1.000000
0.998120 0.037601 0.048391 0.000000 -0.041812 0.995136 0.089192 9.322100 -0.044802 -0.091048 0.994838 0.000000 0.000000 0.000000 0.000000 1.000000
0.998179 0.037478 0.047273 0.000000 -0.040380 0.997258 0.062014 9.322100 -0.044820 -0.063810 0.996955 -0.000000 0.000000 0.000000 0.000000 1.000000
0.998322 0.035192 0.045986 0.000000 -0.036892 0.998647 0.036653 9.322100 -0.044634 -0.038288 0.998269 0.000000 0.000000 0.000000 0.000000 1.000000
0.998539 0.030925 0.044320 -0.000000 -0.031885 0.999268 0.021123 9.322100 -0.043634 -0.022505 0.998794 -0.000000 0.000000 0.000000 0.000000 1.000000
0.998742 0.027115 0.042183 -0.000000 -0.027810 0.999486 0.015973 9.322100 -0.041728 -0.017126 0.998982 -0.000000 0.000000 0.000000 0.000000 1.000000
0.998909 0.024528 0.039739 0.000000 -0.025211 0.999542 0.016760 9.322100 -0.039310 -0.017743 0.999070 -0.000000 0.000000 0.000000 0.000000 1.000000
0.999065 0.022036 0.037202 0.000000 -0.022759 0.999558 0.019124 9.322100 -0.036764 -0.019953 0.999125 -0.000000 0.000000 0.000000 0.000000 1.000000
0.999221 0.018986 0.034609 0.000000 -0.019714 0.999589 0.020817 9.322100 -0.034199 -0.021484 0.999184 0.000000 0.000000 0.000000 0.000000 1.000000
0.999362 0.016163 0.031842 0.000000 -0.016849 0.999629 0.021379 9.322100 -0.031485 -0.021902 0.999264 0.000000 0.000000 0.000000 0.000000 1.000000
0.999475 0.014846 0.028808 0.000000 -0.015484 0.999637 0.022064 9.322100 -0.028470 -0.022499 0.999341 0.000000 0.000000 0.000000 0.000000 1.000000
0.999550 0.015664 0.025579 -0.000000 -0.016301 0.999557 0.024919 9.322100 -0.025177 -0.025325 0.999362 -0.000000 0.000000 0.000000 0.000000 1.000000
0.999585 0.018128 0.022402 0.000000 -0.018798 0.999371 0.030062 9.322100 -0.021843 -0.030471 0.999297 0.000000 0.000000 0.000000 0.000000 1.000000
0.999588 0.020975 0.019581 -0.000000 -0.021628 0.999197 0.033738 9.322100 -0.018857 -0.034148 0.999239 0.000000 0.000000 0.000000 0.000000 1.000000
0.999584 0.023079 0.017271 -0.000000 -0.023595 0.999264 0.030260 9.322100 -0.016560 -0.030655 0.999393 0.000000 0.000000 0.000000 0.000000 1.000000
0.999590 0.024153 0.015379 -0.000000 -0.024419 0.999552 0.017329 9.322100 -0.014953 -0.017697 0.999732 0.000000 0.000000 0.000000 0.000000 1.000000
0.999606 0.024480 0.013706 0.000000 -0.024473 0.999700 -0.000698 9.322100 -0.013719 0.000362 0.999906 0.000000 0.000000 0.000000 0.000000 1.000000
0.999633 0.024206 0.012151 -0.000000 -0.024009 0.999582 -0.016123 9.322100 -0.012536 0.015825 0.999796 0.000000 0.000000 0.000000 0.000000 1.000000
0.999669 0.023419 0.010668 0.000000 -0.023151 0.999428 -0.024663 9.322100 -0.011240 0.024408 0.999639 -0.000000 0.000000 0.000000 0.000000 1.000000
0.999701 0.022706 0.009073 0.000000 -0.022443 0.999352 -0.028126 9.322100 -0.009706 0.027914 0.999563 0.000000 0.000000 0.000000 0.000000 1.000000
0.999713 0.022885 0.007097 0.000000 -0.022655 0.999267 -0.030848 9.322100 -0.007798 0.030679 0.999499 0.000000 0.000000 0.000000 0.000000 1.000000
0.999698 0.024114 0.004694 -0.000000 -0.023935 0.999100 -0.035022 9.322100 -0.005534 0.034899 0.999376 0.000000 0.000000 0.000000 0.000000 1.000000
0.999667 0.025724 0.002157 -0.000000 -0.025618 0.998882 -0.039740 9.322100 -0.003177 0.039672 0.999208 0.000000 0.000000 0.000000 0.000000 1.000000
0.999637 0.026949 -0.000142 0.000000 -0.026930 0.998701 -0.043264 9.322100 -0.001024 0.043252 0.999064 0.000000 0.000000 0.000000 0.000000 1.000000
0.999618 0.027559 -0.002073 -0.000000 -0.027625 0.998600 -0.045106 9.322100 0.000827 0.045146 0.998980 0.000000 0.000000 0.000000 0.000000 1.000000</float_array>
        <technique_common>
          <accessor source="#mixamorig_Spine2-Matrix-animation-output-transform-array" count="78" stride="16">
            <param type="float4x4"/>
          </accessor>
        </technique_common>
      </source>
      <source id="mixamorig_Spine2-Interpolations">
        <Name_array id="mixamorig_Spine2-Interpolations-array" count="78">
 LINEAR LINEAR LINEAR LINEAR LINEAR LINEAR LINEAR LINEAR LINEAR LINEAR LINEAR
LINEAR LINEAR LINEAR LINEAR LINEAR LINEAR LINEAR LINEAR LINEAR LINEAR LINEAR LINEAR
LINEAR LINEAR LINEAR LINEAR LINEAR LINEAR LINEAR LINEAR LINEAR LINEAR LINEAR LINEAR
LINEAR LINEAR LINEAR LINEAR LINEAR LINEAR LINEAR LINEAR LINEAR LINEAR LINEAR LINEAR
LINEAR LINEAR LINEAR LINEAR LINEAR LINEAR LINEAR LINEAR LINEAR LINEAR LINEAR LINEAR
LINEAR LINEAR LINEAR LINEAR LINEAR LINEAR LINEAR LINEAR LINEAR LINEAR LINEAR LINEAR
LINEAR LINEAR LINEAR LINEAR LINEAR LINEAR LINEAR</Name_array>
        <technique_common>
          <accessor source="#mixamorig_Spine2-Interpolations-array" count="78">
            <param type="name"/>
          </accessor>
        </technique_common>
      </source>
      <sampler id="mixamorig_Spine2-Matrix-animation-transform">
        <input semantic="INPUT" source="#mixamorig_Spine2-Matrix-animation-input"/>
        <input semantic="OUTPUT" source="#mixamorig_Spine2-Matrix-animation-output-transform"/>
        <input semantic="INTERPOLATION" source="#mixamorig_Spine2-Interpolations"/>
      </sampler>
      <channel source="#mixamorig_Spine2-Matrix-animation-transform" target="mixamorig_Spine2/matrix"/>
    </animation>
    <animation id="mixamorig_Neck-anim" name="mixamorig_Neck">
      <source id="mixamorig_Neck-Matrix-animation-input">
        <float_array id="mixamorig_Neck-Matrix-animation-input-array" count="78">

0.000000 0.033333 0.066667 0.100000 0.133333 0.166667 0.200000 0.233333 0.266667 0.300000 0.333333 0.366667 0.400000 0.433333 0.466667 0.500000
0.533333 0.566667 0.600000 0.633333 0.666667 0.700000 0.733333 0.766667 0.800000 0.833333 0.866667 0.900000 0.933333 0.966667 1.000000 1.033333
1.066667 1.100000 1.133333 1.166667 1.200000 1.233333 1.266667 1.300000 1.333333 1.366667 1.400000 1.433333 1.466667 1.500000 1.533333 1.566667
1.600000 1.633333 1.666667 1.700000 1.733333 1.766667 1.800000 1.833333 1.866667 1.900000 1.933333 1.966667 2.000000 2.033333 2.066667 2.100000
2.133333 2.166667 2.200000 2.233333 2.266667 2.300000 2.333333 2.366667 2.400000 2.433333 2.466667 2.500000 2.533333 2.566667</float_array>
        <technique_common>
          <accessor source="#mixamorig_Neck-Matrix-animation-input-array" count="78">
            <param name="TIME" type="float"/>
          </accessor>
        </technique_common>
      </source>
      <source id="mixamorig_Neck-Matrix-animation-output-transform">
        <float_array id="mixamorig_Neck-Matrix-animation-output-transform-array" count="1248">

0.999966 0.007873 0.002321 0.000000 -0.007608 0.995159 -0.097980 16.865299 -0.003081 0.097959 0.995186 -0.000000 0.000000 0.000000 0.000000 1.000000
0.999979 0.006185 -0.002007 0.000000 -0.006359 0.994698 -0.102642 16.865299 0.001362 0.102653 0.994716 0.000000 0.000000 0.000000 0.000000 1.000000
0.999963 0.005174 -0.006829 0.000000 -0.005874 0.994259 -0.106840 16.865299 0.006237 0.106876 0.994253 0.000000 0.000000 0.000000 0.000000 1.000000
0.999920 0.003924 -0.012053 0.000000 -0.005219 0.993995 -0.109299 16.865299 0.011551 0.109353 0.993936 0.000000 0.000000 0.000000 0.000000 1.000000
0.999851 0.001126 -0.017224 0.000000 -0.003008 0.993968 -0.109628 16.865299 0.016996 0.109664 0.993823 -0.000000 0.000000 0.000000 0.000000 1.000000
0.999758 -0.003821 -0.021659 -0.000000 0.001439 0.994047 -0.108939 16.865299 0.021946 0.108882 0.993812 0.000000 0.000000 0.000000 0.000000 1.000000
0.999640 -0.009632 -0.025057 0.000000 0.006869 0.994115 -0.108114 16.865299 0.025951 0.107903 0.993823 0.000000 0.000000 0.000000 0.000000 1.000000
0.999526 -0.013139 -0.027825 0.000000 0.010115 0.994299 -0.106149 16.865299 0.029062 0.105817 0.993961 0.000000 0.000000 0.000000 0.000000 1.000000
0.999471 -0.011119 -0.030563 -0.000000 0.007942 0.994735 -0.102168 16.865299 0.031538 0.101871 0.994298 -0.000000 0.000000 0.000000 0.000000 1.000000
0.999442 -0.003114 -0.033263 0.000000 -0.000179 0.995131 -0.098556 16.865299 0.033408 0.098507 0.994575 0.000000 0.000000 0.000000 0.000000 1.000000
0.999346 0.007539 -0.035356 0.000000 -0.011011 0.995020 -0.099065 16.865299 0.034433 0.099390 0.994453 0.000000 0.000000 0.000000 0.000000 1.000000
0.999203 0.016131 -0.036502 0.000000 -0.019818 0.994483 -0.103006 16.865299 0.034639 0.103647 0.994011 0.000000 0.000000 0.000000 0.000000 1.000000
0.999119 0.019874 -0.036951 0.000000 -0.023632 0.994275 -0.104205 16.865299 0.034668 0.104987 0.993869 0.000000 0.000000 0.000000 0.000000 1.000000
0.999142 0.018658 -0.036963 0.000000 -0.022196 0.994964 -0.097748 16.865299 0.034953 0.098484 0.994525 0.000000 0.000000 0.000000 0.000000 1.000000
0.999248 0.013870 -0.036199 0.000000 -0.016949 0.996135 -0.086182 16.865299 0.034864 0.086731 0.995622 0.000000 0.000000 0.000000 0.000000 1.000000
0.999395 0.007412 -0.033992 0.000000 -0.010015 0.996976 -0.077065 16.865299 0.033318 0.077358 0.996447 -0.000000 0.000000 0.000000 0.000000 1.000000
0.999542 0.000952 -0.030250 0.000000 -0.003230 0.997153 -0.075331 16.865299 0.030092 0.075394 0.996700 0.000000 0.000000 0.000000 0.000000 1.000000
0.999656 -0.004738 -0.025803 0.000000 0.002639 0.996728 -0.080790 16.865299 0.026102 0.080694 0.996397 0.000000 0.000000 0.000000 0.000000 1.000000
0.999725 -0.009468 -0.021457 0.000000 0.007429 0.995621 -0.093188 16.865299 0.022245 0.093003 0.995417 -0.000000 0.000000 0.000000 0.000000 1.000000
0.999773 -0.012819 -0.017047 0.000000 0.010762 0.993223 -0.115723 16.865299 0.018415 0.115514 0.993135 0.000000 0.000000 0.000000 0.000000 1.000000
0.999821 -0.014500 -0.012117 0.000000 0.012503 0.988438 -0.151109 16.865299 0.014168 0.150930 0.988443 -0.000000 0.000000 0.000000 0.000000 1.000000
0.999857 -0.015271 -0.007215 -0.000000 0.013555 0.980398 -0.196561 16.865299 0.010075 0.196435 0.980465 0.000000 0.000000 0.000000 0.000000 1.000000
0.999859 -0.016348 -0.003704 0.000000 0.014952 0.969709 -0.243806 16.865299 0.007578 0.243717 0.969817 0.000000 0.000000 0.000000 0.000000 1.000000
0.999840 -0.017723 -0.002372 0.000000 0.016339 0.959418 -0.281515 16.865299 0.007265 0.281431 0.959554 0.000000 0.000000 0.000000 0.000000 1.000000
0.999829 -0.018265 -0.002833 -0.000000 0.016591 0.954422 -0.297998 16.865299 0.008147 0.297900 0.954562 -0.000000 0.000000 0.000000 0.000000 1.000000
0.999830 -0.017929 -0.004281 0.000000 0.015955 0.958048 -0.286164 16.865299 0.009232 0.286047 0.958171 0.000000 0.000000 0.000000 0.000000 1.000000
0.999809 -0.018512 -0.006216 0.000000 0.016388 0.968525 -0.248377 16.865299 0.010618 0.248228 0.968643 0.000000 0.000000 0.000000 0.000000 1.000000
0.999735 -0.021474 -0.008331 0.000000 0.019440 0.980641 -0.194847 16.865299 0.012354 0.194633 0.980798 0.000000 0.000000 0.000000 0.000000 1.000000
0.999605 -0.026176 -0.010237 0.000000 0.024540 0.990384 -0.136154 16.865299 0.013703 0.135849 0.990635 0.000000 0.000000 0.000000 0.000000 1.000000
0.999456 -0.030849 -0.011635 0.000000 0.029840 0.996450 -0.078718 16.865299 0.014022 0.078328 0.996829 0.000000 0.000000 0.000000 0.000000 1.000000
0.999343 -0.034044 -0.012440 0.000000 0.033698 0.999066 -0.027063 16.865299 0.013350 0.026626 0.999556 0.000000 0.000000 0.000000 0.000000 1.000000
0.999322 -0.034582 -0.012611 -0.000000 0.034758 0.999298 0.013986 16.865299 0.012119 -0.014415 0.999823 -0.000000 0.000000 0.000000 0.000000 1.000000
0.999421 -0.031761 -0.012190 -0.000000 0.032251 0.998584 0.042309 16.865299 0.010829 -0.042678 0.999030 -0.000000 0.000000 0.000000 0.000000 1.000000
0.999577 -0.026658 -0.011628 0.000000 0.027320 0.997759 0.061082 16.865299 0.009974 -0.061374 0.998065 0.000000 0.000000 0.000000 0.000000 1.000000
0.999689 -0.022026 -0.011656 0.000000 0.022840 0.996920 0.075023 16.865299 0.009968 -0.075266 0.997114 -0.000000 0.000000 0.000000 0.000000 1.000000
0.999719 -0.020029 -0.012711 0.000000 0.021039 0.996153 0.085069 16.865299 0.010958 -0.085312 0.996294 0.000000 0.000000 0.000000 0.000000 1.000000
0.999679 -0.020511 -0.014885 0.000000 0.021762 0.995751 0.089476 16.865299 0.012986 -0.089772 0.995878 0.000000 0.000000 0.000000 0.000000 1.000000
0.999597 -0.021695 -0.018321 0.000000 0.023238 0.995788 0.088690 16.865299 0.016320 -0.089080 0.995891 -0.000000 0.000000 0.000000 0.000000 1.000000
0.999490 -0.022159 -0.022981 -0.000000 0.024067 0.995971 0.086391 16.865299 0.020974 -0.086900 0.995996 0.000000 0.000000 0.000000 0.000000 1.000000
0.999365 -0.022202 -0.027852 0.000000 0.024547 0.995914 0.086905 16.865299 0.025809 -0.087534 0.995827 0.000000 0.000000 0.000000 0.000000 1.000000
0.999235 -0.023725 -0.031092 0.000000 0.026547 0.995242 0.093743 16.865299 0.028720 -0.094496 0.995111 0.000000 0.000000 0.000000 0.000000 1.000000
0.999104 -0.028328 -0.031459 0.000000 0.031597 0.993563 0.108783 16.865299 0.028175 -0.109680 0.993568 0.000000 0.000000 0.000000 0.000000 1.000000
0.998973 -0.034598 -0.029264 0.000000 0.038081 0.991000 0.128331 16.865299 0.024561 -0.129313 0.991300 0.000000 0.000000 0.000000 0.000000 1.000000
0.998952 -0.037904 -0.025650 0.000000 0.041125 0.989343 0.139675 16.865299 0.020082 -0.140583 0.989865 -0.000000 0.000000 0.000000 0.000000 1.000000
0.999155 -0.034973 -0.021574 0.000000 0.037456 0.991050 0.128129 16.865299 0.016899 -0.128829 0.991523 0.000000 0.000000 0.000000 0.000000 1.000000
0.999424 -0.029000 -0.017613 0.000000 0.030507 0.995259 0.092352 16.865299 0.014851 -0.092836 0.995571 0.000000 0.000000 0.000000 0.000000 1.000000
0.999508 -0.028089 -0.013957 0.000000 0.028750 0.998352 0.049674 16.865299 0.012539 -0.050051 0.998668 -0.000000 0.000000 0.000000 0.000000 1.000000
0.999256 -0.037111 -0.010516 0.000000 0.037336 0.999058 0.022103 16.865299 0.009686 -0.022480 0.999700 0.000000 0.000000 0.000000 0.000000 1.000000
0.998644 -0.051527 -0.007379 -0.000000 0.051647 0.998520 0.017053 16.865299 0.006490 -0.017411 0.999827 0.000000 0.000000 0.000000 0.000000 1.000000
0.998147 -0.060651 -0.004891 -0.000000 0.060750 0.997876 0.023498 16.865299 0.003455 -0.023751 0.999712 0.000000 0.000000 0.000000 0.000000 1.000000
0.998316 -0.057924 -0.003285 0.000000 0.057991 0.997971 0.026277 16.865299 0.001757 -0.026424 0.999649 -0.000000 0.000000 0.000000 0.000000 1.000000
0.998897 -0.046875 -0.002627 0.000000 0.046920 0.998677 0.021044 16.865299 0.001637 -0.021144 0.999775 0.000000 0.000000 0.000000 0.000000 1.000000
0.999348 -0.036005 -0.002807 0.000000 0.036041 0.999250 0.014167 16.865299 0.002295 -0.014259 0.999896 0.000000 0.000000 0.000000 0.000000 1.000000
0.999555 -0.029650 -0.003356 -0.000000 0.029688 0.999489 0.011848 16.865299 0.003003 -0.011943 0.999924 0.000000 0.000000 0.000000 0.000000 1.000000
0.999663 -0.025703 -0.003649 0.000000 0.025750 0.999578 0.013431 16.865299 0.003302 -0.013520 0.999903 -0.000000 0.000000 0.000000 0.000000 1.000000
0.999779 -0.020710 -0.003485 0.000000 0.020758 0.999681 0.014376 16.865299 0.003186 -0.014445 0.999891 0.000000 0.000000 0.000000 0.000000 1.000000
0.999892 -0.014365 -0.003135 -0.000000 0.014400 0.999827 0.011755 16.865299 0.002966 -0.011799 0.999926 0.000000 0.000000 0.000000 0.000000 1.000000
0.999957 -0.008872 -0.002788 0.000000 0.008887 0.999946 0.005344 16.865299 0.002740 -0.005369 0.999982 -0.000000 0.000000 0.000000 0.000000 1.000000
0.999979 -0.005997 -0.002353 0.000000 0.005987 0.999972 -0.004467 16.865299 0.002380 0.004453 0.999987 0.000000 0.000000 0.000000 0.000000 1.000000
0.999982 -0.005707 -0.001882 -0.000000 0.005673 0.999827 -0.017696 16.865299 0.001983 0.017685 0.999842 0.000000 0.000000 0.000000 0.000000 1.000000
0.999976 -0.006694 -0.001768 -0.000000 0.006631 0.999403 -0.033904 16.865299 0.001994 0.033891 0.999424 0.000000 0.000000 0.000000 0.000000 1.000000
0.999969 -0.007496 -0.002361 -0.000000 0.007364 0.998644 -0.051535 16.865299 0.002744 0.051516 0.998668 0.000000 0.000000 0.000000 0.000000 1.000000
0.999966 -0.007391 -0.003605 0.000000 0.007125 0.997601 -0.068855 16.865299 0.004106 0.068827 0.997620 0.000000 0.000000 0.000000 0.000000 1.000000
0.999965 -0.006522 -0.005172 -0.000000 0.006058 0.996349 -0.085163 16.865299 0.005708 0.085129 0.996354 0.000000 0.000000 0.000000 0.000000 1.000000
0.999962 -0.005426 -0.006757 -0.000000 0.004724 0.994980 -0.099961 16.865299 0.007266 0.099926 0.994968 -0.000000 0.000000 0.000000 0.000000 1.000000
0.999957 -0.004439 -0.008107 -0.000000 0.003508 0.993767 -0.111418 16.865299 0.008551 0.111385 0.993741 0.000000 0.000000 0.000000 0.000000 1.000000
0.999954 -0.003458 -0.008899 0.000000 0.002392 0.993109 -0.117173 16.865299 0.009243 0.117146 0.993072 0.000000 0.000000 0.000000 0.000000 1.000000
0.999958 -0.002323 -0.008863 -0.000000 0.001269 0.993119 -0.117101 16.865299 0.009074 0.117085 0.993080 0.000000 0.000000 0.000000 0.000000 1.000000
0.999967 -0.001136 -0.008053 -0.000000 0.000207 0.993424 -0.114496 16.865299 0.008130 0.114491 0.993391 0.000000 0.000000 0.000000 0.000000 1.000000
0.999976 0.000075 -0.006884 -0.000000 -0.000856 0.993532 -0.113547 16.865299 0.006831 0.113551 0.993509 0.000000 0.000000 0.000000 0.000000 1.000000
0.999982 0.001624 -0.005835 0.000000 -0.002288 0.993295 -0.115583 16.865299 0.005608 0.115594 0.993281 -0.000000 0.000000 0.000000 0.000000 1.000000
0.999981 0.003593 -0.005105 -0.000000 -0.004172 0.992961 -0.118367 16.865299 0.004644 0.118386 0.992957 0.000000 0.000000 0.000000 0.000000 1.000000
0.999975 0.005380 -0.004531 -0.000000 -0.005881 0.992885 -0.118933 16.865299 0.003859 0.118957 0.992892 0.000000 0.000000 0.000000 0.000000 1.000000
0.999973 0.006327 -0.003793 0.000000 -0.006725 0.993186 -0.116344 16.865299 0.003031 0.116366 0.993202 0.000000 0.000000 0.000000 0.000000 1.000000
0.999975 0.006519 -0.002705 -0.000000 -0.006780 0.993708 -0.111797 16.865299 0.001959 0.111813 0.993727 0.000000 0.000000 0.000000 0.000000 1.000000
0.999977 0.006579 -0.001320 0.000000 -0.006683 0.994236 -0.107006 16.865299 0.000609 0.107013 0.994257 0.000000 0.000000 0.000000 0.000000 1.000000
0.999976 0.006928 0.000174 0.000000 -0.006873 0.994667 -0.102909 16.865299 -0.000886 0.102905 0.994691 0.000000 0.000000 0.000000 0.000000 1.000000
0.999970 0.007530 0.001633 0.000000 -0.007330 0.995010 -0.099502 16.865299 -0.002374 0.099487 0.995036 0.000000 0.000000 0.000000 0.000000 1.000000</float_array>
        <technique_common>
          <accessor source="#mixamorig_Neck-Matrix-animation-output-transform-array" count="78" stride="16">
            <param type="float4x4"/>
          </accessor>
        </technique_common>
      </source>
      <source id="mixamorig_Neck-Interpolations">
        <Name_array id="mixamorig_Neck-Interpolations-array" count="78">
 LINEAR LINEAR LINEAR LINEAR LINEAR LINEAR LINEAR LINEAR LINEAR LINEAR LINEAR
LINEAR LINEAR LINEAR LINEAR LINEAR LINEAR LINEAR LINEAR LINEAR LINEAR LINEAR LINEAR
LINEAR LINEAR LINEAR LINEAR LINEAR LINEAR LINEAR LINEAR LINEAR LINEAR LINEAR LINEAR
LINEAR LINEAR LINEAR LINEAR LINEAR LINEAR LINEAR LINEAR LINEAR LINEAR LINEAR LINEAR
LINEAR LINEAR LINEAR LINEAR LINEAR LINEAR LINEAR LINEAR LINEAR LINEAR LINEAR LINEAR
LINEAR LINEAR LINEAR LINEAR LINEAR LINEAR LINEAR LINEAR LINEAR LINEAR LINEAR LINEAR
LINEAR LINEAR LINEAR LINEAR LINEAR LINEAR LINEAR</Name_array>
        <technique_common>
          <accessor source="#mixamorig_Neck-Interpolations-array" count="78">
            <param type="name"/>
          </accessor>
        </technique_common>
      </source>
      <sampler id="mixamorig_Neck-Matrix-animation-transform">
        <input semantic="INPUT" source="#mixamorig_Neck-Matrix-animation-input"/>
        <input semantic="OUTPUT" source="#mixamorig_Neck-Matrix-animation-output-transform"/>
        <input semantic="INTERPOLATION" source="#mixamorig_Neck-Interpolations"/>
      </sampler>
      <channel source="#mixamorig_Neck-Matrix-animation-transform" target="mixamorig_Neck/matrix"/>
    </animation>
    <animation id="mixamorig_Head-anim" name="mixamorig_Head">
      <source id="mixamorig_Head-Matrix-animation-input">
        <float_array id="mixamorig_Head-Matrix-animation-input-array" count="78">

0.000000 0.033333 0.066667 0.100000 0.133333 0.166667 0.200000 0.233333 0.266667 0.300000 0.333333 0.366667 0.400000 0.433333 0.466667 0.500000
0.533333 0.566667 0.600000 0.633333 0.666667 0.700000 0.733333 0.766667 0.800000 0.833333 0.866667 0.900000 0.933333 0.966667 1.000000 1.033333
1.066667 1.100000 1.133333 1.166667 1.200000 1.233333 1.266667 1.300000 1.333333 1.366667 1.400000 1.433333 1.466667 1.500000 1.533333 1.566667
1.600000 1.633333 1.666667 1.700000 1.733333 1.766667 1.800000 1.833333 1.866667 1.900000 1.933333 1.966667 2.000000 2.033333 2.066667 2.100000
2.133333 2.166667 2.200000 2.233333 2.266667 2.300000 2.333333 2.366667 2.400000 2.433333 2.466667 2.500000 2.533333 2.566667</float_array>
        <technique_common>
          <accessor source="#mixamorig_Head-Matrix-animation-input-array" count="78">
            <param name="TIME" type="float"/>
          </accessor>
        </technique_common>
      </source>
      <source id="mixamorig_Head-Matrix-animation-output-transform">
        <float_array id="mixamorig_Head-Matrix-animation-output-transform-array" count="1248">

0.999711 0.001454 -0.023992 -0.000000 0.001712 0.991327 0.131407 9.341900 0.023975 -0.131410 0.991038 2.841000 0.000000 0.000000 0.000000 1.000000
0.999373 0.001890 -0.035348 0.000000 0.002278 0.993068 0.117515 9.341900 0.035326 -0.117522 0.992442 2.841000 0.000000 0.000000 0.000000 1.000000
0.998733 0.000883 -0.050322 0.000000 0.004497 0.994282 0.106696 9.341900 0.050128 -0.106787 0.993017 2.841000 0.000000 0.000000 0.000000 1.000000
0.997734 -0.002239 -0.067245 0.000000 0.009231 0.994550 0.103854 9.341900 0.066646 -0.104239 0.992317 2.841000 0.000000 0.000000 0.000000 1.000000
0.996609 -0.007686 -0.081924 0.000000 0.017047 0.993314 0.114181 9.341900 0.080499 -0.115190 0.990076 2.841000 0.000000 0.000000 0.000000 1.000000
0.995795 -0.014976 -0.090380 0.000000 0.027649 0.989674 0.140641 9.341900 0.087341 -0.142549 0.985927 2.841000 0.000000 0.000000 0.000000 1.000000
0.995384 -0.022303 -0.093341 0.000000 0.039184 0.982305 0.183145 9.341900 0.087605 -0.185957 0.978645 2.841000 0.000000 0.000000 0.000000 1.000000
0.995036 -0.025671 -0.096144 0.000000 0.048057 0.969984 0.238371 9.341900 0.087139 -0.241808 0.966403 2.841000 0.000000 0.000000 0.000000 1.000000
0.994479 -0.020756 -0.102864 0.000000 0.050765 0.953065 0.298480 9.341900 0.091841 -0.302054 0.948856 2.841000 0.000000 0.000000 0.000000 1.000000
0.993742 -0.007441 -0.111451 0.000000 0.046431 0.935008 0.351573 9.341900 0.101592 -0.354548 0.929502 2.841000 0.000000 0.000000 0.000000 1.000000
0.993182 0.009014 -0.116222 -0.000000 0.037062 0.920854 0.388142 9.341900 0.110523 -0.389803 0.914242 2.841000 0.000000 0.000000 0.000000 1.000000
0.993182 0.022470 -0.114387 0.000000 0.026409 0.912365 0.408526 9.341900 0.113542 -0.408761 0.905551 2.841000 0.000000 0.000000 0.000000 1.000000
0.993647 0.029442 -0.108624 -0.000000 0.019219 0.906606 0.421540 9.341900 0.110890 -0.420949 0.900281 2.841000 0.000000 0.000000 0.000000 1.000000
0.994263 0.028035 -0.103221 0.000000 0.019650 0.900736 0.433922 9.341900 0.105140 -0.433461 0.895018 2.841000 0.000000 0.000000 0.000000 1.000000
0.994961 0.017480 -0.098730 0.000000 0.028224 0.896042 0.443072 9.341900 0.096211 -0.443625 0.891033 2.841000 0.000000 0.000000 0.000000 1.000000
0.995760 0.000551 -0.091990 -0.000000 0.040292 0.896350 0.441513 9.341900 0.082698 -0.443348 0.892527 2.841000 0.000000 0.000000 0.000000 1.000000
0.996523 -0.016427 -0.081682 0.000000 0.049733 0.903837 0.424977 9.341900 0.066846 -0.427562 0.901511 2.841000 0.000000 0.000000 0.000000 1.000000
0.997076 -0.027823 -0.071169 0.000000 0.053663 0.918000 0.392934 9.341900 0.054400 -0.395604 0.916809 2.841000 0.000000 0.000000 0.000000 1.000000
0.997455 -0.032108 -0.063659 0.000000 0.052086 0.937852 0.343104 9.341900 0.048686 -0.345546 0.937138 2.841000 0.000000 0.000000 0.000000 1.000000
0.997855 -0.031375 -0.057447 0.000000 0.045780 0.961797 0.269907 9.341900 0.046784 -0.271959 0.961171 2.841000 0.000000 0.000000 0.000000 1.000000
0.998353 -0.028986 -0.049513 0.000000 0.037022 0.984748 0.170004 9.341900 0.043830 -0.171557 0.984199 2.841000 0.000000 0.000000 0.000000 1.000000
0.998777 -0.027250 -0.041266 0.000000 0.029257 0.998379 0.048830 9.341900 0.039869 -0.049977 0.997954 2.841000 0.000000 0.000000 0.000000 1.000000
0.998989 -0.025926 -0.036715 0.000000 0.023094 0.996873 -0.075565 9.341900 0.038559 0.074641 0.996465 2.841000 0.000000 0.000000 0.000000 1.000000
0.999050 -0.023001 -0.037023 0.000000 0.016247 0.984729 -0.173335 9.341900 0.040444 0.172569 0.984167 2.841000 0.000000 0.000000 0.000000 1.000000
0.999023 -0.017863 -0.040430 0.000000 0.008848 0.977006 -0.213030 9.341900 0.043306 0.212464 0.976209 2.841000 0.000000 0.000000 0.000000 1.000000
0.998882 -0.013324 -0.045358 -0.000000 0.005090 0.984194 -0.177021 9.341900 0.047000 0.176592 0.983161 2.841000 0.000000 0.000000 0.000000 1.000000
0.998636 -0.013173 -0.050526 0.000000 0.009593 0.997470 -0.070443 9.341900 0.051326 0.069862 0.996235 2.841000 0.000000 0.000000 0.000000 1.000000
0.998392 -0.018284 -0.053651 -0.000000 0.022539 0.996555 0.079810 9.341900 0.052007 -0.080891 0.995365 2.841000 0.000000 0.000000 0.000000 1.000000
0.998255 -0.026949 -0.052548 0.000000 0.038702 0.970633 0.237431 9.341900 0.044607 -0.239051 0.969982 2.841000 0.000000 0.000000 0.000000 1.000000
0.998149 -0.038020 -0.047464 0.000000 0.053051 0.925934 0.373942 9.341900 0.029732 -0.375768 0.926237 2.841000 0.000000 0.000000 0.000000 1.000000
0.997887 -0.050575 -0.040788 0.000000 0.063901 0.877489 0.475320 9.341900 0.011752 -0.476922 0.878867 2.841000 0.000000 0.000000 0.000000 1.000000
0.997577 -0.060769 -0.033873 0.000000 0.069448 0.840744 0.536960 9.341900 -0.004152 -0.538011 0.842928 2.841000 0.000000 0.000000 0.000000 1.000000
0.997682 -0.062950 -0.025838 0.000000 0.066623 0.826383 0.559154 9.341900 -0.013847 -0.559579 0.828661 2.841000 0.000000 0.000000 0.000000 1.000000
0.998328 -0.055475 -0.016222 0.000000 0.055308 0.835424 0.546816 9.341900 -0.016782 -0.546799 0.837096 2.841000 0.000000 0.000000 0.000000 1.000000
0.999036 -0.043407 -0.006572 0.000000 0.040714 0.860060 0.508566 9.341900 -0.016423 -0.508343 0.860998 2.841000 0.000000 0.000000 0.000000 1.000000
0.999426 -0.033850 0.001084 0.000000 0.029676 0.890725 0.453574 9.341900 -0.016319 -0.453281 0.891218 2.841000 0.000000 0.000000 0.000000 1.000000
0.999562 -0.029240 0.004515 0.000000 0.025156 0.920262 0.390492 9.341900 -0.015573 -0.390208 0.920595 2.841000 0.000000 0.000000 0.000000 1.000000
0.999656 -0.026241 0.000301 0.000000 0.024681 0.943989 0.329052 9.341900 -0.008918 -0.328931 0.944312 2.841000 0.000000 0.000000 0.000000 1.000000
0.999703 -0.020653 -0.012937 -0.000000 0.023447 0.959823 0.279625 9.341900 0.006642 -0.279845 0.960022 2.841000 0.000000 0.000000 0.000000 1.000000
0.999494 -0.013013 -0.029036 -0.000000 0.019926 0.967434 0.252338 9.341900 0.024807 -0.252789 0.967203 2.841000 0.000000 0.000000 0.000000 1.000000
0.999269 -0.010038 -0.036878 0.000000 0.019319 0.965214 0.260747 9.341900 0.032977 -0.261269 0.964703 2.841000 0.000000 0.000000 0.000000 1.000000
0.999313 -0.018845 -0.031913 0.000000 0.028089 0.946857 0.320425 9.341900 0.024179 -0.321102 0.946736 2.841000 0.000000 0.000000 0.000000 1.000000
0.999113 -0.036419 -0.021161 0.000000 0.041965 0.903801 0.425891 9.341900 0.003615 -0.426401 0.904527 2.841000 0.000000 0.000000 0.000000 1.000000
0.998820 -0.047044 -0.012030 0.000000 0.046274 0.847090 0.529431 9.341900 -0.014717 -0.529363 0.848268 2.841000 0.000000 0.000000 0.000000 1.000000
0.999294 -0.037495 -0.002331 0.000000 0.032053 0.818600 0.573469 9.341900 -0.019594 -0.573139 0.819224 2.841000 0.000000 0.000000 0.000000 1.000000
0.999826 -0.013853 0.012477 0.000000 0.004865 0.839913 0.542699 9.341900 -0.017998 -0.542544 0.839835 2.841000 0.000000 0.000000 0.000000 1.000000
0.999478 0.001932 0.032249 0.000000 -0.017020 0.879928 0.474803 9.341900 -0.027459 -0.475104 0.879501 2.841000 0.000000 0.000000 0.000000 1.000000
0.998501 -0.005502 0.054461 0.000000 -0.018366 0.903585 0.428014 9.341900 -0.051565 -0.428373 0.902130 2.841000 0.000000 0.000000 0.000000 1.000000
0.996828 -0.027083 0.074834 -0.000000 -0.007015 0.906751 0.421609 9.341900 -0.079275 -0.420796 0.903685 2.841000 0.000000 0.000000 0.000000 1.000000
0.995263 -0.039049 0.089034 0.000000 -0.002374 0.905758 0.423788 9.341900 -0.097191 -0.421992 0.901375 2.841000 0.000000 0.000000 0.000000 1.000000
0.995068 -0.028131 0.095125 0.000000 -0.012406 0.916125 0.400701 9.341900 -0.098419 -0.399905 0.911257 2.841000 0.000000 0.000000 0.000000 1.000000
0.995702 -0.002714 0.092575 -0.000000 -0.030188 0.935468 0.352120 9.341900 -0.087557 -0.353401 0.931365 2.841000 0.000000 0.000000 0.000000 1.000000
0.996350 0.018537 0.083324 0.000000 -0.042877 0.952736 0.300757 9.341900 -0.073810 -0.303232 0.950054 2.841000 0.000000 0.000000 0.000000 1.000000
0.997088 0.025500 0.071863 0.000000 -0.043562 0.963989 0.262350 9.341900 -0.062586 -0.264717 0.962293 2.841000 0.000000 0.000000 0.000000 1.000000
0.997847 0.022537 0.061584 -0.000000 -0.036322 0.971829 0.232872 9.341900 -0.054601 -0.234608 0.970556 2.841000 0.000000 0.000000 0.000000 1.000000
0.998432 0.018831 0.052725 -0.000000 -0.029021 0.979414 0.199765 9.341900 -0.047878 -0.200982 0.978424 2.841000 0.000000 0.000000 0.000000 1.000000
0.998863 0.017634 0.044288 0.000000 -0.024377 0.987350 0.156670 9.341900 -0.040965 -0.157572 0.986657 2.841000 0.000000 0.000000 0.000000 1.000000
0.999193 0.015606 0.037023 0.000000 -0.019466 0.994144 0.106294 9.341900 -0.035148 -0.106929 0.993645 2.841000 0.000000 0.000000 0.000000 1.000000
0.999405 0.009894 0.033027 0.000000 -0.011690 0.998438 0.054631 9.341900 -0.032435 -0.054984 0.997960 2.841000 0.000000 0.000000 0.000000 1.000000
0.999472 0.002633 0.032389 0.000000 -0.002867 0.999970 0.007204 9.341900 -0.032369 -0.007293 0.999449 2.841000 0.000000 0.000000 0.000000 1.000000
0.999482 -0.002206 0.032105 0.000000 0.003151 0.999563 -0.029408 9.341900 -0.032026 0.029494 0.999052 2.841000 0.000000 0.000000 0.000000 1.000000
0.999574 -0.003768 0.028940 0.000000 0.005142 0.998855 -0.047570 9.341900 -0.028728 0.047699 0.998449 2.841000 0.000000 0.000000 0.000000 1.000000
0.999745 -0.004191 0.022193 0.000000 0.005173 0.999003 -0.044344 9.341900 -0.021985 0.044448 0.998770 2.841000 0.000000 0.000000 0.000000 1.000000
0.999900 -0.005132 0.013196 0.000000 0.005459 0.999677 -0.024841 9.341900 -0.013065 0.024910 0.999604 2.841000 0.000000 0.000000 0.000000 1.000000
0.999975 -0.006119 0.003547 0.000000 0.006105 0.999974 0.003905 9.341900 -0.003571 -0.003883 0.999986 2.841000 0.000000 0.000000 0.000000 1.000000
0.999966 -0.006050 -0.005568 0.000000 0.006268 0.999184 0.039912 9.341900 0.005322 -0.039945 0.999188 2.841000 0.000000 0.000000 0.000000 1.000000
0.999897 -0.005360 -0.013323 0.000000 0.006452 0.996499 0.083355 9.341900 0.012830 -0.083433 0.996431 2.841000 0.000000 0.000000 0.000000 1.000000
0.999795 -0.006065 -0.019317 0.000000 0.008474 0.991840 0.127204 9.341900 0.018388 -0.127341 0.991688 2.841000 0.000000 0.000000 0.000000 1.000000
0.999678 -0.009313 -0.023625 0.000000 0.012889 0.987664 0.156058 9.341900 0.021881 -0.156313 0.987465 2.841000 0.000000 0.000000 0.000000 1.000000
0.999558 -0.013147 -0.026670 0.000000 0.017227 0.987126 0.159013 9.341900 0.024236 -0.159402 0.986916 2.841000 0.000000 0.000000 0.000000 1.000000
0.999477 -0.013976 -0.029145 0.000000 0.017951 0.989856 0.140936 9.341900 0.026880 -0.141385 0.989590 2.841000 0.000000 0.000000 0.000000 1.000000
0.999440 -0.010683 -0.031726 0.000000 0.014360 0.992907 0.118024 9.341900 0.030240 -0.118414 0.992504 2.841000 0.000000 0.000000 0.000000 1.000000
0.999395 -0.005975 -0.034263 0.000000 0.009535 0.994458 0.104701 9.341900 0.033447 -0.104965 0.993913 2.841000 0.000000 0.000000 0.000000 1.000000
0.999357 -0.003122 -0.035709 0.000000 0.006857 0.994455 0.104944 9.341900 0.035183 -0.105121 0.993837 2.841000 0.000000 0.000000 0.000000 1.000000
0.999377 -0.002638 -0.035195 0.000000 0.006610 0.993547 0.113225 9.341900 0.034669 -0.113387 0.992946 2.841000 0.000000 0.000000 0.000000 1.000000
0.999458 -0.002711 -0.032815 0.000000 0.006691 0.992532 0.121803 9.341900 0.032240 -0.121956 0.992012 2.841000 0.000000 0.000000 0.000000 1.000000
0.999567 -0.001772 -0.029378 0.000000 0.005492 0.991883 0.127036 9.341900 0.028914 -0.127143 0.991463 2.841000 0.000000 0.000000 0.000000 1.000000
0.999669 0.000229 -0.025708 0.000000 0.003116 0.991512 0.129982 9.341900 0.025520 -0.130019 0.991183 2.841000 0.000000 0.000000 0.000000 1.000000</float_array>
        <technique_common>
          <accessor source="#mixamorig_Head-Matrix-animation-output-transform-array" count="78" stride="16">
            <param type="float4x4"/>
          </accessor>
        </technique_common>
      </source>
      <source id="mixamorig_Head-Interpolations">
        <Name_array id="mixamorig_Head-Interpolations-array" count="78">
 LINEAR LINEAR LINEAR LINEAR LINEAR LINEAR LINEAR LINEAR LINEAR LINEAR LINEAR
LINEAR LINEAR LINEAR LINEAR LINEAR LINEAR LINEAR LINEAR LINEAR LINEAR LINEAR LINEAR
LINEAR LINEAR LINEAR LINEAR LINEAR LINEAR LINEAR LINEAR LINEAR LINEAR LINEAR LINEAR
LINEAR LINEAR LINEAR LINEAR LINEAR LINEAR LINEAR LINEAR LINEAR LINEAR LINEAR LINEAR
LINEAR LINEAR LINEAR LINEAR LINEAR LINEAR LINEAR LINEAR LINEAR LINEAR LINEAR LINEAR
LINEAR LINEAR LINEAR LINEAR LINEAR LINEAR LINEAR LINEAR LINEAR LINEAR LINEAR LINEAR
LINEAR LINEAR LINEAR LINEAR LINEAR LINEAR LINEAR</Name_array>
        <technique_common>
          <accessor source="#mixamorig_Head-Interpolations-array" count="78">
            <param type="name"/>
          </accessor>
        </technique_common>
      </source>
      <sampler id="mixamorig_Head-Matrix-animation-transform">
        <input semantic="INPUT" source="#mixamorig_Head-Matrix-animation-input"/>
        <input semantic="OUTPUT" source="#mixamorig_Head-Matrix-animation-output-transform"/>
        <input semantic="INTERPOLATION" source="#mixamorig_Head-Interpolations"/>
      </sampler>
      <channel source="#mixamorig_Head-Matrix-animation-transform" target="mixamorig_Head/matrix"/>
    </animation>
    <animation id="mixamorig_RightShoulder-anim" name="mixamorig_RightShoulder">
      <source id="mixamorig_RightShoulder-Matrix-animation-input">
        <float_array id="mixamorig_RightShoulder-Matrix-animation-input-array" count="78">

0.000000 0.033333 0.066667 0.100000 0.133333 0.166667 0.200000 0.233333 0.266667 0.300000 0.333333 0.366667 0.400000 0.433333 0.466667 0.500000
0.533333 0.566667 0.600000 0.633333 0.666667 0.700000 0.733333 0.766667 0.800000 0.833333 0.866667 0.900000 0.933333 0.966667 1.000000 1.033333
1.066667 1.100000 1.133333 1.166667 1.200000 1.233333 1.266667 1.300000 1.333333 1.366667 1.400000 1.433333 1.466667 1.500000 1.533333 1.566667
1.600000 1.633333 1.666667 1.700000 1.733333 1.766667 1.800000 1.833333 1.866667 1.900000 1.933333 1.966667 2.000000 2.033333 2.066667 2.100000
2.133333 2.166667 2.200000 2.233333 2.266667 2.300000 2.333333 2.366667 2.400000 2.433333 2.466667 2.500000 2.533333 2.566667</float_array>
        <technique_common>
          <accessor source="#mixamorig_RightShoulder-Matrix-animation-input-array" count="78">
            <param name="TIME" type="float"/>
          </accessor>
        </technique_common>
      </source>
      <source id="mixamorig_RightShoulder-Matrix-animation-output-transform">
        <float_array id="mixamorig_RightShoulder-Matrix-animation-output-transform-array" count="1248">

0.103737 -0.962834 0.249376 -4.570000 -0.191947 -0.265396 -0.944839 11.195800 0.975907 0.050148 -0.212344 -0.806600 0.000000 0.000000 0.000000 1.000000
0.033517 -0.965912 0.256692 -4.570000 -0.191166 -0.258290 -0.946964 11.195800 0.980985 -0.017331 -0.193306 -0.806600 0.000000 0.000000 0.000000 1.000000
-0.043985 -0.964544 0.260231 -4.570000 -0.189427 -0.247705 -0.950136 11.195800 0.980909 -0.091086 -0.171816 -0.806600 0.000000 0.000000 0.000000 1.000000
-0.115065 -0.959951 0.255449 -4.570000 -0.185986 -0.231790 -0.954821 11.195800 0.975792 -0.157376 -0.151866 -0.806600 0.000000 0.000000 0.000000 1.000000
-0.162048 -0.957563 0.238356 -4.570000 -0.179979 -0.208816 -0.961251 11.195800 0.970231 -0.198668 -0.138503 -0.806600 0.000000 0.000000 0.000000 1.000000
-0.177277 -0.961984 0.207749 -4.570000 -0.171670 -0.177630 -0.969008 11.195800 0.969073 -0.207447 -0.133654 -0.806600 0.000000 0.000000 0.000000 1.000000
-0.172088 -0.970907 0.166509 -4.570000 -0.162713 -0.138692 -0.976877 11.195800 0.971550 -0.195202 -0.134112 -0.806600 0.000000 0.000000 0.000000 1.000000
-0.166152 -0.978572 0.121620 -4.570000 -0.154208 -0.096032 -0.983360 11.195800 0.973968 -0.182142 -0.134948 -0.806600 0.000000 0.000000 0.000000 1.000000
-0.170001 -0.982095 0.081172 -4.570000 -0.145872 -0.056384 -0.987695 11.195800 0.974588 -0.179749 -0.133675 -0.806600 0.000000 0.000000 0.000000 1.000000
-0.181022 -0.982176 0.050613 -4.570000 -0.137638 -0.025656 -0.990150 11.195800 0.973800 -0.186205 -0.130541 -0.806600 0.000000 0.000000 0.000000 1.000000
-0.191601 -0.980571 0.042073 -4.570000 -0.131294 -0.016874 -0.991200 11.195800 0.972652 -0.195439 -0.125510 -0.806600 0.000000 0.000000 0.000000 1.000000
-0.197120 -0.980196 0.018984 -4.570000 -0.126783 0.006285 -0.991911 11.195800 0.972147 -0.197932 -0.125511 -0.806600 0.000000 0.000000 0.000000 1.000000
-0.198210 -0.980001 0.017623 -4.570000 -0.128150 0.008085 -0.991722 11.195800 0.971746 -0.198828 -0.127190 -0.806600 0.000000 0.000000 0.000000 1.000000
-0.198005 -0.979432 0.038824 -4.570000 -0.136420 -0.011687 -0.990582 11.195800 0.970661 -0.201436 -0.131300 -0.806600 0.000000 0.000000 0.000000 1.000000
-0.197918 -0.975746 0.093529 -4.570000 -0.151156 -0.063894 -0.986443 11.195800 0.968494 -0.209372 -0.134844 -0.806600 0.000000 0.000000 0.000000 1.000000
-0.196936 -0.967045 0.161368 -4.570000 -0.167857 -0.128903 -0.977347 11.195800 0.965940 -0.219562 -0.136940 -0.806600 0.000000 0.000000 0.000000 1.000000
-0.194357 -0.957672 0.212342 -4.570000 -0.180499 -0.177859 -0.967361 11.195800 0.964181 -0.226341 -0.138291 -0.806600 0.000000 0.000000 0.000000 1.000000
-0.190233 -0.954931 0.227854 -4.570000 -0.185193 -0.193020 -0.963559 11.195800 0.964113 -0.225498 -0.140128 -0.806600 0.000000 0.000000 0.000000 1.000000
-0.183974 -0.961190 0.205588 -4.570000 -0.181445 -0.172354 -0.968180 11.195800 0.966039 -0.215423 -0.142695 -0.806600 0.000000 0.000000 0.000000 1.000000
-0.173786 -0.973086 0.151333 -4.570000 -0.170911 -0.121537 -0.977762 11.195800 0.969839 -0.195785 -0.145190 -0.806600 0.000000 0.000000 0.000000 1.000000
-0.156684 -0.984454 0.079373 -4.570000 -0.157582 -0.054417 -0.986005 11.195800 0.974997 -0.166999 -0.146606 -0.806600 0.000000 0.000000 0.000000 1.000000
-0.132288 -0.991124 0.013177 -4.570000 -0.146914 0.006458 -0.989128 11.195800 0.980263 -0.132785 -0.146464 -0.806600 0.000000 0.000000 0.000000 1.000000
-0.106427 -0.993900 -0.028908 -4.570000 -0.141169 0.043882 -0.989012 11.195800 0.984248 -0.101176 -0.144978 -0.806600 0.000000 0.000000 0.000000 1.000000
-0.087851 -0.995248 -0.041997 -4.570000 -0.138083 0.053920 -0.988952 11.195800 0.986517 -0.081081 -0.142164 -0.806600 0.000000 0.000000 0.000000 1.000000
-0.082480 -0.994905 -0.057967 -4.570000 -0.135239 0.068801 -0.988421 11.195800 0.987374 -0.073686 -0.140224 -0.806600 0.000000 0.000000 0.000000 1.000000
-0.089698 -0.993757 -0.066343 -4.570000 -0.132775 0.077948 -0.988076 11.195800 0.987079 -0.079820 -0.138938 -0.806600 0.000000 0.000000 0.000000 1.000000
-0.103233 -0.992404 -0.066918 -4.570000 -0.131803 0.080333 -0.988016 11.195800 0.985886 -0.093176 -0.139094 -0.806600 0.000000 0.000000 0.000000 1.000000
-0.114656 -0.991450 -0.062294 -4.570000 -0.132373 0.077396 -0.988174 11.195800 0.984546 -0.105054 -0.140115 -0.806600 0.000000 0.000000 0.000000 1.000000
-0.118943 -0.990890 -0.063170 -4.570000 -0.132519 0.078896 -0.988036 11.195800 0.984018 -0.109149 -0.140695 -0.806600 0.000000 0.000000 0.000000 1.000000
-0.117707 -0.988941 -0.090228 -4.570000 -0.130181 0.105443 -0.985867 11.195800 0.984478 -0.104298 -0.141153 -0.806600 0.000000 0.000000 0.000000 1.000000
-0.115843 -0.981085 -0.155092 -4.570000 -0.125788 0.169376 -0.977491 11.195800 0.985270 -0.093727 -0.143030 -0.806600 0.000000 0.000000 0.000000 1.000000
-0.116251 -0.965091 -0.234703 -4.570000 -0.121489 0.248348 -0.961022 11.195800 0.985762 -0.083206 -0.146119 -0.806600 0.000000 0.000000 0.000000 1.000000
-0.119544 -0.951878 -0.282203 -4.570000 -0.119481 0.295968 -0.947696 11.195800 0.985613 -0.079573 -0.149113 -0.806600 0.000000 0.000000 0.000000 1.000000
-0.125844 -0.949911 -0.286063 -4.570000 -0.120634 0.300869 -0.946005 11.195800 0.984688 -0.084540 -0.152454 -0.806600 0.000000 0.000000 0.000000 1.000000
-0.136176 -0.962219 -0.235775 -4.570000 -0.124686 0.252746 -0.959465 11.195800 0.982807 -0.101258 -0.154394 -0.806600 0.000000 0.000000 0.000000 1.000000
-0.149650 -0.981036 -0.123182 -4.570000 -0.131642 0.143245 -0.980893 11.195800 0.979936 -0.130575 -0.150582 -0.806600 0.000000 0.000000 0.000000 1.000000
-0.160823 -0.986806 -0.018709 -4.570000 -0.139722 0.041527 -0.989320 11.195800 0.977043 -0.156492 -0.144557 -0.806600 0.000000 0.000000 0.000000 1.000000
-0.165561 -0.986132 0.011529 -4.570000 -0.145653 0.012888 -0.989252 11.195800 0.975384 -0.165461 -0.145767 -0.806600 0.000000 0.000000 0.000000 1.000000
-0.167475 -0.985241 0.035395 -4.570000 -0.150276 -0.009971 -0.988594 11.195800 0.974356 -0.170884 -0.146389 -0.806600 0.000000 0.000000 0.000000 1.000000
-0.180962 -0.982779 0.037381 -4.570000 -0.150075 -0.009969 -0.988624 11.195800 0.971972 -0.184514 -0.145686 -0.806600 0.000000 0.000000 0.000000 1.000000
-0.212532 -0.977123 0.007816 -4.570000 -0.141701 0.022905 -0.989645 11.195800 0.966825 -0.211438 -0.143327 -0.806600 0.000000 0.000000 0.000000 1.000000
-0.242864 -0.969709 -0.026100 -4.570000 -0.128294 0.058777 -0.989993 11.195800 0.961539 -0.237086 -0.138683 -0.806600 0.000000 0.000000 0.000000 1.000000
-0.246101 -0.968154 -0.045953 -4.570000 -0.119151 0.077271 -0.989865 11.195800 0.961893 -0.238131 -0.134373 -0.806600 0.000000 0.000000 0.000000 1.000000
-0.226516 -0.972464 -0.054807 -4.570000 -0.115243 0.082633 -0.989894 11.195800 0.967166 -0.217911 -0.130787 -0.806600 0.000000 0.000000 0.000000 1.000000
-0.217855 -0.973943 -0.063040 -4.570000 -0.109287 0.088529 -0.990060 11.195800 0.969843 -0.208800 -0.125725 -0.806600 0.000000 0.000000 0.000000 1.000000
-0.235536 -0.969413 -0.069003 -4.570000 -0.100996 0.095031 -0.990338 11.195800 0.966604 -0.226291 -0.120290 -0.806600 0.000000 0.000000 0.000000 1.000000
-0.252529 -0.965599 -0.062033 -4.570000 -0.100627 0.089971 -0.990848 11.195800 0.962343 -0.243975 -0.119886 -0.806600 0.000000 0.000000 0.000000 1.000000
-0.240057 -0.970145 -0.034504 -4.570000 -0.115507 0.063836 -0.991253 11.195800 0.963862 -0.233972 -0.127383 -0.806600 0.000000 0.000000 0.000000 1.000000
-0.205619 -0.978327 0.024430 -4.570000 -0.138218 0.004318 -0.990392 11.195800 0.968822 -0.207020 -0.136110 -0.806600 0.000000 0.000000 0.000000 1.000000
-0.176737 -0.980282 0.088380 -4.570000 -0.155366 -0.060883 -0.985979 11.195800 0.971918 -0.187990 -0.141543 -0.806600 0.000000 0.000000 0.000000 1.000000
-0.166838 -0.976280 0.137994 -4.570000 -0.165033 -0.110331 -0.980098 11.195800 0.972075 -0.186291 -0.142711 -0.806600 0.000000 0.000000 0.000000 1.000000
-0.168447 -0.971004 0.169636 -4.570000 -0.170602 -0.140779 -0.975232 11.195800 0.970835 -0.193215 -0.141941 -0.806600 0.000000 0.000000 0.000000 1.000000
-0.170969 -0.966791 0.189958 -4.570000 -0.174151 -0.160109 -0.971616 11.195800 0.969763 -0.199198 -0.140994 -0.806600 0.000000 0.000000 0.000000 1.000000
-0.171068 -0.963964 0.203737 -4.570000 -0.176261 -0.173507 -0.968931 11.195800 0.969364 -0.201665 -0.140228 -0.806600 0.000000 0.000000 0.000000 1.000000
-0.169988 -0.962290 0.212371 -4.570000 -0.177183 -0.182150 -0.967175 11.195800 0.969387 -0.202037 -0.139538 -0.806600 0.000000 0.000000 0.000000 1.000000
-0.169430 -0.961193 0.217717 -4.570000 -0.177455 -0.187547 -0.966093 11.195800 0.969435 -0.202320 -0.138792 -0.806600 0.000000 0.000000 0.000000 1.000000
-0.170769 -0.959979 0.221987 -4.570000 -0.177574 -0.191622 -0.965271 11.195800 0.969178 -0.204257 -0.137744 -0.806600 0.000000 0.000000 0.000000 1.000000
-0.174869 -0.958321 0.225923 -4.570000 -0.177663 -0.194980 -0.964582 11.195800 0.968430 -0.208813 -0.136163 -0.806600 0.000000 0.000000 0.000000 1.000000
-0.181303 -0.956320 0.229307 -4.570000 -0.177688 -0.197478 -0.964069 11.195800 0.967241 -0.215534 -0.134123 -0.806600 0.000000 0.000000 0.000000 1.000000
-0.188868 -0.954197 0.232027 -4.570000 -0.177658 -0.199179 -0.963725 11.195800 0.965798 -0.223238 -0.131902 -0.806600 0.000000 0.000000 0.000000 1.000000
-0.197274 -0.952156 0.233412 -4.570000 -0.177414 -0.199486 -0.963706 11.195800 0.964161 -0.231525 -0.129572 -0.806600 0.000000 0.000000 0.000000 1.000000
-0.206572 -0.950621 0.231619 -4.570000 -0.176523 -0.196631 -0.964456 11.195800 0.962376 -0.240116 -0.127188 -0.806600 0.000000 0.000000 0.000000 1.000000
-0.213547 -0.950638 0.225132 -4.570000 -0.174784 -0.189552 -0.966189 11.195800 0.961170 -0.245676 -0.125678 -0.806600 0.000000 0.000000 0.000000 1.000000
-0.210954 -0.953582 0.214896 -4.570000 -0.172955 -0.179963 -0.968349 11.195800 0.962073 -0.241444 -0.126963 -0.806600 0.000000 0.000000 0.000000 1.000000
-0.193479 -0.959580 0.204383 -4.570000 -0.172613 -0.171776 -0.969896 11.195800 0.965801 -0.222933 -0.132401 -0.806600 0.000000 0.000000 0.000000 1.000000
-0.163136 -0.966573 0.197794 -4.570000 -0.174840 -0.168983 -0.969987 11.195800 0.970988 -0.192822 -0.141429 -0.806600 0.000000 0.000000 0.000000 1.000000
-0.126584 -0.971896 0.198479 -4.570000 -0.179287 -0.174377 -0.968219 11.195800 0.975619 -0.158146 -0.152175 -0.806600 0.000000 0.000000 0.000000 1.000000
-0.088058 -0.974266 0.207490 -4.570000 -0.184591 -0.188731 -0.964524 11.195800 0.978862 -0.123235 -0.163222 -0.806600 0.000000 0.000000 0.000000 1.000000
-0.046481 -0.973945 0.221970 -4.570000 -0.189189 -0.209605 -0.959309 11.195800 0.980840 -0.086584 -0.174517 -0.806600 0.000000 0.000000 0.000000 1.000000
-0.000293 -0.971887 0.235447 -4.570000 -0.191907 -0.231016 -0.953836 11.195800 0.981413 -0.045463 -0.186444 -0.806600 0.000000 0.000000 0.000000 1.000000
0.045825 -0.969165 0.242116 -4.570000 -0.192750 -0.246394 -0.949809 11.195800 0.980177 -0.003143 -0.198097 -0.806600 0.000000 0.000000 0.000000 1.000000
0.081602 -0.966840 0.241995 -4.570000 -0.192843 -0.253533 -0.947910 11.195800 0.977831 0.030684 -0.207137 -0.806600 0.000000 0.000000 0.000000 1.000000
0.099836 -0.965535 0.240366 -4.570000 -0.192906 -0.255772 -0.947295 11.195800 0.976125 0.048207 -0.211793 -0.806600 0.000000 0.000000 0.000000 1.000000
0.103268 -0.964850 0.241661 -4.570000 -0.192796 -0.257769 -0.946776 11.195800 0.975790 0.051180 -0.212639 -0.806600 0.000000 0.000000 0.000000 1.000000
0.101261 -0.964065 0.245612 -4.570000 -0.192441 -0.261199 -0.945908 11.195800 0.976070 0.048518 -0.211975 -0.806600 0.000000 0.000000 0.000000 1.000000
0.100599 -0.963195 0.249270 -4.570000 -0.192066 -0.264629 -0.945030 11.195800 0.976212 0.047193 -0.211618 -0.806600 0.000000 0.000000 0.000000 1.000000
0.101942 -0.962684 0.250695 -4.570000 -0.191869 -0.266303 -0.944600 11.195800 0.976112 0.048194 -0.211857 -0.806600 0.000000 0.000000 0.000000 1.000000
0.103458 -0.962665 0.250145 -4.570000 -0.191876 -0.266087 -0.944659 11.195800 0.975951 0.049736 -0.212242 -0.806600 0.000000 0.000000 0.000000 1.000000</float_array>
        <technique_common>
          <accessor source="#mixamorig_RightShoulder-Matrix-animation-output-transform-array" count="78" stride="16">
            <param type="float4x4"/>
          </accessor>
        </technique_common>
      </source>
      <source id="mixamorig_RightShoulder-Interpolations">
        <Name_array id="mixamorig_RightShoulder-Interpolations-array" count="78">
 LINEAR LINEAR LINEAR LINEAR LINEAR LINEAR LINEAR LINEAR LINEAR LINEAR LINEAR
LINEAR LINEAR LINEAR LINEAR LINEAR LINEAR LINEAR LINEAR LINEAR LINEAR LINEAR LINEAR
LINEAR LINEAR LINEAR LINEAR LINEAR LINEAR LINEAR LINEAR LINEAR LINEAR LINEAR LINEAR
LINEAR LINEAR LINEAR LINEAR LINEAR LINEAR LINEAR LINEAR LINEAR LINEAR LINEAR LINEAR
LINEAR LINEAR LINEAR LINEAR LINEAR LINEAR LINEAR LINEAR LINEAR LINEAR LINEAR LINEAR
LINEAR LINEAR LINEAR LINEAR LINEAR LINEAR LINEAR LINEAR LINEAR LINEAR LINEAR LINEAR
LINEAR LINEAR LINEAR LINEAR LINEAR LINEAR LINEAR</Name_array>
        <technique_common>
          <accessor source="#mixamorig_RightShoulder-Interpolations-array" count="78">
            <param type="name"/>
          </accessor>
        </technique_common>
      </source>
      <sampler id="mixamorig_RightShoulder-Matrix-animation-transform">
        <input semantic="INPUT" source="#mixamorig_RightShoulder-Matrix-animation-input"/>
        <input semantic="OUTPUT" source="#mixamorig_RightShoulder-Matrix-animation-output-transform"/>
        <input semantic="INTERPOLATION" source="#mixamorig_RightShoulder-Interpolations"/>
      </sampler>
      <channel source="#mixamorig_RightShoulder-Matrix-animation-transform" target="mixamorig_RightShoulder/matrix"/>
    </animation>
    <animation id="mixamorig_RightArm-anim" name="mixamorig_RightArm">
      <source id="mixamorig_RightArm-Matrix-animation-input">
        <float_array id="mixamorig_RightArm-Matrix-animation-input-array" count="78">

0.000000 0.033333 0.066667 0.100000 0.133333 0.166667 0.200000 0.233333 0.266667 0.300000 0.333333 0.366667 0.400000 0.433333 0.466667 0.500000
0.533333 0.566667 0.600000 0.633333 0.666667 0.700000 0.733333 0.766667 0.800000 0.833333 0.866667 0.900000 0.933333 0.966667 1.000000 1.033333
1.066667 1.100000 1.133333 1.166667 1.200000 1.233333 1.266667 1.300000 1.333333 1.366667 1.400000 1.433333 1.466667 1.500000 1.533333 1.566667
1.600000 1.633333 1.666667 1.700000 1.733333 1.766667 1.800000 1.833333 1.866667 1.900000 1.933333 1.966667 2.000000 2.033333 2.066667 2.100000
2.133333 2.166667 2.200000 2.233333 2.266667 2.300000 2.333333 2.366667 2.400000 2.433333 2.466667 2.500000 2.533333 2.566667</float_array>
        <technique_common>
          <accessor source="#mixamorig_RightArm-Matrix-animation-input-array" count="78">
            <param name="TIME" type="float"/>
          </accessor>
        </technique_common>
      </source>
      <source id="mixamorig_RightArm-Matrix-animation-output-transform">
        <float_array id="mixamorig_RightArm-Matrix-animation-output-transform-array" count="1248">

0.847802 0.129181 -0.514338 0.000000 -0.524088 0.352265 -0.775397 10.838200 0.081017 0.926942 0.366353 0.000000 0.000000 0.000000 0.000000 1.000000
0.851786 0.152073 -0.501333 -0.000000 -0.519729 0.365652 -0.772127 10.838200 0.065894 0.918244 0.390494 0.000000 0.000000 0.000000 0.000000 1.000000
0.861095 0.189822 -0.471681 -0.000000 -0.507460 0.378545 -0.774072 10.838200 0.031617 0.905909 0.422290 0.000000 0.000000 0.000000 0.000000 1.000000
0.878492 0.209191 -0.429524 0.000000 -0.477488 0.414609 -0.774664 10.838200 0.016032 0.885629 0.464117 -0.000000 0.000000 0.000000 0.000000 1.000000
0.901335 0.201004 -0.383658 0.000000 -0.432503 0.465101 -0.772414 10.838200 0.023181 0.862136 0.506146 0.000000 0.000000 0.000000 0.000000 1.000000
0.923560 0.159029 -0.348923 -0.000000 -0.379445 0.510277 -0.771777 10.838200 0.055313 0.845179 0.531614 -0.000000 0.000000 0.000000 0.000000 1.000000
0.938159 0.090030 -0.334295 0.000000 -0.327884 0.541013 -0.774466 10.838200 0.111133 0.836181 0.537076 0.000000 0.000000 0.000000 0.000000 1.000000
0.945964 -0.011364 -0.324073 0.000000 -0.259309 0.573569 -0.777031 10.838200 0.194708 0.819078 0.539629 0.000000 0.000000 0.000000 0.000000 1.000000
0.941985 -0.172387 -0.288007 -0.000000 -0.122630 0.621978 -0.773372 10.838200 0.312453 0.763823 0.564754 -0.000000 0.000000 0.000000 0.000000 1.000000
0.903685 -0.362148 -0.228477 0.000000 0.071299 0.653393 -0.753653 10.838200 0.422219 0.664775 0.616283 0.000000 0.000000 0.000000 0.000000 1.000000
0.829777 -0.528041 -0.180675 0.000000 0.255286 0.647000 -0.718485 10.838200 0.496286 0.550058 0.671667 0.000000 0.000000 0.000000 0.000000 1.000000
0.747671 -0.646485 -0.151806 0.000000 0.356951 0.584014 -0.729050 10.838200 0.559977 0.490902 0.667414 0.000000 0.000000 0.000000 0.000000 1.000000
0.704867 -0.698960 -0.120903 0.000000 0.385240 0.520326 -0.762136 10.838200 0.595611 0.490628 0.636028 -0.000000 0.000000 0.000000 0.000000 1.000000
0.760272 -0.644399 -0.082079 -0.000000 0.337966 0.500278 -0.797183 10.838200 0.554766 0.578336 0.598132 0.000000 0.000000 0.000000 0.000000 1.000000
0.883900 -0.465559 -0.044442 0.000000 0.237121 0.528035 -0.815447 10.838200 0.403106 0.710235 0.577124 0.000000 0.000000 0.000000 0.000000 1.000000
0.980927 -0.194374 0.000807 0.000000 0.106572 0.534344 -0.838522 10.838200 0.162555 0.822615 0.544868 0.000000 0.000000 0.000000 0.000000 1.000000
0.974559 0.223708 0.013788 -0.000000 -0.095930 0.471921 -0.876407 10.838200 -0.202566 0.852787 0.481375 0.000000 0.000000 0.000000 0.000000 1.000000
0.937171 0.346369 -0.041713 0.000000 -0.182524 0.384900 -0.904730 10.838200 -0.297315 0.855500 0.423938 0.000000 0.000000 0.000000 0.000000 1.000000
0.938105 0.318269 -0.136618 0.000000 -0.255497 0.369600 -0.893374 10.838200 -0.233839 0.872984 0.428040 0.000000 0.000000 0.000000 0.000000 1.000000
0.895978 0.386046 -0.219524 0.000000 -0.380917 0.413927 -0.826781 10.838200 -0.228309 0.824398 0.517922 0.000000 0.000000 0.000000 0.000000 1.000000
0.848747 0.474047 -0.234324 -0.000000 -0.479421 0.502844 -0.719238 10.838200 -0.223125 0.722791 0.654055 -0.000000 0.000000 0.000000 0.000000 1.000000
0.841909 0.508378 -0.180945 0.000000 -0.503349 0.618994 -0.602898 10.838200 -0.194496 0.598664 0.777028 0.000000 0.000000 0.000000 0.000000 1.000000
0.874804 0.466571 -0.130500 0.000000 -0.465362 0.734312 -0.494191 10.838200 -0.134748 0.493050 0.859503 0.000000 0.000000 0.000000 0.000000 1.000000
0.923971 0.362190 -0.122864 -0.000000 -0.380584 0.838907 -0.389089 10.838200 -0.037853 0.406267 0.912970 -0.000000 0.000000 0.000000 0.000000 1.000000
0.964962 0.231279 -0.123926 0.000000 -0.259037 0.914936 -0.309502 10.838200 0.041803 0.330759 0.942789 0.000000 0.000000 0.000000 0.000000 1.000000
0.984313 0.135387 -0.113133 0.000000 -0.162876 0.943778 -0.287672 10.838200 0.067825 0.301586 0.951023 0.000000 0.000000 0.000000 0.000000 1.000000
0.993406 0.109546 -0.033834 -0.000000 -0.114571 0.937410 -0.328840 10.838200 -0.004306 0.330548 0.943779 -0.000000 0.000000 0.000000 0.000000 1.000000
0.980817 0.141800 0.133759 0.000000 -0.081607 0.921846 -0.378866 10.838200 -0.177029 0.360682 0.915734 0.000000 0.000000 0.000000 0.000000 1.000000
0.922279 0.216658 0.320096 -0.000000 -0.077313 0.914804 -0.396429 10.838200 -0.378715 0.340870 0.860455 0.000000 0.000000 0.000000 0.000000 1.000000
0.837177 0.289315 0.464146 0.000000 -0.120840 0.925507 -0.358937 10.838200 -0.533416 0.244406 0.809773 0.000000 0.000000 0.000000 0.000000 1.000000
0.770677 0.324504 0.548411 0.000000 -0.193447 0.939149 -0.283861 10.838200 -0.607154 0.112677 0.786555 0.000000 0.000000 0.000000 0.000000 1.000000
0.741924 0.313435 0.592713 0.000000 -0.241320 0.949594 -0.200089 10.838200 -0.625551 0.005417 0.780164 0.000000 0.000000 0.000000 0.000000 1.000000
0.733250 0.274327 0.622165 0.000000 -0.243740 0.960239 -0.136133 10.838200 -0.634772 -0.051826 0.770959 -0.000000 0.000000 0.000000 0.000000 1.000000
0.733709 0.205395 0.647676 0.000000 -0.167389 0.978477 -0.120677 10.838200 -0.658523 -0.019872 0.752298 0.000000 0.000000 0.000000 0.000000 1.000000
0.732511 0.160886 0.661470 0.000000 -0.089241 0.985981 -0.140991 10.838200 -0.674880 0.044247 0.736599 0.000000 0.000000 0.000000 0.000000 1.000000
0.734602 0.198460 0.648825 0.000000 -0.106018 0.978094 -0.179141 10.838200 -0.670164 0.062810 0.739550 0.000000 0.000000 0.000000 0.000000 1.000000
0.742999 0.289377 0.603501 0.000000 -0.147584 0.950341 -0.273990 10.838200 -0.652818 0.114507 0.748810 0.000000 0.000000 0.000000 0.000000 1.000000
0.755918 0.360684 0.546347 0.000000 -0.114349 0.894457 -0.432286 10.838200 -0.644603 0.264299 0.717380 0.000000 0.000000 0.000000 0.000000 1.000000
0.775953 0.349988 0.524791 -0.000000 -0.026670 0.849416 -0.527049 10.838200 -0.630227 0.394969 0.668441 -0.000000 0.000000 0.000000 0.000000 1.000000
0.811978 0.252181 0.526399 0.000000 0.097923 0.830214 -0.548776 10.838200 -0.575415 0.497141 0.649422 0.000000 0.000000 0.000000 0.000000 1.000000
0.840507 0.110736 0.530363 -0.000000 0.223764 0.820557 -0.525943 10.838200 -0.493434 0.560736 0.664905 0.000000 0.000000 0.000000 0.000000 1.000000
0.812048 -0.004337 0.583574 0.000000 0.321968 0.837348 -0.441797 10.838200 -0.486739 0.546653 0.681364 -0.000000 0.000000 0.000000 0.000000 1.000000
0.699390 -0.072011 0.711104 -0.000000 0.395328 0.867846 -0.300931 10.838200 -0.595458 0.491587 0.635430 0.000000 0.000000 0.000000 0.000000 1.000000
0.535119 -0.121454 0.836000 0.000000 0.429241 0.891434 -0.145248 10.838200 -0.727599 0.436570 0.529156 -0.000000 0.000000 0.000000 0.000000 1.000000
0.455878 -0.161174 0.875327 0.000000 0.424231 0.903912 -0.054506 10.838200 -0.782434 0.396189 0.480449 0.000000 0.000000 0.000000 0.000000 1.000000
0.548591 -0.146083 0.823230 0.000000 0.404026 0.908344 -0.108052 10.838200 -0.731991 0.391882 0.557331 0.000000 0.000000 0.000000 0.000000 1.000000
0.715411 -0.031612 0.697988 0.000000 0.302689 0.914390 -0.268832 10.838200 -0.629735 0.403599 0.663733 0.000000 0.000000 0.000000 0.000000 1.000000
0.813172 0.172146 0.555983 0.000000 0.125586 0.880860 -0.456415 10.838200 -0.568313 0.440967 0.694672 0.000000 0.000000 0.000000 0.000000 1.000000
0.804666 0.412120 0.427399 -0.000000 -0.065148 0.776797 -0.626372 10.838200 -0.590143 0.476176 0.651911 0.000000 0.000000 0.000000 0.000000 1.000000
0.732601 0.608985 0.304029 0.000000 -0.206170 0.624222 -0.753552 10.838200 -0.648684 0.489371 0.582860 0.000000 0.000000 0.000000 0.000000 1.000000
0.651231 0.733297 0.195381 0.000000 -0.299012 0.484579 -0.822055 10.838200 -0.697488 0.476927 0.534837 0.000000 0.000000 0.000000 0.000000 1.000000
0.583864 0.804024 0.112466 -0.000000 -0.369987 0.386828 -0.844674 10.838200 -0.722642 0.451564 0.523334 0.000000 0.000000 0.000000 0.000000 1.000000
0.534041 0.843927 0.050875 0.000000 -0.425583 0.320331 -0.846326 10.838200 -0.730534 0.430321 0.530230 0.000000 0.000000 0.000000 0.000000 1.000000
0.493645 0.869639 0.006528 0.000000 -0.460250 0.267612 -0.846495 10.838200 -0.737892 0.414864 0.532357 -0.000000 0.000000 0.000000 0.000000 1.000000
0.585595 0.810367 -0.019614 0.000000 -0.435767 0.294310 -0.850581 10.838200 -0.683510 0.506643 0.525478 0.000000 0.000000 0.000000 0.000000 1.000000
0.687931 0.725265 -0.027219 0.000000 -0.392556 0.340281 -0.854464 10.838200 -0.610451 0.598498 0.518797 0.000000 0.000000 0.000000 0.000000 1.000000
0.773299 0.633671 -0.021653 0.000000 -0.343081 0.389471 -0.854756 10.838200 -0.533201 0.668411 0.518578 0.000000 0.000000 0.000000 0.000000 1.000000
0.833250 0.552773 -0.011662 0.000000 -0.296683 0.429224 -0.853080 10.838200 -0.466554 0.714289 0.521649 -0.000000 0.000000 0.000000 0.000000 1.000000
0.882459 0.470386 -0.001694 0.000000 -0.246936 0.460188 -0.852789 10.838200 -0.400360 0.752970 0.522252 -0.000000 0.000000 0.000000 0.000000 1.000000
0.931136 0.364530 0.010129 0.000000 -0.181750 0.487976 -0.853725 10.838200 -0.316151 0.793093 0.520626 0.000000 0.000000 0.000000 0.000000 1.000000
0.968177 0.248829 0.026773 -0.000000 -0.107636 0.510590 -0.853060 10.838200 -0.225936 0.823032 0.521125 0.000000 0.000000 0.000000 0.000000 1.000000
0.989309 0.138636 0.045264 0.000000 -0.034915 0.526498 -0.849459 10.838200 -0.141597 0.838797 0.525709 0.000000 0.000000 0.000000 0.000000 1.000000
0.998118 0.029554 0.053730 -0.000000 0.029629 0.534710 -0.844516 10.838200 -0.053688 0.844518 0.532828 -0.000000 0.000000 0.000000 0.000000 1.000000
0.996347 -0.076556 0.037840 0.000000 0.073032 0.534200 -0.842198 10.838200 0.044261 0.841884 0.537840 0.000000 0.000000 0.000000 0.000000 1.000000
0.985898 -0.167263 -0.005287 0.000000 0.084551 0.525134 -0.846809 10.838200 0.144416 0.834420 0.531871 0.000000 0.000000 0.000000 0.000000 1.000000
0.970897 -0.231761 -0.060385 0.000000 0.067947 0.508321 -0.858483 10.838200 0.229658 0.829395 0.509275 0.000000 0.000000 0.000000 0.000000 1.000000
0.961159 -0.253550 -0.109021 0.000000 0.029991 0.488624 -0.871979 10.838200 0.274360 0.834841 0.477249 -0.000000 0.000000 0.000000 0.000000 1.000000
0.964160 -0.219184 -0.149511 0.000000 -0.028943 0.473258 -0.880448 10.838200 0.263738 0.853220 0.449953 -0.000000 0.000000 0.000000 0.000000 1.000000
0.969996 -0.144427 -0.195575 0.000000 -0.107969 0.464854 -0.878780 10.838200 0.217833 0.873528 0.435312 0.000000 0.000000 0.000000 0.000000 1.000000
0.964109 -0.055554 -0.259628 0.000000 -0.206525 0.457612 -0.864835 10.838200 0.166854 0.887415 0.429714 -0.000000 0.000000 0.000000 0.000000 1.000000
0.940944 0.025532 -0.337597 0.000000 -0.313404 0.442881 -0.840020 10.838200 0.128068 0.896217 0.424728 -0.000000 0.000000 0.000000 0.000000 1.000000
0.908438 0.085353 -0.409213 0.000000 -0.405321 0.419310 -0.812339 10.838200 0.102251 0.903822 0.415513 -0.000000 0.000000 0.000000 0.000000 1.000000
0.885178 0.091643 -0.456138 0.000000 -0.450932 0.410370 -0.792627 10.838200 0.114547 0.907302 0.404575 0.000000 0.000000 0.000000 0.000000 1.000000
0.874244 0.091115 -0.476861 0.000000 -0.470208 0.403393 -0.784970 10.838200 0.120840 0.910479 0.395507 -0.000000 0.000000 0.000000 0.000000 1.000000
0.868116 0.109676 -0.484092 0.000000 -0.485973 0.386291 -0.783971 10.838200 0.101018 0.915833 0.388645 0.000000 0.000000 0.000000 0.000000 1.000000
0.861310 0.131602 -0.490740 0.000000 -0.502086 0.368379 -0.782436 10.838200 0.077808 0.920314 0.383364 0.000000 0.000000 0.000000 0.000000 1.000000
0.854767 0.137229 -0.500541 0.000000 -0.513828 0.359713 -0.778837 10.838200 0.073172 0.922916 0.377983 -0.000000 0.000000 0.000000 0.000000 1.000000
0.849207 0.134425 -0.510664 0.000000 -0.522479 0.354116 -0.775640 10.838200 0.076569 0.925490 0.370951 -0.000000 0.000000 0.000000 0.000000 1.000000</float_array>
        <technique_common>
          <accessor source="#mixamorig_RightArm-Matrix-animation-output-transform-array" count="78" stride="16">
            <param type="float4x4"/>
          </accessor>
        </technique_common>
      </source>
      <source id="mixamorig_RightArm-Interpolations">
        <Name_array id="mixamorig_RightArm-Interpolations-array" count="78">
 LINEAR LINEAR LINEAR LINEAR LINEAR LINEAR LINEAR LINEAR LINEAR LINEAR LINEAR
LINEAR LINEAR LINEAR LINEAR LINEAR LINEAR LINEAR LINEAR LINEAR LINEAR LINEAR LINEAR
LINEAR LINEAR LINEAR LINEAR LINEAR LINEAR LINEAR LINEAR LINEAR LINEAR LINEAR LINEAR
LINEAR LINEAR LINEAR LINEAR LINEAR LINEAR LINEAR LINEAR LINEAR LINEAR LINEAR LINEAR
LINEAR LINEAR LINEAR LINEAR LINEAR LINEAR LINEAR LINEAR LINEAR LINEAR LINEAR LINEAR
LINEAR LINEAR LINEAR LINEAR LINEAR LINEAR LINEAR LINEAR LINEAR LINEAR LINEAR LINEAR
LINEAR LINEAR LINEAR LINEAR LINEAR LINEAR LINEAR</Name_array>
        <technique_common>
          <accessor source="#mixamorig_RightArm-Interpolations-array" count="78">
            <param type="name"/>
          </accessor>
        </technique_common>
      </source>
      <sampler id="mixamorig_RightArm-Matrix-animation-transform">
        <input semantic="INPUT" source="#mixamorig_RightArm-Matrix-animation-input"/>
        <input semantic="OUTPUT" source="#mixamorig_RightArm-Matrix-animation-output-transform"/>
        <input semantic="INTERPOLATION" source="#mixamorig_RightArm-Interpolations"/>
      </sampler>
      <channel source="#mixamorig_RightArm-Matrix-animation-transform" target="mixamorig_RightArm/matrix"/>
    </animation>
    <animation id="mixamorig_RightForeArm-anim" name="mixamorig_RightForeArm">
      <source id="mixamorig_RightForeArm-Matrix-animation-input">
        <float_array id="mixamorig_RightForeArm-Matrix-animation-input-array" count="78">

0.000000 0.033333 0.066667 0.100000 0.133333 0.166667 0.200000 0.233333 0.266667 0.300000 0.333333 0.366667 0.400000 0.433333 0.466667 0.500000
0.533333 0.566667 0.600000 0.633333 0.666667 0.700000 0.733333 0.766667 0.800000 0.833333 0.866667 0.900000 0.933333 0.966667 1.000000 1.033333
1.066667 1.100000 1.133333 1.166667 1.200000 1.233333 1.266667 1.300000 1.333333 1.366667 1.400000 1.433333 1.466667 1.500000 1.533333 1.566667
1.600000 1.633333 1.666667 1.700000 1.733333 1.766667 1.800000 1.833333 1.866667 1.900000 1.933333 1.966667 2.000000 2.033333 2.066667 2.100000
2.133333 2.166667 2.200000 2.233333 2.266667 2.300000 2.333333 2.366667 2.400000 2.433333 2.466667 2.500000 2.533333 2.566667</float_array>
        <technique_common>
          <accessor source="#mixamorig_RightForeArm-Matrix-animation-input-array" count="78">
            <param name="TIME" type="float"/>
          </accessor>
        </technique_common>
      </source>
      <source id="mixamorig_RightForeArm-Matrix-animation-output-transform">
        <float_array id="mixamorig_RightForeArm-Matrix-animation-output-transform-array" count="1248">

0.999678 0.025373 0.000000 0.000000 -0.025373 0.999678 0.000000 27.841499 -0.000000 -0.000000 1.000000 0.000000 0.000000 0.000000 0.000000 1.000000
0.996759 0.080444 0.000000 0.000000 -0.080444 0.996759 -0.000000 27.841499 -0.000000 0.000000 1.000000 0.000000 0.000000 0.000000 0.000000 1.000000
0.993216 0.116287 -0.000000 0.000000 -0.116287 0.993216 -0.000000 27.841499 0.000000 0.000000 1.000000 0.000000 0.000000 0.000000 0.000000 1.000000
0.974944 0.222451 -0.000000 0.000000 -0.222451 0.974944 0.000000 27.841499 0.000000 -0.000000 1.000000 0.000000 0.000000 0.000000 0.000000 1.000000
0.910032 0.414537 0.000000 0.000000 -0.414537 0.910032 -0.000000 27.841499 -0.000000 0.000000 1.000000 0.000000 0.000000 0.000000 0.000000 1.000000
0.753822 0.657079 0.000000 0.000000 -0.657079 0.753822 -0.000000 27.841499 -0.000000 0.000000 1.000000 0.000000 0.000000 0.000000 0.000000 1.000000
0.515956 0.856615 0.000000 0.000000 -0.856615 0.515956 0.000000 27.841499 0.000000 -0.000000 1.000000 -0.000000 0.000000 0.000000 0.000000 1.000000
0.279039 0.960280 -0.000000 0.000000 -0.960280 0.279039 0.000002 27.841499 0.000002 -0.000000 1.000000 0.000000 0.000000 0.000000 0.000000 1.000000
0.115435 0.993315 -0.000000 0.000000 -0.993315 0.115435 0.000001 27.841499 0.000001 0.000000 1.000000 0.000000 0.000000 0.000000 0.000000 1.000000
0.078236 0.996935 0.000000 -0.000000 -0.996935 0.078236 0.000006 27.841499 0.000006 -0.000001 1.000000 0.000000 0.000000 0.000000 0.000000 1.000000
0.111413 0.993774 0.000000 0.000000 -0.993774 0.111413 0.000001 27.841499 0.000001 -0.000000 1.000000 0.000000 0.000000 0.000000 0.000000 1.000000
0.136078 0.990698 0.000000 0.000000 -0.990698 0.136078 0.000001 27.841499 0.000000 -0.000000 1.000000 0.000000 0.000000 0.000000 0.000000 1.000000
0.145247 0.989395 0.000000 0.000000 -0.989395 0.145247 0.000000 27.841499 0.000000 -0.000000 1.000000 0.000000 0.000000 0.000000 0.000000 1.000000
0.249574 0.968356 0.000000 0.000000 -0.968356 0.249574 -0.000000 27.841499 -0.000000 -0.000000 1.000000 0.000000 0.000000 0.000000 0.000000 1.000000
0.494853 0.868976 0.000000 0.000000 -0.868976 0.494853 -0.000000 27.841499 -0.000000 -0.000000 1.000000 0.000000 0.000000 0.000000 0.000000 1.000000
0.792173 0.610296 0.000000 -0.000000 -0.610296 0.792173 0.000000 27.841499 -0.000000 -0.000000 1.000000 -0.000000 0.000000 0.000000 0.000000 1.000000
1.000000 0.000001 0.000000 0.000000 -0.000001 1.000000 0.000000 27.841499 -0.000000 -0.000000 1.000000 -0.000000 0.000000 0.000000 0.000000 1.000000
1.000000 -0.000000 0.000000 0.000000 0.000000 1.000000 0.000000 27.841499 -0.000000 -0.000000 1.000000 0.000000 0.000000 0.000000 0.000000 1.000000
0.902937 0.429774 -0.000000 0.000000 -0.429774 0.902937 -0.000000 27.841499 0.000000 0.000000 1.000000 0.000000 0.000000 0.000000 0.000000 1.000000
0.709120 0.705088 0.000000 -0.000000 -0.705088 0.709120 0.000001 27.841499 0.000000 -0.000001 1.000000 0.000000 0.000000 0.000000 0.000000 1.000000
0.508879 0.860838 -0.000000 -0.000000 -0.860838 0.508879 0.000000 27.841499 0.000000 0.000000 1.000000 0.000000 0.000000 0.000000 0.000000 1.000000
0.350873 0.936423 0.000000 0.000000 -0.936423 0.350873 -0.000000 27.841499 -0.000000 -0.000000 1.000000 0.000000 0.000000 0.000000 0.000000 1.000000
0.297397 0.954754 0.000000 0.000000 -0.954754 0.297397 -0.000000 27.841499 -0.000000 0.000000 1.000000 -0.000000 0.000000 0.000000 0.000000 1.000000
0.291823 0.956472 -0.000000 0.000000 -0.956472 0.291823 0.000000 27.841499 0.000000 -0.000000 1.000000 -0.000000 0.000000 0.000000 0.000000 1.000000
0.264506 0.964384 -0.000000 0.000000 -0.964384 0.264506 -0.000000 27.841499 -0.000000 0.000000 1.000000 0.000000 0.000000 0.000000 0.000000 1.000000
0.262080 0.965046 -0.000000 0.000000 -0.965046 0.262080 0.000000 27.841499 0.000000 0.000000 1.000000 0.000000 0.000000 0.000000 0.000000 1.000000
0.330217 0.943905 0.000000 0.000000 -0.943905 0.330217 0.000000 27.841499 0.000000 -0.000000 1.000000 0.000000 0.000000 0.000000 0.000000 1.000000
0.454444 0.890775 0.000000 0.000000 -0.890775 0.454444 0.000000 27.841499 0.000000 -0.000000 1.000000 0.000000 0.000000 0.000000 0.000000 1.000000
0.611304 0.791396 0.000000 0.000000 -0.791396 0.611304 0.000000 27.841499 -0.000000 -0.000000 1.000000 0.000000 0.000000 0.000000 0.000000 1.000000
0.757796 0.652492 0.000000 0.000000 -0.652492 0.757796 0.000000 27.841499 0.000000 -0.000000 1.000000 0.000000 0.000000 0.000000 0.000000 1.000000
0.872426 0.488747 0.000000 0.000000 -0.488747 0.872426 0.000000 27.841499 -0.000000 -0.000000 1.000000 0.000000 0.000000 0.000000 0.000000 1.000000
0.940805 0.338948 0.000000 0.000000 -0.338948 0.940805 -0.000000 27.841499 -0.000000 0.000000 1.000000 0.000000 0.000000 0.000000 0.000000 1.000000
0.959970 0.280102 0.000000 0.000000 -0.280102 0.959970 -0.000000 27.841499 -0.000000 0.000000 1.000000 0.000000 0.000000 0.000000 0.000000 1.000000
0.908497 0.417892 0.000000 -0.000000 -0.417892 0.908497 0.000000 27.841499 -0.000000 -0.000000 1.000000 -0.000000 0.000000 0.000000 0.000000 1.000000
0.776149 0.630549 -0.000000 0.000000 -0.630549 0.776149 0.000000 27.841499 0.000000 -0.000000 1.000000 0.000000 0.000000 0.000000 0.000000 1.000000
0.646774 0.762682 0.000000 0.000000 -0.762682 0.646774 -0.000000 27.841499 -0.000000 -0.000000 1.000000 0.000000 0.000000 0.000000 0.000000 1.000000
0.572254 0.820076 0.000000 -0.000000 -0.820076 0.572254 0.000000 27.841499 -0.000000 -0.000000 1.000000 0.000000 0.000000 0.000000 0.000000 1.000000
0.545528 0.838092 0.000000 0.000000 -0.838092 0.545528 0.000000 27.841499 -0.000000 -0.000000 1.000000 0.000000 0.000000 0.000000 0.000000 1.000000
0.501714 0.865033 0.000000 -0.000000 -0.865033 0.501714 -0.000000 27.841499 -0.000000 -0.000000 1.000000 0.000000 0.000000 0.000000 0.000000 1.000000
0.372278 0.928121 0.000000 0.000000 -0.928121 0.372278 0.000000 27.841499 0.000000 -0.000000 1.000000 0.000000 0.000000 0.000000 0.000000 1.000000
0.167165 0.985929 0.000000 0.000000 -0.985929 0.167165 0.000000 27.841499 0.000000 -0.000000 1.000000 0.000000 0.000000 0.000000 0.000000 1.000000
0.026969 0.999636 0.000000 0.000000 -0.999636 0.026969 -0.000001 27.841499 -0.000001 0.000000 1.000000 0.000000 0.000000 0.000000 0.000000 1.000000
0.006228 0.999981 0.000000 0.000000 -0.999981 0.006228 -0.000014 27.841499 -0.000014 0.000000 1.000000 0.000000 0.000000 0.000000 0.000000 1.000000
0.043210 0.999066 0.000000 -0.000000 -0.999066 0.043210 -0.000001 27.841499 -0.000001 -0.000000 1.000000 0.000000 0.000000 0.000000 0.000000 1.000000
0.123726 0.992316 0.000000 0.000000 -0.992316 0.123726 -0.000001 27.841499 -0.000001 -0.000000 1.000000 0.000000 0.000000 0.000000 0.000000 1.000000
0.165776 0.986163 -0.000000 0.000000 -0.986163 0.165776 -0.000000 27.841499 -0.000000 0.000000 1.000000 0.000000 0.000000 0.000000 0.000000 1.000000
0.142116 0.989850 0.000000 0.000000 -0.989850 0.142116 -0.000000 27.841499 -0.000000 -0.000000 1.000000 0.000000 0.000000 0.000000 0.000000 1.000000
0.101850 0.994800 -0.000000 0.000000 -0.994800 0.101850 0.000002 27.841499 0.000002 -0.000000 1.000000 0.000000 0.000000 0.000000 0.000000 1.000000
0.138092 0.990419 0.000000 -0.000000 -0.990419 0.138092 -0.000000 27.841499 -0.000000 -0.000000 1.000000 0.000000 0.000000 0.000000 0.000000 1.000000
0.291305 0.956630 0.000000 0.000000 -0.956630 0.291305 0.000000 27.841499 -0.000000 -0.000000 1.000000 0.000000 0.000000 0.000000 0.000000 1.000000
0.534299 0.845295 0.000000 0.000000 -0.845295 0.534299 0.000000 27.841499 -0.000000 -0.000000 1.000000 0.000000 0.000000 0.000000 0.000000 1.000000
0.785687 0.618625 -0.000000 0.000000 -0.618625 0.785687 -0.000000 27.841499 0.000000 0.000000 1.000000 0.000000 0.000000 0.000000 0.000000 1.000000
0.948745 0.316044 0.000001 0.000000 -0.316044 0.948745 0.000000 27.841499 -0.000000 -0.000000 1.000000 0.000000 0.000000 0.000000 0.000000 1.000000
1.000000 0.000000 -0.000000 0.000000 -0.000000 1.000000 0.000000 27.841499 0.000000 -0.000000 1.000000 0.000000 0.000000 0.000000 0.000000 1.000000
1.000000 0.000000 -0.000000 0.000000 -0.000000 1.000000 -0.000000 27.841499 0.000000 0.000000 1.000000 -0.000000 0.000000 0.000000 0.000000 1.000000
0.998703 0.050911 -0.000000 0.000000 -0.050911 0.998703 -0.000000 27.841499 0.000000 0.000001 1.000000 0.000000 0.000000 0.000000 0.000000 1.000000
0.995996 0.089399 0.000000 0.000000 -0.089399 0.995996 -0.000000 27.841499 -0.000000 0.000000 1.000000 0.000000 0.000000 0.000000 0.000000 1.000000
0.995686 0.092787 -0.000000 -0.000000 -0.092787 0.995686 0.000000 27.841499 0.000000 -0.000000 1.000000 0.000000 0.000000 0.000000 0.000000 1.000000
0.994082 0.108630 -0.000000 0.000000 -0.108630 0.994082 0.000000 27.841499 0.000000 -0.000000 1.000000 0.000000 0.000000 0.000000 0.000000 1.000000
0.982773 0.184818 -0.000000 0.000000 -0.184818 0.982773 -0.000000 27.841499 0.000000 0.000000 1.000000 -0.000000 0.000000 0.000000 0.000000 1.000000
0.957164 0.289545 -0.000000 0.000000 -0.289545 0.957164 -0.000000 27.841499 0.000000 0.000000 1.000000 0.000000 0.000000 0.000000 0.000000 1.000000
0.917663 0.397360 0.000000 0.000000 -0.397360 0.917663 0.000000 27.841499 0.000000 -0.000000 1.000000 0.000000 0.000000 0.000000 0.000000 1.000000
0.860723 0.509073 0.000000 0.000000 -0.509073 0.860723 -0.000000 27.841499 -0.000000 0.000000 1.000000 0.000000 0.000000 0.000000 0.000000 1.000000
0.797563 0.603235 -0.000000 0.000000 -0.603235 0.797563 0.000000 27.841499 0.000000 0.000000 1.000000 0.000000 0.000000 0.000000 0.000000 1.000000
0.754982 0.655746 0.000000 0.000000 -0.655746 0.754982 -0.000001 27.841499 -0.000001 0.000000 1.000000 0.000000 0.000000 0.000000 0.000000 1.000000
0.742678 0.669648 -0.000000 0.000000 -0.669648 0.742678 -0.000000 27.841499 -0.000000 0.000000 1.000000 0.000000 0.000000 0.000000 0.000000 1.000000
0.763255 0.646098 0.000000 0.000000 -0.646098 0.763255 -0.000000 27.841499 -0.000000 0.000000 1.000000 0.000000 0.000000 0.000000 0.000000 1.000000
0.820153 0.572144 -0.000000 0.000000 -0.572144 0.820153 0.000000 27.841499 0.000000 -0.000000 1.000000 0.000000 0.000000 0.000000 0.000000 1.000000
0.890855 0.454289 -0.000000 -0.000000 -0.454289 0.890855 -0.000000 27.841499 0.000000 0.000000 1.000000 0.000000 0.000000 0.000000 0.000000 1.000000
0.951297 0.308276 0.000000 0.000000 -0.308276 0.951297 0.000000 27.841499 0.000000 -0.000000 1.000000 0.000000 0.000000 0.000000 0.000000 1.000000
0.987546 0.157331 -0.000000 0.000000 -0.157331 0.987546 -0.000000 27.841499 0.000000 0.000000 1.000000 0.000000 0.000000 0.000000 0.000000 1.000000
0.999431 0.033719 0.000000 0.000000 -0.033719 0.999431 -0.000001 27.841499 -0.000000 0.000001 1.000000 -0.000000 0.000000 0.000000 0.000000 1.000000
0.999590 0.028616 -0.000000 -0.000000 -0.028616 0.999590 0.000000 27.841499 0.000000 -0.000000 1.000000 0.000000 0.000000 0.000000 0.000000 1.000000
0.998791 0.049160 -0.000000 0.000000 -0.049160 0.998791 0.000000 27.841499 0.000000 -0.000000 1.000000 0.000000 0.000000 0.000000 0.000000 1.000000
0.999545 0.030166 -0.000000 0.000000 -0.030166 0.999545 -0.000000 27.841499 0.000000 0.000000 1.000000 0.000000 0.000000 0.000000 0.000000 1.000000
1.000000 0.000000 0.000000 0.000000 -0.000000 1.000000 0.000000 27.841499 -0.000000 -0.000000 1.000000 0.000000 0.000000 0.000000 0.000000 1.000000
1.000000 -0.000000 -0.000000 0.000000 0.000000 1.000000 0.000000 27.841499 0.000000 -0.000000 1.000000 -0.000000 0.000000 0.000000 0.000000 1.000000
0.999922 0.012528 0.000000 0.000000 -0.012528 0.999922 -0.000000 27.841499 -0.000000 0.000000 1.000000 0.000000 0.000000 0.000000 0.000000 1.000000</float_array>
        <technique_common>
          <accessor source="#mixamorig_RightForeArm-Matrix-animation-output-transform-array" count="78" stride="16">
            <param type="float4x4"/>
          </accessor>
        </technique_common>
      </source>
      <source id="mixamorig_RightForeArm-Interpolations">
        <Name_array id="mixamorig_RightForeArm-Interpolations-array" count="78">
 LINEAR LINEAR LINEAR LINEAR LINEAR LINEAR LINEAR LINEAR LINEAR LINEAR LINEAR
LINEAR LINEAR LINEAR LINEAR LINEAR LINEAR LINEAR LINEAR LINEAR LINEAR LINEAR LINEAR
LINEAR LINEAR LINEAR LINEAR LINEAR LINEAR LINEAR LINEAR LINEAR LINEAR LINEAR LINEAR
LINEAR LINEAR LINEAR LINEAR LINEAR LINEAR LINEAR LINEAR LINEAR LINEAR LINEAR LINEAR
LINEAR LINEAR LINEAR LINEAR LINEAR LINEAR LINEAR LINEAR LINEAR LINEAR LINEAR LINEAR
LINEAR LINEAR LINEAR LINEAR LINEAR LINEAR LINEAR LINEAR LINEAR LINEAR LINEAR LINEAR
LINEAR LINEAR LINEAR LINEAR LINEAR LINEAR LINEAR</Name_array>
        <technique_common>
          <accessor source="#mixamorig_RightForeArm-Interpolations-array" count="78">
            <param type="name"/>
          </accessor>
        </technique_common>
      </source>
      <sampler id="mixamorig_RightForeArm-Matrix-animation-transform">
        <input semantic="INPUT" source="#mixamorig_RightForeArm-Matrix-animation-input"/>
        <input semantic="OUTPUT" source="#mixamorig_RightForeArm-Matrix-animation-output-transform"/>
        <input semantic="INTERPOLATION" source="#mixamorig_RightForeArm-Interpolations"/>
      </sampler>
      <channel source="#mixamorig_RightForeArm-Matrix-animation-transform" target="mixamorig_RightForeArm/matrix"/>
    </animation>
    <animation id="mixamorig_RightHand-anim" name="mixamorig_RightHand">
      <source id="mixamorig_RightHand-Matrix-animation-input">
        <float_array id="mixamorig_RightHand-Matrix-animation-input-array" count="78">

0.000000 0.033333 0.066667 0.100000 0.133333 0.166667 0.200000 0.233333 0.266667 0.300000 0.333333 0.366667 0.400000 0.433333 0.466667 0.500000
0.533333 0.566667 0.600000 0.633333 0.666667 0.700000 0.733333 0.766667 0.800000 0.833333 0.866667 0.900000 0.933333 0.966667 1.000000 1.033333
1.066667 1.100000 1.133333 1.166667 1.200000 1.233333 1.266667 1.300000 1.333333 1.366667 1.400000 1.433333 1.466667 1.500000 1.533333 1.566667
1.600000 1.633333 1.666667 1.700000 1.733333 1.766667 1.800000 1.833333 1.866667 1.900000 1.933333 1.966667 2.000000 2.033333 2.066667 2.100000
2.133333 2.166667 2.200000 2.233333 2.266667 2.300000 2.333333 2.366667 2.400000 2.433333 2.466667 2.500000 2.533333 2.566667</float_array>
        <technique_common>
          <accessor source="#mixamorig_RightHand-Matrix-animation-input-array" count="78">
            <param name="TIME" type="float"/>
          </accessor>
        </technique_common>
      </source>
      <source id="mixamorig_RightHand-Matrix-animation-output-transform">
        <float_array id="mixamorig_RightHand-Matrix-animation-output-transform-array" count="1248">

0.847450 0.083668 0.524240 0.000000 -0.023588 0.992462 -0.120265 28.328800 -0.530351 0.089553 0.843035 0.000000 0.000000 0.000000 0.000000 1.000000
0.910807 0.109401 0.398073 0.000000 -0.082026 0.992980 -0.085218 28.328800 -0.404602 0.044964 0.913387 0.000000 0.000000 0.000000 0.000000 1.000000
0.970366 0.157568 0.183199 0.000000 -0.154882 0.987508 -0.028970 28.328800 -0.185476 -0.000262 0.982649 0.000000 0.000000 0.000000 0.000000 1.000000
0.974338 0.197755 -0.107512 -0.000000 -0.193915 0.979978 0.045176 28.328800 0.114293 -0.023168 0.993177 -0.000000 0.000000 0.000000 0.000000 1.000000
0.895151 0.211034 -0.392644 0.000000 -0.194735 0.977472 0.081403 28.328800 0.400977 0.003593 0.916081 0.000000 0.000000 0.000000 0.000000 1.000000
0.806060 0.184027 -0.562496 0.000000 -0.194767 0.979971 0.041505 28.328800 0.558868 0.076100 0.825758 0.000000 0.000000 0.000000 0.000000 1.000000
0.804177 0.153407 -0.574253 -0.000000 -0.213167 0.976288 -0.037709 28.328800 0.554851 0.152737 0.817809 0.000000 0.000000 0.000000 0.000000 1.000000
0.870779 0.168088 -0.462050 0.000000 -0.236145 0.967241 -0.093167 28.328800 0.431254 0.190239 0.881946 0.000000 0.000000 0.000000 0.000000 1.000000
0.920122 0.233919 -0.314098 -0.000000 -0.277051 0.955648 -0.099895 28.328800 0.276800 0.178937 0.944121 0.000000 0.000000 0.000000 0.000000 1.000000
0.924200 0.314148 -0.217174 0.000000 -0.334470 0.940283 -0.063219 28.328800 0.184346 0.131065 0.974083 -0.000000 0.000000 0.000000 0.000000 1.000000
0.928017 0.323044 -0.185544 -0.000000 -0.331425 0.943359 -0.015211 28.328800 0.170121 0.075610 0.982518 0.000000 0.000000 0.000000 0.000000 1.000000
0.949893 0.238805 -0.201682 0.000000 -0.245843 0.969256 -0.010220 28.328800 0.193041 0.059290 0.979398 0.000000 0.000000 0.000000 0.000000 1.000000
0.967162 0.120805 -0.223614 0.000000 -0.137260 0.988746 -0.059510 28.328800 0.213908 0.088249 0.972859 0.000000 0.000000 0.000000 0.000000 1.000000
0.973182 0.056830 -0.222907 0.000000 -0.080595 0.991818 -0.099002 28.328800 0.215457 0.114312 0.969800 0.000000 0.000000 0.000000 0.000000 1.000000
0.977238 0.090784 -0.191739 0.000000 -0.109446 0.989994 -0.089074 28.328800 0.181734 0.108032 0.977396 -0.000000 0.000000 0.000000 0.000000 1.000000
0.961878 0.220628 -0.161600 -0.000000 -0.230326 0.972131 -0.043722 28.328800 0.147450 0.079276 0.985887 0.000000 0.000000 0.000000 0.000000 1.000000
0.848748 0.511561 -0.133913 0.000000 -0.512068 0.858300 0.033278 28.328800 0.131961 0.040328 0.990434 -0.000000 0.000000 0.000000 0.000000 1.000000
0.813837 0.562355 -0.146378 0.000000 -0.562004 0.825755 0.047742 28.328800 0.147720 0.043411 0.988076 0.000000 0.000000 0.000000 0.000000 1.000000
0.855090 0.465265 -0.228802 0.000000 -0.484338 0.874287 -0.032244 28.328800 0.185036 0.138388 0.972939 0.000000 0.000000 0.000000 0.000000 1.000000
0.870803 0.422685 -0.251076 0.000000 -0.464118 0.875233 -0.136244 28.328800 0.162161 0.235170 0.958331 0.000000 0.000000 0.000000 0.000000 1.000000
0.900156 0.385823 -0.202140 0.000000 -0.424749 0.880340 -0.211162 28.328800 0.096481 0.275937 0.956321 -0.000000 0.000000 0.000000 0.000000 1.000000
0.916755 0.355887 -0.181396 0.000000 -0.397345 0.859028 -0.322782 28.328800 0.040950 0.367989 0.928928 0.000000 0.000000 0.000000 0.000000 1.000000
0.898132 0.367976 -0.240734 -0.000000 -0.439638 0.762372 -0.474876 28.328800 0.008786 0.532337 0.846487 0.000000 0.000000 0.000000 0.000000 1.000000
0.886776 0.334095 -0.319388 0.000000 -0.462184 0.635178 -0.618818 28.328800 -0.003876 0.696369 0.717674 -0.000000 0.000000 0.000000 0.000000 1.000000
0.912917 0.252911 -0.320341 -0.000000 -0.408122 0.557399 -0.723009 28.328800 -0.004299 0.790786 0.612078 0.000000 0.000000 0.000000 0.000000 1.000000
0.941533 0.171863 -0.289792 0.000000 -0.335026 0.568672 -0.751245 28.328800 0.035686 0.804410 0.593002 0.000000 0.000000 0.000000 0.000000 1.000000
0.943960 0.110146 -0.311139 0.000000 -0.309140 0.625316 -0.716528 28.328800 0.115637 0.772559 0.624324 0.000000 0.000000 0.000000 0.000000 1.000000
0.911007 0.079990 -0.404559 0.000000 -0.344550 0.686700 -0.640101 28.328800 0.226609 0.722527 0.653149 0.000000 0.000000 0.000000 0.000000 1.000000
0.848112 0.095499 -0.521139 0.000000 -0.398479 0.763222 -0.508632 28.328800 0.349171 0.639040 0.685352 0.000000 0.000000 0.000000 0.000000 1.000000
0.795637 0.173054 -0.580530 0.000000 -0.423997 0.843540 -0.329647 28.328800 0.432653 0.508422 0.744526 0.000000 0.000000 0.000000 0.000000 1.000000
0.769259 0.298328 -0.565015 0.000000 -0.430415 0.895508 -0.113176 28.328800 0.472211 0.330253 0.817282 0.000000 0.000000 0.000000 0.000000 1.000000
0.749278 0.421155 -0.511088 -0.000000 -0.432916 0.895502 0.103252 28.328800 0.501165 0.143893 0.853304 -0.000000 0.000000 0.000000 0.000000 1.000000
0.743933 0.477793 -0.467201 0.000000 -0.401836 0.878460 0.258526 28.328800 0.533940 -0.004588 0.845510 -0.000000 0.000000 0.000000 0.000000 1.000000
0.789676 0.423958 -0.443476 0.000000 -0.298783 0.897072 0.325561 28.328800 0.535855 -0.124585 0.835068 0.000000 0.000000 0.000000 0.000000 1.000000
0.862161 0.318815 -0.393745 0.000000 -0.170194 0.914270 0.367620 28.328800 0.477192 -0.249935 0.842509 -0.000000 0.000000 0.000000 0.000000 1.000000
0.911341 0.261229 -0.318147 0.000000 -0.099941 0.890135 0.444603 28.328800 0.399337 -0.373389 0.837323 0.000000 0.000000 0.000000 0.000000 1.000000
0.913526 0.285916 -0.289348 -0.000000 -0.102186 0.849803 0.517101 28.328800 0.393736 -0.442818 0.805533 0.000000 0.000000 0.000000 0.000000 1.000000
0.861678 0.368833 -0.348529 0.000000 -0.143926 0.836246 0.529129 28.328800 0.486616 -0.405777 0.773660 -0.000000 0.000000 0.000000 0.000000 1.000000
0.775324 0.427690 -0.464709 -0.000000 -0.200640 0.864488 0.460874 28.328800 0.598846 -0.264087 0.756070 0.000000 0.000000 0.000000 0.000000 1.000000
0.720243 0.424229 -0.548890 -0.000000 -0.254169 0.897578 0.360211 28.328800 0.645483 -0.119929 0.754300 0.000000 0.000000 0.000000 0.000000 1.000000
0.750872 0.364160 -0.550980 0.000000 -0.246630 0.928507 0.277574 28.328800 0.612671 -0.072534 0.787003 -0.000000 0.000000 0.000000 0.000000 1.000000
0.826117 0.286415 -0.485281 -0.000000 -0.188392 0.952020 0.241177 28.328800 0.531074 -0.107817 0.840438 0.000000 0.000000 0.000000 0.000000 1.000000
0.875573 0.229183 -0.425261 -0.000000 -0.128279 0.959000 0.252712 28.328800 0.465742 -0.166716 0.869074 0.000000 0.000000 0.000000 0.000000 1.000000
0.891586 0.206404 -0.403079 0.000000 -0.086760 0.951456 0.295303 28.328800 0.444463 -0.228317 0.866212 0.000000 0.000000 0.000000 0.000000 1.000000
0.905566 0.260129 -0.335087 0.000000 -0.112280 0.908725 0.402010 28.328800 0.409076 -0.326423 0.852118 0.000000 0.000000 0.000000 0.000000 1.000000
0.921473 0.325976 -0.211251 0.000000 -0.172975 0.831293 0.528234 28.328800 0.347803 -0.450212 0.822400 -0.000000 0.000000 0.000000 0.000000 1.000000
0.933226 0.328038 -0.146561 0.000000 -0.187905 0.793300 0.579108 28.328800 0.306236 -0.512899 0.801969 0.000000 0.000000 0.000000 0.000000 1.000000
0.932730 0.313368 -0.178368 0.000000 -0.161136 0.804784 0.571278 28.328800 0.322568 -0.504106 0.801141 0.000000 0.000000 0.000000 0.000000 1.000000
0.906680 0.344000 -0.244121 -0.000000 -0.147078 0.800230 0.581378 28.328800 0.395347 -0.491219 0.776147 0.000000 0.000000 0.000000 0.000000 1.000000
0.876121 0.399068 -0.270477 -0.000000 -0.158931 0.768772 0.619460 28.328800 0.455141 -0.499735 0.736961 0.000000 0.000000 0.000000 0.000000 1.000000
0.861745 0.461290 -0.211201 -0.000000 -0.207754 0.700638 0.682601 28.328800 0.462853 -0.544350 0.699607 0.000000 0.000000 0.000000 0.000000 1.000000
0.855029 0.508958 -0.099437 -0.000000 -0.283404 0.619184 0.732321 28.328800 0.434290 -0.597975 0.673661 0.000000 0.000000 0.000000 0.000000 1.000000
0.847903 0.527565 -0.052307 0.000000 -0.333597 0.607620 0.720772 28.328800 0.412036 -0.593695 0.691196 0.000000 0.000000 0.000000 0.000000 1.000000
0.832659 0.543357 -0.106968 0.000000 -0.349382 0.665293 0.659786 28.328800 0.429665 -0.512004 0.743802 0.000000 0.000000 0.000000 0.000000 1.000000
0.846479 0.446678 -0.289745 0.000000 -0.235124 0.801876 0.549283 28.328800 0.477692 -0.396830 0.783796 -0.000000 0.000000 0.000000 0.000000 1.000000
0.832460 0.323457 -0.449873 0.000000 -0.122780 0.899420 0.419485 28.328800 0.540311 -0.293969 0.788445 -0.000000 0.000000 0.000000 0.000000 1.000000
0.778708 0.231207 -0.583230 -0.000000 -0.053623 0.950744 0.305303 28.328800 0.625091 -0.206467 0.752750 0.000000 0.000000 0.000000 0.000000 1.000000
0.695155 0.184179 -0.694866 0.000000 -0.038518 0.974776 0.219837 28.328800 0.717828 -0.126056 0.684714 0.000000 0.000000 0.000000 0.000000 1.000000
0.623717 0.141662 -0.768706 0.000000 -0.045308 0.988339 0.145375 28.328800 0.780336 -0.055844 0.622862 0.000000 0.000000 0.000000 0.000000 1.000000
0.605696 0.073592 -0.792285 0.000000 -0.046610 0.997286 0.057001 28.328800 0.794330 0.002403 0.607482 0.000000 0.000000 0.000000 0.000000 1.000000
0.634317 0.002018 -0.773071 -0.000000 -0.045555 0.998357 -0.034772 28.328800 0.771730 0.057273 0.633366 0.000000 0.000000 0.000000 0.000000 1.000000
0.673924 -0.056543 -0.736634 0.000000 -0.047321 0.991716 -0.119416 28.328800 0.737284 0.115335 0.665666 -0.000000 0.000000 0.000000 0.000000 1.000000
0.708309 -0.103483 -0.698276 0.000000 -0.047569 0.979951 -0.193479 28.328800 0.704298 0.170259 0.689186 -0.000000 0.000000 0.000000 0.000000 1.000000
0.746971 -0.129282 -0.652167 0.000000 -0.043306 0.969369 -0.241763 28.328800 0.663445 0.208832 0.718491 0.000000 0.000000 0.000000 0.000000 1.000000
0.801043 -0.124604 -0.585495 0.000000 -0.037079 0.965889 -0.256288 28.328800 0.597458 0.227008 0.769098 0.000000 0.000000 0.000000 0.000000 1.000000
0.866020 -0.099164 -0.490078 0.000000 -0.033215 0.966562 -0.254272 28.328800 0.498905 0.236482 0.833768 0.000000 0.000000 0.000000 0.000000 1.000000
0.925562 -0.062460 -0.373409 0.000000 -0.037519 0.966310 -0.254631 28.328800 0.376733 0.249687 0.892036 -0.000000 0.000000 0.000000 0.000000 1.000000
0.967527 -0.015494 -0.252293 -0.000000 -0.051631 0.964962 -0.257261 28.328800 0.247439 0.261933 0.932826 0.000000 0.000000 0.000000 0.000000 1.000000
0.991133 0.031062 -0.129188 0.000000 -0.062529 0.966937 -0.247232 28.328800 0.117238 0.253118 0.960306 0.000000 0.000000 0.000000 0.000000 1.000000
0.997488 0.069761 0.012258 0.000000 -0.065734 0.976213 -0.206607 28.328800 -0.026379 0.205282 0.978347 0.000000 0.000000 0.000000 0.000000 1.000000
0.978526 0.096070 0.182369 0.000000 -0.070410 0.987314 -0.142313 28.328800 -0.193727 0.126416 0.972876 -0.000000 0.000000 0.000000 0.000000 1.000000
0.929304 0.108668 0.352968 -0.000000 -0.083009 0.992737 -0.087084 28.328800 -0.359867 0.051628 0.931574 -0.000000 0.000000 0.000000 0.000000 1.000000
0.873486 0.084151 0.479521 -0.000000 -0.066928 0.996353 -0.052935 28.328800 -0.482226 0.014145 0.875933 -0.000000 0.000000 0.000000 0.000000 1.000000
0.837506 0.078011 0.540831 -0.000000 -0.054922 0.996762 -0.058725 28.328800 -0.543661 0.019480 0.839079 0.000000 0.000000 0.000000 0.000000 1.000000
0.827875 0.109112 0.550197 0.000000 -0.064956 0.992947 -0.099177 28.328800 -0.557138 0.046368 0.829124 0.000000 0.000000 0.000000 0.000000 1.000000
0.832981 0.140443 0.535182 0.000000 -0.080058 0.987664 -0.134577 28.328800 -0.547480 0.069254 0.833948 0.000000 0.000000 0.000000 0.000000 1.000000
0.841363 0.137117 0.522788 0.000000 -0.073625 0.987344 -0.140470 28.328800 -0.535433 0.079696 0.840809 -0.000000 0.000000 0.000000 0.000000 1.000000
0.846876 0.108028 0.520702 -0.000000 -0.046789 0.990489 -0.129394 28.328800 -0.529727 0.085217 0.843876 0.000000 0.000000 0.000000 0.000000 1.000000</float_array>
        <technique_common>
          <accessor source="#mixamorig_RightHand-Matrix-animation-output-transform-array" count="78" stride="16">
            <param type="float4x4"/>
          </accessor>
        </technique_common>
      </source>
      <source id="mixamorig_RightHand-Interpolations">
        <Name_array id="mixamorig_RightHand-Interpolations-array" count="78">
 LINEAR LINEAR LINEAR LINEAR LINEAR LINEAR LINEAR LINEAR LINEAR LINEAR LINEAR
LINEAR LINEAR LINEAR LINEAR LINEAR LINEAR LINEAR LINEAR LINEAR LINEAR LINEAR LINEAR
LINEAR LINEAR LINEAR LINEAR LINEAR LINEAR LINEAR LINEAR LINEAR LINEAR LINEAR LINEAR
LINEAR LINEAR LINEAR LINEAR LINEAR LINEAR LINEAR LINEAR LINEAR LINEAR LINEAR LINEAR
LINEAR LINEAR LINEAR LINEAR LINEAR LINEAR LINEAR LINEAR LINEAR LINEAR LINEAR LINEAR
LINEAR LINEAR LINEAR LINEAR LINEAR LINEAR LINEAR LINEAR LINEAR LINEAR LINEAR LINEAR
LINEAR LINEAR LINEAR LINEAR LINEAR LINEAR LINEAR</Name_array>
        <technique_common>
          <accessor source="#mixamorig_RightHand-Interpolations-array" count="78">
            <param type="name"/>
          </accessor>
        </technique_common>
      </source>
      <sampler id="mixamorig_RightHand-Matrix-animation-transform">
        <input semantic="INPUT" source="#mixamorig_RightHand-Matrix-animation-input"/>
        <input semantic="OUTPUT" source="#mixamorig_RightHand-Matrix-animation-output-transform"/>
        <input semantic="INTERPOLATION" source="#mixamorig_RightHand-Interpolations"/>
      </sampler>
      <channel source="#mixamorig_RightHand-Matrix-animation-transform" target="mixamorig_RightHand/matrix"/>
    </animation>
    <animation id="mixamorig_RightHandThumb1-anim" name="mixamorig_RightHandThumb1">
      <source id="mixamorig_RightHandThumb1-Matrix-animation-input">
        <float_array id="mixamorig_RightHandThumb1-Matrix-animation-input-array" count="78">

0.000000 0.033333 0.066667 0.100000 0.133333 0.166667 0.200000 0.233333 0.266667 0.300000 0.333333 0.366667 0.400000 0.433333 0.466667 0.500000
0.533333 0.566667 0.600000 0.633333 0.666667 0.700000 0.733333 0.766667 0.800000 0.833333 0.866667 0.900000 0.933333 0.966667 1.000000 1.033333
1.066667 1.100000 1.133333 1.166667 1.200000 1.233333 1.266667 1.300000 1.333333 1.366667 1.400000 1.433333 1.466667 1.500000 1.533333 1.566667
1.600000 1.633333 1.666667 1.700000 1.733333 1.766667 1.800000 1.833333 1.866667 1.900000 1.933333 1.966667 2.000000 2.033333 2.066667 2.100000
2.133333 2.166667 2.200000 2.233333 2.266667 2.300000 2.333333 2.366667 2.400000 2.433333 2.466667 2.500000 2.533333 2.566667</float_array>
        <technique_common>
          <accessor source="#mixamorig_RightHandThumb1-Matrix-animation-input-array" count="78">
            <param name="TIME" type="float"/>
          </accessor>
        </technique_common>
      </source>
      <source id="mixamorig_RightHandThumb1-Matrix-animation-output-transform">
        <float_array id="mixamorig_RightHandThumb1-Matrix-animation-output-transform-array" count="1248">

0.889548 0.455915 0.029070 2.681900 -0.399259 0.806776 -0.435550 2.464800 -0.222027 0.375836 0.899695 1.574000 0.000000 0.000000 0.000000 1.000000
0.888729 0.457847 0.023193 2.681900 -0.400300 0.799692 -0.447495 2.464800 -0.223431 0.388418 0.893985 1.574000 0.000000 0.000000 0.000000 1.000000
0.886609 0.462463 0.007214 2.681900 -0.402953 0.779988 -0.478798 2.464800 -0.227053 0.421600 0.877896 1.574000 0.000000 0.000000 0.000000 1.000000
0.883736 0.467692 -0.016567 2.681900 -0.406526 0.749660 -0.522251 2.464800 -0.231833 0.468267 0.852631 1.574000 0.000000 0.000000 0.000000 1.000000
0.880671 0.471539 -0.045494 2.681900 -0.410300 0.711229 -0.570795 2.464800 -0.236795 0.521349 0.819832 1.574000 0.000000 0.000000 0.000000 1.000000
0.877955 0.472648 -0.076144 2.681900 -0.413470 0.668426 -0.618263 2.464800 -0.241324 0.574290 0.782274 1.574000 0.000000 0.000000 0.000000 1.000000
0.876096 0.470719 -0.104306 2.681900 -0.415066 0.626287 -0.659912 2.464800 -0.245308 0.621440 0.744067 1.574000 0.000000 0.000000 0.000000 1.000000
0.875544 0.466623 -0.125238 2.681900 -0.413932 0.590804 -0.692540 2.464800 -0.249164 0.658190 0.710425 1.574000 0.000000 0.000000 0.000000 1.000000
0.876697 0.461774 -0.134785 2.681900 -0.408507 0.566723 -0.715505 2.464800 -0.254016 0.682342 0.685482 1.574000 0.000000 0.000000 0.000000 1.000000
0.879792 0.455743 -0.135144 2.681900 -0.396994 0.548065 -0.736220 2.464800 -0.261460 0.701372 0.663111 1.574000 0.000000 0.000000 0.000000 1.000000
0.884182 0.449013 -0.128875 2.681900 -0.380882 0.533209 -0.755392 2.464800 -0.270463 0.716990 0.642475 1.574000 0.000000 0.000000 0.000000 1.000000
0.889060 0.442263 -0.118216 2.681900 -0.362286 0.521856 -0.772279 2.464800 -0.279859 0.729431 0.624187 1.574000 0.000000 0.000000 0.000000 1.000000
0.893687 0.436103 -0.105539 2.681900 -0.343512 0.513676 -0.786216 2.464800 -0.288658 0.738885 0.608872 1.574000 0.000000 0.000000 0.000000 1.000000
0.897472 0.431085 -0.093325 2.681900 -0.327001 0.508311 -0.796674 2.464800 -0.295996 0.745510 0.597161 1.574000 0.000000 0.000000 0.000000 1.000000
0.899987 0.427723 -0.084123 2.681900 -0.315266 0.505384 -0.803240 2.464800 -0.301050 0.749426 0.589686 1.574000 0.000000 0.000000 0.000000 1.000000
0.900899 0.426499 -0.080494 2.681900 -0.310811 0.504500 -0.805529 2.464800 -0.302948 0.750718 0.587064 1.574000 0.000000 0.000000 0.000000 1.000000
0.900899 0.426499 -0.080494 2.681900 -0.310811 0.504500 -0.805528 2.464800 -0.302948 0.750718 0.587064 1.574000 0.000000 0.000000 0.000000 1.000000
0.900899 0.426499 -0.080494 2.681900 -0.310811 0.504500 -0.805529 2.464800 -0.302948 0.750719 0.587064 1.574000 0.000000 0.000000 0.000000 1.000000
0.900899 0.426499 -0.080494 2.681900 -0.310811 0.504500 -0.805529 2.464800 -0.302948 0.750719 0.587064 1.574000 0.000000 0.000000 0.000000 1.000000
0.900899 0.426499 -0.080494 2.681900 -0.310811 0.504500 -0.805529 2.464800 -0.302948 0.750719 0.587064 1.574000 0.000000 0.000000 0.000000 1.000000
0.900899 0.426499 -0.080494 2.681900 -0.310810 0.504500 -0.805529 2.464800 -0.302947 0.750719 0.587064 1.574000 0.000000 0.000000 0.000000 1.000000
0.900828 0.426696 -0.080248 2.681900 -0.311013 0.505205 -0.805008 2.464800 -0.302952 0.750132 0.587811 1.574000 0.000000 0.000000 0.000000 1.000000
0.900717 0.427000 -0.079867 2.681900 -0.311326 0.506293 -0.804203 2.464800 -0.302959 0.749225 0.588964 1.574000 0.000000 0.000000 0.000000 1.000000
0.900696 0.427058 -0.079795 2.681900 -0.311386 0.506502 -0.804049 2.464800 -0.302959 0.749051 0.589184 1.574000 0.000000 0.000000 0.000000 1.000000
0.900696 0.427059 -0.079795 2.681900 -0.311387 0.506501 -0.804049 2.464800 -0.302960 0.749051 0.589184 1.574000 0.000000 0.000000 0.000000 1.000000
0.900696 0.427059 -0.079795 2.681900 -0.311386 0.506502 -0.804049 2.464800 -0.302960 0.749051 0.589184 1.574000 0.000000 0.000000 0.000000 1.000000
0.900696 0.427059 -0.079795 2.681900 -0.311387 0.506501 -0.804049 2.464800 -0.302960 0.749051 0.589184 1.574000 0.000000 0.000000 0.000000 1.000000
0.900696 0.427058 -0.079795 2.681900 -0.311387 0.506502 -0.804049 2.464800 -0.302960 0.749051 0.589184 1.574000 0.000000 0.000000 0.000000 1.000000
0.898783 0.430777 -0.081359 2.681900 -0.314059 0.503207 -0.805077 2.464800 -0.305869 0.749142 0.587564 1.574000 0.000000 0.000000 0.000000 1.000000
0.885253 0.456033 -0.091440 2.681900 -0.332058 0.482017 -0.810800 2.464800 -0.325676 0.748127 0.578136 1.574000 0.000000 0.000000 0.000000 1.000000
0.862432 0.495151 -0.105052 2.681900 -0.359282 0.452634 -0.816112 2.464800 -0.356549 0.741585 0.568265 1.574000 0.000000 0.000000 0.000000 1.000000
0.835393 0.537737 -0.113828 2.681900 -0.387713 0.429703 -0.815496 2.464800 -0.389610 0.725392 0.567459 1.574000 0.000000 0.000000 0.000000 1.000000
0.810967 0.575063 -0.107867 2.681900 -0.411690 0.429843 -0.803583 2.464800 -0.415745 0.696087 0.585336 1.574000 0.000000 0.000000 0.000000 1.000000
0.796995 0.599306 -0.075045 2.681900 -0.429204 0.474551 -0.768495 2.464800 -0.424951 0.644696 0.635439 1.574000 0.000000 0.000000 0.000000 1.000000
0.794251 0.607549 -0.007027 2.681900 -0.447488 0.577101 -0.683161 2.464800 -0.410999 0.545746 0.730234 1.574000 0.000000 0.000000 0.000000 1.000000
0.804738 0.590206 0.063665 2.681900 -0.462146 0.690195 -0.556822 2.464800 -0.372581 0.418673 0.828188 1.574000 0.000000 0.000000 0.000000 1.000000
0.822015 0.558858 0.109404 2.681900 -0.466837 0.771339 -0.432549 2.464800 -0.326121 0.304488 0.894948 1.574000 0.000000 0.000000 0.000000 1.000000
0.831205 0.541950 0.124053 2.681900 -0.466005 0.800832 -0.376174 2.464800 -0.303213 0.254869 0.918207 1.574000 0.000000 0.000000 0.000000 1.000000
0.825281 0.553639 0.111339 2.681900 -0.464939 0.778027 -0.422499 2.464800 -0.320537 0.296914 0.899499 1.574000 0.000000 0.000000 0.000000 1.000000
0.813101 0.577558 0.072756 2.681900 -0.458537 0.712455 -0.531180 2.464800 -0.358622 0.398541 0.844130 1.574000 0.000000 0.000000 0.000000 1.000000
0.803513 0.595201 0.010153 2.681900 -0.444550 0.611305 -0.654738 2.464800 -0.395907 0.521577 0.755788 1.574000 0.000000 0.000000 0.000000 1.000000
0.801298 0.594947 -0.062928 2.681900 -0.427827 0.496314 -0.755405 2.464800 -0.418193 0.632227 0.652230 1.574000 0.000000 0.000000 0.000000 1.000000
0.814904 0.568753 -0.111590 2.681900 -0.403167 0.417921 -0.814125 2.464800 -0.416400 0.708423 0.569867 1.574000 0.000000 0.000000 0.000000 1.000000
0.834978 0.534820 -0.129537 2.681900 -0.383021 0.395832 -0.834633 2.464800 -0.395104 0.746515 0.535358 1.574000 0.000000 0.000000 0.000000 1.000000
0.848755 0.510949 -0.136182 2.681900 -0.378234 0.406649 -0.831610 2.464800 -0.369533 0.757342 0.538404 1.574000 0.000000 0.000000 0.000000 1.000000
0.858125 0.494912 -0.136691 2.681900 -0.383133 0.439998 -0.812164 2.464800 -0.341806 0.749309 0.567190 1.574000 0.000000 0.000000 0.000000 1.000000
0.865048 0.483245 -0.134781 2.681900 -0.392585 0.484767 -0.781587 2.464800 -0.312361 0.729023 0.609062 1.574000 0.000000 0.000000 0.000000 1.000000
0.870515 0.473877 -0.132830 2.681900 -0.402279 0.529676 -0.746736 2.464800 -0.283504 0.703480 0.651722 1.574000 0.000000 0.000000 0.000000 1.000000
0.874391 0.466986 -0.131772 2.681900 -0.409278 0.563947 -0.717255 2.464800 -0.260636 0.681093 0.684238 1.574000 0.000000 0.000000 0.000000 1.000000
0.875872 0.464292 -0.131460 2.681900 -0.411939 0.577556 -0.704794 2.464800 -0.251305 0.671463 0.697125 1.574000 0.000000 0.000000 0.000000 1.000000
0.875872 0.464292 -0.131460 2.681900 -0.411940 0.577556 -0.704794 2.464800 -0.251305 0.671463 0.697125 1.574000 0.000000 0.000000 0.000000 1.000000
0.875872 0.464292 -0.131460 2.681900 -0.411940 0.577556 -0.704794 2.464800 -0.251305 0.671463 0.697125 1.574000 0.000000 0.000000 0.000000 1.000000
0.875872 0.464292 -0.131460 2.681900 -0.411940 0.577556 -0.704794 2.464800 -0.251305 0.671463 0.697125 1.574000 0.000000 0.000000 0.000000 1.000000
0.875872 0.464292 -0.131460 2.681900 -0.411940 0.577556 -0.704794 2.464800 -0.251305 0.671463 0.697125 1.574000 0.000000 0.000000 0.000000 1.000000
0.875872 0.464292 -0.131460 2.681900 -0.411940 0.577556 -0.704794 2.464800 -0.251305 0.671463 0.697125 1.574000 0.000000 0.000000 0.000000 1.000000
0.875872 0.464292 -0.131460 2.681900 -0.411940 0.577556 -0.704794 2.464800 -0.251305 0.671463 0.697125 1.574000 0.000000 0.000000 0.000000 1.000000
0.875872 0.464292 -0.131460 2.681900 -0.411940 0.577556 -0.704794 2.464800 -0.251305 0.671463 0.697125 1.574000 0.000000 0.000000 0.000000 1.000000
0.875872 0.464292 -0.131460 2.681900 -0.411940 0.577555 -0.704795 2.464800 -0.251305 0.671463 0.697125 1.574000 0.000000 0.000000 0.000000 1.000000
0.876367 0.463626 -0.130509 2.681900 -0.410115 0.576214 -0.706953 2.464800 -0.252560 0.673074 0.695115 1.574000 0.000000 0.000000 0.000000 1.000000
0.879800 0.458928 -0.123845 2.681900 -0.397268 0.566832 -0.721720 2.464800 -0.261018 0.684169 0.681016 1.574000 0.000000 0.000000 0.000000 1.000000
0.885314 0.451093 -0.112848 2.681900 -0.375923 0.551493 -0.744673 2.464800 -0.273681 0.701692 0.657820 1.574000 0.000000 0.000000 0.000000 1.000000
0.891482 0.441869 -0.100062 2.681900 -0.350968 0.533882 -0.769280 2.464800 -0.286499 0.720917 0.631028 1.574000 0.000000 0.000000 0.000000 1.000000
0.896896 0.433327 -0.088340 2.681900 -0.328061 0.517965 -0.789993 2.464800 -0.296568 0.737523 0.606719 1.574000 0.000000 0.000000 0.000000 1.000000
0.900220 0.427857 -0.080881 2.681900 -0.313504 0.507952 -0.802309 2.464800 -0.302190 0.747611 0.591404 1.574000 0.000000 0.000000 0.000000 1.000000
0.900696 0.427058 -0.079795 2.681900 -0.311386 0.506502 -0.804049 2.464800 -0.302960 0.749051 0.589184 1.574000 0.000000 0.000000 0.000000 1.000000
0.900696 0.427058 -0.079795 2.681900 -0.311386 0.506502 -0.804049 2.464800 -0.302960 0.749051 0.589184 1.574000 0.000000 0.000000 0.000000 1.000000
0.900696 0.427059 -0.079795 2.681900 -0.311387 0.506501 -0.804049 2.464800 -0.302960 0.749051 0.589184 1.574000 0.000000 0.000000 0.000000 1.000000
0.900696 0.427059 -0.079795 2.681900 -0.311387 0.506501 -0.804049 2.464800 -0.302960 0.749051 0.589184 1.574000 0.000000 0.000000 0.000000 1.000000
0.900696 0.427058 -0.079795 2.681900 -0.311386 0.506502 -0.804049 2.464800 -0.302960 0.749051 0.589184 1.574000 0.000000 0.000000 0.000000 1.000000
0.900696 0.427059 -0.079795 2.681900 -0.311386 0.506501 -0.804049 2.464800 -0.302960 0.749051 0.589184 1.574000 0.000000 0.000000 0.000000 1.000000
0.900289 0.428179 -0.078376 2.681900 -0.312555 0.510553 -0.801027 2.464800 -0.302968 0.745653 0.593475 1.574000 0.000000 0.000000 0.000000 1.000000
0.897515 0.435685 -0.068162 2.681900 -0.320997 0.539476 -0.778413 2.464800 -0.302371 0.720517 0.624041 1.574000 0.000000 0.000000 0.000000 1.000000
0.893464 0.446255 -0.050776 2.681900 -0.335442 0.587839 -0.736154 2.464800 -0.298665 0.674760 0.674906 1.574000 0.000000 0.000000 0.000000 1.000000
0.889789 0.455401 -0.029747 2.681900 -0.352919 0.645298 -0.677524 2.464800 -0.289350 0.613352 0.734899 1.574000 0.000000 0.000000 0.000000 1.000000
0.887672 0.460392 -0.008750 2.681900 -0.370169 0.702153 -0.608240 2.464800 -0.273885 0.543157 0.793705 1.574000 0.000000 0.000000 0.000000 1.000000
0.887407 0.460898 0.009054 2.681900 -0.384372 0.750622 -0.537424 2.464800 -0.254493 0.473434 0.843263 1.574000 0.000000 0.000000 0.000000 1.000000
0.888366 0.458624 0.021653 2.681900 -0.393948 0.785612 -0.477095 2.464800 -0.235818 0.415305 0.878585 1.574000 0.000000 0.000000 0.000000 1.000000
0.889382 0.456294 0.028209 2.681900 -0.398659 0.804287 -0.440673 2.464800 -0.223764 0.380681 0.897224 1.574000 0.000000 0.000000 0.000000 1.000000</float_array>
        <technique_common>
          <accessor source="#mixamorig_RightHandThumb1-Matrix-animation-output-transform-array" count="78" stride="16">
            <param type="float4x4"/>
          </accessor>
        </technique_common>
      </source>
      <source id="mixamorig_RightHandThumb1-Interpolations">
        <Name_array id="mixamorig_RightHandThumb1-Interpolations-array" count="78">
 LINEAR LINEAR LINEAR LINEAR LINEAR LINEAR LINEAR LINEAR LINEAR LINEAR LINEAR
LINEAR LINEAR LINEAR LINEAR LINEAR LINEAR LINEAR LINEAR LINEAR LINEAR LINEAR LINEAR
LINEAR LINEAR LINEAR LINEAR LINEAR LINEAR LINEAR LINEAR LINEAR LINEAR LINEAR LINEAR
LINEAR LINEAR LINEAR LINEAR LINEAR LINEAR LINEAR LINEAR LINEAR LINEAR LINEAR LINEAR
LINEAR LINEAR LINEAR LINEAR LINEAR LINEAR LINEAR LINEAR LINEAR LINEAR LINEAR LINEAR
LINEAR LINEAR LINEAR LINEAR LINEAR LINEAR LINEAR LINEAR LINEAR LINEAR LINEAR LINEAR
LINEAR LINEAR LINEAR LINEAR LINEAR LINEAR LINEAR</Name_array>
        <technique_common>
          <accessor source="#mixamorig_RightHandThumb1-Interpolations-array" count="78">
            <param type="name"/>
          </accessor>
        </technique_common>
      </source>
      <sampler id="mixamorig_RightHandThumb1-Matrix-animation-transform">
        <input semantic="INPUT" source="#mixamorig_RightHandThumb1-Matrix-animation-input"/>
        <input semantic="OUTPUT" source="#mixamorig_RightHandThumb1-Matrix-animation-output-transform"/>
        <input semantic="INTERPOLATION" source="#mixamorig_RightHandThumb1-Interpolations"/>
      </sampler>
      <channel source="#mixamorig_RightHandThumb1-Matrix-animation-transform" target="mixamorig_RightHandThumb1/matrix"/>
    </animation>
    <animation id="mixamorig_RightHandThumb2-anim" name="mixamorig_RightHandThumb2">
      <source id="mixamorig_RightHandThumb2-Matrix-animation-input">
        <float_array id="mixamorig_RightHandThumb2-Matrix-animation-input-array" count="78">

0.000000 0.033333 0.066667 0.100000 0.133333 0.166667 0.200000 0.233333 0.266667 0.300000 0.333333 0.366667 0.400000 0.433333 0.466667 0.500000
0.533333 0.566667 0.600000 0.633333 0.666667 0.700000 0.733333 0.766667 0.800000 0.833333 0.866667 0.900000 0.933333 0.966667 1.000000 1.033333
1.066667 1.100000 1.133333 1.166667 1.200000 1.233333 1.266667 1.300000 1.333333 1.366667 1.400000 1.433333 1.466667 1.500000 1.533333 1.566667
1.600000 1.633333 1.666667 1.700000 1.733333 1.766667 1.800000 1.833333 1.866667 1.900000 1.933333 1.966667 2.000000 2.033333 2.066667 2.100000
2.133333 2.166667 2.200000 2.233333 2.266667 2.300000 2.333333 2.366667 2.400000 2.433333 2.466667 2.500000 2.533333 2.566667</float_array>
        <technique_common>
          <accessor source="#mixamorig_RightHandThumb2-Matrix-animation-input-array" count="78">
            <param name="TIME" type="float"/>
          </accessor>
        </technique_common>
      </source>
      <source id="mixamorig_RightHandThumb2-Matrix-animation-output-transform">
        <float_array id="mixamorig_RightHandThumb2-Matrix-animation-output-transform-array" count="1248">

0.852284 -0.463667 -0.242126 0.000000 0.515574 0.822772 0.239227 4.189000 0.088293 -0.328723 0.940290 0.000000 0.000000 0.000000 0.000000 1.000000
0.852353 -0.459660 -0.249412 0.000000 0.514822 0.821347 0.245657 4.189000 0.091935 -0.337790 0.936721 0.000000 0.000000 0.000000 0.000000 1.000000
0.852415 -0.448562 -0.268664 -0.000000 0.512877 0.817264 0.262746 4.189000 0.101711 -0.361761 0.926706 -0.000000 0.000000 0.000000 0.000000 1.000000
0.852181 -0.431574 -0.295857 0.000000 0.510243 0.810684 0.287130 4.189000 0.115929 -0.395646 0.911057 0.000000 0.000000 0.000000 0.000000 1.000000
0.851409 -0.410096 -0.326993 -0.000000 0.507398 0.801899 0.315444 4.189000 0.132853 -0.434487 0.890826 0.000000 0.000000 0.000000 0.000000 1.000000
0.850026 -0.386088 -0.358317 0.000000 0.504734 0.791588 0.344429 4.189000 0.150660 -0.473629 0.867743 -0.000000 0.000000 0.000000 0.000000 1.000000
0.848206 -0.362190 -0.386478 -0.000000 0.502508 0.780917 0.371017 4.189000 0.167429 -0.508907 0.844382 0.000000 0.000000 0.000000 0.000000 1.000000
0.846366 -0.341646 -0.408585 0.000000 0.500843 0.771487 0.392381 4.189000 0.181163 -0.536736 0.824072 0.000000 0.000000 0.000000 0.000000 1.000000
0.845264 -0.326885 -0.422700 0.000000 0.499366 0.764755 0.407166 4.189000 0.190165 -0.555244 0.809655 0.000000 0.000000 0.000000 0.000000 1.000000
0.844507 -0.314471 -0.433492 0.000000 0.497907 0.759130 0.419298 4.189000 0.197220 -0.569939 0.797668 0.000000 0.000000 0.000000 0.000000 1.000000
0.843755 -0.303881 -0.442418 -0.000000 0.496764 0.754253 0.429333 4.189000 0.203229 -0.582030 0.787362 -0.000000 0.000000 0.000000 0.000000 1.000000
0.843064 -0.295178 -0.449569 0.000000 0.495895 0.750193 0.437376 4.189000 0.208160 -0.591675 0.778839 0.000000 0.000000 0.000000 0.000000 1.000000
0.842481 -0.288402 -0.455027 0.000000 0.495261 0.747002 0.443515 4.189000 0.211996 -0.599010 0.772169 0.000000 0.000000 0.000000 0.000000 1.000000
0.842041 -0.283570 -0.458862 0.000000 0.494832 0.744709 0.447828 4.189000 0.214728 -0.604149 0.767395 -0.000000 0.000000 0.000000 0.000000 1.000000
0.841769 -0.280683 -0.461131 0.000000 0.494583 0.743333 0.450381 4.189000 0.216360 -0.607184 0.764536 0.000000 0.000000 0.000000 0.000000 1.000000
0.841677 -0.279726 -0.461879 0.000000 0.494503 0.742876 0.451222 4.189000 0.216900 -0.608184 0.763588 -0.000000 0.000000 0.000000 0.000000 1.000000
0.841678 -0.279726 -0.461879 0.000000 0.494503 0.742876 0.451222 4.189000 0.216900 -0.608184 0.763588 0.000000 0.000000 0.000000 0.000000 1.000000
0.841678 -0.279726 -0.461879 0.000000 0.494503 0.742877 0.451222 4.189000 0.216900 -0.608184 0.763588 0.000000 0.000000 0.000000 0.000000 1.000000
0.841677 -0.279727 -0.461879 0.000000 0.494503 0.742877 0.451222 4.189000 0.216901 -0.608184 0.763588 0.000000 0.000000 0.000000 0.000000 1.000000
0.841678 -0.279727 -0.461879 0.000000 0.494503 0.742876 0.451222 4.189000 0.216900 -0.608184 0.763588 0.000000 0.000000 0.000000 0.000000 1.000000
0.841677 -0.279726 -0.461879 0.000000 0.494503 0.742876 0.451222 4.189000 0.216900 -0.608184 0.763588 -0.000000 0.000000 0.000000 0.000000 1.000000
0.841731 -0.280162 -0.461517 0.000000 0.494527 0.743090 0.450845 4.189000 0.216639 -0.607723 0.764029 -0.000000 0.000000 0.000000 0.000000 1.000000
0.841813 -0.280835 -0.460958 0.000000 0.494563 0.743419 0.450262 4.189000 0.216236 -0.607009 0.764710 0.000000 0.000000 0.000000 0.000000 1.000000
0.841829 -0.280963 -0.460850 -0.000000 0.494570 0.743482 0.450151 4.189000 0.216158 -0.606873 0.764841 0.000000 0.000000 0.000000 0.000000 1.000000
0.841829 -0.280963 -0.460851 -0.000000 0.494570 0.743482 0.450150 4.189000 0.216159 -0.606873 0.764840 -0.000000 0.000000 0.000000 0.000000 1.000000
0.841829 -0.280964 -0.460851 0.000000 0.494570 0.743482 0.450150 4.189000 0.216158 -0.606872 0.764841 0.000000 0.000000 0.000000 0.000000 1.000000
0.841829 -0.280964 -0.460851 0.000000 0.494570 0.743482 0.450150 4.189000 0.216158 -0.606872 0.764841 0.000000 0.000000 0.000000 0.000000 1.000000
0.841829 -0.280963 -0.460851 0.000000 0.494570 0.743482 0.450150 4.189000 0.216158 -0.606873 0.764841 0.000000 0.000000 0.000000 0.000000 1.000000
0.843659 -0.275410 -0.460857 0.000000 0.488491 0.749918 0.446093 4.189000 0.222747 -0.601475 0.767211 -0.000000 0.000000 0.000000 0.000000 1.000000
0.854304 -0.237260 -0.462464 0.000000 0.446201 0.791106 0.418397 4.189000 0.266589 -0.563790 0.781710 0.000000 0.000000 0.000000 0.000000 1.000000
0.864689 -0.177221 -0.470005 0.000000 0.377650 0.846320 0.375664 4.189000 0.331199 -0.502330 0.798731 0.000000 0.000000 0.000000 0.000000 1.000000
0.867741 -0.115116 -0.483502 0.000000 0.303943 0.892609 0.332968 4.189000 0.393248 -0.435887 0.809542 0.000000 0.000000 0.000000 0.000000 1.000000
0.865484 -0.073333 -0.495539 0.000000 0.252618 0.918124 0.305341 4.189000 0.432575 -0.389450 0.813147 0.000000 0.000000 0.000000 0.000000 1.000000
0.864847 -0.067085 -0.497533 0.000000 0.244817 0.921566 0.301298 4.189000 0.438297 -0.382381 0.813437 0.000000 0.000000 0.000000 0.000000 1.000000
0.864847 -0.067085 -0.497533 0.000000 0.244817 0.921566 0.301297 4.189000 0.438297 -0.382381 0.813437 0.000000 0.000000 0.000000 0.000000 1.000000
0.864847 -0.067085 -0.497533 0.000000 0.244817 0.921566 0.301298 4.189000 0.438297 -0.382381 0.813437 -0.000000 0.000000 0.000000 0.000000 1.000000
0.864847 -0.067085 -0.497533 0.000000 0.244817 0.921566 0.301298 4.189000 0.438297 -0.382381 0.813437 -0.000000 0.000000 0.000000 0.000000 1.000000
0.864847 -0.067085 -0.497533 0.000000 0.244817 0.921566 0.301298 4.189000 0.438297 -0.382381 0.813438 0.000000 0.000000 0.000000 0.000000 1.000000
0.864847 -0.067085 -0.497533 -0.000000 0.244816 0.921567 0.301297 4.189000 0.438297 -0.382380 0.813438 0.000000 0.000000 0.000000 0.000000 1.000000
0.864847 -0.067085 -0.497533 0.000000 0.244816 0.921566 0.301298 4.189000 0.438297 -0.382381 0.813438 0.000000 0.000000 0.000000 0.000000 1.000000
0.864847 -0.067085 -0.497533 -0.000000 0.244817 0.921566 0.301297 4.189000 0.438297 -0.382381 0.813438 0.000000 0.000000 0.000000 0.000000 1.000000
0.864847 -0.067085 -0.497533 0.000000 0.244816 0.921566 0.301298 4.189000 0.438297 -0.382381 0.813438 -0.000000 0.000000 0.000000 0.000000 1.000000
0.865265 -0.070583 -0.496321 0.000000 0.248428 0.920297 0.302221 4.189000 0.435431 -0.384801 0.813835 0.000000 0.000000 0.000000 0.000000 1.000000
0.867744 -0.095612 -0.487728 0.000000 0.274090 0.910668 0.309126 4.189000 0.414602 -0.401923 0.816433 -0.000000 0.000000 0.000000 0.000000 1.000000
0.870164 -0.137721 -0.473125 0.000000 0.316493 0.892127 0.322401 4.189000 0.377686 -0.430282 0.819884 0.000000 0.000000 0.000000 0.000000 1.000000
0.869677 -0.189046 -0.455986 -0.000000 0.366767 0.865723 0.340596 4.189000 0.330369 -0.463449 0.822235 0.000000 0.000000 0.000000 0.000000 1.000000
0.864779 -0.241949 -0.440022 0.000000 0.417017 0.834181 0.360887 4.189000 0.279741 -0.495584 0.822278 -0.000000 0.000000 0.000000 0.000000 1.000000
0.856780 -0.288479 -0.427443 0.000000 0.459859 0.802507 0.380148 4.189000 0.233361 -0.522267 0.820232 -0.000000 0.000000 0.000000 0.000000 1.000000
0.849024 -0.321320 -0.419419 -0.000000 0.489281 0.777746 0.394608 4.189000 0.199406 -0.540245 0.817540 0.000000 0.000000 0.000000 0.000000 1.000000
0.845623 -0.333750 -0.416572 0.000000 0.500229 0.767820 0.400280 4.189000 0.186259 -0.546867 0.816237 0.000000 0.000000 0.000000 0.000000 1.000000
0.845623 -0.333751 -0.416572 -0.000000 0.500230 0.767820 0.400279 4.189000 0.186259 -0.546867 0.816238 0.000000 0.000000 0.000000 0.000000 1.000000
0.845623 -0.333751 -0.416572 -0.000000 0.500230 0.767819 0.400279 4.189000 0.186259 -0.546867 0.816238 0.000000 0.000000 0.000000 0.000000 1.000000
0.845623 -0.333751 -0.416572 -0.000000 0.500230 0.767819 0.400279 4.189000 0.186259 -0.546867 0.816238 0.000000 0.000000 0.000000 0.000000 1.000000
0.845623 -0.333751 -0.416572 0.000000 0.500229 0.767820 0.400279 4.189000 0.186259 -0.546867 0.816238 0.000000 0.000000 0.000000 0.000000 1.000000
0.845623 -0.333751 -0.416573 0.000000 0.500230 0.767819 0.400279 4.189000 0.186259 -0.546867 0.816238 0.000000 0.000000 0.000000 0.000000 1.000000
0.845623 -0.333751 -0.416572 -0.000000 0.500229 0.767820 0.400279 4.189000 0.186259 -0.546867 0.816238 -0.000000 0.000000 0.000000 0.000000 1.000000
0.845623 -0.333751 -0.416572 0.000000 0.500230 0.767820 0.400279 4.189000 0.186259 -0.546867 0.816238 0.000000 0.000000 0.000000 0.000000 1.000000
0.845623 -0.333751 -0.416572 0.000000 0.500229 0.767820 0.400279 4.189000 0.186259 -0.546867 0.816238 0.000000 0.000000 0.000000 0.000000 1.000000
0.845573 -0.332750 -0.417473 0.000000 0.500101 0.767375 0.401291 4.189000 0.186829 -0.548100 0.815280 0.000000 0.000000 0.000000 0.000000 1.000000
0.845201 -0.325760 -0.423692 0.000000 0.499228 0.764249 0.408282 4.189000 0.190804 -0.556600 0.808573 0.000000 0.000000 0.000000 0.000000 1.000000
0.844500 -0.314351 -0.433595 0.000000 0.497893 0.759076 0.419412 4.189000 0.197289 -0.570077 0.797552 0.000000 0.000000 0.000000 0.000000 1.000000
0.843556 -0.301276 -0.444575 0.000000 0.496497 0.753044 0.431759 4.189000 0.204706 -0.584943 0.784817 0.000000 0.000000 0.000000 0.000000 1.000000
0.842576 -0.289475 -0.454169 0.000000 0.495359 0.747509 0.442549 4.189000 0.211388 -0.597858 0.773228 -0.000000 0.000000 0.000000 0.000000 1.000000
0.841922 -0.282044 -0.460021 -0.000000 0.494673 0.743993 0.449192 4.189000 0.215560 -0.605744 0.765903 -0.000000 0.000000 0.000000 0.000000 1.000000
0.841829 -0.280964 -0.460851 0.000000 0.494570 0.743482 0.450151 4.189000 0.216158 -0.606873 0.764841 0.000000 0.000000 0.000000 0.000000 1.000000
0.841829 -0.280963 -0.460851 0.000000 0.494570 0.743482 0.450151 4.189000 0.216158 -0.606873 0.764841 0.000000 0.000000 0.000000 0.000000 1.000000
0.841829 -0.280963 -0.460851 0.000000 0.494570 0.743482 0.450150 4.189000 0.216159 -0.606873 0.764841 0.000000 0.000000 0.000000 0.000000 1.000000
0.841829 -0.280963 -0.460851 0.000000 0.494570 0.743482 0.450150 4.189000 0.216159 -0.606872 0.764841 0.000000 0.000000 0.000000 0.000000 1.000000
0.841829 -0.280963 -0.460851 0.000000 0.494570 0.743482 0.450150 4.189000 0.216158 -0.606873 0.764841 0.000000 0.000000 0.000000 0.000000 1.000000
0.841829 -0.280964 -0.460851 0.000000 0.494570 0.743482 0.450150 4.189000 0.216158 -0.606873 0.764840 -0.000000 0.000000 0.000000 0.000000 1.000000
0.842133 -0.283466 -0.458758 0.000000 0.494708 0.744704 0.447973 4.189000 0.214654 -0.604204 0.767373 -0.000000 0.000000 0.000000 0.000000 1.000000
0.844193 -0.301252 -0.443379 0.000000 0.495771 0.753324 0.432105 4.189000 0.203835 -0.584594 0.785303 0.000000 0.000000 0.000000 0.000000 1.000000
0.847199 -0.330743 -0.415768 0.000000 0.497897 0.767303 0.404160 4.189000 0.185347 -0.549413 0.814734 -0.000000 0.000000 0.000000 0.000000 1.000000
0.850015 -0.365496 -0.379324 0.000000 0.501062 0.783188 0.368176 4.189000 0.162515 -0.503020 0.848858 0.000000 0.000000 0.000000 0.000000 1.000000
0.851905 -0.399769 -0.338294 -0.000000 0.505025 0.798077 0.328668 4.189000 0.138594 -0.450841 0.881779 0.000000 0.000000 0.000000 0.000000 1.000000
0.852676 -0.429109 -0.298008 -0.000000 0.509252 0.810025 0.290725 4.189000 0.116642 -0.399655 0.909214 0.000000 0.000000 0.000000 0.000000 1.000000
0.852628 -0.450528 -0.264671 0.000000 0.512965 0.818132 0.259859 4.189000 0.099461 -0.357330 0.928667 0.000000 0.000000 0.000000 0.000000 1.000000
0.852339 -0.462112 -0.244890 0.000000 0.515250 0.822238 0.241747 4.189000 0.089644 -0.332230 0.938929 0.000000 0.000000 0.000000 0.000000 1.000000</float_array>
        <technique_common>
          <accessor source="#mixamorig_RightHandThumb2-Matrix-animation-output-transform-array" count="78" stride="16">
            <param type="float4x4"/>
          </accessor>
        </technique_common>
      </source>
      <source id="mixamorig_RightHandThumb2-Interpolations">
        <Name_array id="mixamorig_RightHandThumb2-Interpolations-array" count="78">
 LINEAR LINEAR LINEAR LINEAR LINEAR LINEAR LINEAR LINEAR LINEAR LINEAR LINEAR
LINEAR LINEAR LINEAR LINEAR LINEAR LINEAR LINEAR LINEAR LINEAR LINEAR LINEAR LINEAR
LINEAR LINEAR LINEAR LINEAR LINEAR LINEAR LINEAR LINEAR LINEAR LINEAR LINEAR LINEAR
LINEAR LINEAR LINEAR LINEAR LINEAR LINEAR LINEAR LINEAR LINEAR LINEAR LINEAR LINEAR
LINEAR LINEAR LINEAR LINEAR LINEAR LINEAR LINEAR LINEAR LINEAR LINEAR LINEAR LINEAR
LINEAR LINEAR LINEAR LINEAR LINEAR LINEAR LINEAR LINEAR LINEAR LINEAR LINEAR LINEAR
LINEAR LINEAR LINEAR LINEAR LINEAR LINEAR LINEAR</Name_array>
        <technique_common>
          <accessor source="#mixamorig_RightHandThumb2-Interpolations-array" count="78">
            <param type="name"/>
          </accessor>
        </technique_common>
      </source>
      <sampler id="mixamorig_RightHandThumb2-Matrix-animation-transform">
        <input semantic="INPUT" source="#mixamorig_RightHandThumb2-Matrix-animation-input"/>
        <input semantic="OUTPUT" source="#mixamorig_RightHandThumb2-Matrix-animation-output-transform"/>
        <input semantic="INTERPOLATION" source="#mixamorig_RightHandThumb2-Interpolations"/>
      </sampler>
      <channel source="#mixamorig_RightHandThumb2-Matrix-animation-transform" target="mixamorig_RightHandThumb2/matrix"/>
    </animation>
    <animation id="mixamorig_RightHandThumb3-anim" name="mixamorig_RightHandThumb3">
      <source id="mixamorig_RightHandThumb3-Matrix-animation-input">
        <float_array id="mixamorig_RightHandThumb3-Matrix-animation-input-array" count="78">

0.000000 0.033333 0.066667 0.100000 0.133333 0.166667 0.200000 0.233333 0.266667 0.300000 0.333333 0.366667 0.400000 0.433333 0.466667 0.500000
0.533333 0.566667 0.600000 0.633333 0.666667 0.700000 0.733333 0.766667 0.800000 0.833333 0.866667 0.900000 0.933333 0.966667 1.000000 1.033333
1.066667 1.100000 1.133333 1.166667 1.200000 1.233333 1.266667 1.300000 1.333333 1.366667 1.400000 1.433333 1.466667 1.500000 1.533333 1.566667
1.600000 1.633333 1.666667 1.700000 1.733333 1.766667 1.800000 1.833333 1.866667 1.900000 1.933333 1.966667 2.000000 2.033333 2.066667 2.100000
2.133333 2.166667 2.200000 2.233333 2.266667 2.300000 2.333333 2.366667 2.400000 2.433333 2.466667 2.500000 2.533333 2.566667</float_array>
        <technique_common>
          <accessor source="#mixamorig_RightHandThumb3-Matrix-animation-input-array" count="78">
            <param name="TIME" type="float"/>
          </accessor>
        </technique_common>
      </source>
      <source id="mixamorig_RightHandThumb3-Matrix-animation-output-transform">
        <float_array id="mixamorig_RightHandThumb3-Matrix-animation-output-transform-array" count="1248">

0.987074 -0.080072 0.138828 0.000000 0.041775 0.964847 0.259472 3.416300 -0.154724 -0.250319 0.955720 0.000000 0.000000 0.000000 0.000000 1.000000
0.986192 -0.088296 0.140101 -0.000000 0.048695 0.963218 0.264273 3.416300 -0.158282 -0.253801 0.954218 -0.000000 0.000000 0.000000 0.000000 1.000000
0.983545 -0.110211 0.143154 0.000000 0.067063 0.958482 0.277154 3.416300 -0.167756 -0.262993 0.950101 0.000000 0.000000 0.000000 0.000000 1.000000
0.978992 -0.141640 0.146671 -0.000000 0.093221 0.950677 0.295843 3.416300 -0.181340 -0.275955 0.943909 0.000000 0.000000 0.000000 0.000000 1.000000
0.972545 -0.178370 0.149466 0.000000 0.123535 0.940014 0.317983 3.416300 -0.197219 -0.290788 0.936241 0.000000 0.000000 0.000000 0.000000 1.000000
0.964628 -0.216224 0.150799 -0.000000 0.154519 0.927239 0.341105 3.416300 -0.213582 -0.305738 0.927851 0.000000 0.000000 0.000000 0.000000 1.000000
0.956170 -0.251152 0.150538 0.000000 0.182919 0.913785 0.362682 3.416300 -0.228648 -0.319249 0.919674 -0.000000 0.000000 0.000000 0.000000 1.000000
0.948549 -0.279305 0.149142 0.000000 0.205738 0.901729 0.380207 3.416300 -0.240679 -0.329961 0.912797 -0.000000 0.000000 0.000000 0.000000 1.000000
0.943172 -0.298285 0.146469 0.000000 0.221541 0.892941 0.391887 3.416300 -0.247683 -0.337168 0.908279 0.000000 0.000000 0.000000 0.000000 1.000000
0.938733 -0.313490 0.143190 -0.000000 0.234518 0.885483 0.401149 3.416300 -0.252548 -0.342991 0.904752 0.000000 0.000000 0.000000 0.000000 1.000000
0.934838 -0.326144 0.140387 -0.000000 0.245257 0.879001 0.408908 3.416300 -0.256763 -0.347831 0.901713 0.000000 0.000000 0.000000 0.000000 1.000000
0.931562 -0.336341 0.138083 0.000000 0.253871 0.873598 0.415183 3.416300 -0.260272 -0.351713 0.899197 -0.000000 0.000000 0.000000 0.000000 1.000000
0.928966 -0.344162 0.136292 0.000000 0.260454 0.869345 0.420004 3.416300 -0.263034 -0.354671 0.897230 0.000000 0.000000 0.000000 0.000000 1.000000
0.927090 -0.349679 0.135016 0.000000 0.265084 0.866290 0.423406 3.416300 -0.265019 -0.356744 0.895823 -0.000000 0.000000 0.000000 0.000000 1.000000
0.925959 -0.352953 0.134255 0.000000 0.267827 0.864456 0.425423 3.416300 -0.266212 -0.357967 0.894981 0.000000 0.000000 0.000000 0.000000 1.000000
0.925583 -0.354034 0.134003 0.000000 0.268733 0.863847 0.426088 3.416300 -0.266608 -0.358369 0.894702 0.000000 0.000000 0.000000 0.000000 1.000000
0.925583 -0.354034 0.134003 0.000000 0.268732 0.863847 0.426089 3.416300 -0.266608 -0.358369 0.894702 -0.000000 0.000000 0.000000 0.000000 1.000000
0.925582 -0.354034 0.134003 0.000000 0.268732 0.863847 0.426089 3.416300 -0.266608 -0.358369 0.894702 -0.000000 0.000000 0.000000 0.000000 1.000000
0.925582 -0.354034 0.134003 -0.000000 0.268732 0.863847 0.426089 3.416300 -0.266608 -0.358369 0.894702 0.000000 0.000000 0.000000 0.000000 1.000000
0.925583 -0.354034 0.134003 0.000000 0.268732 0.863847 0.426089 3.416300 -0.266608 -0.358369 0.894702 -0.000000 0.000000 0.000000 0.000000 1.000000
0.925583 -0.354034 0.134003 -0.000000 0.268732 0.863847 0.426088 3.416300 -0.266608 -0.358369 0.894702 0.000000 0.000000 0.000000 0.000000 1.000000
0.925762 -0.353533 0.134090 -0.000000 0.268325 0.864128 0.425775 3.416300 -0.266397 -0.358186 0.894838 0.000000 0.000000 0.000000 0.000000 1.000000
0.926038 -0.352757 0.134224 0.000000 0.267695 0.864562 0.425290 3.416300 -0.266069 -0.357904 0.895049 0.000000 0.000000 0.000000 0.000000 1.000000
0.926091 -0.352609 0.134250 -0.000000 0.267575 0.864645 0.425197 3.416300 -0.266007 -0.357849 0.895089 0.000000 0.000000 0.000000 0.000000 1.000000
0.926091 -0.352609 0.134250 0.000000 0.267575 0.864645 0.425198 3.416300 -0.266007 -0.357850 0.895089 0.000000 0.000000 0.000000 0.000000 1.000000
0.926091 -0.352609 0.134250 0.000000 0.267575 0.864645 0.425198 3.416300 -0.266007 -0.357850 0.895089 0.000000 0.000000 0.000000 0.000000 1.000000
0.926091 -0.352609 0.134250 0.000000 0.267575 0.864645 0.425198 3.416300 -0.266007 -0.357850 0.895089 0.000000 0.000000 0.000000 0.000000 1.000000
0.926091 -0.352609 0.134250 0.000000 0.267575 0.864645 0.425198 3.416300 -0.266007 -0.357850 0.895089 0.000000 0.000000 0.000000 0.000000 1.000000
0.926309 -0.351786 0.134904 -0.000000 0.266989 0.865530 0.423762 3.416300 -0.265837 -0.356517 0.895671 0.000000 0.000000 0.000000 0.000000 1.000000
0.927946 -0.346010 0.138541 -0.000000 0.262981 0.871231 0.414484 3.416300 -0.264117 -0.348185 0.899450 0.000000 0.000000 0.000000 0.000000 1.000000
0.930702 -0.336511 0.143369 0.000000 0.255924 0.879117 0.402064 3.416300 -0.261337 -0.337510 0.904317 0.000000 0.000000 0.000000 0.000000 1.000000
0.934045 -0.325614 0.146751 0.000000 0.247001 0.885702 0.393094 3.416300 -0.257974 -0.330920 0.907712 0.000000 0.000000 0.000000 0.000000 1.000000
0.937567 -0.315814 0.145706 -0.000000 0.237755 0.887720 0.394241 3.416300 -0.253853 -0.334985 0.907383 0.000000 0.000000 0.000000 0.000000 1.000000
0.942157 -0.308823 0.130263 0.000000 0.231904 0.881229 0.411893 3.416300 -0.241993 -0.357859 0.901874 -0.000000 0.000000 0.000000 0.000000 1.000000
0.948610 -0.301064 0.097463 0.000000 0.227111 0.862188 0.452827 3.416300 -0.220362 -0.407421 0.886255 0.000000 0.000000 0.000000 0.000000 1.000000
0.954839 -0.291376 0.058154 0.000000 0.224461 0.835622 0.501351 3.416300 -0.194677 -0.465656 0.863288 0.000000 0.000000 0.000000 0.000000 1.000000
0.959117 -0.281881 0.025238 0.000000 0.224035 0.810719 0.540872 3.416300 -0.172923 -0.513105 0.840726 -0.000000 0.000000 0.000000 0.000000 1.000000
0.960663 -0.277480 0.011458 0.000000 0.224314 0.799601 0.557064 3.416300 -0.163736 -0.532581 0.830390 0.000000 0.000000 0.000000 0.000000 1.000000
0.959251 -0.281651 0.022597 0.000000 0.224553 0.808437 0.544064 3.416300 -0.171505 -0.516820 0.838739 0.000000 0.000000 0.000000 0.000000 1.000000
0.955341 -0.291136 0.050634 0.000000 0.225716 0.829516 0.510839 3.416300 -0.190726 -0.476596 0.858184 0.000000 0.000000 0.000000 0.000000 1.000000
0.949474 -0.301433 0.087389 -0.000000 0.228430 0.854680 0.466200 3.416300 -0.215217 -0.422682 0.880353 0.000000 0.000000 0.000000 0.000000 1.000000
0.942763 -0.309412 0.124349 -0.000000 0.232484 0.877198 0.420089 3.416300 -0.239060 -0.367135 0.898923 0.000000 0.000000 0.000000 0.000000 1.000000
0.938616 -0.312168 0.146804 0.000000 0.234721 0.889797 0.391366 3.416300 -0.252798 -0.332884 0.908450 0.000000 0.000000 0.000000 0.000000 1.000000
0.938332 -0.310493 0.152075 -0.000000 0.234783 0.895137 0.378954 3.416300 -0.253790 -0.319880 0.912835 0.000000 0.000000 0.000000 0.000000 1.000000
0.939095 -0.307115 0.154213 0.000000 0.232377 0.898077 0.373443 3.416300 -0.253185 -0.314862 0.914745 0.000000 0.000000 0.000000 0.000000 1.000000
0.940512 -0.302768 0.154171 0.000000 0.228298 0.899220 0.373207 3.416300 -0.251629 -0.315809 0.914848 0.000000 0.000000 0.000000 0.000000 1.000000
0.942228 -0.298122 0.152738 0.000000 0.223473 0.899117 0.376362 3.416300 -0.249531 -0.320486 0.913796 0.000000 0.000000 0.000000 0.000000 1.000000
0.943869 -0.293913 0.150757 0.000000 0.218894 0.898330 0.380904 3.416300 -0.247382 -0.326524 0.912242 0.000000 0.000000 0.000000 0.000000 1.000000
0.945087 -0.290867 0.149021 0.000000 0.215500 0.897428 0.384945 3.416300 -0.245704 -0.331693 0.910829 -0.000000 0.000000 0.000000 0.000000 1.000000
0.945564 -0.289693 0.148278 -0.000000 0.214175 0.896995 0.386690 3.416300 -0.245026 -0.333883 0.910211 -0.000000 0.000000 0.000000 0.000000 1.000000
0.945564 -0.289693 0.148278 0.000000 0.214174 0.896995 0.386691 3.416300 -0.245026 -0.333883 0.910211 0.000000 0.000000 0.000000 0.000000 1.000000
0.945564 -0.289693 0.148278 -0.000000 0.214174 0.896995 0.386690 3.416300 -0.245026 -0.333883 0.910211 0.000000 0.000000 0.000000 0.000000 1.000000
0.945564 -0.289693 0.148278 0.000000 0.214174 0.896995 0.386691 3.416300 -0.245026 -0.333883 0.910211 0.000000 0.000000 0.000000 0.000000 1.000000
0.945564 -0.289693 0.148278 0.000000 0.214174 0.896995 0.386691 3.416300 -0.245026 -0.333884 0.910211 0.000000 0.000000 0.000000 0.000000 1.000000
0.945564 -0.289693 0.148278 0.000000 0.214174 0.896995 0.386690 3.416300 -0.245026 -0.333883 0.910211 0.000000 0.000000 0.000000 0.000000 1.000000
0.945564 -0.289693 0.148278 0.000000 0.214174 0.896995 0.386690 3.416300 -0.245026 -0.333883 0.910211 0.000000 0.000000 0.000000 0.000000 1.000000
0.945564 -0.289693 0.148278 -0.000000 0.214174 0.896995 0.386691 3.416300 -0.245026 -0.333884 0.910211 0.000000 0.000000 0.000000 0.000000 1.000000
0.945564 -0.289693 0.148278 0.000000 0.214174 0.896995 0.386691 3.416300 -0.245026 -0.333883 0.910211 -0.000000 0.000000 0.000000 0.000000 1.000000
0.945219 -0.290952 0.148012 0.000000 0.215254 0.896406 0.387456 3.416300 -0.245410 -0.334371 0.909929 0.000000 0.000000 0.000000 0.000000 1.000000
0.942782 -0.299665 0.146160 0.000000 0.222717 0.892263 0.392764 3.416300 -0.248111 -0.337739 0.907950 0.000000 0.000000 0.000000 0.000000 1.000000
0.938700 -0.313614 0.143139 0.000000 0.234615 0.885397 0.401282 3.416300 -0.252583 -0.343101 0.904701 0.000000 0.000000 0.000000 0.000000 1.000000
0.933871 -0.329200 0.139684 0.000000 0.247837 0.877381 0.410828 3.416300 -0.257801 -0.349041 0.900949 0.000000 0.000000 0.000000 0.000000 1.000000
0.929382 -0.342925 0.136571 0.000000 0.259412 0.870018 0.419255 3.416300 -0.262592 -0.354219 0.897538 0.000000 0.000000 0.000000 0.000000 1.000000
0.926507 -0.351393 0.134569 0.000000 0.266541 0.865328 0.424456 3.416300 -0.265597 -0.357394 0.895393 0.000000 0.000000 0.000000 0.000000 1.000000
0.926091 -0.352609 0.134250 0.000000 0.267575 0.864645 0.425198 3.416300 -0.266007 -0.357850 0.895089 0.000000 0.000000 0.000000 0.000000 1.000000
0.926091 -0.352609 0.134250 0.000000 0.267575 0.864645 0.425197 3.416300 -0.266007 -0.357849 0.895089 0.000000 0.000000 0.000000 0.000000 1.000000
0.926091 -0.352609 0.134250 -0.000000 0.267575 0.864645 0.425197 3.416300 -0.266007 -0.357849 0.895089 -0.000000 0.000000 0.000000 0.000000 1.000000
0.926091 -0.352609 0.134250 0.000000 0.267575 0.864645 0.425198 3.416300 -0.266007 -0.357850 0.895089 0.000000 0.000000 0.000000 0.000000 1.000000
0.926091 -0.352609 0.134250 0.000000 0.267575 0.864645 0.425198 3.416300 -0.266007 -0.357849 0.895089 0.000000 0.000000 0.000000 0.000000 1.000000
0.926091 -0.352609 0.134250 0.000000 0.267575 0.864645 0.425197 3.416300 -0.266007 -0.357850 0.895089 -0.000000 0.000000 0.000000 0.000000 1.000000
0.927116 -0.349714 0.134743 -0.000000 0.265224 0.866255 0.423389 3.416300 -0.264787 -0.356794 0.895872 -0.000000 0.000000 0.000000 0.000000 1.000000
0.934306 -0.328675 0.138006 0.000000 0.248116 0.877568 0.410261 3.416300 -0.255952 -0.349067 0.901466 -0.000000 0.000000 0.000000 0.000000 1.000000
0.945801 -0.291856 0.142412 0.000000 0.218083 0.895753 0.387384 3.416300 -0.240627 -0.335331 0.910852 0.000000 0.000000 0.000000 0.000000 1.000000
0.958542 -0.244861 0.145741 0.000000 0.179537 0.916141 0.358403 3.416300 -0.221278 -0.317379 0.922121 0.000000 0.000000 0.000000 0.000000 1.000000
0.970030 -0.193783 0.146595 0.000000 0.137313 0.934910 0.327243 3.416300 -0.200468 -0.297306 0.933500 -0.000000 0.000000 0.000000 0.000000 1.000000
0.978735 -0.145224 0.144870 0.000000 0.096797 0.949644 0.298005 3.416300 -0.180852 -0.277645 0.943507 0.000000 0.000000 0.000000 0.000000 1.000000
0.984204 -0.106072 0.141741 -0.000000 0.063830 0.959396 0.274747 3.416300 -0.165128 -0.261359 0.951012 -0.000000 0.000000 0.000000 0.000000 1.000000
0.986757 -0.083240 0.139218 0.000000 0.044470 0.964226 0.261326 3.416300 -0.155990 -0.251675 0.955158 0.000000 0.000000 0.000000 0.000000 1.000000</float_array>
        <technique_common>
          <accessor source="#mixamorig_RightHandThumb3-Matrix-animation-output-transform-array" count="78" stride="16">
            <param type="float4x4"/>
          </accessor>
        </technique_common>
      </source>
      <source id="mixamorig_RightHandThumb3-Interpolations">
        <Name_array id="mixamorig_RightHandThumb3-Interpolations-array" count="78">
 LINEAR LINEAR LINEAR LINEAR LINEAR LINEAR LINEAR LINEAR LINEAR LINEAR LINEAR
LINEAR LINEAR LINEAR LINEAR LINEAR LINEAR LINEAR LINEAR LINEAR LINEAR LINEAR LINEAR
LINEAR LINEAR LINEAR LINEAR LINEAR LINEAR LINEAR LINEAR LINEAR LINEAR LINEAR LINEAR
LINEAR LINEAR LINEAR LINEAR LINEAR LINEAR LINEAR LINEAR LINEAR LINEAR LINEAR LINEAR
LINEAR LINEAR LINEAR LINEAR LINEAR LINEAR LINEAR LINEAR LINEAR LINEAR LINEAR LINEAR
LINEAR LINEAR LINEAR LINEAR LINEAR LINEAR LINEAR LINEAR LINEAR LINEAR LINEAR LINEAR
LINEAR LINEAR LINEAR LINEAR LINEAR LINEAR LINEAR</Name_array>
        <technique_common>
          <accessor source="#mixamorig_RightHandThumb3-Interpolations-array" count="78">
            <param type="name"/>
          </accessor>
        </technique_common>
      </source>
      <sampler id="mixamorig_RightHandThumb3-Matrix-animation-transform">
        <input semantic="INPUT" source="#mixamorig_RightHandThumb3-Matrix-animation-input"/>
        <input semantic="OUTPUT" source="#mixamorig_RightHandThumb3-Matrix-animation-output-transform"/>
        <input semantic="INTERPOLATION" source="#mixamorig_RightHandThumb3-Interpolations"/>
      </sampler>
      <channel source="#mixamorig_RightHandThumb3-Matrix-animation-transform" target="mixamorig_RightHandThumb3/matrix"/>
    </animation>
    <animation id="mixamorig_RightHandIndex1-anim" name="mixamorig_RightHandIndex1">
      <source id="mixamorig_RightHandIndex1-Matrix-animation-input">
        <float_array id="mixamorig_RightHandIndex1-Matrix-animation-input-array" count="78">

0.000000 0.033333 0.066667 0.100000 0.133333 0.166667 0.200000 0.233333 0.266667 0.300000 0.333333 0.366667 0.400000 0.433333 0.466667 0.500000
0.533333 0.566667 0.600000 0.633333 0.666667 0.700000 0.733333 0.766667 0.800000 0.833333 0.866667 0.900000 0.933333 0.966667 1.000000 1.033333
1.066667 1.100000 1.133333 1.166667 1.200000 1.233333 1.266667 1.300000 1.333333 1.366667 1.400000 1.433333 1.466667 1.500000 1.533333 1.566667
1.600000 1.633333 1.666667 1.700000 1.733333 1.766667 1.800000 1.833333 1.866667 1.900000 1.933333 1.966667 2.000000 2.033333 2.066667 2.100000
2.133333 2.166667 2.200000 2.233333 2.266667 2.300000 2.333333 2.366667 2.400000 2.433333 2.466667 2.500000 2.533333 2.566667</float_array>
        <technique_common>
          <accessor source="#mixamorig_RightHandIndex1-Matrix-animation-input-array" count="78">
            <param name="TIME" type="float"/>
          </accessor>
        </technique_common>
      </source>
      <source id="mixamorig_RightHandIndex1-Matrix-animation-output-transform">
        <float_array id="mixamorig_RightHandIndex1-Matrix-animation-output-transform-array" count="1248">

0.999758 0.021738 -0.003288 2.259800 -0.021975 0.992682 -0.118742 9.108300 0.000682 0.118786 0.992920 0.517900 0.000000 0.000000 0.000000 1.000000
0.999591 0.028381 -0.003552 2.259800 -0.028602 0.992225 -0.121122 9.108300 0.000087 0.121174 0.992631 0.517900 0.000000 0.000000 0.000000 1.000000
0.998941 0.045783 -0.004599 2.259800 -0.045993 0.990570 -0.129053 9.108300 -0.001353 0.129128 0.991627 0.517900 0.000000 0.000000 0.000000 1.000000
0.997514 0.070139 -0.006805 2.259800 -0.070388 0.987118 -0.143675 9.108300 -0.003360 0.143797 0.989602 0.517900 0.000000 0.000000 0.000000 1.000000
0.995167 0.097634 -0.010514 2.259800 -0.098022 0.981234 -0.166046 9.108300 -0.005895 0.166274 0.986062 0.517900 0.000000 0.000000 0.000000 1.000000
0.992095 0.124463 -0.016003 2.259800 -0.125166 0.972351 -0.197147 9.108300 -0.008977 0.197592 0.980243 0.517900 0.000000 0.000000 0.000000 1.000000
0.988879 0.146858 -0.023487 2.259800 -0.148208 0.959920 -0.237882 9.108300 -0.012389 0.238717 0.971010 0.517900 0.000000 0.000000 0.000000 1.000000
0.986382 0.161104 -0.033117 2.259800 -0.163757 0.943198 -0.289069 9.108300 -0.015334 0.290555 0.956735 0.517900 0.000000 0.000000 0.000000 1.000000
0.985428 0.163835 -0.045725 2.259800 -0.169327 0.919342 -0.355160 9.108300 -0.016151 0.357727 0.933686 0.517900 0.000000 0.000000 0.000000 1.000000
0.985688 0.155850 -0.064265 2.259800 -0.167983 0.875995 -0.452123 9.108300 -0.014168 0.456448 0.889637 0.517900 0.000000 0.000000 0.000000 1.000000
0.986337 0.140496 -0.086026 2.259800 -0.164443 0.808270 -0.565383 9.108300 -0.009902 0.571805 0.820330 0.517900 0.000000 0.000000 0.000000 1.000000
0.986745 0.121214 -0.107894 2.259800 -0.162216 0.718499 -0.676347 9.108300 -0.004461 0.684885 0.728638 0.517900 0.000000 0.000000 0.000000 1.000000
0.986650 0.101382 -0.127454 2.259800 -0.162857 0.616826 -0.770067 9.108300 0.000546 0.780543 0.625102 0.517900 0.000000 0.000000 0.000000 1.000000
0.986149 0.084070 -0.142979 2.259800 -0.165818 0.519927 -0.837962 9.108300 0.003891 0.850063 0.526666 0.517900 0.000000 0.000000 0.000000 1.000000
0.985575 0.071924 -0.153197 2.259800 -0.169153 0.447690 -0.878044 9.108300 0.005432 0.891292 0.453398 0.517900 0.000000 0.000000 0.000000 1.000000
0.985315 0.067331 -0.156913 2.259800 -0.170649 0.419696 -0.891479 9.108300 0.005832 0.905164 0.425023 0.517900 0.000000 0.000000 0.000000 1.000000
0.985315 0.067331 -0.156913 2.259800 -0.170649 0.419696 -0.891479 9.108300 0.005832 0.905164 0.425023 0.517900 0.000000 0.000000 0.000000 1.000000
0.985315 0.067331 -0.156913 2.259800 -0.170649 0.419696 -0.891479 9.108300 0.005832 0.905164 0.425022 0.517900 0.000000 0.000000 0.000000 1.000000
0.985315 0.067331 -0.156913 2.259800 -0.170649 0.419696 -0.891479 9.108300 0.005832 0.905164 0.425023 0.517900 0.000000 0.000000 0.000000 1.000000
0.985315 0.067331 -0.156912 2.259800 -0.170649 0.419696 -0.891479 9.108300 0.005831 0.905164 0.425023 0.517900 0.000000 0.000000 0.000000 1.000000
0.985315 0.067330 -0.156913 2.259800 -0.170649 0.419696 -0.891479 9.108300 0.005832 0.905164 0.425023 0.517900 0.000000 0.000000 0.000000 1.000000
0.986982 0.032788 -0.157452 2.259800 -0.145796 0.595694 -0.789869 9.108300 0.067895 0.802542 0.592720 0.517900 0.000000 0.000000 0.000000 1.000000
0.988222 -0.017055 -0.152071 2.259800 -0.073966 0.816730 -0.572260 9.108300 0.133961 0.576768 0.805849 0.517900 0.000000 0.000000 0.000000 1.000000
0.988320 -0.026258 -0.150115 2.259800 -0.056934 0.850097 -0.523539 9.108300 0.141359 0.525971 0.838673 0.517900 0.000000 0.000000 0.000000 1.000000
0.988320 -0.026258 -0.150114 2.259800 -0.056934 0.850097 -0.523539 9.108300 0.141359 0.525971 0.838673 0.517900 0.000000 0.000000 0.000000 1.000000
0.988320 -0.026258 -0.150115 2.259800 -0.056934 0.850097 -0.523539 9.108300 0.141359 0.525971 0.838673 0.517900 0.000000 0.000000 0.000000 1.000000
0.988320 -0.026258 -0.150115 2.259800 -0.056934 0.850097 -0.523539 9.108300 0.141359 0.525971 0.838673 0.517900 0.000000 0.000000 0.000000 1.000000
0.988320 -0.026258 -0.150114 2.259800 -0.056934 0.850097 -0.523539 9.108300 0.141359 0.525971 0.838673 0.517900 0.000000 0.000000 0.000000 1.000000
0.988546 -0.020605 -0.149509 2.259800 -0.059250 0.858118 -0.510022 9.108300 0.138805 0.513039 0.847068 0.517900 0.000000 0.000000 0.000000 1.000000
0.989316 0.018315 -0.144632 2.259800 -0.077276 0.907124 -0.413709 9.108300 0.123622 0.420466 0.898847 0.517900 0.000000 0.000000 0.000000 1.000000
0.987703 0.079794 -0.134444 2.259800 -0.111913 0.961337 -0.251609 9.108300 0.109169 0.263561 0.958445 0.517900 0.000000 0.000000 0.000000 1.000000
0.981990 0.146099 -0.119794 2.259800 -0.154687 0.985771 -0.065781 9.108300 0.108479 0.083127 0.990617 0.517900 0.000000 0.000000 0.000000 1.000000
0.974257 0.199819 -0.104382 2.259800 -0.190560 0.977327 0.092294 9.108300 0.120458 -0.070027 0.990246 0.517900 0.000000 0.000000 0.000000 1.000000
0.969235 0.227938 -0.092884 2.259800 -0.208454 0.960822 0.182669 9.108300 0.130883 -0.157688 0.978777 0.517900 0.000000 0.000000 0.000000 1.000000
0.967255 0.239909 -0.082828 2.259800 -0.215047 0.948009 0.234593 9.108300 0.134803 -0.209099 0.968559 0.517900 0.000000 0.000000 0.000000 1.000000
0.967254 0.242645 -0.074453 2.259800 -0.215692 0.940441 0.262770 9.108300 0.133779 -0.238107 0.961982 0.517900 0.000000 0.000000 0.000000 1.000000
0.968116 0.240882 -0.068756 2.259800 -0.213762 0.937498 0.274598 9.108300 0.130605 -0.251145 0.959098 0.517900 0.000000 0.000000 0.000000 1.000000
0.968663 0.239268 -0.066658 2.259800 -0.212405 0.937089 0.277034 9.108300 0.128750 -0.254194 0.958545 0.517900 0.000000 0.000000 0.000000 1.000000
0.968937 0.237350 -0.069474 2.259800 -0.211362 0.940609 0.265672 9.108300 0.128405 -0.242735 0.961557 0.517900 0.000000 0.000000 0.000000 1.000000
0.969580 0.232520 -0.076476 2.259800 -0.208832 0.948780 0.237078 9.108300 0.127684 -0.213896 0.968476 0.517900 0.000000 0.000000 0.000000 1.000000
0.970330 0.226167 -0.085490 2.259800 -0.205724 0.958050 0.199545 9.108300 0.127034 -0.176037 0.976152 0.517900 0.000000 0.000000 0.000000 1.000000
0.970982 0.219734 -0.094401 2.259800 -0.202839 0.965776 0.161658 9.108300 0.126692 -0.137819 0.982321 0.517900 0.000000 0.000000 0.000000 1.000000
0.971624 0.214109 -0.100520 2.259800 -0.200979 0.971401 0.126439 9.108300 0.124717 -0.102649 0.986868 0.517900 0.000000 0.000000 0.000000 1.000000
0.973328 0.206800 -0.099329 2.259800 -0.200708 0.977292 0.067951 9.108300 0.111126 -0.046202 0.992732 0.517900 0.000000 0.000000 0.000000 1.000000
0.975892 0.197980 -0.091865 2.259800 -0.199688 0.979812 -0.009693 9.108300 0.088091 0.027804 0.995724 0.517900 0.000000 0.000000 0.000000 1.000000
0.978800 0.188505 -0.080101 2.259800 -0.195804 0.975940 -0.095929 9.108300 0.060090 0.109580 0.992160 0.517900 0.000000 0.000000 0.000000 1.000000
0.981554 0.179335 -0.066267 2.259800 -0.188538 0.965444 -0.179920 9.108300 0.031711 0.189095 0.981447 0.517900 0.000000 0.000000 0.000000 1.000000
0.983762 0.171505 -0.052896 2.259800 -0.179331 0.951163 -0.251254 9.108300 0.007221 0.256660 0.966475 0.517900 0.000000 0.000000 0.000000 1.000000
0.985188 0.166059 -0.042773 2.259800 -0.171201 0.938304 -0.300458 9.108300 -0.009760 0.303330 0.952835 0.517900 0.000000 0.000000 0.000000 1.000000
0.985695 0.164021 -0.038774 2.259800 -0.167769 0.932855 -0.318803 9.108300 -0.016119 0.320747 0.947028 0.517900 0.000000 0.000000 0.000000 1.000000
0.985695 0.164021 -0.038774 2.259800 -0.167769 0.932855 -0.318803 9.108300 -0.016120 0.320747 0.947028 0.517900 0.000000 0.000000 0.000000 1.000000
0.985695 0.164021 -0.038774 2.259800 -0.167769 0.932855 -0.318803 9.108300 -0.016120 0.320747 0.947028 0.517900 0.000000 0.000000 0.000000 1.000000
0.985695 0.164021 -0.038774 2.259800 -0.167769 0.932855 -0.318803 9.108300 -0.016119 0.320748 0.947028 0.517900 0.000000 0.000000 0.000000 1.000000
0.985695 0.164021 -0.038774 2.259800 -0.167769 0.932855 -0.318803 9.108300 -0.016120 0.320748 0.947028 0.517900 0.000000 0.000000 0.000000 1.000000
0.985694 0.164021 -0.038774 2.259800 -0.167769 0.932855 -0.318803 9.108300 -0.016119 0.320747 0.947028 0.517900 0.000000 0.000000 0.000000 1.000000
0.985695 0.164021 -0.038774 2.259800 -0.167769 0.932855 -0.318803 9.108300 -0.016119 0.320747 0.947028 0.517900 0.000000 0.000000 0.000000 1.000000
0.985694 0.164021 -0.038775 2.259800 -0.167769 0.932855 -0.318803 9.108300 -0.016119 0.320747 0.947028 0.517900 0.000000 0.000000 0.000000 1.000000
0.985694 0.164021 -0.038774 2.259800 -0.167769 0.932855 -0.318803 9.108300 -0.016120 0.320747 0.947028 0.517900 0.000000 0.000000 0.000000 1.000000
0.986216 0.160311 -0.040977 2.259800 -0.164910 0.932016 -0.322724 9.108300 -0.013545 0.325033 0.945606 0.517900 0.000000 0.000000 0.000000 1.000000
0.989314 0.134497 -0.056293 2.259800 -0.145717 0.925292 -0.350144 9.108300 0.004995 0.354605 0.935003 0.517900 0.000000 0.000000 0.000000 1.000000
0.992390 0.092746 -0.080990 2.259800 -0.117386 0.911191 -0.394908 9.108300 0.037171 0.401410 0.915144 0.517900 0.000000 0.000000 0.000000 1.000000
0.993031 0.045539 -0.108700 2.259800 -0.089652 0.890577 -0.445910 9.108300 0.076499 0.452547 0.888453 0.517900 0.000000 0.000000 0.000000 1.000000
0.991104 0.003560 -0.133045 2.259800 -0.069078 0.868216 -0.491355 9.108300 0.113763 0.496174 0.860738 0.517900 0.000000 0.000000 0.000000 1.000000
0.988735 -0.022505 -0.147978 2.259800 -0.058346 0.852478 -0.519496 9.108300 0.137839 0.522278 0.841562 0.517900 0.000000 0.000000 0.000000 1.000000
0.988320 -0.026258 -0.150114 2.259800 -0.056934 0.850097 -0.523539 9.108300 0.141359 0.525971 0.838673 0.517900 0.000000 0.000000 0.000000 1.000000
0.988320 -0.026258 -0.150115 2.259800 -0.056934 0.850097 -0.523539 9.108300 0.141359 0.525971 0.838673 0.517900 0.000000 0.000000 0.000000 1.000000
0.988320 -0.026258 -0.150114 2.259800 -0.056934 0.850097 -0.523539 9.108300 0.141359 0.525971 0.838673 0.517900 0.000000 0.000000 0.000000 1.000000
0.988320 -0.026258 -0.150114 2.259800 -0.056934 0.850097 -0.523539 9.108300 0.141359 0.525971 0.838673 0.517900 0.000000 0.000000 0.000000 1.000000
0.988320 -0.026258 -0.150114 2.259800 -0.056934 0.850097 -0.523539 9.108300 0.141359 0.525971 0.838673 0.517900 0.000000 0.000000 0.000000 1.000000
0.988320 -0.026258 -0.150115 2.259800 -0.056934 0.850097 -0.523539 9.108300 0.141359 0.525971 0.838673 0.517900 0.000000 0.000000 0.000000 1.000000
0.988567 -0.025722 -0.148570 2.259800 -0.055882 0.852669 -0.519454 9.108300 0.140043 0.521818 0.841483 0.517900 0.000000 0.000000 0.000000 1.000000
0.990282 -0.021847 -0.137350 2.259800 -0.048692 0.870617 -0.489546 9.108300 0.130275 0.491476 0.861092 0.517900 0.000000 0.000000 0.000000 1.000000
0.992932 -0.015135 -0.117719 2.259800 -0.038033 0.898959 -0.436378 9.108300 0.112430 0.437771 0.892029 0.517900 0.000000 0.000000 0.000000 1.000000
0.995679 -0.006698 -0.092618 2.259800 -0.027909 0.929698 -0.367263 9.108300 0.088566 0.368261 0.925494 0.517900 0.000000 0.000000 0.000000 1.000000
0.997869 0.002310 -0.065201 2.259800 -0.021225 0.956501 -0.290957 9.108300 0.061693 0.291721 0.954512 0.517900 0.000000 0.000000 0.000000 1.000000
0.999184 0.010713 -0.038939 2.259800 -0.018945 0.975842 -0.217655 9.108300 0.035666 0.218215 0.975249 0.517900 0.000000 0.000000 0.000000 1.000000
0.999695 0.017373 -0.017579 2.259800 -0.019939 0.987198 -0.158250 9.108300 0.014605 0.158552 0.987243 0.517900 0.000000 0.000000 0.000000 1.000000
0.999762 0.021209 -0.005034 2.259800 -0.021668 0.992101 -0.123557 9.108300 0.002374 0.123637 0.992325 0.517900 0.000000 0.000000 0.000000 1.000000</float_array>
        <technique_common>
          <accessor source="#mixamorig_RightHandIndex1-Matrix-animation-output-transform-array" count="78" stride="16">
            <param type="float4x4"/>
          </accessor>
        </technique_common>
      </source>
      <source id="mixamorig_RightHandIndex1-Interpolations">
        <Name_array id="mixamorig_RightHandIndex1-Interpolations-array" count="78">
 LINEAR LINEAR LINEAR LINEAR LINEAR LINEAR LINEAR LINEAR LINEAR LINEAR LINEAR
LINEAR LINEAR LINEAR LINEAR LINEAR LINEAR LINEAR LINEAR LINEAR LINEAR LINEAR LINEAR
LINEAR LINEAR LINEAR LINEAR LINEAR LINEAR LINEAR LINEAR LINEAR LINEAR LINEAR LINEAR
LINEAR LINEAR LINEAR LINEAR LINEAR LINEAR LINEAR LINEAR LINEAR LINEAR LINEAR LINEAR
LINEAR LINEAR LINEAR LINEAR LINEAR LINEAR LINEAR LINEAR LINEAR LINEAR LINEAR LINEAR
LINEAR LINEAR LINEAR LINEAR LINEAR LINEAR LINEAR LINEAR LINEAR LINEAR LINEAR LINEAR
LINEAR LINEAR LINEAR LINEAR LINEAR LINEAR LINEAR</Name_array>
        <technique_common>
          <accessor source="#mixamorig_RightHandIndex1-Interpolations-array" count="78">
            <param type="name"/>
          </accessor>
        </technique_common>
      </source>
      <sampler id="mixamorig_RightHandIndex1-Matrix-animation-transform">
        <input semantic="INPUT" source="#mixamorig_RightHandIndex1-Matrix-animation-input"/>
        <input semantic="OUTPUT" source="#mixamorig_RightHandIndex1-Matrix-animation-output-transform"/>
        <input semantic="INTERPOLATION" source="#mixamorig_RightHandIndex1-Interpolations"/>
      </sampler>
      <channel source="#mixamorig_RightHandIndex1-Matrix-animation-transform" target="mixamorig_RightHandIndex1/matrix"/>
    </animation>
    <animation id="mixamorig_RightHandIndex2-anim" name="mixamorig_RightHandIndex2">
      <source id="mixamorig_RightHandIndex2-Matrix-animation-input">
        <float_array id="mixamorig_RightHandIndex2-Matrix-animation-input-array" count="78">

0.000000 0.033333 0.066667 0.100000 0.133333 0.166667 0.200000 0.233333 0.266667 0.300000 0.333333 0.366667 0.400000 0.433333 0.466667 0.500000
0.533333 0.566667 0.600000 0.633333 0.666667 0.700000 0.733333 0.766667 0.800000 0.833333 0.866667 0.900000 0.933333 0.966667 1.000000 1.033333
1.066667 1.100000 1.133333 1.166667 1.200000 1.233333 1.266667 1.300000 1.333333 1.366667 1.400000 1.433333 1.466667 1.500000 1.533333 1.566667
1.600000 1.633333 1.666667 1.700000 1.733333 1.766667 1.800000 1.833333 1.866667 1.900000 1.933333 1.966667 2.000000 2.033333 2.066667 2.100000
2.133333 2.166667 2.200000 2.233333 2.266667 2.300000 2.333333 2.366667 2.400000 2.433333 2.466667 2.500000 2.533333 2.566667</float_array>
        <technique_common>
          <accessor source="#mixamorig_RightHandIndex2-Matrix-animation-input-array" count="78">
            <param name="TIME" type="float"/>
          </accessor>
        </technique_common>
      </source>
      <source id="mixamorig_RightHandIndex2-Matrix-animation-output-transform">
        <float_array id="mixamorig_RightHandIndex2-Matrix-animation-output-transform-array" count="1248">

0.999696 -0.024366 0.003730 0.000000 0.024366 0.953916 -0.299083 3.700000 0.003730 0.299083 0.954220 -0.000000 0.000000 0.000000 0.000000 1.000000
0.999652 -0.026044 0.004276 0.000000 0.026044 0.947166 -0.319686 3.700000 0.004276 0.319685 0.947514 -0.000000 0.000000 0.000000 0.000000 1.000000
0.999518 -0.030463 0.005911 0.000000 0.030463 0.926960 -0.373920 3.700000 0.005911 0.373920 0.927442 0.000000 0.000000 0.000000 0.000000 1.000000
0.999291 -0.036640 0.008708 0.000000 0.036640 0.892405 -0.449745 3.700000 0.008708 0.449745 0.893114 -0.000000 0.000000 0.000000 0.000000 1.000000
0.998970 -0.043577 0.012642 -0.000000 0.043577 0.843795 -0.534893 3.700000 0.012642 0.534893 0.844825 -0.000000 0.000000 0.000000 0.000000 1.000000
0.998580 -0.050346 0.017435 -0.000000 0.050346 0.784578 -0.617983 3.700000 0.017434 0.617983 0.785998 0.000000 0.000000 0.000000 0.000000 1.000000
0.998166 -0.056191 0.022508 -0.000000 0.056191 0.721885 -0.689728 3.700000 0.022508 0.689728 0.723719 0.000000 0.000000 0.000000 0.000000 1.000000
0.997797 -0.060583 0.027044 0.000000 0.060583 0.665837 -0.743633 3.700000 0.027045 0.743633 0.668041 0.000000 0.000000 0.000000 0.000000 1.000000
0.997529 -0.063367 0.030325 -0.000000 0.063367 0.625299 -0.777809 3.700000 0.030325 0.777809 0.627769 0.000000 0.000000 0.000000 0.000000 1.000000
0.997305 -0.065489 0.033084 0.000000 0.065489 0.591206 -0.803857 3.700000 0.033084 0.803857 0.593902 -0.000000 0.000000 0.000000 0.000000 1.000000
0.997111 -0.067176 0.035467 -0.000000 0.067176 0.561763 -0.824566 3.700000 0.035467 0.824566 0.564652 -0.000000 0.000000 0.000000 0.000000 1.000000
0.996950 -0.068481 0.037444 -0.000000 0.068481 0.537344 -0.840578 3.700000 0.037443 0.840578 0.540394 0.000000 0.000000 0.000000 0.000000 1.000000
0.996823 -0.069447 0.038993 0.000000 0.069447 0.518202 -0.852434 3.700000 0.038993 0.852434 0.521379 0.000000 0.000000 0.000000 0.000000 1.000000
0.996733 -0.070109 0.040103 0.000000 0.070109 0.504489 -0.860567 3.700000 0.040102 0.860567 0.507757 0.000000 0.000000 0.000000 0.000000 1.000000
0.996679 -0.070495 0.040767 0.000000 0.070495 0.496272 -0.865300 3.700000 0.040767 0.865300 0.499594 0.000000 0.000000 0.000000 0.000000 1.000000
0.996661 -0.070621 0.040988 0.000000 0.070621 0.493546 -0.866848 3.700000 0.040988 0.866848 0.496885 0.000000 0.000000 0.000000 0.000000 1.000000
0.996661 -0.070621 0.040988 0.000000 0.070621 0.493546 -0.866848 3.700000 0.040988 0.866848 0.496885 0.000000 0.000000 0.000000 0.000000 1.000000
0.996661 -0.070621 0.040988 -0.000000 0.070621 0.493546 -0.866848 3.700000 0.040988 0.866848 0.496885 -0.000000 0.000000 0.000000 0.000000 1.000000
0.996661 -0.070621 0.040988 -0.000000 0.070621 0.493545 -0.866848 3.700000 0.040988 0.866848 0.496885 0.000000 0.000000 0.000000 0.000000 1.000000
0.996661 -0.070620 0.040988 0.000000 0.070620 0.493545 -0.866848 3.700000 0.040988 0.866848 0.496884 -0.000000 0.000000 0.000000 0.000000 1.000000
0.996661 -0.070621 0.040988 0.000000 0.070621 0.493545 -0.866848 3.700000 0.040988 0.866848 0.496885 0.000000 0.000000 0.000000 0.000000 1.000000
0.997866 -0.059815 0.026199 0.000000 0.059815 0.676277 -0.734215 3.700000 0.026199 0.734215 0.678412 0.000000 0.000000 0.000000 0.000000 1.000000
0.999261 -0.037352 0.009071 0.000000 0.037352 0.887918 -0.458483 3.700000 0.009071 0.458483 0.888657 -0.000000 0.000000 0.000000 0.000000 1.000000
0.999451 -0.032446 0.006742 -0.000000 0.032446 0.916695 -0.398267 3.700000 0.006742 0.398267 0.917245 0.000000 0.000000 0.000000 0.000000 1.000000
0.999451 -0.032446 0.006742 0.000000 0.032446 0.916695 -0.398267 3.700000 0.006742 0.398267 0.917245 -0.000000 0.000000 0.000000 0.000000 1.000000
0.999451 -0.032446 0.006742 0.000000 0.032446 0.916695 -0.398267 3.700000 0.006742 0.398267 0.917245 -0.000000 0.000000 0.000000 0.000000 1.000000
0.999451 -0.032446 0.006742 0.000000 0.032446 0.916695 -0.398267 3.700000 0.006742 0.398267 0.917245 -0.000000 0.000000 0.000000 0.000000 1.000000
0.999451 -0.032446 0.006742 -0.000000 0.032446 0.916695 -0.398267 3.700000 0.006742 0.398267 0.917245 0.000000 0.000000 0.000000 0.000000 1.000000
0.999481 -0.031587 0.006375 0.000000 0.031587 0.921234 -0.387725 3.700000 0.006375 0.387725 0.921753 0.000000 0.000000 0.000000 0.000000 1.000000
0.999661 -0.025718 0.004167 0.000000 0.025718 0.948517 -0.315680 3.700000 0.004166 0.315680 0.948857 0.000000 0.000000 0.000000 0.000000 1.000000
0.999861 -0.016572 0.001704 -0.000000 0.016572 0.978952 -0.203415 3.700000 0.001703 0.203415 0.979091 0.000000 0.000000 0.000000 0.000000 1.000000
0.999974 -0.007200 0.000319 -0.000000 0.007200 0.996061 -0.088380 3.700000 0.000318 0.088380 0.996087 0.000000 0.000000 0.000000 0.000000 1.000000
1.000000 -0.000935 0.000005 0.000000 0.000935 0.999934 -0.011472 3.700000 0.000006 0.011472 0.999934 -0.000000 0.000000 0.000000 0.000000 1.000000
1.000000 0.000000 0.000000 0.000000 -0.000000 1.000000 -0.000001 3.700000 -0.000000 0.000001 1.000000 0.000000 0.000000 0.000000 0.000000 1.000000
1.000000 -0.000000 0.000000 0.000000 0.000000 1.000000 -0.000001 3.700000 -0.000000 0.000001 1.000000 0.000000 0.000000 0.000000 0.000000 1.000000
1.000000 -0.000000 0.000000 0.000000 0.000000 1.000000 -0.000000 3.700000 -0.000000 0.000000 1.000000 0.000000 0.000000 0.000000 0.000000 1.000000
1.000000 0.000000 -0.000000 -0.000000 -0.000000 1.000000 -0.000002 3.700000 0.000000 0.000002 1.000000 0.000000 0.000000 0.000000 0.000000 1.000000
1.000000 -0.000000 0.000000 0.000000 0.000000 1.000000 -0.000000 3.700000 -0.000000 0.000000 1.000000 0.000000 0.000000 0.000000 0.000000 1.000000
1.000000 0.000000 0.000000 0.000000 -0.000000 1.000000 -0.000000 3.700000 -0.000000 0.000000 1.000000 0.000000 0.000000 0.000000 0.000000 1.000000
1.000000 0.000000 0.000000 0.000000 -0.000000 1.000000 -0.000000 3.700000 -0.000000 0.000000 1.000000 0.000000 0.000000 0.000000 0.000000 1.000000
1.000000 -0.000000 -0.000000 0.000000 0.000000 1.000000 -0.000002 3.700000 0.000000 0.000002 1.000000 0.000000 0.000000 0.000000 0.000000 1.000000
1.000000 0.000000 0.000000 0.000000 -0.000000 1.000000 -0.000002 3.700000 -0.000000 0.000002 1.000000 0.000000 0.000000 0.000000 0.000000 1.000000
1.000000 -0.000901 0.000005 0.000000 0.000901 0.999938 -0.011062 3.700000 0.000005 0.011062 0.999939 -0.000000 0.000000 0.000000 0.000000 1.000000
0.999973 -0.007347 0.000332 0.000000 0.007347 0.995898 -0.090179 3.700000 0.000332 0.090179 0.995926 0.000000 0.000000 0.000000 0.000000 1.000000
0.999833 -0.018184 0.002056 0.000000 0.018184 0.974602 -0.223204 3.700000 0.002055 0.223204 0.974770 0.000000 0.000000 0.000000 0.000000 1.000000
0.999500 -0.031028 0.006142 0.000000 0.031028 0.924112 -0.380860 3.700000 0.006142 0.380860 0.924612 0.000000 0.000000 0.000000 0.000000 1.000000
0.998977 -0.043442 0.012557 0.000000 0.043443 0.844846 -0.533243 3.700000 0.012557 0.533243 0.845869 0.000000 0.000000 0.000000 0.000000 1.000000
0.998371 -0.053441 0.019999 -0.000000 0.053441 0.752886 -0.655978 3.700000 0.019999 0.655978 0.754515 0.000000 0.000000 0.000000 0.000000 1.000000
0.997862 -0.059857 0.026244 -0.000000 0.059856 0.675733 -0.734713 3.700000 0.026244 0.734713 0.677871 0.000000 0.000000 0.000000 0.000000 1.000000
0.997652 -0.062124 0.028817 0.000000 0.062124 0.643931 -0.762557 3.700000 0.028817 0.762557 0.646279 0.000000 0.000000 0.000000 0.000000 1.000000
0.997652 -0.062124 0.028817 0.000000 0.062124 0.643931 -0.762557 3.700000 0.028817 0.762557 0.646279 0.000000 0.000000 0.000000 0.000000 1.000000
0.997652 -0.062124 0.028817 -0.000000 0.062124 0.643931 -0.762557 3.700000 0.028817 0.762557 0.646279 0.000000 0.000000 0.000000 0.000000 1.000000
0.997652 -0.062125 0.028817 0.000000 0.062125 0.643931 -0.762557 3.700000 0.028817 0.762557 0.646279 0.000000 0.000000 0.000000 0.000000 1.000000
0.997652 -0.062124 0.028817 -0.000000 0.062125 0.643931 -0.762557 3.700000 0.028817 0.762557 0.646279 0.000000 0.000000 0.000000 0.000000 1.000000
0.997652 -0.062124 0.028817 -0.000000 0.062125 0.643931 -0.762557 3.700000 0.028817 0.762557 0.646279 0.000000 0.000000 0.000000 0.000000 1.000000
0.997652 -0.062124 0.028817 0.000000 0.062124 0.643931 -0.762557 3.700000 0.028817 0.762557 0.646279 0.000000 0.000000 0.000000 0.000000 1.000000
0.997652 -0.062125 0.028817 0.000000 0.062125 0.643931 -0.762557 3.700000 0.028817 0.762557 0.646279 0.000000 0.000000 0.000000 0.000000 1.000000
0.997652 -0.062125 0.028817 0.000000 0.062125 0.643931 -0.762557 3.700000 0.028817 0.762557 0.646278 0.000000 0.000000 0.000000 0.000000 1.000000
0.997698 -0.061649 0.028259 0.000000 0.061649 0.650831 -0.756716 3.700000 0.028259 0.756716 0.653133 0.000000 0.000000 0.000000 0.000000 1.000000
0.998004 -0.058208 0.024504 0.000000 0.058208 0.697223 -0.714487 3.700000 0.024504 0.714487 0.699220 -0.000000 0.000000 0.000000 0.000000 1.000000
0.998458 -0.052192 0.018933 -0.000000 0.052192 0.766065 -0.640640 3.700000 0.018933 0.640640 0.767608 0.000000 0.000000 0.000000 0.000000 1.000000
0.998907 -0.044780 0.013419 0.000000 0.044780 0.834188 -0.549659 3.700000 0.013419 0.549659 0.835281 -0.000000 0.000000 0.000000 0.000000 1.000000
0.999246 -0.037709 0.009256 0.000000 0.037709 0.885625 -0.462867 3.700000 0.009257 0.462867 0.886380 0.000000 0.000000 0.000000 0.000000 1.000000
0.999427 -0.033119 0.007038 0.000000 0.033119 0.913041 -0.406522 3.700000 0.007038 0.406522 0.913614 0.000000 0.000000 0.000000 0.000000 1.000000
0.999451 -0.032446 0.006742 -0.000000 0.032446 0.916696 -0.398267 3.700000 0.006742 0.398267 0.917245 0.000000 0.000000 0.000000 0.000000 1.000000
0.999451 -0.032447 0.006742 0.000000 0.032447 0.916696 -0.398267 3.700000 0.006742 0.398267 0.917245 -0.000000 0.000000 0.000000 0.000000 1.000000
0.999451 -0.032446 0.006742 0.000000 0.032446 0.916695 -0.398267 3.700000 0.006742 0.398267 0.917245 0.000000 0.000000 0.000000 0.000000 1.000000
0.999451 -0.032447 0.006742 -0.000000 0.032447 0.916696 -0.398267 3.700000 0.006742 0.398267 0.917245 0.000000 0.000000 0.000000 0.000000 1.000000
0.999451 -0.032446 0.006742 -0.000000 0.032446 0.916695 -0.398267 3.700000 0.006742 0.398267 0.917245 0.000000 0.000000 0.000000 0.000000 1.000000
0.999451 -0.032446 0.006742 0.000000 0.032446 0.916696 -0.398267 3.700000 0.006742 0.398267 0.917245 -0.000000 0.000000 0.000000 0.000000 1.000000
0.999454 -0.032358 0.006704 0.000000 0.032358 0.917172 -0.397176 3.700000 0.006703 0.397176 0.917718 -0.000000 0.000000 0.000000 0.000000 1.000000
0.999476 -0.031715 0.006428 -0.000000 0.031715 0.920571 -0.389286 3.700000 0.006428 0.389286 0.921095 0.000000 0.000000 0.000000 0.000000 1.000000
0.999514 -0.030601 0.005967 0.000000 0.030601 0.926267 -0.375623 3.700000 0.005968 0.375623 0.926753 -0.000000 0.000000 0.000000 0.000000 1.000000
0.999559 -0.029199 0.005414 0.000000 0.029199 0.933109 -0.358405 3.700000 0.005414 0.358405 0.933551 0.000000 0.000000 0.000000 0.000000 1.000000
0.999605 -0.027691 0.004851 0.000000 0.027691 0.940055 -0.339896 3.700000 0.004852 0.339896 0.940450 -0.000000 0.000000 0.000000 0.000000 1.000000
0.999645 -0.026268 0.004352 0.000000 0.026268 0.946229 -0.322429 3.700000 0.004352 0.322429 0.946584 0.000000 0.000000 0.000000 0.000000 1.000000
0.999676 -0.025124 0.003972 0.000000 0.025124 0.950927 -0.308394 3.700000 0.003971 0.308394 0.951250 0.000000 0.000000 0.000000 0.000000 1.000000
0.999694 -0.024458 0.003758 0.000000 0.024458 0.953557 -0.300218 3.700000 0.003759 0.300218 0.953863 0.000000 0.000000 0.000000 0.000000 1.000000</float_array>
        <technique_common>
          <accessor source="#mixamorig_RightHandIndex2-Matrix-animation-output-transform-array" count="78" stride="16">
            <param type="float4x4"/>
          </accessor>
        </technique_common>
      </source>
      <source id="mixamorig_RightHandIndex2-Interpolations">
        <Name_array id="mixamorig_RightHandIndex2-Interpolations-array" count="78">
 LINEAR LINEAR LINEAR LINEAR LINEAR LINEAR LINEAR LINEAR LINEAR LINEAR LINEAR
LINEAR LINEAR LINEAR LINEAR LINEAR LINEAR LINEAR LINEAR LINEAR LINEAR LINEAR LINEAR
LINEAR LINEAR LINEAR LINEAR LINEAR LINEAR LINEAR LINEAR LINEAR LINEAR LINEAR LINEAR
LINEAR LINEAR LINEAR LINEAR LINEAR LINEAR LINEAR LINEAR LINEAR LINEAR LINEAR LINEAR
LINEAR LINEAR LINEAR LINEAR LINEAR LINEAR LINEAR LINEAR LINEAR LINEAR LINEAR LINEAR
LINEAR LINEAR LINEAR LINEAR LINEAR LINEAR LINEAR LINEAR LINEAR LINEAR LINEAR LINEAR
LINEAR LINEAR LINEAR LINEAR LINEAR LINEAR LINEAR</Name_array>
        <technique_common>
          <accessor source="#mixamorig_RightHandIndex2-Interpolations-array" count="78">
            <param type="name"/>
          </accessor>
        </technique_common>
      </source>
      <sampler id="mixamorig_RightHandIndex2-Matrix-animation-transform">
        <input semantic="INPUT" source="#mixamorig_RightHandIndex2-Matrix-animation-input"/>
        <input semantic="OUTPUT" source="#mixamorig_RightHandIndex2-Matrix-animation-output-transform"/>
        <input semantic="INTERPOLATION" source="#mixamorig_RightHandIndex2-Interpolations"/>
      </sampler>
      <channel source="#mixamorig_RightHandIndex2-Matrix-animation-transform" target="mixamorig_RightHandIndex2/matrix"/>
    </animation>
    <animation id="mixamorig_RightHandIndex3-anim" name="mixamorig_RightHandIndex3">
      <source id="mixamorig_RightHandIndex3-Matrix-animation-input">
        <float_array id="mixamorig_RightHandIndex3-Matrix-animation-input-array" count="78">

0.000000 0.033333 0.066667 0.100000 0.133333 0.166667 0.200000 0.233333 0.266667 0.300000 0.333333 0.366667 0.400000 0.433333 0.466667 0.500000
0.533333 0.566667 0.600000 0.633333 0.666667 0.700000 0.733333 0.766667 0.800000 0.833333 0.866667 0.900000 0.933333 0.966667 1.000000 1.033333
1.066667 1.100000 1.133333 1.166667 1.200000 1.233333 1.266667 1.300000 1.333333 1.366667 1.400000 1.433333 1.466667 1.500000 1.533333 1.566667
1.600000 1.633333 1.666667 1.700000 1.733333 1.766667 1.800000 1.833333 1.866667 1.900000 1.933333 1.966667 2.000000 2.033333 2.066667 2.100000
2.133333 2.166667 2.200000 2.233333 2.266667 2.300000 2.333333 2.366667 2.400000 2.433333 2.466667 2.500000 2.533333 2.566667</float_array>
        <technique_common>
          <accessor source="#mixamorig_RightHandIndex3-Matrix-animation-input-array" count="78">
            <param name="TIME" type="float"/>
          </accessor>
        </technique_common>
      </source>
      <source id="mixamorig_RightHandIndex3-Matrix-animation-output-transform">
        <float_array id="mixamorig_RightHandIndex3-Matrix-animation-output-transform-array" count="1248">

0.999935 -0.011414 0.000803 0.000000 0.011414 0.990072 -0.140097 2.850000 0.000804 0.140097 0.990137 -0.000000 0.000000 0.000000 0.000000 1.000000
0.999917 -0.012834 0.001017 0.000000 0.012834 0.987429 -0.157539 2.850000 0.001017 0.157539 0.987512 -0.000000 0.000000 0.000000 0.000000 1.000000
0.999861 -0.016607 0.001711 -0.000000 0.016607 0.978863 -0.203842 2.850000 0.001711 0.203842 0.979002 -0.000000 0.000000 0.000000 0.000000 1.000000
0.999754 -0.021970 0.003019 -0.000000 0.021970 0.962699 -0.269681 2.850000 0.003018 0.269681 0.962945 -0.000000 0.000000 0.000000 0.000000 1.000000
0.999591 -0.028149 0.005019 -0.000000 0.028149 0.937989 -0.345519 2.850000 0.005019 0.345519 0.938398 -0.000000 0.000000 0.000000 0.000000 1.000000
0.999380 -0.034385 0.007615 -0.000000 0.034385 0.905913 -0.422066 2.850000 0.007615 0.422066 0.906533 -0.000000 0.000000 0.000000 0.000000 1.000000
0.999145 -0.039992 0.010497 0.000000 0.039992 0.870303 -0.490891 2.850000 0.010496 0.490891 0.871158 0.000000 0.000000 0.000000 0.000000 1.000000
0.998928 -0.044389 0.013164 0.000000 0.044389 0.837349 -0.544864 2.850000 0.013164 0.544864 0.838421 0.000000 0.000000 0.000000 0.000000 1.000000
0.998767 -0.047285 0.015138 0.000000 0.047285 0.812950 -0.580410 2.850000 0.015138 0.580410 0.814183 0.000000 0.000000 0.000000 0.000000 1.000000
0.998629 -0.049564 0.016826 0.000000 0.049564 0.792098 -0.608378 2.850000 0.016826 0.608378 0.793469 0.000000 0.000000 0.000000 0.000000 1.000000
0.998509 -0.051428 0.018302 0.000000 0.051428 0.773858 -0.631268 2.850000 0.018302 0.631268 0.775349 -0.000000 0.000000 0.000000 0.000000 1.000000
0.998408 -0.052909 0.019539 0.000000 0.052909 0.758574 -0.649435 2.850000 0.019539 0.649435 0.760166 0.000000 0.000000 0.000000 0.000000 1.000000
0.998329 -0.054030 0.020517 0.000000 0.054030 0.746496 -0.663192 2.850000 0.020517 0.663192 0.748168 -0.000000 0.000000 0.000000 0.000000 1.000000
0.998271 -0.054812 0.021221 0.000000 0.054812 0.737793 -0.672798 2.850000 0.021221 0.672798 0.739522 -0.000000 0.000000 0.000000 0.000000 1.000000
0.998237 -0.055273 0.021645 0.000000 0.055273 0.732558 -0.678457 2.850000 0.021644 0.678457 0.734321 0.000000 0.000000 0.000000 0.000000 1.000000
0.998225 -0.055425 0.021786 0.000000 0.055425 0.730817 -0.680320 2.850000 0.021785 0.680320 0.732591 -0.000000 0.000000 0.000000 0.000000 1.000000
0.998225 -0.055425 0.021785 -0.000000 0.055425 0.730816 -0.680320 2.850000 0.021785 0.680320 0.732591 0.000000 0.000000 0.000000 0.000000 1.000000
0.998225 -0.055425 0.021786 0.000000 0.055425 0.730817 -0.680320 2.850000 0.021785 0.680320 0.732592 -0.000000 0.000000 0.000000 0.000000 1.000000
0.998225 -0.055425 0.021786 0.000000 0.055425 0.730817 -0.680320 2.850000 0.021785 0.680320 0.732592 0.000000 0.000000 0.000000 0.000000 1.000000
0.998225 -0.055424 0.021785 0.000000 0.055424 0.730817 -0.680320 2.850000 0.021785 0.680320 0.732592 0.000000 0.000000 0.000000 0.000000 1.000000
0.998225 -0.055425 0.021785 -0.000000 0.055425 0.730817 -0.680320 2.850000 0.021785 0.680320 0.732591 0.000000 0.000000 0.000000 0.000000 1.000000
0.998230 -0.055355 0.021720 0.000000 0.055355 0.731624 -0.679458 2.850000 0.021720 0.679458 0.733393 0.000000 0.000000 0.000000 0.000000 1.000000
0.998239 -0.055246 0.021620 -0.000000 0.055246 0.732868 -0.678124 2.850000 0.021619 0.678124 0.734630 0.000000 0.000000 0.000000 0.000000 1.000000
0.998240 -0.055225 0.021600 0.000000 0.055225 0.733106 -0.677868 2.850000 0.021600 0.677868 0.734866 0.000000 0.000000 0.000000 0.000000 1.000000
0.998240 -0.055225 0.021600 -0.000000 0.055225 0.733106 -0.677868 2.850000 0.021600 0.677868 0.734866 -0.000000 0.000000 0.000000 0.000000 1.000000
0.998240 -0.055225 0.021600 -0.000000 0.055225 0.733106 -0.677868 2.850000 0.021600 0.677868 0.734866 -0.000000 0.000000 0.000000 0.000000 1.000000
0.998240 -0.055225 0.021600 -0.000000 0.055225 0.733106 -0.677868 2.850000 0.021600 0.677868 0.734866 0.000000 0.000000 0.000000 0.000000 1.000000
0.998240 -0.055225 0.021600 -0.000000 0.055225 0.733106 -0.677868 2.850000 0.021600 0.677868 0.734866 0.000000 0.000000 0.000000 0.000000 1.000000
0.998365 -0.053520 0.020068 0.000000 0.053520 0.752039 -0.656942 2.850000 0.020068 0.656942 0.753674 -0.000000 0.000000 0.000000 0.000000 1.000000
0.999096 -0.041036 0.011096 0.000000 0.041036 0.862898 -0.503709 2.850000 0.011096 0.503709 0.863802 -0.000000 0.000000 0.000000 0.000000 1.000000
0.999806 -0.019543 0.002379 0.000000 0.019543 0.970606 -0.239879 2.850000 0.002379 0.239879 0.970800 0.000000 0.000000 0.000000 0.000000 1.000000
0.999994 0.003547 0.000077 -0.000000 -0.003547 0.999045 0.043542 2.850000 0.000078 -0.043542 0.999052 -0.000000 0.000000 0.000000 0.000000 1.000000
0.999821 0.018790 0.002197 0.000000 -0.018790 0.972856 0.230646 2.850000 0.002197 -0.230646 0.973035 0.000000 0.000000 0.000000 0.000000 1.000000
0.999775 0.021016 0.002758 0.000000 -0.021016 0.965926 0.257964 2.850000 0.002758 -0.257964 0.966151 -0.000000 0.000000 0.000000 0.000000 1.000000
0.999775 0.021016 0.002758 -0.000000 -0.021016 0.965926 0.257965 2.850000 0.002758 -0.257965 0.966150 0.000000 0.000000 0.000000 0.000000 1.000000
0.999775 0.021015 0.002758 0.000000 -0.021016 0.965926 0.257964 2.850000 0.002757 -0.257964 0.966150 0.000000 0.000000 0.000000 0.000000 1.000000
0.999775 0.021016 0.002758 -0.000000 -0.021016 0.965926 0.257964 2.850000 0.002758 -0.257964 0.966150 0.000000 0.000000 0.000000 0.000000 1.000000
0.999775 0.021016 0.002758 -0.000000 -0.021016 0.965926 0.257964 2.850000 0.002758 -0.257964 0.966150 0.000000 0.000000 0.000000 0.000000 1.000000
0.999775 0.021016 0.002757 0.000000 -0.021016 0.965926 0.257964 2.850000 0.002758 -0.257964 0.966151 -0.000000 0.000000 0.000000 0.000000 1.000000
0.999775 0.021016 0.002757 0.000000 -0.021016 0.965926 0.257964 2.850000 0.002758 -0.257964 0.966151 -0.000000 0.000000 0.000000 0.000000 1.000000
0.999775 0.021016 0.002758 0.000000 -0.021016 0.965926 0.257964 2.850000 0.002758 -0.257964 0.966150 0.000000 0.000000 0.000000 0.000000 1.000000
0.999775 0.021016 0.002758 -0.000000 -0.021016 0.965926 0.257965 2.850000 0.002758 -0.257965 0.966150 0.000000 0.000000 0.000000 0.000000 1.000000
0.999794 0.020152 0.002532 -0.000000 -0.020152 0.968716 0.247354 2.850000 0.002532 -0.247354 0.968922 0.000000 0.000000 0.000000 0.000000 1.000000
0.999903 0.013895 0.001194 0.000000 -0.013895 0.985250 0.170555 2.850000 0.001194 -0.170555 0.985347 0.000000 0.000000 0.000000 0.000000 1.000000
0.999995 0.003073 0.000058 0.000000 -0.003073 0.999283 0.037724 2.850000 0.000058 -0.037724 0.999288 0.000000 0.000000 0.000000 0.000000 1.000000
0.999947 -0.010282 0.000652 0.000000 0.010282 0.991951 -0.126203 2.850000 0.000651 0.126203 0.992004 -0.000000 0.000000 0.000000 0.000000 1.000000
0.999710 -0.023835 0.003565 -0.000000 0.023835 0.955947 -0.292569 2.850000 0.003565 0.292569 0.956238 0.000000 0.000000 0.000000 0.000000 1.000000
0.999342 -0.035353 0.008074 0.000000 0.035353 0.900246 -0.433943 2.850000 0.008073 0.433943 0.900904 0.000000 0.000000 0.000000 0.000000 1.000000
0.998993 -0.043132 0.012362 -0.000000 0.043132 0.847255 -0.529433 2.850000 0.012362 0.529433 0.848262 0.000000 0.000000 0.000000 0.000000 1.000000
0.998841 -0.045981 0.014226 0.000000 0.045981 0.824220 -0.564400 2.850000 0.014226 0.564400 0.825379 0.000000 0.000000 0.000000 0.000000 1.000000
0.998841 -0.045981 0.014226 -0.000000 0.045981 0.824219 -0.564401 2.850000 0.014226 0.564401 0.825378 0.000000 0.000000 0.000000 0.000000 1.000000
0.998841 -0.045981 0.014226 0.000000 0.045981 0.824220 -0.564400 2.850000 0.014226 0.564400 0.825379 0.000000 0.000000 0.000000 0.000000 1.000000
0.998841 -0.045981 0.014226 0.000000 0.045981 0.824219 -0.564401 2.850000 0.014226 0.564401 0.825378 -0.000000 0.000000 0.000000 0.000000 1.000000
0.998841 -0.045981 0.014226 -0.000000 0.045981 0.824220 -0.564400 2.850000 0.014226 0.564400 0.825379 -0.000000 0.000000 0.000000 0.000000 1.000000
0.998841 -0.045981 0.014226 -0.000000 0.045981 0.824220 -0.564400 2.850000 0.014226 0.564400 0.825379 -0.000000 0.000000 0.000000 0.000000 1.000000
0.998841 -0.045981 0.014226 0.000000 0.045981 0.824220 -0.564400 2.850000 0.014226 0.564400 0.825379 0.000000 0.000000 0.000000 0.000000 1.000000
0.998841 -0.045981 0.014226 -0.000000 0.045981 0.824220 -0.564400 2.850000 0.014226 0.564400 0.825379 -0.000000 0.000000 0.000000 0.000000 1.000000
0.998841 -0.045981 0.014226 0.000000 0.045981 0.824220 -0.564400 2.850000 0.014226 0.564400 0.825379 -0.000000 0.000000 0.000000 0.000000 1.000000
0.998830 -0.046173 0.014358 -0.000000 0.046173 0.822590 -0.566757 2.850000 0.014358 0.566757 0.823760 0.000000 0.000000 0.000000 0.000000 1.000000
0.998754 -0.047495 0.015289 -0.000000 0.047495 0.811093 -0.582985 2.850000 0.015288 0.582985 0.812339 0.000000 0.000000 0.000000 0.000000 1.000000
0.998628 -0.049584 0.016841 0.000000 0.049584 0.791906 -0.608626 2.850000 0.016841 0.608626 0.793278 0.000000 0.000000 0.000000 0.000000 1.000000
0.998479 -0.051876 0.018669 -0.000000 0.051876 0.769320 -0.636754 2.850000 0.018669 0.636754 0.770841 0.000000 0.000000 0.000000 0.000000 1.000000
0.998341 -0.053853 0.020360 0.000000 0.053853 0.748423 -0.661031 2.850000 0.020361 0.661031 0.750082 -0.000000 0.000000 0.000000 0.000000 1.000000
0.998253 -0.055054 0.021442 -0.000000 0.055054 0.735056 -0.675767 2.850000 0.021442 0.675767 0.736803 0.000000 0.000000 0.000000 0.000000 1.000000
0.998240 -0.055225 0.021600 0.000000 0.055225 0.733106 -0.677868 2.850000 0.021600 0.677868 0.734866 0.000000 0.000000 0.000000 0.000000 1.000000
0.998240 -0.055225 0.021600 -0.000000 0.055225 0.733106 -0.677868 2.850000 0.021600 0.677868 0.734866 0.000000 0.000000 0.000000 0.000000 1.000000
0.998240 -0.055225 0.021600 0.000000 0.055225 0.733106 -0.677868 2.850000 0.021600 0.677868 0.734866 0.000000 0.000000 0.000000 0.000000 1.000000
0.998240 -0.055225 0.021600 0.000000 0.055225 0.733106 -0.677868 2.850000 0.021600 0.677868 0.734866 0.000000 0.000000 0.000000 0.000000 1.000000
0.998240 -0.055225 0.021600 -0.000000 0.055225 0.733106 -0.677868 2.850000 0.021600 0.677868 0.734866 0.000000 0.000000 0.000000 0.000000 1.000000
0.998240 -0.055225 0.021600 0.000000 0.055225 0.733106 -0.677868 2.850000 0.021600 0.677868 0.734866 0.000000 0.000000 0.000000 0.000000 1.000000
0.998271 -0.054818 0.021226 -0.000000 0.054818 0.737725 -0.672872 2.850000 0.021226 0.672872 0.739454 0.000000 0.000000 0.000000 0.000000 1.000000
0.998484 -0.051806 0.018612 0.000000 0.051806 0.770028 -0.635904 2.850000 0.018612 0.635904 0.771544 0.000000 0.000000 0.000000 0.000000 1.000000
0.998822 -0.046327 0.014465 -0.000000 0.046328 0.821271 -0.568654 2.850000 0.014464 0.568654 0.822450 0.000000 0.000000 0.000000 0.000000 1.000000
0.999189 -0.039006 0.009949 0.000000 0.039006 0.877067 -0.478781 2.850000 0.009949 0.478781 0.877878 0.000000 0.000000 0.000000 0.000000 1.000000
0.999510 -0.030711 0.006012 0.000000 0.030711 0.925715 -0.376972 2.850000 0.006012 0.376972 0.926205 0.000000 0.000000 0.000000 0.000000 1.000000
0.999740 -0.022579 0.003192 -0.000000 0.022579 0.960560 -0.277154 2.850000 0.003192 0.277154 0.960820 0.000000 0.000000 0.000000 0.000000 1.000000
0.999872 -0.015896 0.001566 -0.000000 0.015896 0.980651 -0.195117 2.850000 0.001566 0.195117 0.980779 -0.000000 0.000000 0.000000 0.000000 1.000000
0.999928 -0.011961 0.000883 0.000000 0.011961 0.989091 -0.146820 2.850000 0.000883 0.146820 0.989163 -0.000000 0.000000 0.000000 0.000000 1.000000</float_array>
        <technique_common>
          <accessor source="#mixamorig_RightHandIndex3-Matrix-animation-output-transform-array" count="78" stride="16">
            <param type="float4x4"/>
          </accessor>
        </technique_common>
      </source>
      <source id="mixamorig_RightHandIndex3-Interpolations">
        <Name_array id="mixamorig_RightHandIndex3-Interpolations-array" count="78">
 LINEAR LINEAR LINEAR LINEAR LINEAR LINEAR LINEAR LINEAR LINEAR LINEAR LINEAR
LINEAR LINEAR LINEAR LINEAR LINEAR LINEAR LINEAR LINEAR LINEAR LINEAR LINEAR LINEAR
LINEAR LINEAR LINEAR LINEAR LINEAR LINEAR LINEAR LINEAR LINEAR LINEAR LINEAR LINEAR
LINEAR LINEAR LINEAR LINEAR LINEAR LINEAR LINEAR LINEAR LINEAR LINEAR LINEAR LINEAR
LINEAR LINEAR LINEAR LINEAR LINEAR LINEAR LINEAR LINEAR LINEAR LINEAR LINEAR LINEAR
LINEAR LINEAR LINEAR LINEAR LINEAR LINEAR LINEAR LINEAR LINEAR LINEAR LINEAR LINEAR
LINEAR LINEAR LINEAR LINEAR LINEAR LINEAR LINEAR</Name_array>
        <technique_common>
          <accessor source="#mixamorig_RightHandIndex3-Interpolations-array" count="78">
            <param type="name"/>
          </accessor>
        </technique_common>
      </source>
      <sampler id="mixamorig_RightHandIndex3-Matrix-animation-transform">
        <input semantic="INPUT" source="#mixamorig_RightHandIndex3-Matrix-animation-input"/>
        <input semantic="OUTPUT" source="#mixamorig_RightHandIndex3-Matrix-animation-output-transform"/>
        <input semantic="INTERPOLATION" source="#mixamorig_RightHandIndex3-Interpolations"/>
      </sampler>
      <channel source="#mixamorig_RightHandIndex3-Matrix-animation-transform" target="mixamorig_RightHandIndex3/matrix"/>
    </animation>
    <animation id="mixamorig_RightHandMiddle1-anim" name="mixamorig_RightHandMiddle1">
      <source id="mixamorig_RightHandMiddle1-Matrix-animation-input">
        <float_array id="mixamorig_RightHandMiddle1-Matrix-animation-input-array" count="78">

0.000000 0.033333 0.066667 0.100000 0.133333 0.166667 0.200000 0.233333 0.266667 0.300000 0.333333 0.366667 0.400000 0.433333 0.466667 0.500000
0.533333 0.566667 0.600000 0.633333 0.666667 0.700000 0.733333 0.766667 0.800000 0.833333 0.866667 0.900000 0.933333 0.966667 1.000000 1.033333
1.066667 1.100000 1.133333 1.166667 1.200000 1.233333 1.266667 1.300000 1.333333 1.366667 1.400000 1.433333 1.466667 1.500000 1.533333 1.566667
1.600000 1.633333 1.666667 1.700000 1.733333 1.766667 1.800000 1.833333 1.866667 1.900000 1.933333 1.966667 2.000000 2.033333 2.066667 2.100000
2.133333 2.166667 2.200000 2.233333 2.266667 2.300000 2.333333 2.366667 2.400000 2.433333 2.466667 2.500000 2.533333 2.566667</float_array>
        <technique_common>
          <accessor source="#mixamorig_RightHandMiddle1-Matrix-animation-input-array" count="78">
            <param name="TIME" type="float"/>
          </accessor>
        </technique_common>
      </source>
      <source id="mixamorig_RightHandMiddle1-Matrix-animation-output-transform">
        <float_array id="mixamorig_RightHandMiddle1-Matrix-animation-output-transform-array" count="1248">

0.999259 -0.036479 0.012256 -0.000000 0.038408 0.965210 -0.258640 9.532500 -0.002395 0.258919 0.965896 0.000000 0.000000 0.000000 0.000000 1.000000
0.999249 -0.036692 0.012441 0.000000 0.038669 0.964400 -0.261605 9.532500 -0.002399 0.261889 0.965095 -0.000000 0.000000 0.000000 0.000000 1.000000
0.999217 -0.037369 0.013034 0.000000 0.039504 0.961749 -0.271070 9.532500 -0.002406 0.271372 0.962471 0.000000 0.000000 0.000000 0.000000 1.000000
0.999156 -0.038566 0.014106 0.000000 0.040995 0.956798 -0.287849 9.532500 -0.002396 0.288185 0.957572 0.000000 0.000000 0.000000 0.000000 1.000000
0.999063 -0.040327 0.015742 0.000000 0.043228 0.948873 -0.312684 9.532500 -0.002328 0.313071 0.949727 0.000000 0.000000 0.000000 0.000000 1.000000
0.998926 -0.042684 0.018045 -0.000000 0.046292 0.937018 -0.346199 9.532500 -0.002132 0.346663 0.937987 0.000000 0.000000 0.000000 0.000000 1.000000
0.998734 -0.045648 0.021139 0.000000 0.050277 0.919930 -0.388845 9.532500 -0.001697 0.389416 0.921061 0.000000 0.000000 0.000000 0.000000 1.000000
0.998471 -0.049206 0.025171 0.000000 0.055264 0.895903 -0.440799 9.532500 -0.000861 0.441517 0.897253 0.000000 0.000000 0.000000 0.000000 1.000000
0.998098 -0.053488 0.030635 0.000000 0.061636 0.860602 -0.505534 9.532500 0.000676 0.506461 0.862262 0.000000 0.000000 0.000000 0.000000 1.000000
0.997482 -0.059015 0.039335 -0.000000 0.070819 0.798884 -0.597301 9.532500 0.003826 0.598583 0.801052 0.000000 0.000000 0.000000 0.000000 1.000000
0.996616 -0.064629 0.050784 0.000000 0.081671 0.709080 -0.700382 9.532500 0.009255 0.702160 0.711959 0.000000 0.000000 0.000000 0.000000 1.000000
0.995567 -0.069170 0.063726 0.000000 0.092500 0.597591 -0.796448 9.532500 0.017008 0.798812 0.601340 0.000000 0.000000 0.000000 0.000000 1.000000
0.994461 -0.072013 0.076555 0.000000 0.101769 0.477780 -0.872565 9.532500 0.026260 0.875523 0.482463 0.000000 0.000000 0.000000 0.000000 1.000000
0.993466 -0.073201 0.087556 0.000000 0.108503 0.368026 -0.923463 9.532500 0.035376 0.926930 0.373564 -0.000000 0.000000 0.000000 0.000000 1.000000
0.992757 -0.073342 0.095158 -0.000000 0.112451 0.288404 -0.950883 9.532500 0.042295 0.954696 0.294563 0.000000 0.000000 0.000000 0.000000 1.000000
0.992489 -0.073247 0.097985 0.000000 0.113761 0.257992 -0.959426 9.532500 0.044996 0.963366 0.264387 0.000000 0.000000 0.000000 0.000000 1.000000
0.992489 -0.073247 0.097985 0.000000 0.113761 0.257992 -0.959426 9.532500 0.044996 0.963366 0.264387 0.000000 0.000000 0.000000 0.000000 1.000000
0.992489 -0.073247 0.097985 0.000000 0.113761 0.257992 -0.959426 9.532500 0.044996 0.963366 0.264387 -0.000000 0.000000 0.000000 0.000000 1.000000
0.992489 -0.073247 0.097985 -0.000000 0.113761 0.257992 -0.959426 9.532500 0.044995 0.963366 0.264387 0.000000 0.000000 0.000000 0.000000 1.000000
0.992489 -0.073247 0.097985 0.000000 0.113761 0.257992 -0.959426 9.532500 0.044995 0.963366 0.264387 0.000000 0.000000 0.000000 0.000000 1.000000
0.992489 -0.073247 0.097985 -0.000000 0.113761 0.257992 -0.959426 9.532500 0.044996 0.963366 0.264387 0.000000 0.000000 0.000000 0.000000 1.000000
0.990971 -0.107277 0.080425 0.000000 0.119590 0.436015 -0.891958 9.532500 0.060620 0.893522 0.444908 0.000000 0.000000 0.000000 0.000000 1.000000
0.986591 -0.154223 0.053410 0.000000 0.144750 0.675645 -0.722877 9.532500 0.075398 0.720915 0.688910 -0.000000 0.000000 0.000000 0.000000 1.000000
0.985526 -0.162460 0.048431 0.000000 0.151397 0.714918 -0.682621 9.532500 0.076275 0.680073 0.729166 0.000000 0.000000 0.000000 0.000000 1.000000
0.985526 -0.162460 0.048431 0.000000 0.151397 0.714918 -0.682621 9.532500 0.076275 0.680073 0.729166 -0.000000 0.000000 0.000000 0.000000 1.000000
0.985526 -0.162460 0.048431 -0.000000 0.151397 0.714918 -0.682621 9.532500 0.076275 0.680073 0.729166 0.000000 0.000000 0.000000 0.000000 1.000000
0.985526 -0.162461 0.048431 0.000000 0.151397 0.714918 -0.682621 9.532500 0.076275 0.680073 0.729166 0.000000 0.000000 0.000000 0.000000 1.000000
0.985526 -0.162460 0.048431 0.000000 0.151397 0.714918 -0.682621 9.532500 0.076275 0.680073 0.729166 0.000000 0.000000 0.000000 0.000000 1.000000
0.985662 -0.162269 0.046254 0.000000 0.151715 0.732328 -0.663836 9.532500 0.073847 0.661335 0.746447 0.000000 0.000000 0.000000 0.000000 1.000000
0.986599 -0.159937 0.032295 0.000000 0.152782 0.836062 -0.526933 9.532500 0.057276 0.524805 0.849293 0.000000 0.000000 0.000000 0.000000 1.000000
0.988062 -0.153416 0.014035 0.000000 0.150804 0.944551 -0.291688 9.532500 0.031493 0.290322 0.956411 0.000000 0.000000 0.000000 0.000000 1.000000
0.989538 -0.144271 0.000250 0.000000 0.144184 0.988878 -0.036492 9.532500 0.005018 0.036146 0.999334 -0.000000 0.000000 0.000000 0.000000 1.000000
0.990500 -0.137385 -0.005949 0.000000 0.136925 0.981337 0.135012 9.532500 -0.012711 -0.134544 0.990826 -0.000000 0.000000 0.000000 0.000000 1.000000
0.990641 -0.136333 -0.006656 -0.000000 0.135629 0.977699 0.160343 9.532500 -0.015352 -0.159745 0.987039 0.000000 0.000000 0.000000 0.000000 1.000000
0.990641 -0.136333 -0.006657 0.000000 0.135630 0.977699 0.160343 9.532500 -0.015352 -0.159745 0.987039 0.000000 0.000000 0.000000 0.000000 1.000000
0.990641 -0.136333 -0.006657 0.000000 0.135630 0.977699 0.160343 9.532500 -0.015352 -0.159745 0.987039 -0.000000 0.000000 0.000000 0.000000 1.000000
0.990641 -0.136333 -0.006657 0.000000 0.135629 0.977699 0.160343 9.532500 -0.015352 -0.159745 0.987039 0.000000 0.000000 0.000000 0.000000 1.000000
0.990641 -0.136334 -0.006657 -0.000000 0.135630 0.977699 0.160343 9.532500 -0.015352 -0.159745 0.987039 -0.000000 0.000000 0.000000 0.000000 1.000000
0.990641 -0.136333 -0.006656 -0.000000 0.135629 0.977699 0.160343 9.532500 -0.015352 -0.159745 0.987039 0.000000 0.000000 0.000000 0.000000 1.000000
0.990641 -0.136333 -0.006657 0.000000 0.135629 0.977699 0.160343 9.532500 -0.015352 -0.159745 0.987039 0.000000 0.000000 0.000000 0.000000 1.000000
0.990641 -0.136334 -0.006657 0.000000 0.135630 0.977699 0.160342 9.532500 -0.015352 -0.159744 0.987039 0.000000 0.000000 0.000000 0.000000 1.000000
0.990641 -0.136333 -0.006657 0.000000 0.135630 0.977699 0.160342 9.532500 -0.015352 -0.159744 0.987039 0.000000 0.000000 0.000000 0.000000 1.000000
0.990782 -0.135310 -0.006422 0.000000 0.134706 0.979132 0.152165 9.532500 -0.014302 -0.151627 0.988334 0.000000 0.000000 0.000000 0.000000 1.000000
0.991768 -0.127967 -0.004573 0.000000 0.127833 0.987397 0.093308 9.532500 -0.007425 -0.093125 0.995627 -0.000000 0.000000 0.000000 0.000000 1.000000
0.993323 -0.115366 -0.000766 0.000000 0.115357 0.993296 -0.007509 9.532500 0.001627 0.007370 0.999972 0.000000 0.000000 0.000000 0.000000 1.000000
0.995015 -0.099596 0.005007 0.000000 0.099390 0.986353 -0.131260 9.532500 0.008134 0.131103 0.991335 0.000000 0.000000 0.000000 0.000000 1.000000
0.996494 -0.082767 0.012187 0.000000 0.083109 0.962695 -0.257510 9.532500 0.009581 0.257620 0.966199 0.000000 0.000000 0.000000 0.000000 1.000000
0.997547 -0.067224 0.019526 0.000000 0.069697 0.927753 -0.366630 9.532500 0.006531 0.367091 0.930162 0.000000 0.000000 0.000000 0.000000 1.000000
0.998127 -0.055698 0.025285 -0.000000 0.061136 0.894889 -0.442082 9.532500 0.001996 0.442800 0.896618 0.000000 0.000000 0.000000 0.000000 1.000000
0.998308 -0.051192 0.027591 -0.000000 0.058154 0.880632 -0.470219 9.532500 -0.000226 0.471028 0.882118 0.000000 0.000000 0.000000 0.000000 1.000000
0.998308 -0.051193 0.027591 -0.000000 0.058154 0.880632 -0.470219 9.532500 -0.000226 0.471028 0.882118 0.000000 0.000000 0.000000 0.000000 1.000000
0.998308 -0.051192 0.027591 -0.000000 0.058154 0.880632 -0.470219 9.532500 -0.000226 0.471028 0.882118 0.000000 0.000000 0.000000 0.000000 1.000000
0.998308 -0.051192 0.027591 -0.000000 0.058154 0.880632 -0.470219 9.532500 -0.000226 0.471028 0.882118 0.000000 0.000000 0.000000 0.000000 1.000000
0.998308 -0.051193 0.027591 0.000000 0.058154 0.880632 -0.470219 9.532500 -0.000226 0.471028 0.882118 0.000000 0.000000 0.000000 0.000000 1.000000
0.998308 -0.051192 0.027591 0.000000 0.058154 0.880632 -0.470219 9.532500 -0.000226 0.471028 0.882118 0.000000 0.000000 0.000000 0.000000 1.000000
0.998308 -0.051192 0.027591 -0.000000 0.058154 0.880632 -0.470219 9.532500 -0.000226 0.471028 0.882118 -0.000000 0.000000 0.000000 0.000000 1.000000
0.998308 -0.051192 0.027591 0.000000 0.058154 0.880632 -0.470219 9.532500 -0.000226 0.471028 0.882118 0.000000 0.000000 0.000000 0.000000 1.000000
0.998308 -0.051192 0.027591 0.000000 0.058154 0.880632 -0.470219 9.532500 -0.000226 0.471028 0.882118 0.000000 0.000000 0.000000 0.000000 1.000000
0.998179 -0.053431 0.027979 0.000000 0.060308 0.878037 -0.474778 9.532500 0.000802 0.475601 0.879661 0.000000 0.000000 0.000000 0.000000 1.000000
0.997149 -0.068925 0.030698 0.000000 0.074972 0.859241 -0.506048 9.532500 0.008502 0.506907 0.861959 -0.000000 0.000000 0.000000 0.000000 1.000000
0.994980 -0.093685 0.035179 -0.000000 0.097411 0.826167 -0.554941 9.532500 0.022926 0.555582 0.831146 -0.000000 0.000000 0.000000 0.000000 1.000000
0.991799 -0.121267 0.040355 0.000000 0.120702 0.784951 -0.607686 9.532500 0.042016 0.607574 0.793151 0.000000 0.000000 0.000000 0.000000 1.000000
0.988338 -0.145457 0.045049 -0.000000 0.139383 0.745046 -0.652287 9.532500 0.061316 0.650960 0.756632 -0.000000 0.000000 0.000000 0.000000 1.000000
0.985896 -0.160328 0.048003 0.000000 0.149945 0.718790 -0.678865 9.532500 0.074337 0.676488 0.732692 0.000000 0.000000 0.000000 0.000000 1.000000
0.985526 -0.162460 0.048431 0.000000 0.151397 0.714918 -0.682621 9.532500 0.076275 0.680073 0.729166 0.000000 0.000000 0.000000 0.000000 1.000000
0.985526 -0.162460 0.048431 0.000000 0.151397 0.714918 -0.682621 9.532500 0.076275 0.680073 0.729166 0.000000 0.000000 0.000000 0.000000 1.000000
0.985526 -0.162461 0.048431 0.000000 0.151397 0.714918 -0.682621 9.532500 0.076275 0.680073 0.729166 0.000000 0.000000 0.000000 0.000000 1.000000
0.985526 -0.162461 0.048431 0.000000 0.151397 0.714918 -0.682621 9.532500 0.076275 0.680073 0.729166 0.000000 0.000000 0.000000 0.000000 1.000000
0.985526 -0.162461 0.048431 -0.000000 0.151397 0.714918 -0.682621 9.532500 0.076275 0.680073 0.729166 0.000000 0.000000 0.000000 0.000000 1.000000
0.985526 -0.162460 0.048431 0.000000 0.151397 0.714918 -0.682621 9.532500 0.076275 0.680073 0.729166 0.000000 0.000000 0.000000 0.000000 1.000000
0.985766 -0.161133 0.047969 0.000000 0.150534 0.718900 -0.678618 9.532500 0.074863 0.676179 0.732924 0.000000 0.000000 0.000000 0.000000 1.000000
0.987450 -0.151486 0.044663 0.000000 0.143950 0.746952 -0.649107 9.532500 0.064970 0.647390 0.759384 0.000000 0.000000 0.000000 0.000000 1.000000
0.990130 -0.134593 0.039086 -0.000000 0.131225 0.792321 -0.595825 9.532500 0.049225 0.595073 0.802163 0.000000 0.000000 0.000000 0.000000 1.000000
0.993069 -0.112991 0.032358 0.000000 0.113082 0.843489 -0.525108 9.532500 0.032039 0.525128 0.850420 0.000000 0.000000 0.000000 0.000000 1.000000
0.995666 -0.089426 0.025541 -0.000000 0.091422 0.890722 -0.445260 9.532500 0.017068 0.445666 0.895037 -0.000000 0.000000 0.000000 0.000000 1.000000
0.997568 -0.066909 0.019545 0.000000 0.069409 0.927670 -0.366894 9.532500 0.006417 0.367358 0.930058 -0.000000 0.000000 0.000000 0.000000 1.000000
0.998702 -0.048656 0.015059 0.000000 0.050932 0.951876 -0.302222 9.532500 0.000370 0.302597 0.953119 0.000000 0.000000 0.000000 0.000000 1.000000
0.999200 -0.037966 0.012590 -0.000000 0.039943 0.963702 -0.263975 9.532500 -0.002111 0.264267 0.964447 0.000000 0.000000 0.000000 0.000000 1.000000</float_array>
        <technique_common>
          <accessor source="#mixamorig_RightHandMiddle1-Matrix-animation-output-transform-array" count="78" stride="16">
            <param type="float4x4"/>
          </accessor>
        </technique_common>
      </source>
      <source id="mixamorig_RightHandMiddle1-Interpolations">
        <Name_array id="mixamorig_RightHandMiddle1-Interpolations-array" count="78">
 LINEAR LINEAR LINEAR LINEAR LINEAR LINEAR LINEAR LINEAR LINEAR LINEAR LINEAR
LINEAR LINEAR LINEAR LINEAR LINEAR LINEAR LINEAR LINEAR LINEAR LINEAR LINEAR LINEAR
LINEAR LINEAR LINEAR LINEAR LINEAR LINEAR LINEAR LINEAR LINEAR LINEAR LINEAR LINEAR
LINEAR LINEAR LINEAR LINEAR LINEAR LINEAR LINEAR LINEAR LINEAR LINEAR LINEAR LINEAR
LINEAR LINEAR LINEAR LINEAR LINEAR LINEAR LINEAR LINEAR LINEAR LINEAR LINEAR LINEAR
LINEAR LINEAR LINEAR LINEAR LINEAR LINEAR LINEAR LINEAR LINEAR LINEAR LINEAR LINEAR
LINEAR LINEAR LINEAR LINEAR LINEAR LINEAR LINEAR</Name_array>
        <technique_common>
          <accessor source="#mixamorig_RightHandMiddle1-Interpolations-array" count="78">
            <param type="name"/>
          </accessor>
        </technique_common>
      </source>
      <sampler id="mixamorig_RightHandMiddle1-Matrix-animation-transform">
        <input semantic="INPUT" source="#mixamorig_RightHandMiddle1-Matrix-animation-input"/>
        <input semantic="OUTPUT" source="#mixamorig_RightHandMiddle1-Matrix-animation-output-transform"/>
        <input semantic="INTERPOLATION" source="#mixamorig_RightHandMiddle1-Interpolations"/>
      </sampler>
      <channel source="#mixamorig_RightHandMiddle1-Matrix-animation-transform" target="mixamorig_RightHandMiddle1/matrix"/>
    </animation>
    <animation id="mixamorig_RightHandMiddle2-anim" name="mixamorig_RightHandMiddle2">
      <source id="mixamorig_RightHandMiddle2-Matrix-animation-input">
        <float_array id="mixamorig_RightHandMiddle2-Matrix-animation-input-array" count="78">

0.000000 0.033333 0.066667 0.100000 0.133333 0.166667 0.200000 0.233333 0.266667 0.300000 0.333333 0.366667 0.400000 0.433333 0.466667 0.500000
0.533333 0.566667 0.600000 0.633333 0.666667 0.700000 0.733333 0.766667 0.800000 0.833333 0.866667 0.900000 0.933333 0.966667 1.000000 1.033333
1.066667 1.100000 1.133333 1.166667 1.200000 1.233333 1.266667 1.300000 1.333333 1.366667 1.400000 1.433333 1.466667 1.500000 1.533333 1.566667
1.600000 1.633333 1.666667 1.700000 1.733333 1.766667 1.800000 1.833333 1.866667 1.900000 1.933333 1.966667 2.000000 2.033333 2.066667 2.100000
2.133333 2.166667 2.200000 2.233333 2.266667 2.300000 2.333333 2.366667 2.400000 2.433333 2.466667 2.500000 2.533333 2.566667</float_array>
        <technique_common>
          <accessor source="#mixamorig_RightHandMiddle2-Matrix-animation-input-array" count="78">
            <param name="TIME" type="float"/>
          </accessor>
        </technique_common>
      </source>
      <source id="mixamorig_RightHandMiddle2-Matrix-animation-output-transform">
        <float_array id="mixamorig_RightHandMiddle2-Matrix-animation-output-transform-array" count="1248">

0.999695 -0.024405 0.003742 0.000000 0.024405 0.953765 -0.299561 3.700000 0.003742 0.299561 0.954070 0.000000 0.000000 0.000000 0.000000 1.000000
0.999652 -0.026038 0.004274 0.000000 0.026038 0.947193 -0.319606 3.700000 0.004274 0.319606 0.947541 0.000000 0.000000 0.000000 0.000000 1.000000
0.999523 -0.030338 0.005861 0.000000 0.030338 0.927579 -0.372393 3.700000 0.005861 0.372393 0.928057 0.000000 0.000000 0.000000 0.000000 1.000000
0.999302 -0.036357 0.008566 0.000000 0.036357 0.894161 -0.446266 3.700000 0.008566 0.446266 0.894859 -0.000000 0.000000 0.000000 0.000000 1.000000
0.998993 -0.043127 0.012359 0.000000 0.043127 0.847297 -0.529365 3.700000 0.012358 0.529365 0.848304 -0.000000 0.000000 0.000000 0.000000 1.000000
0.998617 -0.049751 0.016970 0.000000 0.049751 0.790318 -0.610674 3.700000 0.016970 0.610674 0.791701 -0.000000 0.000000 0.000000 0.000000 1.000000
0.998220 -0.055491 0.021847 0.000000 0.055491 0.730052 -0.681135 3.700000 0.021847 0.681135 0.731832 0.000000 0.000000 0.000000 0.000000 1.000000
0.997865 -0.059822 0.026206 0.000000 0.059822 0.676186 -0.734298 3.700000 0.026207 0.734298 0.678321 0.000000 0.000000 0.000000 0.000000 1.000000
0.997608 -0.062580 0.029361 -0.000000 0.062580 0.637210 -0.768145 3.700000 0.029361 0.768145 0.639602 0.000000 0.000000 0.000000 0.000000 1.000000
0.997392 -0.064690 0.032016 0.000000 0.064690 0.604408 -0.794045 3.700000 0.032016 0.794044 0.607016 0.000000 0.000000 0.000000 0.000000 1.000000
0.997205 -0.066373 0.034310 0.000000 0.066373 0.576057 -0.814710 3.700000 0.034310 0.814710 0.578852 0.000000 0.000000 0.000000 0.000000 1.000000
0.997050 -0.067679 0.036215 0.000000 0.067680 0.552529 -0.830741 3.700000 0.036214 0.830741 0.555479 0.000000 0.000000 0.000000 0.000000 1.000000
0.996928 -0.068649 0.037708 0.000000 0.068649 0.534077 -0.842644 3.700000 0.037708 0.842644 0.537149 0.000000 0.000000 0.000000 0.000000 1.000000
0.996841 -0.069316 0.038778 -0.000000 0.069316 0.520853 -0.850827 3.700000 0.038778 0.850827 0.524012 0.000000 0.000000 0.000000 0.000000 1.000000
0.996789 -0.069704 0.039420 -0.000000 0.069705 0.512926 -0.855598 3.700000 0.039419 0.855598 0.516138 0.000000 0.000000 0.000000 0.000000 1.000000
0.996771 -0.069832 0.039633 0.000000 0.069832 0.510295 -0.857160 3.700000 0.039633 0.857160 0.513524 0.000000 0.000000 0.000000 0.000000 1.000000
0.996771 -0.069832 0.039633 0.000000 0.069832 0.510295 -0.857160 3.700000 0.039633 0.857160 0.513524 0.000000 0.000000 0.000000 0.000000 1.000000
0.996771 -0.069831 0.039633 0.000000 0.069832 0.510295 -0.857160 3.700000 0.039632 0.857160 0.513524 0.000000 0.000000 0.000000 0.000000 1.000000
0.996771 -0.069831 0.039633 0.000000 0.069831 0.510295 -0.857160 3.700000 0.039632 0.857160 0.513524 0.000000 0.000000 0.000000 0.000000 1.000000
0.996771 -0.069832 0.039633 0.000000 0.069832 0.510295 -0.857160 3.700000 0.039633 0.857160 0.513524 0.000000 0.000000 0.000000 0.000000 1.000000
0.996771 -0.069832 0.039632 0.000000 0.069831 0.510295 -0.857159 3.700000 0.039633 0.857159 0.513524 -0.000000 0.000000 0.000000 0.000000 1.000000
0.997747 -0.061128 0.027660 0.000000 0.061128 0.658230 -0.750331 3.700000 0.027660 0.750331 0.660483 0.000000 0.000000 0.000000 0.000000 1.000000
0.998959 -0.043792 0.012779 0.000000 0.043792 0.842106 -0.537531 3.700000 0.012779 0.537531 0.843147 0.000000 0.000000 0.000000 0.000000 1.000000
0.999143 -0.040035 0.010521 0.000000 0.040035 0.870004 -0.491417 3.700000 0.010520 0.491417 0.870861 -0.000000 0.000000 0.000000 0.000000 1.000000
0.999143 -0.040035 0.010521 -0.000000 0.040035 0.870004 -0.491417 3.700000 0.010521 0.491417 0.870861 0.000000 0.000000 0.000000 0.000000 1.000000
0.999143 -0.040035 0.010521 0.000000 0.040035 0.870004 -0.491417 3.700000 0.010521 0.491417 0.870861 -0.000000 0.000000 0.000000 0.000000 1.000000
0.999143 -0.040035 0.010521 0.000000 0.040035 0.870004 -0.491417 3.700000 0.010521 0.491417 0.870861 0.000000 0.000000 0.000000 0.000000 1.000000
0.999143 -0.040035 0.010521 -0.000000 0.040035 0.870004 -0.491417 3.700000 0.010521 0.491417 0.870861 0.000000 0.000000 0.000000 0.000000 1.000000
0.999189 -0.039011 0.009952 -0.000000 0.039011 0.877032 -0.478845 3.700000 0.009952 0.478845 0.877843 0.000000 0.000000 0.000000 0.000000 1.000000
0.999469 -0.031934 0.006522 -0.000000 0.031935 0.919417 -0.391986 3.700000 0.006522 0.391986 0.919948 0.000000 0.000000 0.000000 0.000000 1.000000
0.999782 -0.020701 0.002674 0.000000 0.020700 0.966958 -0.254095 3.700000 0.002675 0.254095 0.967176 0.000000 0.000000 0.000000 0.000000 1.000000
0.999959 -0.009025 0.000502 0.000000 0.009025 0.993805 -0.110775 3.700000 0.000501 0.110775 0.993845 0.000000 0.000000 0.000000 0.000000 1.000000
0.999999 -0.001172 0.000009 0.000000 0.001172 0.999896 -0.014391 3.700000 0.000008 0.014391 0.999896 0.000000 0.000000 0.000000 0.000000 1.000000
1.000000 -0.000000 0.000000 0.000000 0.000000 1.000000 -0.000002 3.700000 -0.000000 0.000002 1.000000 0.000000 0.000000 0.000000 0.000000 1.000000
1.000000 -0.000001 -0.000000 0.000000 0.000001 1.000000 -0.000003 3.700000 0.000000 0.000003 1.000000 0.000000 0.000000 0.000000 0.000000 1.000000
1.000000 -0.000000 -0.000000 0.000000 0.000000 1.000000 -0.000000 3.700000 0.000000 0.000000 1.000000 -0.000000 0.000000 0.000000 0.000000 1.000000
1.000000 -0.000000 0.000000 0.000000 0.000000 1.000000 -0.000001 3.700000 -0.000000 0.000001 1.000000 0.000000 0.000000 0.000000 0.000000 1.000000
1.000000 0.000000 -0.000000 0.000000 -0.000000 1.000000 -0.000001 3.700000 0.000000 0.000001 1.000000 0.000000 0.000000 0.000000 0.000000 1.000000
1.000000 0.000000 -0.000000 0.000000 -0.000000 1.000000 -0.000000 3.700000 0.000000 0.000000 1.000000 0.000000 0.000000 0.000000 0.000000 1.000000
1.000000 -0.000000 -0.000000 0.000000 0.000000 1.000000 -0.000001 3.700000 0.000000 0.000001 1.000000 0.000000 0.000000 0.000000 0.000000 1.000000
1.000000 0.000000 0.000000 0.000000 -0.000000 1.000000 -0.000000 3.700000 -0.000000 0.000000 1.000000 0.000000 0.000000 0.000000 0.000000 1.000000
1.000000 -0.000000 -0.000000 0.000000 0.000000 1.000000 -0.000002 3.700000 0.000000 0.000002 1.000000 0.000000 0.000000 0.000000 0.000000 1.000000
1.000000 -0.000886 0.000005 0.000000 0.000886 0.999940 -0.010876 3.700000 0.000005 0.010876 0.999941 -0.000000 0.000000 0.000000 0.000000 1.000000
0.999974 -0.007224 0.000321 -0.000000 0.007224 0.996035 -0.088665 3.700000 0.000321 0.088665 0.996061 0.000000 0.000000 0.000000 0.000000 1.000000
0.999838 -0.017883 0.001987 0.000000 0.017883 0.975448 -0.219501 3.700000 0.001987 0.219501 0.975610 0.000000 0.000000 0.000000 0.000000 1.000000
0.999516 -0.030531 0.005938 0.000000 0.030531 0.926622 -0.374752 3.700000 0.005939 0.374752 0.927106 0.000000 0.000000 0.000000 0.000000 1.000000
0.999010 -0.042786 0.012147 -0.000000 0.042786 0.849912 -0.525184 3.700000 0.012147 0.525184 0.850902 0.000000 0.000000 0.000000 0.000000 1.000000
0.998423 -0.052695 0.019357 0.000000 0.052695 0.760822 -0.646818 3.700000 0.019357 0.646818 0.762399 -0.000000 0.000000 0.000000 0.000000 1.000000
0.997930 -0.059082 0.025413 -0.000000 0.059082 0.685994 -0.725205 3.700000 0.025413 0.725205 0.688064 0.000000 0.000000 0.000000 0.000000 1.000000
0.997726 -0.061348 0.027911 0.000000 0.061348 0.655127 -0.753024 3.700000 0.027911 0.753024 0.657401 0.000000 0.000000 0.000000 0.000000 1.000000
0.997726 -0.061348 0.027911 -0.000000 0.061348 0.655127 -0.753024 3.700000 0.027911 0.753024 0.657401 0.000000 0.000000 0.000000 0.000000 1.000000
0.997726 -0.061348 0.027911 0.000000 0.061348 0.655127 -0.753024 3.700000 0.027911 0.753024 0.657401 0.000000 0.000000 0.000000 0.000000 1.000000
0.997726 -0.061348 0.027911 0.000000 0.061348 0.655127 -0.753024 3.700000 0.027911 0.753024 0.657401 0.000000 0.000000 0.000000 0.000000 1.000000
0.997726 -0.061347 0.027911 0.000000 0.061347 0.655127 -0.753024 3.700000 0.027911 0.753024 0.657401 0.000000 0.000000 0.000000 0.000000 1.000000
0.997726 -0.061348 0.027911 0.000000 0.061348 0.655127 -0.753024 3.700000 0.027911 0.753024 0.657401 0.000000 0.000000 0.000000 0.000000 1.000000
0.997726 -0.061348 0.027911 0.000000 0.061348 0.655128 -0.753023 3.700000 0.027911 0.753023 0.657402 0.000000 0.000000 0.000000 0.000000 1.000000
0.997726 -0.061348 0.027911 -0.000000 0.061348 0.655128 -0.753024 3.700000 0.027911 0.753024 0.657401 0.000000 0.000000 0.000000 0.000000 1.000000
0.997726 -0.061348 0.027911 0.000000 0.061348 0.655128 -0.753023 3.700000 0.027911 0.753023 0.657402 0.000000 0.000000 0.000000 0.000000 1.000000
0.997759 -0.060989 0.027502 -0.000000 0.060989 0.660180 -0.748627 3.700000 0.027502 0.748627 0.662421 -0.000000 0.000000 0.000000 0.000000 1.000000
0.997985 -0.058429 0.024731 0.000000 0.058429 0.694418 -0.717196 3.700000 0.024731 0.717196 0.696433 0.000000 0.000000 0.000000 0.000000 1.000000
0.998328 -0.054042 0.020528 0.000000 0.054042 0.746355 -0.663350 3.700000 0.020528 0.663350 0.748027 -0.000000 0.000000 0.000000 0.000000 1.000000
0.998680 -0.048739 0.016201 -0.000000 0.048739 0.799820 -0.598257 3.700000 0.016201 0.598257 0.801140 -0.000000 0.000000 0.000000 0.000000 1.000000
0.998962 -0.043739 0.012745 0.000000 0.043739 0.842524 -0.536879 3.700000 0.012745 0.536879 0.843563 0.000000 0.000000 0.000000 0.000000 1.000000
0.999121 -0.040508 0.010790 0.000000 0.040508 0.866678 -0.497221 3.700000 0.010790 0.497221 0.867557 -0.000000 0.000000 0.000000 0.000000 1.000000
0.999143 -0.040035 0.010521 0.000000 0.040035 0.870004 -0.491417 3.700000 0.010521 0.491417 0.870861 0.000000 0.000000 0.000000 0.000000 1.000000
0.999143 -0.040035 0.010521 -0.000000 0.040035 0.870004 -0.491417 3.700000 0.010521 0.491417 0.870861 0.000000 0.000000 0.000000 0.000000 1.000000
0.999143 -0.040035 0.010521 0.000000 0.040035 0.870004 -0.491417 3.700000 0.010521 0.491417 0.870861 0.000000 0.000000 0.000000 0.000000 1.000000
0.999143 -0.040035 0.010521 0.000000 0.040035 0.870004 -0.491417 3.700000 0.010521 0.491417 0.870861 0.000000 0.000000 0.000000 0.000000 1.000000
0.999143 -0.040035 0.010521 0.000000 0.040035 0.870004 -0.491417 3.700000 0.010521 0.491417 0.870861 0.000000 0.000000 0.000000 0.000000 1.000000
0.999143 -0.040035 0.010521 0.000000 0.040035 0.870004 -0.491417 3.700000 0.010521 0.491417 0.870861 0.000000 0.000000 0.000000 0.000000 1.000000
0.999151 -0.039868 0.010427 0.000000 0.039868 0.871166 -0.489367 3.700000 0.010427 0.489367 0.872016 -0.000000 0.000000 0.000000 0.000000 1.000000
0.999205 -0.038656 0.009760 0.000000 0.038656 0.879411 -0.474491 3.700000 0.009759 0.474491 0.880206 0.000000 0.000000 0.000000 0.000000 1.000000
0.999295 -0.036542 0.008659 0.000000 0.036542 0.893013 -0.448546 3.700000 0.008659 0.448546 0.893718 0.000000 0.000000 0.000000 0.000000 1.000000
0.999400 -0.033853 0.007369 -0.000000 0.033853 0.908950 -0.415528 3.700000 0.007369 0.415528 0.909550 -0.000000 0.000000 0.000000 0.000000 1.000000
0.999503 -0.030932 0.006102 0.000000 0.030932 0.924600 -0.379682 3.700000 0.006102 0.379682 0.925097 0.000000 0.000000 0.000000 0.000000 1.000000
0.999591 -0.028152 0.005020 -0.000000 0.028152 0.937976 -0.345556 3.700000 0.005020 0.345556 0.938385 0.000000 0.000000 0.000000 0.000000 1.000000
0.999656 -0.025903 0.004228 0.000000 0.025903 0.947752 -0.317954 3.700000 0.004229 0.317954 0.948097 0.000000 0.000000 0.000000 0.000000 1.000000
0.999690 -0.024588 0.003800 -0.000000 0.024588 0.953053 -0.301805 3.700000 0.003799 0.301805 0.953362 0.000000 0.000000 0.000000 0.000000 1.000000</float_array>
        <technique_common>
          <accessor source="#mixamorig_RightHandMiddle2-Matrix-animation-output-transform-array" count="78" stride="16">
            <param type="float4x4"/>
          </accessor>
        </technique_common>
      </source>
      <source id="mixamorig_RightHandMiddle2-Interpolations">
        <Name_array id="mixamorig_RightHandMiddle2-Interpolations-array" count="78">
 LINEAR LINEAR LINEAR LINEAR LINEAR LINEAR LINEAR LINEAR LINEAR LINEAR LINEAR
LINEAR LINEAR LINEAR LINEAR LINEAR LINEAR LINEAR LINEAR LINEAR LINEAR LINEAR LINEAR
LINEAR LINEAR LINEAR LINEAR LINEAR LINEAR LINEAR LINEAR LINEAR LINEAR LINEAR LINEAR
LINEAR LINEAR LINEAR LINEAR LINEAR LINEAR LINEAR LINEAR LINEAR LINEAR LINEAR LINEAR
LINEAR LINEAR LINEAR LINEAR LINEAR LINEAR LINEAR LINEAR LINEAR LINEAR LINEAR LINEAR
LINEAR LINEAR LINEAR LINEAR LINEAR LINEAR LINEAR LINEAR LINEAR LINEAR LINEAR LINEAR
LINEAR LINEAR LINEAR LINEAR LINEAR LINEAR LINEAR</Name_array>
        <technique_common>
          <accessor source="#mixamorig_RightHandMiddle2-Interpolations-array" count="78">
            <param type="name"/>
          </accessor>
        </technique_common>
      </source>
      <sampler id="mixamorig_RightHandMiddle2-Matrix-animation-transform">
        <input semantic="INPUT" source="#mixamorig_RightHandMiddle2-Matrix-animation-input"/>
        <input semantic="OUTPUT" source="#mixamorig_RightHandMiddle2-Matrix-animation-output-transform"/>
        <input semantic="INTERPOLATION" source="#mixamorig_RightHandMiddle2-Interpolations"/>
      </sampler>
      <channel source="#mixamorig_RightHandMiddle2-Matrix-animation-transform" target="mixamorig_RightHandMiddle2/matrix"/>
    </animation>
    <animation id="mixamorig_RightHandMiddle3-anim" name="mixamorig_RightHandMiddle3">
      <source id="mixamorig_RightHandMiddle3-Matrix-animation-input">
        <float_array id="mixamorig_RightHandMiddle3-Matrix-animation-input-array" count="78">

0.000000 0.033333 0.066667 0.100000 0.133333 0.166667 0.200000 0.233333 0.266667 0.300000 0.333333 0.366667 0.400000 0.433333 0.466667 0.500000
0.533333 0.566667 0.600000 0.633333 0.666667 0.700000 0.733333 0.766667 0.800000 0.833333 0.866667 0.900000 0.933333 0.966667 1.000000 1.033333
1.066667 1.100000 1.133333 1.166667 1.200000 1.233333 1.266667 1.300000 1.333333 1.366667 1.400000 1.433333 1.466667 1.500000 1.533333 1.566667
1.600000 1.633333 1.666667 1.700000 1.733333 1.766667 1.800000 1.833333 1.866667 1.900000 1.933333 1.966667 2.000000 2.033333 2.066667 2.100000
2.133333 2.166667 2.200000 2.233333 2.266667 2.300000 2.333333 2.366667 2.400000 2.433333 2.466667 2.500000 2.533333 2.566667</float_array>
        <technique_common>
          <accessor source="#mixamorig_RightHandMiddle3-Matrix-animation-input-array" count="78">
            <param name="TIME" type="float"/>
          </accessor>
        </technique_common>
      </source>
      <source id="mixamorig_RightHandMiddle3-Matrix-animation-output-transform">
        <float_array id="mixamorig_RightHandMiddle3-Matrix-animation-output-transform-array" count="1248">

0.999659 -0.025769 0.004184 -0.000000 0.025769 0.948307 -0.316305 2.950000 0.004184 0.316305 0.948648 -0.000000 0.000000 0.000000 0.000000 1.000000
0.999625 -0.026990 0.004602 0.000000 0.026990 0.943141 -0.331295 2.950000 0.004601 0.331295 0.943516 -0.000000 0.000000 0.000000 0.000000 1.000000
0.999527 -0.030216 0.005812 -0.000000 0.030216 0.928186 -0.370888 2.950000 0.005812 0.370888 0.928660 -0.000000 0.000000 0.000000 0.000000 1.000000
0.999365 -0.034763 0.007792 0.000000 0.034763 0.903725 -0.426700 2.950000 0.007792 0.426700 0.904360 0.000000 0.000000 0.000000 0.000000 1.000000
0.999147 -0.039945 0.010470 0.000000 0.039945 0.870635 -0.490305 2.950000 0.010470 0.490304 0.871488 0.000000 0.000000 0.000000 0.000000 1.000000
0.998889 -0.045116 0.013642 0.000000 0.045116 0.831437 -0.553784 2.950000 0.013642 0.553784 0.832549 0.000000 0.000000 0.000000 0.000000 1.000000
0.998620 -0.049716 0.016943 0.000000 0.049716 0.790648 -0.610249 2.950000 0.016943 0.610249 0.792028 0.000000 0.000000 0.000000 0.000000 1.000000
0.998381 -0.053290 0.019868 0.000000 0.053290 0.754508 -0.654123 2.950000 0.019868 0.654123 0.756127 0.000000 0.000000 0.000000 0.000000 1.000000
0.998210 -0.055628 0.021975 0.000000 0.055628 0.728468 -0.682818 2.950000 0.021975 0.682818 0.730258 -0.000000 0.000000 0.000000 0.000000 1.000000
0.998066 -0.057458 0.023745 0.000000 0.057458 0.706600 -0.705277 2.950000 0.023745 0.705277 0.708534 0.000000 0.000000 0.000000 0.000000 1.000000
0.997941 -0.058949 0.025273 0.000000 0.058949 0.687720 -0.723579 2.950000 0.025273 0.723579 0.689779 0.000000 0.000000 0.000000 0.000000 1.000000
0.997838 -0.060128 0.026541 0.000000 0.060128 0.672059 -0.738052 2.950000 0.026541 0.738052 0.674221 -0.000000 0.000000 0.000000 0.000000 1.000000
0.997757 -0.061019 0.027535 0.000000 0.061019 0.659777 -0.748980 2.950000 0.027535 0.748980 0.662020 0.000000 0.000000 0.000000 0.000000 1.000000
0.997699 -0.061639 0.028247 0.000000 0.061638 0.650975 -0.756593 2.950000 0.028247 0.756593 0.653276 -0.000000 0.000000 0.000000 0.000000 1.000000
0.997664 -0.062003 0.028674 -0.000000 0.062003 0.645698 -0.761071 2.950000 0.028674 0.761071 0.648034 -0.000000 0.000000 0.000000 0.000000 1.000000
0.997652 -0.062123 0.028816 0.000000 0.062123 0.643947 -0.762544 2.950000 0.028816 0.762544 0.646294 0.000000 0.000000 0.000000 0.000000 1.000000
0.997652 -0.062123 0.028816 0.000000 0.062123 0.643947 -0.762544 2.950000 0.028816 0.762544 0.646294 0.000000 0.000000 0.000000 0.000000 1.000000
0.997652 -0.062123 0.028816 0.000000 0.062124 0.643947 -0.762544 2.950000 0.028816 0.762544 0.646294 0.000000 0.000000 0.000000 0.000000 1.000000
0.997652 -0.062123 0.028816 -0.000000 0.062123 0.643946 -0.762544 2.950000 0.028816 0.762544 0.646294 0.000000 0.000000 0.000000 0.000000 1.000000
0.997652 -0.062123 0.028816 -0.000000 0.062123 0.643947 -0.762544 2.950000 0.028816 0.762544 0.646294 0.000000 0.000000 0.000000 0.000000 1.000000
0.997652 -0.062123 0.028816 0.000000 0.062123 0.643947 -0.762544 2.950000 0.028816 0.762544 0.646294 0.000000 0.000000 0.000000 0.000000 1.000000
0.997658 -0.062069 0.028752 -0.000000 0.062069 0.644735 -0.761882 2.950000 0.028752 0.761882 0.647078 -0.000000 0.000000 0.000000 0.000000 1.000000
0.997666 -0.061986 0.028653 0.000000 0.061986 0.645953 -0.760857 2.950000 0.028654 0.760857 0.648287 0.000000 0.000000 0.000000 0.000000 1.000000
0.997667 -0.061970 0.028635 -0.000000 0.061970 0.646185 -0.760661 2.950000 0.028635 0.760661 0.648518 -0.000000 0.000000 0.000000 0.000000 1.000000
0.997667 -0.061970 0.028635 -0.000000 0.061970 0.646185 -0.760661 2.950000 0.028635 0.760661 0.648518 0.000000 0.000000 0.000000 0.000000 1.000000
0.997667 -0.061970 0.028635 0.000000 0.061970 0.646185 -0.760661 2.950000 0.028635 0.760661 0.648518 0.000000 0.000000 0.000000 0.000000 1.000000
0.997667 -0.061970 0.028635 0.000000 0.061970 0.646185 -0.760660 2.950000 0.028635 0.760660 0.648518 0.000000 0.000000 0.000000 0.000000 1.000000
0.997667 -0.061970 0.028635 0.000000 0.061970 0.646185 -0.760660 2.950000 0.028635 0.760660 0.648518 0.000000 0.000000 0.000000 0.000000 1.000000
0.997778 -0.060790 0.027277 -0.000000 0.060790 0.662965 -0.746178 2.950000 0.027277 0.746178 0.665187 -0.000000 0.000000 0.000000 0.000000 1.000000
0.998478 -0.051893 0.018684 0.000000 0.051893 0.769141 -0.636969 2.950000 0.018684 0.636969 0.770663 -0.000000 0.000000 0.000000 0.000000 1.000000
0.999340 -0.035419 0.008105 -0.000000 0.035419 0.899852 -0.434754 2.950000 0.008105 0.434754 0.900513 0.000000 0.000000 0.000000 0.000000 1.000000
0.999886 -0.015055 0.001403 0.000000 0.015055 0.982661 -0.184798 2.950000 0.001403 0.184798 0.982775 0.000000 0.000000 0.000000 0.000000 1.000000
0.999996 0.002846 0.000050 -0.000000 -0.002846 0.999386 0.034931 2.950000 0.000050 -0.034931 0.999390 -0.000000 0.000000 0.000000 0.000000 1.000000
0.999916 0.012890 0.001026 0.000000 -0.012890 0.987319 0.158227 2.950000 0.001026 -0.158227 0.987402 -0.000000 0.000000 0.000000 0.000000 1.000000
0.999834 0.018115 0.002040 0.000000 -0.018115 0.974798 0.222354 2.950000 0.002040 -0.222354 0.974964 0.000000 0.000000 0.000000 0.000000 1.000000
0.999787 0.020456 0.002611 0.000000 -0.020456 0.967747 0.251092 2.950000 0.002610 -0.251092 0.967960 0.000000 0.000000 0.000000 0.000000 1.000000
0.999775 0.021016 0.002758 -0.000000 -0.021016 0.965926 0.257965 2.950000 0.002758 -0.257965 0.966150 -0.000000 0.000000 0.000000 0.000000 1.000000
0.999775 0.021016 0.002758 0.000000 -0.021016 0.965926 0.257964 2.950000 0.002758 -0.257964 0.966151 0.000000 0.000000 0.000000 0.000000 1.000000
0.999798 0.019961 0.002484 -0.000000 -0.019961 0.969314 0.245016 2.950000 0.002484 -0.245016 0.969516 0.000000 0.000000 0.000000 0.000000 1.000000
0.999848 0.017309 0.001860 0.000000 -0.017309 0.977017 0.212456 2.950000 0.001860 -0.212456 0.977169 0.000000 0.000000 0.000000 0.000000 1.000000
0.999904 0.013831 0.001183 0.000000 -0.013831 0.985386 0.169776 2.950000 0.001183 -0.169776 0.985482 0.000000 0.000000 0.000000 0.000000 1.000000
0.999946 0.010328 0.000657 0.000000 -0.010328 0.991878 0.126772 2.950000 0.000657 -0.126772 0.991932 0.000000 0.000000 0.000000 0.000000 1.000000
0.999977 0.006755 0.000280 0.000000 -0.006755 0.996534 0.082916 2.950000 0.000281 -0.082916 0.996557 0.000000 0.000000 0.000000 0.000000 1.000000
1.000000 -0.000953 0.000006 -0.000000 0.000953 0.999931 -0.011699 2.950000 0.000006 0.011699 0.999932 0.000000 0.000000 0.000000 0.000000 1.000000
0.999928 -0.011991 0.000887 0.000000 0.011991 0.989036 -0.147185 2.950000 0.000887 0.147185 0.989109 0.000000 0.000000 0.000000 0.000000 1.000000
0.999694 -0.024438 0.003752 0.000000 0.024438 0.953634 -0.299975 2.950000 0.003752 0.299975 0.953940 0.000000 0.000000 0.000000 0.000000 1.000000
0.999304 -0.036323 0.008549 0.000000 0.036323 0.894368 -0.445855 2.950000 0.008549 0.445855 0.895064 -0.000000 0.000000 0.000000 0.000000 1.000000
0.998841 -0.045982 0.014227 0.000000 0.045982 0.824209 -0.564415 2.950000 0.014227 0.564415 0.825368 0.000000 0.000000 0.000000 0.000000 1.000000
0.998450 -0.052304 0.019027 0.000000 0.052304 0.764902 -0.642020 2.950000 0.019027 0.642020 0.766452 0.000000 0.000000 0.000000 0.000000 1.000000
0.998289 -0.054577 0.021007 0.000000 0.054577 0.740430 -0.669914 2.950000 0.021007 0.669914 0.742141 0.000000 0.000000 0.000000 0.000000 1.000000
0.998289 -0.054577 0.021008 -0.000000 0.054577 0.740430 -0.669914 2.950000 0.021007 0.669914 0.742141 -0.000000 0.000000 0.000000 0.000000 1.000000
0.998289 -0.054577 0.021007 -0.000000 0.054577 0.740429 -0.669915 2.950000 0.021007 0.669915 0.742141 0.000000 0.000000 0.000000 0.000000 1.000000
0.998289 -0.054577 0.021008 0.000000 0.054577 0.740430 -0.669914 2.950000 0.021007 0.669914 0.742141 0.000000 0.000000 0.000000 0.000000 1.000000
0.998289 -0.054577 0.021008 0.000000 0.054577 0.740430 -0.669914 2.950000 0.021007 0.669914 0.742141 0.000000 0.000000 0.000000 0.000000 1.000000
0.998289 -0.054577 0.021007 0.000000 0.054577 0.740430 -0.669914 2.950000 0.021007 0.669914 0.742141 0.000000 0.000000 0.000000 0.000000 1.000000
0.998289 -0.054577 0.021007 0.000000 0.054577 0.740429 -0.669915 2.950000 0.021007 0.669915 0.742141 0.000000 0.000000 0.000000 0.000000 1.000000
0.998289 -0.054577 0.021007 0.000000 0.054577 0.740430 -0.669914 2.950000 0.021007 0.669914 0.742141 -0.000000 0.000000 0.000000 0.000000 1.000000
0.998289 -0.054577 0.021007 -0.000000 0.054577 0.740430 -0.669915 2.950000 0.021007 0.669915 0.742141 0.000000 0.000000 0.000000 0.000000 1.000000
0.998277 -0.054732 0.021148 -0.000000 0.054732 0.738693 -0.671816 2.950000 0.021148 0.671816 0.740416 0.000000 0.000000 0.000000 0.000000 1.000000
0.998197 -0.055797 0.022135 0.000000 0.055797 0.726503 -0.684894 2.950000 0.022134 0.684894 0.728307 -0.000000 0.000000 0.000000 0.000000 1.000000
0.998064 -0.057475 0.023763 0.000000 0.057475 0.706388 -0.705487 2.950000 0.023762 0.705487 0.708324 0.000000 0.000000 0.000000 0.000000 1.000000
0.997910 -0.059308 0.025653 -0.000000 0.059308 0.683029 -0.727979 2.950000 0.025653 0.727979 0.685119 0.000000 0.000000 0.000000 0.000000 1.000000
0.997769 -0.060882 0.027380 0.000000 0.060882 0.661686 -0.747305 2.950000 0.027380 0.747305 0.663916 -0.000000 0.000000 0.000000 0.000000 1.000000
0.997680 -0.061834 0.028476 -0.000000 0.061834 0.648152 -0.758996 2.950000 0.028475 0.758996 0.650472 0.000000 0.000000 0.000000 0.000000 1.000000
0.997667 -0.061970 0.028635 0.000000 0.061970 0.646185 -0.760661 2.950000 0.028635 0.760661 0.648518 0.000000 0.000000 0.000000 0.000000 1.000000
0.997667 -0.061970 0.028635 0.000000 0.061970 0.646185 -0.760661 2.950000 0.028635 0.760661 0.648518 0.000000 0.000000 0.000000 0.000000 1.000000
0.997667 -0.061970 0.028635 -0.000000 0.061970 0.646186 -0.760660 2.950000 0.028634 0.760660 0.648518 0.000000 0.000000 0.000000 0.000000 1.000000
0.997667 -0.061970 0.028635 0.000000 0.061970 0.646185 -0.760661 2.950000 0.028635 0.760661 0.648518 0.000000 0.000000 0.000000 0.000000 1.000000
0.997667 -0.061970 0.028635 0.000000 0.061970 0.646185 -0.760661 2.950000 0.028635 0.760661 0.648518 -0.000000 0.000000 0.000000 0.000000 1.000000
0.997667 -0.061970 0.028635 0.000000 0.061970 0.646185 -0.760661 2.950000 0.028635 0.760661 0.648518 0.000000 0.000000 0.000000 0.000000 1.000000
0.997698 -0.061647 0.028257 0.000000 0.061647 0.650847 -0.756702 2.950000 0.028258 0.756702 0.653149 0.000000 0.000000 0.000000 0.000000 1.000000
0.997915 -0.059252 0.025594 0.000000 0.059252 0.683755 -0.727302 2.950000 0.025594 0.727302 0.685840 0.000000 0.000000 0.000000 0.000000 1.000000
0.998268 -0.054857 0.021262 0.000000 0.054857 0.737286 -0.673350 2.950000 0.021262 0.673350 0.739018 0.000000 0.000000 0.000000 0.000000 1.000000
0.998670 -0.048910 0.016329 0.000000 0.048910 0.798237 -0.600354 2.950000 0.016329 0.600354 0.799567 0.000000 0.000000 0.000000 0.000000 1.000000
0.999046 -0.042076 0.011713 0.000000 0.042076 0.855270 -0.516472 2.950000 0.011713 0.516472 0.856224 0.000000 0.000000 0.000000 0.000000 1.000000
0.999345 -0.035276 0.008036 0.000000 0.035276 0.900705 -0.432997 2.950000 0.008036 0.432997 0.901359 0.000000 0.000000 0.000000 0.000000 1.000000
0.999546 -0.029610 0.005573 -0.000000 0.029610 0.931144 -0.363448 2.950000 0.005573 0.363448 0.931598 0.000000 0.000000 0.000000 0.000000 1.000000
0.999646 -0.026240 0.004342 0.000000 0.026240 0.946346 -0.322088 2.950000 0.004342 0.322088 0.946700 0.000000 0.000000 0.000000 0.000000 1.000000</float_array>
        <technique_common>
          <accessor source="#mixamorig_RightHandMiddle3-Matrix-animation-output-transform-array" count="78" stride="16">
            <param type="float4x4"/>
          </accessor>
        </technique_common>
      </source>
      <source id="mixamorig_RightHandMiddle3-Interpolations">
        <Name_array id="mixamorig_RightHandMiddle3-Interpolations-array" count="78">
 LINEAR LINEAR LINEAR LINEAR LINEAR LINEAR LINEAR LINEAR LINEAR LINEAR LINEAR
LINEAR LINEAR LINEAR LINEAR LINEAR LINEAR LINEAR LINEAR LINEAR LINEAR LINEAR LINEAR
LINEAR LINEAR LINEAR LINEAR LINEAR LINEAR LINEAR LINEAR LINEAR LINEAR LINEAR LINEAR
LINEAR LINEAR LINEAR LINEAR LINEAR LINEAR LINEAR LINEAR LINEAR LINEAR LINEAR LINEAR
LINEAR LINEAR LINEAR LINEAR LINEAR LINEAR LINEAR LINEAR LINEAR LINEAR LINEAR LINEAR
LINEAR LINEAR LINEAR LINEAR LINEAR LINEAR LINEAR LINEAR LINEAR LINEAR LINEAR LINEAR
LINEAR LINEAR LINEAR LINEAR LINEAR LINEAR LINEAR</Name_array>
        <technique_common>
          <accessor source="#mixamorig_RightHandMiddle3-Interpolations-array" count="78">
            <param type="name"/>
          </accessor>
        </technique_common>
      </source>
      <sampler id="mixamorig_RightHandMiddle3-Matrix-animation-transform">
        <input semantic="INPUT" source="#mixamorig_RightHandMiddle3-Matrix-animation-input"/>
        <input semantic="OUTPUT" source="#mixamorig_RightHandMiddle3-Matrix-animation-output-transform"/>
        <input semantic="INTERPOLATION" source="#mixamorig_RightHandMiddle3-Interpolations"/>
      </sampler>
      <channel source="#mixamorig_RightHandMiddle3-Matrix-animation-transform" target="mixamorig_RightHandMiddle3/matrix"/>
    </animation>
    <animation id="mixamorig_RightHandRing1-anim" name="mixamorig_RightHandRing1">
      <source id="mixamorig_RightHandRing1-Matrix-animation-input">
        <float_array id="mixamorig_RightHandRing1-Matrix-animation-input-array" count="78">

0.000000 0.033333 0.066667 0.100000 0.133333 0.166667 0.200000 0.233333 0.266667 0.300000 0.333333 0.366667 0.400000 0.433333 0.466667 0.500000
0.533333 0.566667 0.600000 0.633333 0.666667 0.700000 0.733333 0.766667 0.800000 0.833333 0.866667 0.900000 0.933333 0.966667 1.000000 1.033333
1.066667 1.100000 1.133333 1.166667 1.200000 1.233333 1.266667 1.300000 1.333333 1.366667 1.400000 1.433333 1.466667 1.500000 1.533333 1.566667
1.600000 1.633333 1.666667 1.700000 1.733333 1.766667 1.800000 1.833333 1.866667 1.900000 1.933333 1.966667 2.000000 2.033333 2.066667 2.100000
2.133333 2.166667 2.200000 2.233333 2.266667 2.300000 2.333333 2.366667 2.400000 2.433333 2.466667 2.500000 2.533333 2.566667</float_array>
        <technique_common>
          <accessor source="#mixamorig_RightHandRing1-Matrix-animation-input-array" count="78">
            <param name="TIME" type="float"/>
          </accessor>
        </technique_common>
      </source>
      <source id="mixamorig_RightHandRing1-Matrix-animation-output-transform">
        <float_array id="mixamorig_RightHandRing1-Matrix-animation-output-transform-array" count="1248">

0.998557 -0.050515 0.018249 -1.865100 0.053707 0.935611 -0.348924 9.103600 0.000551 0.349401 0.936973 0.043100 0.000000 0.000000 0.000000 1.000000
0.998283 -0.055593 0.018435 -1.865100 0.058524 0.934367 -0.351473 9.103600 0.002315 0.351948 0.936017 0.043100 0.000000 0.000000 0.000000 1.000000
0.997425 -0.069145 0.019031 -1.865100 0.071357 0.930308 -0.359771 9.103600 0.007172 0.360202 0.932847 0.043100 0.000000 0.000000 0.000000 1.000000
0.995862 -0.088632 0.020100 -1.865100 0.089691 0.922776 -0.374752 9.103600 0.014667 0.375004 0.926907 0.043100 0.000000 0.000000 0.000000 1.000000
0.993527 -0.111499 0.021721 -1.865100 0.110920 0.910976 -0.397264 9.103600 0.024507 0.397102 0.917447 0.043100 0.000000 0.000000 0.000000 1.000000
0.990530 -0.135182 0.024005 -1.865100 0.132384 0.894021 -0.428020 9.103600 0.036399 0.427144 0.903451 0.043100 0.000000 0.000000 0.000000 1.000000
0.987209 -0.157114 0.027100 -1.865100 0.151439 0.870909 -0.467530 9.103600 0.049854 0.465654 0.883562 0.043100 0.000000 0.000000 0.000000 1.000000
0.984122 -0.174732 0.031189 -1.865100 0.165573 0.840433 -0.516001 9.103600 0.063950 0.512972 0.856020 0.043100 0.000000 0.000000 0.000000 1.000000
0.981817 -0.186225 0.036819 -1.865100 0.173072 0.798466 -0.576627 9.103600 0.077984 0.572514 0.816177 0.043100 0.000000 0.000000 0.000000 1.000000
0.979860 -0.194359 0.045805 -1.865100 0.175467 0.728581 -0.662103 9.103600 0.095313 0.656806 0.748011 0.043100 0.000000 0.000000 0.000000 1.000000
0.978245 -0.199315 0.057536 -1.865100 0.172964 0.630479 -0.756690 9.103600 0.114545 0.750180 0.651237 0.043100 0.000000 0.000000 0.000000 1.000000
0.977058 -0.200909 0.070657 -1.865100 0.166228 0.512016 -0.842738 9.103600 0.133137 0.835150 0.533667 0.043100 0.000000 0.000000 0.000000 1.000000
0.976319 -0.199564 0.083521 -1.865100 0.156896 0.387361 -0.908480 9.103600 0.148947 0.900070 0.409498 0.043100 0.000000 0.000000 0.000000 1.000000
0.975961 -0.196417 0.094446 -1.865100 0.147275 0.274928 -0.950118 9.103600 0.160654 0.941188 0.297247 0.043100 0.000000 0.000000 0.000000 1.000000
0.975855 -0.193172 0.101937 -1.865100 0.139871 0.194227 -0.970934 9.103600 0.167758 0.961749 0.216556 0.043100 0.000000 0.000000 0.000000 1.000000
0.975849 -0.191714 0.104711 -1.865100 0.136968 0.163575 -0.976976 9.103600 0.170172 0.967724 0.185883 0.043100 0.000000 0.000000 0.000000 1.000000
0.975849 -0.191714 0.104711 -1.865100 0.136968 0.163575 -0.976976 9.103600 0.170172 0.967724 0.185883 0.043100 0.000000 0.000000 0.000000 1.000000
0.975849 -0.191714 0.104711 -1.865100 0.136968 0.163575 -0.976977 9.103600 0.170172 0.967724 0.185883 0.043100 0.000000 0.000000 0.000000 1.000000
0.975849 -0.191714 0.104711 -1.865100 0.136968 0.163575 -0.976977 9.103600 0.170172 0.967724 0.185883 0.043100 0.000000 0.000000 0.000000 1.000000
0.975849 -0.191713 0.104711 -1.865100 0.136968 0.163575 -0.976977 9.103600 0.170171 0.967724 0.185883 0.043100 0.000000 0.000000 0.000000 1.000000
0.975849 -0.191714 0.104711 -1.865100 0.136967 0.163575 -0.976977 9.103600 0.170172 0.967724 0.185883 0.043100 0.000000 0.000000 0.000000 1.000000
0.966275 -0.242450 0.086783 -1.865100 0.168913 0.342366 -0.924259 9.103600 0.194375 0.907747 0.371772 0.043100 0.000000 0.000000 0.000000 1.000000
0.947628 -0.313983 0.058449 -1.865100 0.241302 0.583991 -0.775067 9.103600 0.209224 0.748579 0.629170 0.043100 0.000000 0.000000 0.000000 1.000000
0.943627 -0.326721 0.053116 -1.865100 0.257475 0.623639 -0.738093 9.103600 0.208025 0.710161 0.672605 0.043100 0.000000 0.000000 0.000000 1.000000
0.943627 -0.326721 0.053116 -1.865100 0.257475 0.623639 -0.738093 9.103600 0.208025 0.710161 0.672605 0.043100 0.000000 0.000000 0.000000 1.000000
0.943627 -0.326721 0.053116 -1.865100 0.257475 0.623638 -0.738093 9.103600 0.208025 0.710161 0.672605 0.043100 0.000000 0.000000 0.000000 1.000000
0.943627 -0.326721 0.053116 -1.865100 0.257475 0.623638 -0.738093 9.103600 0.208025 0.710161 0.672604 0.043100 0.000000 0.000000 0.000000 1.000000
0.943627 -0.326721 0.053116 -1.865100 0.257475 0.623638 -0.738093 9.103600 0.208025 0.710161 0.672604 0.043100 0.000000 0.000000 0.000000 1.000000
0.942861 -0.329192 0.051444 -1.865100 0.261761 0.636330 -0.725648 9.103600 0.206142 0.697651 0.686140 0.043100 0.000000 0.000000 0.000000 1.000000
0.937595 -0.345396 0.040211 -1.865100 0.291215 0.716753 -0.633608 9.103600 0.190024 0.605778 0.772608 0.043100 0.000000 0.000000 0.000000 1.000000
0.929338 -0.368470 0.023694 -1.865100 0.336032 0.817442 -0.467836 9.103600 0.153015 0.442739 0.883498 0.043100 0.000000 0.000000 0.000000 1.000000
0.920600 -0.390423 0.008055 -1.865100 0.378367 0.886692 -0.265737 9.103600 0.096608 0.247685 0.964012 0.043100 0.000000 0.000000 0.000000 1.000000
0.913820 -0.406112 -0.002541 -1.865100 0.404338 0.910379 -0.087871 9.103600 0.037999 0.079271 0.996129 0.043100 0.000000 0.000000 0.000000 1.000000
0.910976 -0.412396 -0.007228 -1.865100 0.412454 0.910915 0.010713 9.103600 0.002166 -0.012741 0.999916 0.043100 0.000000 0.000000 0.000000 1.000000
0.911193 -0.411880 -0.009056 -1.865100 0.411693 0.909518 0.057322 9.103600 -0.015373 -0.055960 0.998315 0.043100 0.000000 0.000000 0.000000 1.000000
0.912967 -0.407922 -0.009506 -1.865100 0.407484 0.910285 0.073058 9.103600 -0.021149 -0.070573 0.997282 0.043100 0.000000 0.000000 0.000000 1.000000
0.914966 -0.403424 -0.009323 -1.865100 0.403006 0.912351 0.072127 9.103600 -0.020592 -0.069751 0.997352 0.043100 0.000000 0.000000 0.000000 1.000000
0.915910 -0.401280 -0.009126 -1.865100 0.400923 0.913534 0.068675 9.103600 -0.019221 -0.066559 0.997597 0.043100 0.000000 0.000000 0.000000 1.000000
0.915556 -0.402093 -0.008836 -1.865100 0.401867 0.913721 0.060145 9.103600 -0.016110 -0.058618 0.998151 0.043100 0.000000 0.000000 0.000000 1.000000
0.914672 -0.404117 -0.008086 -1.865100 0.404113 0.913886 0.038805 9.103600 -0.008292 -0.038761 0.999214 0.043100 0.000000 0.000000 0.000000 1.000000
0.913521 -0.406731 -0.007053 -1.865100 0.406788 0.913456 0.011040 9.103600 0.001953 -0.012954 0.999914 0.043100 0.000000 0.000000 0.000000 1.000000
0.912369 -0.409325 -0.005957 -1.865100 0.409184 0.912298 -0.016730 9.103600 0.012283 0.012826 0.999842 0.043100 0.000000 0.000000 0.000000 1.000000
0.915993 -0.401170 -0.004402 -1.865100 0.400574 0.915133 -0.045516 9.103600 0.022288 0.039929 0.998954 0.043100 0.000000 0.000000 0.000000 1.000000
0.927659 -0.373428 -0.000585 -1.865100 0.371223 0.922351 -0.107060 9.103600 0.040519 0.099098 0.994252 0.043100 0.000000 0.000000 0.000000 1.000000
0.941588 -0.336729 0.005121 -1.865100 0.331262 0.923348 -0.194148 9.103600 0.060647 0.184504 0.980959 0.043100 0.000000 0.000000 0.000000 1.000000
0.955332 -0.295286 0.012155 -1.865100 0.285783 0.912546 -0.292554 9.103600 0.075295 0.282959 0.956172 0.043100 0.000000 0.000000 0.000000 1.000000
0.967077 -0.253720 0.019687 -1.865100 0.241250 0.889423 -0.388232 9.103600 0.080992 0.380200 0.921351 0.043100 0.000000 0.000000 0.000000 1.000000
0.975778 -0.217138 0.026622 -1.865100 0.204053 0.859520 -0.468602 9.103600 0.078869 0.462684 0.883008 0.043100 0.000000 0.000000 0.000000 1.000000
0.981068 -0.191050 0.031709 -1.865100 0.179148 0.833097 -0.523312 9.103600 0.073562 0.519085 0.851551 0.043100 0.000000 0.000000 0.000000 1.000000
0.982884 -0.181120 0.033673 -1.865100 0.170088 0.821966 -0.543545 9.103600 0.070769 0.539970 0.838704 0.043100 0.000000 0.000000 0.000000 1.000000
0.982884 -0.181120 0.033673 -1.865100 0.170089 0.821966 -0.543545 9.103600 0.070769 0.539969 0.838704 0.043100 0.000000 0.000000 0.000000 1.000000
0.982884 -0.181119 0.033673 -1.865100 0.170088 0.821966 -0.543545 9.103600 0.070768 0.539970 0.838704 0.043100 0.000000 0.000000 0.000000 1.000000
0.982884 -0.181120 0.033673 -1.865100 0.170089 0.821966 -0.543545 9.103600 0.070769 0.539969 0.838704 0.043100 0.000000 0.000000 0.000000 1.000000
0.982884 -0.181120 0.033673 -1.865100 0.170089 0.821966 -0.543545 9.103600 0.070768 0.539969 0.838704 0.043100 0.000000 0.000000 0.000000 1.000000
0.982884 -0.181120 0.033673 -1.865100 0.170088 0.821966 -0.543546 9.103600 0.070769 0.539970 0.838704 0.043100 0.000000 0.000000 0.000000 1.000000
0.982884 -0.181120 0.033673 -1.865100 0.170088 0.821966 -0.543545 9.103600 0.070769 0.539969 0.838704 0.043100 0.000000 0.000000 0.000000 1.000000
0.982884 -0.181119 0.033673 -1.865100 0.170088 0.821966 -0.543545 9.103600 0.070768 0.539969 0.838704 0.043100 0.000000 0.000000 0.000000 1.000000
0.982884 -0.181120 0.033673 -1.865100 0.170088 0.821966 -0.543545 9.103600 0.070768 0.539970 0.838704 0.043100 0.000000 0.000000 0.000000 1.000000
0.982321 -0.184080 0.034046 -1.865100 0.172399 0.818670 -0.547775 9.103600 0.072962 0.543961 0.835933 0.043100 0.000000 0.000000 0.000000 1.000000
0.978172 -0.204537 0.036651 -1.865100 0.187854 0.795044 -0.576728 9.103600 0.088823 0.571025 0.816113 0.043100 0.000000 0.000000 0.000000 1.000000
0.970622 -0.237109 0.040893 -1.865100 0.210478 0.754370 -0.621791 9.103600 0.116584 0.612131 0.782115 0.043100 0.000000 0.000000 0.000000 1.000000
0.960868 -0.273208 0.045722 -1.865100 0.232335 0.704977 -0.670096 9.103600 0.150842 0.654496 0.740865 0.043100 0.000000 0.000000 0.000000 1.000000
0.951135 -0.304693 0.050040 -1.865100 0.248264 0.658271 -0.710664 9.103600 0.183595 0.688361 0.701749 0.043100 0.000000 0.000000 0.000000 1.000000
0.944599 -0.323963 0.052728 -1.865100 0.256414 0.628061 -0.734705 9.103600 0.204901 0.707522 0.676334 0.043100 0.000000 0.000000 0.000000 1.000000
0.943627 -0.326721 0.053116 -1.865100 0.257475 0.623638 -0.738093 9.103600 0.208025 0.710161 0.672604 0.043100 0.000000 0.000000 0.000000 1.000000
0.943627 -0.326721 0.053116 -1.865100 0.257475 0.623639 -0.738093 9.103600 0.208026 0.710161 0.672605 0.043100 0.000000 0.000000 0.000000 1.000000
0.943627 -0.326721 0.053116 -1.865100 0.257475 0.623638 -0.738093 9.103600 0.208025 0.710161 0.672605 0.043100 0.000000 0.000000 0.000000 1.000000
0.943627 -0.326721 0.053116 -1.865100 0.257475 0.623638 -0.738094 9.103600 0.208025 0.710161 0.672604 0.043100 0.000000 0.000000 0.000000 1.000000
0.943627 -0.326721 0.053116 -1.865100 0.257475 0.623638 -0.738094 9.103600 0.208026 0.710161 0.672604 0.043100 0.000000 0.000000 0.000000 1.000000
0.943627 -0.326721 0.053116 -1.865100 0.257475 0.623639 -0.738093 9.103600 0.208025 0.710161 0.672605 0.043100 0.000000 0.000000 0.000000 1.000000
0.944653 -0.323809 0.052707 -1.865100 0.256353 0.628304 -0.734518 9.103600 0.204727 0.707377 0.676539 0.043100 0.000000 0.000000 0.000000 1.000000
0.951805 -0.302639 0.049759 -1.865100 0.247316 0.661391 -0.708094 9.103600 0.181387 0.686274 0.704363 0.043100 0.000000 0.000000 0.000000 1.000000
0.963059 -0.265554 0.044696 -1.865100 0.227998 0.715757 -0.660082 9.103600 0.143297 0.645889 0.749863 0.043100 0.000000 0.000000 0.000000 1.000000
0.975165 -0.218124 0.038421 -1.865100 0.197593 0.778429 -0.595823 9.103600 0.100055 0.588617 0.802196 0.043100 0.000000 0.000000 0.000000 1.000000
0.985542 -0.166409 0.031852 -1.865100 0.158344 0.837746 -0.522598 9.103600 0.060281 0.520086 0.851984 0.043100 0.000000 0.000000 0.000000 1.000000
0.992788 -0.117056 0.025865 -1.865100 0.116121 0.885402 -0.450089 9.103600 0.029785 0.449846 0.892609 0.043100 0.000000 0.000000 0.000000 1.000000
0.996796 -0.077116 0.021229 -1.865100 0.079282 0.917484 -0.389791 9.103600 0.010582 0.390225 0.920659 0.043100 0.000000 0.000000 0.000000 1.000000
0.998381 -0.053760 0.018608 -1.865100 0.056865 0.933539 -0.353938 9.103600 0.001657 0.354423 0.935084 0.043100 0.000000 0.000000 0.000000 1.000000</float_array>
        <technique_common>
          <accessor source="#mixamorig_RightHandRing1-Matrix-animation-output-transform-array" count="78" stride="16">
            <param type="float4x4"/>
          </accessor>
        </technique_common>
      </source>
      <source id="mixamorig_RightHandRing1-Interpolations">
        <Name_array id="mixamorig_RightHandRing1-Interpolations-array" count="78">
 LINEAR LINEAR LINEAR LINEAR LINEAR LINEAR LINEAR LINEAR LINEAR LINEAR LINEAR
LINEAR LINEAR LINEAR LINEAR LINEAR LINEAR LINEAR LINEAR LINEAR LINEAR LINEAR LINEAR
LINEAR LINEAR LINEAR LINEAR LINEAR LINEAR LINEAR LINEAR LINEAR LINEAR LINEAR LINEAR
LINEAR LINEAR LINEAR LINEAR LINEAR LINEAR LINEAR LINEAR LINEAR LINEAR LINEAR LINEAR
LINEAR LINEAR LINEAR LINEAR LINEAR LINEAR LINEAR LINEAR LINEAR LINEAR LINEAR LINEAR
LINEAR LINEAR LINEAR LINEAR LINEAR LINEAR LINEAR LINEAR LINEAR LINEAR LINEAR LINEAR
LINEAR LINEAR LINEAR LINEAR LINEAR LINEAR LINEAR</Name_array>
        <technique_common>
          <accessor source="#mixamorig_RightHandRing1-Interpolations-array" count="78">
            <param type="name"/>
          </accessor>
        </technique_common>
      </source>
      <sampler id="mixamorig_RightHandRing1-Matrix-animation-transform">
        <input semantic="INPUT" source="#mixamorig_RightHandRing1-Matrix-animation-input"/>
        <input semantic="OUTPUT" source="#mixamorig_RightHandRing1-Matrix-animation-output-transform"/>
        <input semantic="INTERPOLATION" source="#mixamorig_RightHandRing1-Interpolations"/>
      </sampler>
      <channel source="#mixamorig_RightHandRing1-Matrix-animation-transform" target="mixamorig_RightHandRing1/matrix"/>
    </animation>
    <animation id="mixamorig_RightHandRing2-anim" name="mixamorig_RightHandRing2">
      <source id="mixamorig_RightHandRing2-Matrix-animation-input">
        <float_array id="mixamorig_RightHandRing2-Matrix-animation-input-array" count="78">

0.000000 0.033333 0.066667 0.100000 0.133333 0.166667 0.200000 0.233333 0.266667 0.300000 0.333333 0.366667 0.400000 0.433333 0.466667 0.500000
0.533333 0.566667 0.600000 0.633333 0.666667 0.700000 0.733333 0.766667 0.800000 0.833333 0.866667 0.900000 0.933333 0.966667 1.000000 1.033333
1.066667 1.100000 1.133333 1.166667 1.200000 1.233333 1.266667 1.300000 1.333333 1.366667 1.400000 1.433333 1.466667 1.500000 1.533333 1.566667
1.600000 1.633333 1.666667 1.700000 1.733333 1.766667 1.800000 1.833333 1.866667 1.900000 1.933333 1.966667 2.000000 2.033333 2.066667 2.100000
2.133333 2.166667 2.200000 2.233333 2.266667 2.300000 2.333333 2.366667 2.400000 2.433333 2.466667 2.500000 2.533333 2.566667</float_array>
        <technique_common>
          <accessor source="#mixamorig_RightHandRing2-Matrix-animation-input-array" count="78">
            <param name="TIME" type="float"/>
          </accessor>
        </technique_common>
      </source>
      <source id="mixamorig_RightHandRing2-Matrix-animation-output-transform">
        <float_array id="mixamorig_RightHandRing2-Matrix-animation-output-transform-array" count="1248">

0.999562 -0.029113 0.005381 0.000000 0.029113 0.933515 -0.357354 3.379300 0.005381 0.357354 0.933953 -0.000000 0.000000 0.000000 0.000000 1.000000
0.999510 -0.030703 0.006009 0.000000 0.030703 0.925755 -0.376874 3.379300 0.006008 0.376874 0.926245 0.000000 0.000000 0.000000 0.000000 1.000000
0.999361 -0.034882 0.007848 0.000000 0.034882 0.903026 -0.428167 3.379300 0.007848 0.428167 0.903666 -0.000000 0.000000 0.000000 0.000000 1.000000
0.999112 -0.040705 0.010904 -0.000000 0.040705 0.865275 -0.499642 3.379300 0.010903 0.499642 0.866163 -0.000000 0.000000 0.000000 0.000000 1.000000
0.998771 -0.047217 0.015089 -0.000000 0.047217 0.813554 -0.579569 3.379300 0.015089 0.579569 0.814784 -0.000000 0.000000 0.000000 0.000000 1.000000
0.998364 -0.053542 0.020087 0.000000 0.053542 0.751800 -0.657213 3.379300 0.020087 0.657213 0.753437 0.000000 0.000000 0.000000 0.000000 1.000000
0.997938 -0.058982 0.025308 0.000000 0.058982 0.687290 -0.723984 3.379300 0.025308 0.723984 0.689352 0.000000 0.000000 0.000000 0.000000 1.000000
0.997560 -0.063060 0.029946 0.000000 0.063060 0.629989 -0.774040 3.379300 0.029946 0.774040 0.632428 0.000000 0.000000 0.000000 0.000000 1.000000
0.997286 -0.065657 0.033314 -0.000000 0.065657 0.588371 -0.805921 3.379300 0.033314 0.805921 0.591085 0.000000 0.000000 0.000000 0.000000 1.000000
0.997052 -0.067663 0.036190 0.000000 0.067663 0.552836 -0.830539 3.379300 0.036189 0.830539 0.555784 -0.000000 0.000000 0.000000 0.000000 1.000000
0.996846 -0.069277 0.038716 0.000000 0.069277 0.521622 -0.850360 3.379300 0.038716 0.850360 0.524776 0.000000 0.000000 0.000000 0.000000 1.000000
0.996672 -0.070542 0.040850 0.000000 0.070542 0.495260 -0.865876 3.379300 0.040850 0.865876 0.498588 0.000000 0.000000 0.000000 0.000000 1.000000
0.996533 -0.071490 0.042554 -0.000000 0.071490 0.474197 -0.877512 3.379300 0.042554 0.877512 0.477663 0.000000 0.000000 0.000000 0.000000 1.000000
0.996432 -0.072149 0.043800 0.000000 0.072149 0.458805 -0.885603 3.379300 0.043800 0.885603 0.462374 0.000000 0.000000 0.000000 0.000000 1.000000
0.996370 -0.072538 0.044561 0.000000 0.072538 0.449399 -0.890381 3.379300 0.044561 0.890381 0.453029 -0.000000 0.000000 0.000000 0.000000 1.000000
0.996349 -0.072667 0.044819 0.000000 0.072668 0.446220 -0.891968 3.379300 0.044818 0.891968 0.449871 0.000000 0.000000 0.000000 0.000000 1.000000
0.996349 -0.072667 0.044818 0.000000 0.072668 0.446219 -0.891968 3.379300 0.044818 0.891968 0.449871 0.000000 0.000000 0.000000 0.000000 1.000000
0.996349 -0.072667 0.044818 0.000000 0.072667 0.446219 -0.891968 3.379300 0.044818 0.891968 0.449871 0.000000 0.000000 0.000000 0.000000 1.000000
0.996349 -0.072668 0.044818 -0.000000 0.072668 0.446219 -0.891968 3.379300 0.044818 0.891968 0.449871 -0.000000 0.000000 0.000000 0.000000 1.000000
0.996349 -0.072667 0.044818 0.000000 0.072668 0.446219 -0.891968 3.379300 0.044818 0.891968 0.449871 -0.000000 0.000000 0.000000 0.000000 1.000000
0.996349 -0.072667 0.044818 0.000000 0.072668 0.446219 -0.891968 3.379300 0.044818 0.891969 0.449871 -0.000000 0.000000 0.000000 0.000000 1.000000
0.997330 -0.065260 0.032775 0.000000 0.065260 0.595034 -0.801047 3.379300 0.032774 0.801047 0.597704 -0.000000 0.000000 0.000000 0.000000 1.000000
0.998601 -0.050009 0.017171 0.000000 0.050009 0.787840 -0.613846 3.379300 0.017170 0.613846 0.789239 -0.000000 0.000000 0.000000 0.000000 1.000000
0.998804 -0.046644 0.014685 0.000000 0.046644 0.818550 -0.572538 3.379300 0.014685 0.572538 0.819746 0.000000 0.000000 0.000000 0.000000 1.000000
0.998804 -0.046644 0.014685 0.000000 0.046644 0.818550 -0.572538 3.379300 0.014685 0.572538 0.819746 -0.000000 0.000000 0.000000 0.000000 1.000000
0.998804 -0.046644 0.014685 0.000000 0.046644 0.818550 -0.572539 3.379300 0.014685 0.572539 0.819746 0.000000 0.000000 0.000000 0.000000 1.000000
0.998804 -0.046644 0.014685 0.000000 0.046644 0.818550 -0.572539 3.379300 0.014685 0.572539 0.819746 0.000000 0.000000 0.000000 0.000000 1.000000
0.998804 -0.046644 0.014685 0.000000 0.046644 0.818550 -0.572538 3.379300 0.014685 0.572538 0.819746 0.000000 0.000000 0.000000 0.000000 1.000000
0.998868 -0.045498 0.013898 0.000000 0.045498 0.828276 -0.558470 3.379300 0.013898 0.558470 0.829409 -0.000000 0.000000 0.000000 0.000000 1.000000
0.999256 -0.037474 0.009134 0.000000 0.037474 0.887140 -0.459977 3.379300 0.009134 0.459977 0.887884 0.000000 0.000000 0.000000 0.000000 1.000000
0.999694 -0.024452 0.003756 -0.000000 0.024452 0.953583 -0.300136 3.379300 0.003757 0.300136 0.953889 0.000000 0.000000 0.000000 0.000000 1.000000
0.999943 -0.010697 0.000705 0.000000 0.010697 0.991285 -0.131301 3.379300 0.000705 0.131301 0.991342 0.000000 0.000000 0.000000 0.000000 1.000000
0.999999 -0.001390 0.000012 0.000000 0.001390 0.999853 -0.017064 3.379300 0.000011 0.017064 0.999854 0.000000 0.000000 0.000000 0.000000 1.000000
1.000000 -0.000001 0.000000 -0.000000 0.000001 1.000000 -0.000006 3.379300 -0.000000 0.000006 1.000000 -0.000000 0.000000 0.000000 0.000000 1.000000
1.000000 -0.000001 0.000000 -0.000000 0.000001 1.000000 -0.000009 3.379300 -0.000000 0.000009 1.000000 -0.000000 0.000000 0.000000 0.000000 1.000000
1.000000 -0.000000 -0.000000 0.000000 0.000000 1.000000 -0.000005 3.379300 0.000000 0.000005 1.000000 0.000000 0.000000 0.000000 0.000000 1.000000
1.000000 -0.000000 0.000000 -0.000000 0.000000 1.000000 -0.000002 3.379300 -0.000000 0.000002 1.000000 -0.000000 0.000000 0.000000 0.000000 1.000000
1.000000 -0.000000 -0.000000 -0.000000 0.000000 1.000000 0.000000 3.379300 0.000000 -0.000000 1.000000 0.000000 0.000000 0.000000 0.000000 1.000000
1.000000 0.000000 0.000000 0.000000 -0.000000 1.000000 -0.000001 3.379300 -0.000000 0.000001 1.000000 0.000000 0.000000 0.000000 0.000000 1.000000
1.000000 -0.000000 0.000000 0.000000 0.000000 1.000000 -0.000002 3.379300 -0.000000 0.000002 1.000000 -0.000000 0.000000 0.000000 0.000000 1.000000
1.000000 -0.000000 -0.000000 0.000000 0.000000 1.000000 -0.000002 3.379300 0.000000 0.000002 1.000000 0.000000 0.000000 0.000000 0.000000 1.000000
1.000000 0.000000 0.000000 0.000000 -0.000000 1.000000 -0.000001 3.379300 -0.000000 0.000001 1.000000 0.000000 0.000000 0.000000 0.000000 1.000000
1.000000 -0.000949 0.000005 -0.000000 0.000949 0.999932 -0.011646 3.379300 0.000006 0.011646 0.999932 -0.000000 0.000000 0.000000 0.000000 1.000000
0.999970 -0.007737 0.000368 -0.000000 0.007737 0.995450 -0.094968 3.379300 0.000368 0.094968 0.995480 0.000000 0.000000 0.000000 0.000000 1.000000
0.999814 -0.019137 0.002280 -0.000000 0.019137 0.971831 -0.234899 3.379300 0.002280 0.234899 0.972017 0.000000 0.000000 0.000000 0.000000 1.000000
0.999446 -0.032594 0.006806 0.000000 0.032594 0.915902 -0.400077 3.379300 0.006806 0.400077 0.916456 -0.000000 0.000000 0.000000 0.000000 1.000000
0.998868 -0.045494 0.013895 0.000000 0.045494 0.828308 -0.558423 3.379300 0.013895 0.558423 0.829440 -0.000000 0.000000 0.000000 0.000000 1.000000
0.998200 -0.055752 0.022091 0.000000 0.055752 0.727034 -0.684334 3.379300 0.022092 0.684334 0.728834 0.000000 0.000000 0.000000 0.000000 1.000000
0.997642 -0.062230 0.028944 0.000000 0.062231 0.642374 -0.763860 3.379300 0.028943 0.763860 0.644732 0.000000 0.000000 0.000000 0.000000 1.000000
0.997413 -0.064494 0.031760 0.000000 0.064494 0.607565 -0.791647 3.379300 0.031760 0.791647 0.610152 0.000000 0.000000 0.000000 0.000000 1.000000
0.997413 -0.064494 0.031760 0.000000 0.064494 0.607564 -0.791648 3.379300 0.031760 0.791648 0.610152 0.000000 0.000000 0.000000 0.000000 1.000000
0.997413 -0.064494 0.031760 0.000000 0.064494 0.607565 -0.791647 3.379300 0.031760 0.791647 0.610152 -0.000000 0.000000 0.000000 0.000000 1.000000
0.997413 -0.064495 0.031760 -0.000000 0.064494 0.607565 -0.791647 3.379300 0.031761 0.791647 0.610153 0.000000 0.000000 0.000000 0.000000 1.000000
0.997413 -0.064494 0.031761 0.000000 0.064495 0.607565 -0.791647 3.379300 0.031760 0.791647 0.610152 -0.000000 0.000000 0.000000 0.000000 1.000000
0.997413 -0.064494 0.031760 0.000000 0.064494 0.607565 -0.791647 3.379300 0.031760 0.791647 0.610153 0.000000 0.000000 0.000000 0.000000 1.000000
0.997413 -0.064494 0.031760 0.000000 0.064494 0.607565 -0.791647 3.379300 0.031760 0.791647 0.610152 0.000000 0.000000 0.000000 0.000000 1.000000
0.997413 -0.064495 0.031760 0.000000 0.064494 0.607565 -0.791647 3.379300 0.031760 0.791647 0.610153 0.000000 0.000000 0.000000 0.000000 1.000000
0.997413 -0.064494 0.031761 0.000000 0.064495 0.607565 -0.791647 3.379300 0.031760 0.791647 0.610153 -0.000000 0.000000 0.000000 0.000000 1.000000
0.997444 -0.064196 0.031375 0.000000 0.064197 0.612334 -0.787988 3.379300 0.031374 0.787988 0.614890 -0.000000 0.000000 0.000000 0.000000 1.000000
0.997658 -0.062064 0.028746 0.000000 0.062064 0.644820 -0.761811 3.379300 0.028745 0.761811 0.647162 -0.000000 0.000000 0.000000 0.000000 1.000000
0.997987 -0.058404 0.024705 0.000000 0.058404 0.694738 -0.716888 3.379300 0.024705 0.716888 0.696751 0.000000 0.000000 0.000000 0.000000 1.000000
0.998333 -0.053966 0.020461 0.000000 0.053966 0.747188 -0.662418 3.379300 0.020460 0.662418 0.748855 0.000000 0.000000 0.000000 0.000000 1.000000
0.998617 -0.049766 0.016982 0.000000 0.049766 0.790171 -0.610863 3.379300 0.016982 0.610863 0.791554 0.000000 0.000000 0.000000 0.000000 1.000000
0.998781 -0.047043 0.014966 0.000000 0.047043 0.815078 -0.577438 3.379300 0.014966 0.577438 0.816297 0.000000 0.000000 0.000000 0.000000 1.000000
0.998804 -0.046644 0.014685 0.000000 0.046644 0.818550 -0.572538 3.379300 0.014685 0.572538 0.819746 -0.000000 0.000000 0.000000 0.000000 1.000000
0.998804 -0.046644 0.014685 0.000000 0.046644 0.818550 -0.572538 3.379300 0.014685 0.572538 0.819746 0.000000 0.000000 0.000000 0.000000 1.000000
0.998804 -0.046644 0.014685 0.000000 0.046644 0.818550 -0.572538 3.379300 0.014685 0.572538 0.819746 0.000000 0.000000 0.000000 0.000000 1.000000
0.998804 -0.046644 0.014685 0.000000 0.046644 0.818550 -0.572538 3.379300 0.014685 0.572538 0.819746 -0.000000 0.000000 0.000000 0.000000 1.000000
0.998804 -0.046644 0.014685 0.000000 0.046644 0.818550 -0.572538 3.379300 0.014685 0.572538 0.819746 0.000000 0.000000 0.000000 0.000000 1.000000
0.998804 -0.046644 0.014685 0.000000 0.046644 0.818550 -0.572539 3.379300 0.014685 0.572539 0.819746 -0.000000 0.000000 0.000000 0.000000 1.000000
0.998814 -0.046461 0.014557 0.000000 0.046461 0.820129 -0.570290 3.379300 0.014558 0.570290 0.821315 -0.000000 0.000000 0.000000 0.000000 1.000000
0.998888 -0.045128 0.013650 0.000000 0.045128 0.831340 -0.553929 3.379300 0.013650 0.553929 0.832452 0.000000 0.000000 0.000000 0.000000 1.000000
0.999010 -0.042790 0.012149 0.000000 0.042790 0.849881 -0.525235 3.379300 0.012149 0.525235 0.850871 0.000000 0.000000 0.000000 0.000000 1.000000
0.999154 -0.039793 0.010385 0.000000 0.039794 0.871682 -0.488454 3.379300 0.010385 0.488454 0.872528 0.000000 0.000000 0.000000 0.000000 1.000000
0.999296 -0.036516 0.008645 0.000000 0.036516 0.893177 -0.448221 3.379300 0.008645 0.448221 0.893881 0.000000 0.000000 0.000000 0.000000 1.000000
0.999417 -0.033375 0.007152 -0.000000 0.033375 0.911626 -0.409664 3.379300 0.007152 0.409664 0.912208 -0.000000 0.000000 0.000000 0.000000 1.000000
0.999507 -0.030821 0.006057 0.000000 0.030821 0.925163 -0.378316 3.379300 0.006057 0.378316 0.925657 -0.000000 0.000000 0.000000 0.000000 1.000000
0.999555 -0.029322 0.005461 0.000000 0.029322 0.932524 -0.359915 3.379300 0.005461 0.359915 0.932969 -0.000000 0.000000 0.000000 0.000000 1.000000</float_array>
        <technique_common>
          <accessor source="#mixamorig_RightHandRing2-Matrix-animation-output-transform-array" count="78" stride="16">
            <param type="float4x4"/>
          </accessor>
        </technique_common>
      </source>
      <source id="mixamorig_RightHandRing2-Interpolations">
        <Name_array id="mixamorig_RightHandRing2-Interpolations-array" count="78">
 LINEAR LINEAR LINEAR LINEAR LINEAR LINEAR LINEAR LINEAR LINEAR LINEAR LINEAR
LINEAR LINEAR LINEAR LINEAR LINEAR LINEAR LINEAR LINEAR LINEAR LINEAR LINEAR LINEAR
LINEAR LINEAR LINEAR LINEAR LINEAR LINEAR LINEAR LINEAR LINEAR LINEAR LINEAR LINEAR
LINEAR LINEAR LINEAR LINEAR LINEAR LINEAR LINEAR LINEAR LINEAR LINEAR LINEAR LINEAR
LINEAR LINEAR LINEAR LINEAR LINEAR LINEAR LINEAR LINEAR LINEAR LINEAR LINEAR LINEAR
LINEAR LINEAR LINEAR LINEAR LINEAR LINEAR LINEAR LINEAR LINEAR LINEAR LINEAR LINEAR
LINEAR LINEAR LINEAR LINEAR LINEAR LINEAR LINEAR</Name_array>
        <technique_common>
          <accessor source="#mixamorig_RightHandRing2-Interpolations-array" count="78">
            <param type="name"/>
          </accessor>
        </technique_common>
      </source>
      <sampler id="mixamorig_RightHandRing2-Matrix-animation-transform">
        <input semantic="INPUT" source="#mixamorig_RightHandRing2-Matrix-animation-input"/>
        <input semantic="OUTPUT" source="#mixamorig_RightHandRing2-Matrix-animation-output-transform"/>
        <input semantic="INTERPOLATION" source="#mixamorig_RightHandRing2-Interpolations"/>
      </sampler>
      <channel source="#mixamorig_RightHandRing2-Matrix-animation-transform" target="mixamorig_RightHandRing2/matrix"/>
    </animation>
    <animation id="mixamorig_RightHandRing3-anim" name="mixamorig_RightHandRing3">
      <source id="mixamorig_RightHandRing3-Matrix-animation-input">
        <float_array id="mixamorig_RightHandRing3-Matrix-animation-input-array" count="78">

0.000000 0.033333 0.066667 0.100000 0.133333 0.166667 0.200000 0.233333 0.266667 0.300000 0.333333 0.366667 0.400000 0.433333 0.466667 0.500000
0.533333 0.566667 0.600000 0.633333 0.666667 0.700000 0.733333 0.766667 0.800000 0.833333 0.866667 0.900000 0.933333 0.966667 1.000000 1.033333
1.066667 1.100000 1.133333 1.166667 1.200000 1.233333 1.266667 1.300000 1.333333 1.366667 1.400000 1.433333 1.466667 1.500000 1.533333 1.566667
1.600000 1.633333 1.666667 1.700000 1.733333 1.766667 1.800000 1.833333 1.866667 1.900000 1.933333 1.966667 2.000000 2.033333 2.066667 2.100000
2.133333 2.166667 2.200000 2.233333 2.266667 2.300000 2.333333 2.366667 2.400000 2.433333 2.466667 2.500000 2.533333 2.566667</float_array>
        <technique_common>
          <accessor source="#mixamorig_RightHandRing3-Matrix-animation-input-array" count="78">
            <param name="TIME" type="float"/>
          </accessor>
        </technique_common>
      </source>
      <source id="mixamorig_RightHandRing3-Matrix-animation-output-transform">
        <float_array id="mixamorig_RightHandRing3-Matrix-animation-output-transform-array" count="1248">

0.999679 -0.025032 0.003941 -0.000000 0.025032 0.951298 -0.307255 2.889700 0.003942 0.307255 0.951619 0.000000 0.000000 0.000000 0.000000 1.000000
0.999646 -0.026259 0.004349 0.000000 0.026259 0.946268 -0.322316 2.889700 0.004349 0.322316 0.946622 0.000000 0.000000 0.000000 0.000000 1.000000
0.999549 -0.029500 0.005530 0.000000 0.029500 0.931669 -0.362107 2.889700 0.005530 0.362107 0.932120 0.000000 0.000000 0.000000 0.000000 1.000000
0.999391 -0.034071 0.007469 -0.000000 0.034071 0.907709 -0.418215 2.889700 0.007469 0.418215 0.908318 -0.000000 0.000000 0.000000 0.000000 1.000000
0.999177 -0.039283 0.010101 0.000000 0.039283 0.875191 -0.482180 2.889700 0.010101 0.482180 0.876014 -0.000000 0.000000 0.000000 0.000000 1.000000
0.998922 -0.044485 0.013226 0.000000 0.044485 0.836575 -0.546043 2.889700 0.013226 0.546043 0.837653 -0.000000 0.000000 0.000000 0.000000 1.000000
0.998657 -0.049114 0.016483 0.000000 0.049114 0.796336 -0.602857 2.889700 0.016483 0.602857 0.797679 0.000000 0.000000 0.000000 0.000000 1.000000
0.998422 -0.052708 0.019368 0.000000 0.052708 0.760686 -0.646977 2.889700 0.019368 0.646977 0.762264 0.000000 0.000000 0.000000 0.000000 1.000000
0.998253 -0.055052 0.021440 0.000000 0.055052 0.735081 -0.675741 2.889700 0.021440 0.675741 0.736828 0.000000 0.000000 0.000000 0.000000 1.000000
0.998113 -0.056874 0.023168 0.000000 0.056874 0.713731 -0.698107 2.889700 0.023168 0.698107 0.715618 0.000000 0.000000 0.000000 0.000000 1.000000
0.997992 -0.058349 0.024649 0.000000 0.058349 0.695439 -0.716212 2.889700 0.024649 0.716212 0.697447 -0.000000 0.000000 0.000000 0.000000 1.000000
0.997893 -0.059507 0.025867 0.000000 0.059507 0.680387 -0.730433 2.889700 0.025867 0.730433 0.682494 0.000000 0.000000 0.000000 0.000000 1.000000
0.997815 -0.060376 0.026814 -0.000000 0.060376 0.668680 -0.741095 2.889700 0.026814 0.741095 0.670864 0.000000 0.000000 0.000000 0.000000 1.000000
0.997761 -0.060977 0.027488 0.000000 0.060977 0.660361 -0.748469 2.889700 0.027487 0.748469 0.662600 -0.000000 0.000000 0.000000 0.000000 1.000000
0.997728 -0.061327 0.027887 0.000000 0.061327 0.655416 -0.752774 2.889700 0.027888 0.752774 0.657688 -0.000000 0.000000 0.000000 0.000000 1.000000
0.997717 -0.061442 0.028020 0.000000 0.061443 0.653788 -0.754179 2.889700 0.028020 0.754179 0.656071 -0.000000 0.000000 0.000000 0.000000 1.000000
0.997717 -0.061442 0.028019 0.000000 0.061442 0.653789 -0.754178 2.889700 0.028020 0.754178 0.656071 0.000000 0.000000 0.000000 0.000000 1.000000
0.997717 -0.061442 0.028019 0.000000 0.061442 0.653789 -0.754179 2.889700 0.028020 0.754179 0.656071 0.000000 0.000000 0.000000 0.000000 1.000000
0.997717 -0.061442 0.028019 0.000000 0.061442 0.653789 -0.754178 2.889700 0.028019 0.754178 0.656071 0.000000 0.000000 0.000000 0.000000 1.000000
0.997717 -0.061442 0.028019 0.000000 0.061442 0.653789 -0.754179 2.889700 0.028020 0.754179 0.656071 0.000000 0.000000 0.000000 0.000000 1.000000
0.997717 -0.061442 0.028019 0.000000 0.061442 0.653789 -0.754178 2.889700 0.028019 0.754178 0.656071 0.000000 0.000000 0.000000 0.000000 1.000000
0.997722 -0.061396 0.027967 0.000000 0.061396 0.654439 -0.753618 2.889700 0.027967 0.753618 0.656718 0.000000 0.000000 0.000000 0.000000 1.000000
0.997728 -0.061325 0.027885 0.000000 0.061325 0.655445 -0.752749 2.889700 0.027885 0.752749 0.657717 0.000000 0.000000 0.000000 0.000000 1.000000
0.997730 -0.061312 0.027870 0.000000 0.061312 0.655637 -0.752583 2.889700 0.027870 0.752583 0.657907 0.000000 0.000000 0.000000 0.000000 1.000000
0.997729 -0.061312 0.027870 0.000000 0.061312 0.655637 -0.752583 2.889700 0.027870 0.752583 0.657907 0.000000 0.000000 0.000000 0.000000 1.000000
0.997729 -0.061312 0.027870 0.000000 0.061312 0.655637 -0.752583 2.889700 0.027870 0.752583 0.657908 0.000000 0.000000 0.000000 0.000000 1.000000
0.997729 -0.061312 0.027870 0.000000 0.061312 0.655637 -0.752583 2.889700 0.027870 0.752583 0.657907 0.000000 0.000000 0.000000 0.000000 1.000000
0.997729 -0.061312 0.027870 -0.000000 0.061312 0.655637 -0.752583 2.889700 0.027870 0.752583 0.657907 0.000000 0.000000 0.000000 0.000000 1.000000
0.997845 -0.060044 0.026448 0.000000 0.060044 0.673205 -0.737014 2.889700 0.026448 0.737014 0.675360 0.000000 0.000000 0.000000 0.000000 1.000000
0.998570 -0.050500 0.017556 0.000000 0.050500 0.783074 -0.619875 2.889700 0.017556 0.619875 0.784504 -0.000000 0.000000 0.000000 0.000000 1.000000
0.999432 -0.032970 0.006971 0.000000 0.032970 0.913859 -0.404692 2.889700 0.006972 0.404692 0.914427 0.000000 0.000000 0.000000 0.000000 1.000000
0.999931 -0.011733 0.000849 0.000000 0.011733 0.989505 -0.144020 2.889700 0.000850 0.144020 0.989574 0.000000 0.000000 0.000000 0.000000 1.000000
0.999981 0.006172 0.000234 -0.000000 -0.006172 0.997107 0.075759 2.889700 0.000234 -0.075759 0.997126 0.000000 0.000000 0.000000 0.000000 1.000000
0.999889 0.014868 0.001368 0.000000 -0.014868 0.983093 0.182500 2.889700 0.001368 -0.182500 0.983205 -0.000000 0.000000 0.000000 0.000000 1.000000
0.999853 0.017033 0.001801 0.000000 -0.017033 0.977751 0.209076 2.889700 0.001801 -0.209076 0.977898 0.000000 0.000000 0.000000 0.000000 1.000000
0.999876 0.015660 0.001520 0.000000 -0.015660 0.981226 0.192223 2.889700 0.001519 -0.192223 0.981350 0.000000 0.000000 0.000000 0.000000 1.000000
0.999914 0.013096 0.001060 -0.000000 -0.013096 0.986908 0.160749 2.889700 0.001059 -0.160749 0.986995 0.000000 0.000000 0.000000 0.000000 1.000000
0.999931 0.011709 0.000846 0.000000 -0.011709 0.989548 0.143727 2.889700 0.000846 -0.143727 0.989617 -0.000000 0.000000 0.000000 0.000000 1.000000
0.999931 0.011708 0.000846 0.000000 -0.011708 0.989549 0.143719 2.889700 0.000846 -0.143719 0.989618 0.000000 0.000000 0.000000 0.000000 1.000000
0.999931 0.011707 0.000846 -0.000000 -0.011707 0.989552 0.143699 2.889700 0.000845 -0.143699 0.989621 0.000000 0.000000 0.000000 0.000000 1.000000
0.999931 0.011705 0.000845 0.000000 -0.011705 0.989556 0.143673 2.889700 0.000845 -0.143673 0.989625 0.000000 0.000000 0.000000 0.000000 1.000000
0.999931 0.011703 0.000845 0.000000 -0.011703 0.989560 0.143646 2.889700 0.000845 -0.143646 0.989629 0.000000 0.000000 0.000000 0.000000 1.000000
0.999941 0.010808 0.000720 0.000000 -0.010808 0.991103 0.132658 2.889700 0.000720 -0.132658 0.991162 0.000000 0.000000 0.000000 0.000000 1.000000
0.999990 0.004374 0.000118 0.000000 -0.004374 0.998548 0.053689 2.889700 0.000117 -0.053689 0.998558 0.000000 0.000000 0.000000 0.000000 1.000000
0.999978 -0.006612 0.000269 0.000000 0.006612 0.996679 -0.081159 2.889700 0.000269 0.081159 0.996701 -0.000000 0.000000 0.000000 0.000000 1.000000
0.999798 -0.019926 0.002475 -0.000000 0.019927 0.969422 -0.244590 2.889700 0.002475 0.244590 0.969623 0.000000 0.000000 0.000000 0.000000 1.000000
0.999426 -0.033150 0.007052 -0.000000 0.033150 0.912866 -0.406911 2.889700 0.007052 0.406911 0.913440 0.000000 0.000000 0.000000 0.000000 1.000000
0.998941 -0.044129 0.012995 -0.000000 0.044129 0.839436 -0.541665 2.889700 0.012995 0.541665 0.840494 0.000000 0.000000 0.000000 0.000000 1.000000
0.998512 -0.051382 0.018264 -0.000000 0.051382 0.774326 -0.630698 2.889700 0.018264 0.630698 0.775814 0.000000 0.000000 0.000000 0.000000 1.000000
0.998331 -0.054000 0.020490 0.000000 0.054000 0.746823 -0.662827 2.889700 0.020490 0.662827 0.748492 0.000000 0.000000 0.000000 0.000000 1.000000
0.998331 -0.053999 0.020490 0.000000 0.053999 0.746823 -0.662827 2.889700 0.020490 0.662827 0.748492 0.000000 0.000000 0.000000 0.000000 1.000000
0.998331 -0.054000 0.020490 0.000000 0.054000 0.746823 -0.662827 2.889700 0.020490 0.662827 0.748493 0.000000 0.000000 0.000000 0.000000 1.000000
0.998331 -0.054000 0.020490 0.000000 0.054000 0.746823 -0.662827 2.889700 0.020490 0.662827 0.748492 0.000000 0.000000 0.000000 0.000000 1.000000
0.998331 -0.054000 0.020490 0.000000 0.054000 0.746823 -0.662827 2.889700 0.020490 0.662827 0.748492 0.000000 0.000000 0.000000 0.000000 1.000000
0.998331 -0.054000 0.020490 0.000000 0.054000 0.746823 -0.662827 2.889700 0.020490 0.662827 0.748492 0.000000 0.000000 0.000000 0.000000 1.000000
0.998331 -0.053999 0.020490 -0.000000 0.053999 0.746823 -0.662827 2.889700 0.020490 0.662827 0.748492 -0.000000 0.000000 0.000000 0.000000 1.000000
0.998331 -0.053999 0.020490 -0.000000 0.054000 0.746823 -0.662827 2.889700 0.020490 0.662827 0.748492 0.000000 0.000000 0.000000 0.000000 1.000000
0.998331 -0.054000 0.020490 0.000000 0.054000 0.746823 -0.662827 2.889700 0.020490 0.662827 0.748492 -0.000000 0.000000 0.000000 0.000000 1.000000
0.998320 -0.054152 0.020626 0.000000 0.054152 0.745143 -0.664703 2.889700 0.020626 0.664703 0.746823 0.000000 0.000000 0.000000 0.000000 1.000000
0.998242 -0.055204 0.021581 0.000000 0.055204 0.733348 -0.677609 2.889700 0.021581 0.677609 0.735106 -0.000000 0.000000 0.000000 0.000000 1.000000
0.998114 -0.056861 0.023156 -0.000000 0.056861 0.713886 -0.697950 2.889700 0.023155 0.697950 0.715772 0.000000 0.000000 0.000000 0.000000 1.000000
0.997965 -0.058674 0.024985 0.000000 0.058674 0.691285 -0.720196 2.889700 0.024985 0.720196 0.693321 0.000000 0.000000 0.000000 0.000000 1.000000
0.997828 -0.060233 0.026656 0.000000 0.060233 0.670635 -0.739338 2.889700 0.026656 0.739338 0.672807 0.000000 0.000000 0.000000 0.000000 1.000000
0.997742 -0.061177 0.027716 -0.000000 0.061177 0.657540 -0.750932 2.889700 0.027716 0.750932 0.659798 -0.000000 0.000000 0.000000 0.000000 1.000000
0.997729 -0.061312 0.027870 0.000000 0.061312 0.655637 -0.752583 2.889700 0.027870 0.752583 0.657908 0.000000 0.000000 0.000000 0.000000 1.000000
0.997729 -0.061312 0.027870 0.000000 0.061312 0.655637 -0.752583 2.889700 0.027870 0.752583 0.657907 -0.000000 0.000000 0.000000 0.000000 1.000000
0.997729 -0.061312 0.027870 0.000000 0.061312 0.655637 -0.752583 2.889700 0.027870 0.752583 0.657908 0.000000 0.000000 0.000000 0.000000 1.000000
0.997730 -0.061312 0.027870 0.000000 0.061312 0.655637 -0.752583 2.889700 0.027870 0.752583 0.657908 0.000000 0.000000 0.000000 0.000000 1.000000
0.997729 -0.061312 0.027870 0.000000 0.061312 0.655637 -0.752583 2.889700 0.027870 0.752583 0.657907 0.000000 0.000000 0.000000 0.000000 1.000000
0.997729 -0.061312 0.027870 0.000000 0.061312 0.655637 -0.752583 2.889700 0.027870 0.752583 0.657908 0.000000 0.000000 0.000000 0.000000 1.000000
0.997760 -0.060986 0.027498 0.000000 0.060986 0.660224 -0.748589 2.889700 0.027499 0.748589 0.662464 -0.000000 0.000000 0.000000 0.000000 1.000000
0.997973 -0.058571 0.024879 0.000000 0.058572 0.692595 -0.718945 2.889700 0.024879 0.718945 0.694622 0.000000 0.000000 0.000000 0.000000 1.000000
0.998320 -0.054148 0.020622 0.000000 0.054148 0.745193 -0.664646 2.889700 0.020622 0.664646 0.746874 0.000000 0.000000 0.000000 0.000000 1.000000
0.998714 -0.048176 0.015783 0.000000 0.048176 0.804978 -0.591346 2.889700 0.015783 0.591346 0.806264 0.000000 0.000000 0.000000 0.000000 1.000000
0.999082 -0.041328 0.011267 0.000000 0.041328 0.860784 -0.507291 2.889700 0.011267 0.507291 0.861701 0.000000 0.000000 0.000000 0.000000 1.000000
0.999374 -0.034526 0.007680 0.000000 0.034526 0.905102 -0.423790 2.889700 0.007680 0.423790 0.905728 0.000000 0.000000 0.000000 0.000000 1.000000
0.999569 -0.028865 0.005286 0.000000 0.028865 0.934682 -0.354310 2.889700 0.005286 0.354310 0.935113 0.000000 0.000000 0.000000 0.000000 1.000000
0.999666 -0.025501 0.004095 0.000000 0.025501 0.949403 -0.313024 2.889700 0.004095 0.313024 0.949736 0.000000 0.000000 0.000000 0.000000 1.000000</float_array>
        <technique_common>
          <accessor source="#mixamorig_RightHandRing3-Matrix-animation-output-transform-array" count="78" stride="16">
            <param type="float4x4"/>
          </accessor>
        </technique_common>
      </source>
      <source id="mixamorig_RightHandRing3-Interpolations">
        <Name_array id="mixamorig_RightHandRing3-Interpolations-array" count="78">
 LINEAR LINEAR LINEAR LINEAR LINEAR LINEAR LINEAR LINEAR LINEAR LINEAR LINEAR
LINEAR LINEAR LINEAR LINEAR LINEAR LINEAR LINEAR LINEAR LINEAR LINEAR LINEAR LINEAR
LINEAR LINEAR LINEAR LINEAR LINEAR LINEAR LINEAR LINEAR LINEAR LINEAR LINEAR LINEAR
LINEAR LINEAR LINEAR LINEAR LINEAR LINEAR LINEAR LINEAR LINEAR LINEAR LINEAR LINEAR
LINEAR LINEAR LINEAR LINEAR LINEAR LINEAR LINEAR LINEAR LINEAR LINEAR LINEAR LINEAR
LINEAR LINEAR LINEAR LINEAR LINEAR LINEAR LINEAR LINEAR LINEAR LINEAR LINEAR LINEAR
LINEAR LINEAR LINEAR LINEAR LINEAR LINEAR LINEAR</Name_array>
        <technique_common>
          <accessor source="#mixamorig_RightHandRing3-Interpolations-array" count="78">
            <param type="name"/>
          </accessor>
        </technique_common>
      </source>
      <sampler id="mixamorig_RightHandRing3-Matrix-animation-transform">
        <input semantic="INPUT" source="#mixamorig_RightHandRing3-Matrix-animation-input"/>
        <input semantic="OUTPUT" source="#mixamorig_RightHandRing3-Matrix-animation-output-transform"/>
        <input semantic="INTERPOLATION" source="#mixamorig_RightHandRing3-Interpolations"/>
      </sampler>
      <channel source="#mixamorig_RightHandRing3-Matrix-animation-transform" target="mixamorig_RightHandRing3/matrix"/>
    </animation>
    <animation id="mixamorig_RightHandPinky1-anim" name="mixamorig_RightHandPinky1">
      <source id="mixamorig_RightHandPinky1-Matrix-animation-input">
        <float_array id="mixamorig_RightHandPinky1-Matrix-animation-input-array" count="78">

0.000000 0.033333 0.066667 0.100000 0.133333 0.166667 0.200000 0.233333 0.266667 0.300000 0.333333 0.366667 0.400000 0.433333 0.466667 0.500000
0.533333 0.566667 0.600000 0.633333 0.666667 0.700000 0.733333 0.766667 0.800000 0.833333 0.866667 0.900000 0.933333 0.966667 1.000000 1.033333
1.066667 1.100000 1.133333 1.166667 1.200000 1.233333 1.266667 1.300000 1.333333 1.366667 1.400000 1.433333 1.466667 1.500000 1.533333 1.566667
1.600000 1.633333 1.666667 1.700000 1.733333 1.766667 1.800000 1.833333 1.866667 1.900000 1.933333 1.966667 2.000000 2.033333 2.066667 2.100000
2.133333 2.166667 2.200000 2.233333 2.266667 2.300000 2.333333 2.366667 2.400000 2.433333 2.466667 2.500000 2.533333 2.566667</float_array>
        <technique_common>
          <accessor source="#mixamorig_RightHandPinky1-Matrix-animation-input-array" count="78">
            <param name="TIME" type="float"/>
          </accessor>
        </technique_common>
      </source>
      <source id="mixamorig_RightHandPinky1-Matrix-animation-output-transform">
        <float_array id="mixamorig_RightHandPinky1-Matrix-animation-output-transform-array" count="1248">

0.996280 -0.082052 0.026350 -3.806300 0.085202 0.891893 -0.444149 8.076700 0.012942 0.444742 0.895565 0.486700 0.000000 0.000000 0.000000 1.000000
0.995297 -0.093170 0.026505 -3.806300 0.095188 0.890019 -0.445877 8.076700 0.017953 0.446303 0.894702 0.486700 0.000000 0.000000 0.000000 1.000000
0.992080 -0.122668 0.027011 -3.806300 0.121573 0.883691 -0.452006 8.076700 0.031577 0.451710 0.891606 0.486700 0.000000 0.000000 0.000000 1.000000
0.985950 -0.164689 0.027920 -3.806300 0.158716 0.871543 -0.463920 8.076700 0.052069 0.461834 0.885437 0.486700 0.000000 0.000000 0.000000 1.000000
0.976545 -0.213309 0.029318 -3.806300 0.200682 0.852365 -0.482909 8.076700 0.078019 0.477465 0.875180 0.486700 0.000000 0.000000 0.000000 1.000000
0.964382 -0.262646 0.031380 -3.806300 0.241431 0.825541 -0.510092 8.076700 0.108068 0.499499 0.859547 0.486700 0.000000 0.000000 0.000000 1.000000
0.951088 -0.307000 0.034387 -3.806300 0.275115 0.791115 -0.546305 8.076700 0.140511 0.529045 0.836880 0.486700 0.000000 0.000000 0.000000 1.000000
0.939286 -0.340945 0.038717 -3.806300 0.296448 0.749478 -0.591947 8.076700 0.172804 0.567485 0.805046 0.486700 0.000000 0.000000 0.000000 1.000000
0.931479 -0.360604 0.048087 -3.806300 0.303543 0.697527 -0.649090 8.076700 0.200522 0.619210 0.759190 0.486700 0.000000 0.000000 0.000000 1.000000
0.925220 -0.371026 0.079427 -3.806300 0.309407 0.616585 -0.723941 8.076700 0.219627 0.694379 0.685275 0.486700 0.000000 0.000000 0.000000 1.000000
0.918574 -0.373865 0.128247 -3.806300 0.318248 0.507182 -0.800928 8.076700 0.234394 0.776525 0.584865 0.486700 0.000000 0.000000 0.000000 1.000000
0.910128 -0.370121 0.186219 -3.806300 0.330788 0.378456 -0.864494 8.076700 0.249491 0.848400 0.466875 0.486700 0.000000 0.000000 0.000000 1.000000
0.899585 -0.361641 0.244874 -3.806300 0.345295 0.245596 -0.905789 8.076700 0.267430 0.899388 0.345807 0.486700 0.000000 0.000000 0.000000 1.000000
0.888279 -0.351213 0.295990 -3.806300 0.358574 0.127552 -0.924746 8.076700 0.287029 0.927567 0.239237 0.486700 0.000000 0.000000 0.000000 1.000000
0.879005 -0.342310 0.331925 -3.806300 0.367798 0.043759 -0.928876 8.076700 0.303439 0.938568 0.164365 0.486700 0.000000 0.000000 0.000000 1.000000
0.875206 -0.338587 0.345503 -3.806300 0.371220 0.012129 -0.928466 8.076700 0.310176 0.940857 0.136306 0.486700 0.000000 0.000000 0.000000 1.000000
0.875207 -0.338587 0.345503 -3.806300 0.371220 0.012130 -0.928466 8.076700 0.310176 0.940857 0.136306 0.486700 0.000000 0.000000 0.000000 1.000000
0.875207 -0.338587 0.345503 -3.806300 0.371220 0.012130 -0.928466 8.076700 0.310176 0.940857 0.136306 0.486700 0.000000 0.000000 0.000000 1.000000
0.875207 -0.338587 0.345503 -3.806300 0.371220 0.012130 -0.928466 8.076700 0.310175 0.940857 0.136306 0.486700 0.000000 0.000000 0.000000 1.000000
0.875207 -0.338587 0.345503 -3.806300 0.371220 0.012130 -0.928466 8.076700 0.310175 0.940857 0.136306 0.486700 0.000000 0.000000 0.000000 1.000000
0.875207 -0.338587 0.345503 -3.806300 0.371220 0.012130 -0.928466 8.076700 0.310176 0.940857 0.136306 0.486700 0.000000 0.000000 0.000000 1.000000
0.886752 -0.374141 0.271459 -3.806300 0.362551 0.198631 -0.910551 8.076700 0.286755 0.905850 0.311782 0.486700 0.000000 0.000000 0.000000 1.000000
0.893598 -0.421208 0.155136 -3.806300 0.358234 0.460966 -0.811898 8.076700 0.270466 0.781085 0.562809 0.486700 0.000000 0.000000 0.000000 1.000000
0.893419 -0.429101 0.132946 -3.806300 0.359582 0.505713 -0.784191 8.076700 0.269265 0.748416 0.606111 0.486700 0.000000 0.000000 0.000000 1.000000
0.893419 -0.429101 0.132946 -3.806300 0.359582 0.505713 -0.784191 8.076700 0.269265 0.748416 0.606111 0.486700 0.000000 0.000000 0.000000 1.000000
0.893419 -0.429102 0.132946 -3.806300 0.359582 0.505713 -0.784191 8.076700 0.269265 0.748416 0.606111 0.486700 0.000000 0.000000 0.000000 1.000000
0.893419 -0.429101 0.132946 -3.806300 0.359582 0.505713 -0.784191 8.076700 0.269265 0.748416 0.606111 0.486700 0.000000 0.000000 0.000000 1.000000
0.893419 -0.429101 0.132946 -3.806300 0.359582 0.505713 -0.784191 8.076700 0.269265 0.748416 0.606111 0.486700 0.000000 0.000000 0.000000 1.000000
0.891242 -0.434695 0.129335 -3.806300 0.364751 0.517546 -0.774017 8.076700 0.269524 0.737012 0.619815 0.486700 0.000000 0.000000 0.000000 1.000000
0.875462 -0.471795 0.104767 -3.806300 0.402733 0.592358 -0.697795 8.076700 0.267157 0.653086 0.708594 0.486700 0.000000 0.000000 0.000000 1.000000
0.847931 -0.525827 0.067217 -3.806300 0.469022 0.685076 -0.557395 8.076700 0.247045 0.504159 0.827522 0.486700 0.000000 0.000000 0.000000 1.000000
0.815260 -0.578370 0.028970 -3.806300 0.543737 0.747310 -0.381940 8.076700 0.199254 0.327132 0.923733 0.486700 0.000000 0.000000 0.000000 1.000000
0.787412 -0.616427 0.000231 -3.806300 0.600996 0.767618 -0.222632 8.076700 0.137059 0.175442 0.974902 0.486700 0.000000 0.000000 0.000000 1.000000
0.774483 -0.632501 -0.010887 -3.806300 0.626293 0.769077 -0.127583 8.076700 0.089070 0.091992 0.991768 0.486700 0.000000 0.000000 0.000000 1.000000
0.773815 -0.633260 -0.013834 -3.806300 0.630924 0.772526 -0.071686 8.076700 0.056083 0.046743 0.997331 0.486700 0.000000 0.000000 0.000000 1.000000
0.779667 -0.626017 -0.014863 -3.806300 0.625081 0.779477 -0.041098 8.076700 0.037313 0.022752 0.999045 0.486700 0.000000 0.000000 0.000000 1.000000
0.786803 -0.617024 -0.014906 -3.806300 0.616511 0.786834 -0.028392 8.076700 0.029247 0.013149 0.999486 0.486700 0.000000 0.000000 0.000000 1.000000
0.790251 -0.612605 -0.014756 -3.806300 0.612164 0.790307 -0.025889 8.076700 0.027522 0.011425 0.999556 0.486700 0.000000 0.000000 0.000000 1.000000
0.789238 -0.613922 -0.014258 -3.806300 0.613101 0.789073 -0.038362 8.076700 0.034801 0.021535 0.999162 0.486700 0.000000 0.000000 0.000000 1.000000
0.786716 -0.617179 -0.012955 -3.806300 0.615029 0.785434 -0.069513 8.076700 0.053077 0.046719 0.997497 0.486700 0.000000 0.000000 0.000000 1.000000
0.783467 -0.621334 -0.011147 -3.806300 0.616648 0.779530 -0.109902 8.076700 0.076975 0.079231 0.993880 0.486700 0.000000 0.000000 0.000000 1.000000
0.780254 -0.625395 -0.009210 -3.806300 0.617256 0.772310 -0.150109 8.076700 0.100990 0.111438 0.988627 0.486700 0.000000 0.000000 0.000000 1.000000
0.780285 -0.625385 -0.007040 -3.806300 0.613338 0.767359 -0.187021 8.076700 0.122363 0.141612 0.982331 0.486700 0.000000 0.000000 0.000000 1.000000
0.796443 -0.604711 -0.001785 -3.806300 0.585542 0.771926 -0.247530 8.076700 0.151062 0.196098 0.968879 0.486700 0.000000 0.000000 0.000000 1.000000
0.824480 -0.565859 0.006126 -3.806300 0.536571 0.778275 -0.326160 8.076700 0.179793 0.272200 0.945295 0.486700 0.000000 0.000000 0.000000 1.000000
0.857155 -0.514825 0.015507 -3.806300 0.474813 0.778152 -0.411135 8.076700 0.199596 0.359769 0.911443 0.486700 0.000000 0.000000 0.000000 1.000000
0.888192 -0.458789 0.025046 -3.806300 0.410598 0.768071 -0.491403 8.076700 0.206213 0.446745 0.870572 0.486700 0.000000 0.000000 0.000000 1.000000
0.913076 -0.406419 0.033402 -3.806300 0.354519 0.750657 -0.557522 8.076700 0.201514 0.520901 0.829490 0.486700 0.000000 0.000000 0.000000 1.000000
0.929176 -0.367543 0.039291 -3.806300 0.315602 0.733517 -0.601953 8.076700 0.192423 0.571721 0.797564 0.486700 0.000000 0.000000 0.000000 1.000000
0.934937 -0.352377 0.041513 -3.806300 0.301087 0.726016 -0.618261 8.076700 0.187722 0.590534 0.784875 0.486700 0.000000 0.000000 0.000000 1.000000
0.934937 -0.352377 0.041514 -3.806300 0.301088 0.726016 -0.618261 8.076700 0.187722 0.590534 0.784875 0.486700 0.000000 0.000000 0.000000 1.000000
0.934937 -0.352377 0.041513 -3.806300 0.301087 0.726016 -0.618262 8.076700 0.187722 0.590535 0.784875 0.486700 0.000000 0.000000 0.000000 1.000000
0.934937 -0.352377 0.041513 -3.806300 0.301087 0.726016 -0.618261 8.076700 0.187722 0.590534 0.784876 0.486700 0.000000 0.000000 0.000000 1.000000
0.934937 -0.352377 0.041514 -3.806300 0.301087 0.726016 -0.618262 8.076700 0.187722 0.590535 0.784875 0.486700 0.000000 0.000000 0.000000 1.000000
0.934937 -0.352377 0.041514 -3.806300 0.301087 0.726016 -0.618261 8.076700 0.187722 0.590535 0.784875 0.486700 0.000000 0.000000 0.000000 1.000000
0.934937 -0.352377 0.041513 -3.806300 0.301087 0.726016 -0.618262 8.076700 0.187722 0.590535 0.784875 0.486700 0.000000 0.000000 0.000000 1.000000
0.934937 -0.352377 0.041513 -3.806300 0.301087 0.726016 -0.618261 8.076700 0.187722 0.590534 0.784876 0.486700 0.000000 0.000000 0.000000 1.000000
0.934937 -0.352377 0.041513 -3.806300 0.301087 0.726016 -0.618262 8.076700 0.187722 0.590535 0.784875 0.486700 0.000000 0.000000 0.000000 1.000000
0.934247 -0.353983 0.043350 -3.806300 0.302488 0.722157 -0.622086 8.076700 0.188902 0.594294 0.781748 0.486700 0.000000 0.000000 0.000000 1.000000
0.929308 -0.365025 0.056066 -3.806300 0.311998 0.694773 -0.648033 8.076700 0.197595 0.619715 0.759546 0.486700 0.000000 0.000000 0.000000 1.000000
0.920825 -0.382417 0.076413 -3.806300 0.326422 0.648606 -0.687574 8.076700 0.213379 0.658078 0.722082 0.486700 0.000000 0.000000 0.000000 1.000000
0.910515 -0.401425 0.099094 -3.806300 0.341106 0.593809 -0.728724 8.076700 0.233685 0.697316 0.677600 0.486700 0.000000 0.000000 0.000000 1.000000
0.900724 -0.417780 0.118981 -3.806300 0.352518 0.542954 -0.762189 8.076700 0.253826 0.728465 0.636326 0.486700 0.000000 0.000000 0.000000 1.000000
0.894354 -0.427690 0.131195 -3.806300 0.358743 0.510449 -0.781502 8.076700 0.267272 0.746005 0.609953 0.486700 0.000000 0.000000 0.000000 1.000000
0.893419 -0.429101 0.132946 -3.806300 0.359581 0.505713 -0.784191 8.076700 0.269265 0.748416 0.606111 0.486700 0.000000 0.000000 0.000000 1.000000
0.893419 -0.429101 0.132946 -3.806300 0.359582 0.505713 -0.784191 8.076700 0.269265 0.748416 0.606111 0.486700 0.000000 0.000000 0.000000 1.000000
0.893419 -0.429102 0.132946 -3.806300 0.359582 0.505713 -0.784191 8.076700 0.269265 0.748416 0.606111 0.486700 0.000000 0.000000 0.000000 1.000000
0.893419 -0.429102 0.132946 -3.806300 0.359582 0.505713 -0.784190 8.076700 0.269265 0.748415 0.606111 0.486700 0.000000 0.000000 0.000000 1.000000
0.893419 -0.429102 0.132946 -3.806300 0.359582 0.505713 -0.784191 8.076700 0.269265 0.748416 0.606111 0.486700 0.000000 0.000000 0.000000 1.000000
0.893419 -0.429101 0.132946 -3.806300 0.359582 0.505713 -0.784191 8.076700 0.269265 0.748416 0.606111 0.486700 0.000000 0.000000 0.000000 1.000000
0.895267 -0.425558 0.131896 -3.806300 0.358076 0.511131 -0.781362 8.076700 0.265099 0.746757 0.609981 0.486700 0.000000 0.000000 0.000000 1.000000
0.908195 -0.399700 0.124181 -3.806300 0.345933 0.549819 -0.760282 8.076700 0.235608 0.733443 0.637613 0.486700 0.000000 0.000000 0.000000 1.000000
0.928701 -0.354027 0.110361 -3.806300 0.319926 0.614425 -0.721200 8.076700 0.187516 0.705086 0.683879 0.486700 0.000000 0.000000 0.000000 1.000000
0.951040 -0.294984 0.092238 -3.806300 0.278915 0.690570 -0.667323 8.076700 0.133152 0.660377 0.739035 0.486700 0.000000 0.000000 0.000000 1.000000
0.970538 -0.229911 0.072084 -3.806300 0.225939 0.764469 -0.603770 8.076700 0.083708 0.602269 0.793892 0.486700 0.000000 0.000000 0.000000 1.000000
0.984510 -0.167244 0.052635 -3.806300 0.169015 0.825422 -0.538621 8.076700 0.046635 0.539174 0.840902 0.486700 0.000000 0.000000 0.000000 1.000000
0.992543 -0.116192 0.036847 -3.806300 0.119482 0.867539 -0.482804 8.076700 0.024132 0.483607 0.874953 0.486700 0.000000 0.000000 0.000000 1.000000
0.995893 -0.086222 0.027629 -3.806300 0.089429 0.889082 -0.448926 8.076700 0.014143 0.449553 0.893141 0.486700 0.000000 0.000000 0.000000 1.000000</float_array>
        <technique_common>
          <accessor source="#mixamorig_RightHandPinky1-Matrix-animation-output-transform-array" count="78" stride="16">
            <param type="float4x4"/>
          </accessor>
        </technique_common>
      </source>
      <source id="mixamorig_RightHandPinky1-Interpolations">
        <Name_array id="mixamorig_RightHandPinky1-Interpolations-array" count="78">
 LINEAR LINEAR LINEAR LINEAR LINEAR LINEAR LINEAR LINEAR LINEAR LINEAR LINEAR
LINEAR LINEAR LINEAR LINEAR LINEAR LINEAR LINEAR LINEAR LINEAR LINEAR LINEAR LINEAR
LINEAR LINEAR LINEAR LINEAR LINEAR LINEAR LINEAR LINEAR LINEAR LINEAR LINEAR LINEAR
LINEAR LINEAR LINEAR LINEAR LINEAR LINEAR LINEAR LINEAR LINEAR LINEAR LINEAR LINEAR
LINEAR LINEAR LINEAR LINEAR LINEAR LINEAR LINEAR LINEAR LINEAR LINEAR LINEAR LINEAR
LINEAR LINEAR LINEAR LINEAR LINEAR LINEAR LINEAR LINEAR LINEAR LINEAR LINEAR LINEAR
LINEAR LINEAR LINEAR LINEAR LINEAR LINEAR LINEAR</Name_array>
        <technique_common>
          <accessor source="#mixamorig_RightHandPinky1-Interpolations-array" count="78">
            <param type="name"/>
          </accessor>
        </technique_common>
      </source>
      <sampler id="mixamorig_RightHandPinky1-Matrix-animation-transform">
        <input semantic="INPUT" source="#mixamorig_RightHandPinky1-Matrix-animation-input"/>
        <input semantic="OUTPUT" source="#mixamorig_RightHandPinky1-Matrix-animation-output-transform"/>
        <input semantic="INTERPOLATION" source="#mixamorig_RightHandPinky1-Interpolations"/>
      </sampler>
      <channel source="#mixamorig_RightHandPinky1-Matrix-animation-transform" target="mixamorig_RightHandPinky1/matrix"/>
    </animation>
    <animation id="mixamorig_RightHandPinky2-anim" name="mixamorig_RightHandPinky2">
      <source id="mixamorig_RightHandPinky2-Matrix-animation-input">
        <float_array id="mixamorig_RightHandPinky2-Matrix-animation-input-array" count="78">

0.000000 0.033333 0.066667 0.100000 0.133333 0.166667 0.200000 0.233333 0.266667 0.300000 0.333333 0.366667 0.400000 0.433333 0.466667 0.500000
0.533333 0.566667 0.600000 0.633333 0.666667 0.700000 0.733333 0.766667 0.800000 0.833333 0.866667 0.900000 0.933333 0.966667 1.000000 1.033333
1.066667 1.100000 1.133333 1.166667 1.200000 1.233333 1.266667 1.300000 1.333333 1.366667 1.400000 1.433333 1.466667 1.500000 1.533333 1.566667
1.600000 1.633333 1.666667 1.700000 1.733333 1.766667 1.800000 1.833333 1.866667 1.900000 1.933333 1.966667 2.000000 2.033333 2.066667 2.100000
2.133333 2.166667 2.200000 2.233333 2.266667 2.300000 2.333333 2.366667 2.400000 2.433333 2.466667 2.500000 2.533333 2.566667</float_array>
        <technique_common>
          <accessor source="#mixamorig_RightHandPinky2-Matrix-animation-input-array" count="78">
            <param name="TIME" type="float"/>
          </accessor>
        </technique_common>
      </source>
      <source id="mixamorig_RightHandPinky2-Matrix-animation-output-transform">
        <float_array id="mixamorig_RightHandPinky2-Matrix-animation-output-transform-array" count="1248">

0.999695 -0.024406 0.003742 0.000000 0.024406 0.953762 -0.299572 3.600000 0.003742 0.299572 0.954066 0.000000 0.000000 0.000000 0.000000 1.000000
0.999652 -0.026039 0.004274 0.000000 0.026039 0.947190 -0.319615 3.600000 0.004274 0.319615 0.947538 0.000000 0.000000 0.000000 0.000000 1.000000
0.999522 -0.030339 0.005861 -0.000000 0.030339 0.927578 -0.372397 3.600000 0.005862 0.372397 0.928055 -0.000000 0.000000 0.000000 0.000000 1.000000
0.999302 -0.036356 0.008565 -0.000000 0.036356 0.894164 -0.446261 3.600000 0.008566 0.446261 0.894862 -0.000000 0.000000 0.000000 0.000000 1.000000
0.998993 -0.043125 0.012358 0.000000 0.043125 0.847308 -0.529348 3.600000 0.012358 0.529348 0.848315 -0.000000 0.000000 0.000000 0.000000 1.000000
0.998618 -0.049748 0.016968 0.000000 0.049748 0.790343 -0.610642 3.600000 0.016968 0.610642 0.791725 0.000000 0.000000 0.000000 0.000000 1.000000
0.998220 -0.055487 0.021844 -0.000000 0.055487 0.730096 -0.681088 3.600000 0.021843 0.681088 0.731876 0.000000 0.000000 0.000000 0.000000 1.000000
0.997865 -0.059817 0.026201 0.000000 0.059817 0.676256 -0.734234 3.600000 0.026201 0.734234 0.678390 0.000000 0.000000 0.000000 0.000000 1.000000
0.997609 -0.062573 0.029353 -0.000000 0.062573 0.637313 -0.768061 3.600000 0.029353 0.768061 0.639704 0.000000 0.000000 0.000000 0.000000 1.000000
0.997393 -0.064680 0.032004 0.000000 0.064681 0.604557 -0.793931 3.600000 0.032004 0.793931 0.607165 0.000000 0.000000 0.000000 0.000000 1.000000
0.997206 -0.066362 0.034294 0.000000 0.066362 0.576263 -0.814566 3.600000 0.034294 0.814566 0.579056 0.000000 0.000000 0.000000 0.000000 1.000000
0.997051 -0.067665 0.036193 -0.000000 0.067665 0.552791 -0.830568 3.600000 0.036193 0.830568 0.555740 -0.000000 0.000000 0.000000 0.000000 1.000000
0.996930 -0.068633 0.037683 0.000000 0.068633 0.534388 -0.842448 3.600000 0.037683 0.842448 0.537458 0.000000 0.000000 0.000000 0.000000 1.000000
0.996843 -0.069299 0.038750 0.000000 0.069299 0.521203 -0.850615 3.600000 0.038750 0.850615 0.524359 0.000000 0.000000 0.000000 0.000000 1.000000
0.996791 -0.069686 0.039389 0.000000 0.069686 0.513300 -0.855375 3.600000 0.039389 0.855375 0.516509 0.000000 0.000000 0.000000 0.000000 1.000000
0.996774 -0.069813 0.039602 0.000000 0.069813 0.510678 -0.856933 3.600000 0.039602 0.856933 0.513904 -0.000000 0.000000 0.000000 0.000000 1.000000
0.996774 -0.069813 0.039601 0.000000 0.069813 0.510678 -0.856933 3.600000 0.039602 0.856933 0.513904 -0.000000 0.000000 0.000000 0.000000 1.000000
0.996774 -0.069813 0.039602 -0.000000 0.069813 0.510678 -0.856933 3.600000 0.039601 0.856933 0.513904 -0.000000 0.000000 0.000000 0.000000 1.000000
0.996774 -0.069813 0.039602 0.000000 0.069813 0.510677 -0.856933 3.600000 0.039602 0.856933 0.513904 -0.000000 0.000000 0.000000 0.000000 1.000000
0.996774 -0.069813 0.039602 0.000000 0.069813 0.510677 -0.856933 3.600000 0.039602 0.856933 0.513904 0.000000 0.000000 0.000000 0.000000 1.000000
0.996774 -0.069813 0.039601 -0.000000 0.069813 0.510678 -0.856933 3.600000 0.039602 0.856933 0.513904 0.000000 0.000000 0.000000 0.000000 1.000000
0.998550 -0.050806 0.017799 0.000000 0.050806 0.780069 -0.623627 3.600000 0.017800 0.623627 0.781519 0.000000 0.000000 0.000000 0.000000 1.000000
0.999951 -0.009842 0.000597 -0.000000 0.009842 0.992627 -0.120806 3.600000 0.000597 0.120806 0.992676 -0.000000 0.000000 0.000000 0.000000 1.000000
0.999999 -0.001258 0.000010 0.000000 0.001258 0.999880 -0.015443 3.600000 0.000010 0.015443 0.999881 0.000000 0.000000 0.000000 0.000000 1.000000
0.999999 -0.001258 0.000010 0.000000 0.001258 0.999880 -0.015443 3.600000 0.000010 0.015443 0.999881 0.000000 0.000000 0.000000 0.000000 1.000000
0.999999 -0.001258 0.000010 -0.000000 0.001258 0.999880 -0.015443 3.600000 0.000010 0.015443 0.999881 0.000000 0.000000 0.000000 0.000000 1.000000
0.999999 -0.001258 0.000010 0.000000 0.001258 0.999880 -0.015443 3.600000 0.000010 0.015443 0.999881 0.000000 0.000000 0.000000 0.000000 1.000000
0.999999 -0.001258 0.000009 -0.000000 0.001258 0.999880 -0.015443 3.600000 0.000010 0.015443 0.999881 -0.000000 0.000000 0.000000 0.000000 1.000000
0.999999 -0.001223 0.000009 0.000000 0.001223 0.999887 -0.015010 3.600000 0.000009 0.015010 0.999887 -0.000000 0.000000 0.000000 0.000000 1.000000
1.000000 -0.000987 0.000006 -0.000000 0.000987 0.999926 -0.012107 3.600000 0.000006 0.012107 0.999927 -0.000000 0.000000 0.000000 0.000000 1.000000
1.000000 -0.000629 0.000003 -0.000000 0.000629 0.999970 -0.007722 3.600000 0.000002 0.007722 0.999970 0.000000 0.000000 0.000000 0.000000 1.000000
1.000000 -0.000272 0.000001 -0.000000 0.000272 0.999994 -0.003336 3.600000 0.000000 0.003336 0.999994 0.000000 0.000000 0.000000 0.000000 1.000000
1.000000 -0.000035 -0.000000 0.000000 0.000035 1.000000 -0.000433 3.600000 0.000000 0.000433 1.000000 0.000000 0.000000 0.000000 0.000000 1.000000
1.000000 -0.000000 0.000000 0.000000 0.000000 1.000000 0.000000 3.600000 -0.000000 -0.000000 1.000000 0.000000 0.000000 0.000000 0.000000 1.000000
1.000000 0.000000 -0.000000 -0.000000 -0.000000 1.000000 0.000000 3.600000 0.000000 -0.000000 1.000000 0.000000 0.000000 0.000000 0.000000 1.000000
1.000000 -0.000000 0.000000 0.000000 0.000000 1.000000 -0.000002 3.600000 -0.000000 0.000002 1.000000 0.000000 0.000000 0.000000 0.000000 1.000000
1.000000 0.000000 0.000000 0.000000 -0.000000 1.000000 -0.000001 3.600000 -0.000000 0.000001 1.000000 -0.000000 0.000000 0.000000 0.000000 1.000000
1.000000 -0.000000 0.000000 0.000000 0.000000 1.000000 -0.000003 3.600000 -0.000000 0.000003 1.000000 -0.000000 0.000000 0.000000 0.000000 1.000000
1.000000 -0.000000 0.000000 0.000000 0.000000 1.000000 -0.000002 3.600000 -0.000000 0.000002 1.000000 -0.000000 0.000000 0.000000 0.000000 1.000000
1.000000 -0.000000 -0.000000 0.000000 0.000000 1.000000 -0.000001 3.600000 0.000000 0.000001 1.000000 0.000000 0.000000 0.000000 0.000000 1.000000
1.000000 -0.000000 -0.000000 -0.000000 0.000000 1.000000 -0.000003 3.600000 0.000000 0.000003 1.000000 0.000000 0.000000 0.000000 0.000000 1.000000
1.000000 -0.000000 -0.000000 -0.000000 0.000000 1.000000 -0.000001 3.600000 0.000000 0.000001 1.000000 0.000000 0.000000 0.000000 0.000000 1.000000
1.000000 -0.000886 0.000005 0.000000 0.000886 0.999940 -0.010874 3.600000 0.000005 0.010874 0.999941 0.000000 0.000000 0.000000 0.000000 1.000000
0.999974 -0.007222 0.000321 -0.000000 0.007222 0.996037 -0.088647 3.600000 0.000321 0.088647 0.996063 -0.000000 0.000000 0.000000 0.000000 1.000000
0.999838 -0.017880 0.001986 0.000000 0.017880 0.975456 -0.219466 3.600000 0.001987 0.219466 0.975618 0.000000 0.000000 0.000000 0.000000 1.000000
0.999516 -0.030526 0.005937 0.000000 0.030526 0.926643 -0.374700 3.600000 0.005937 0.374700 0.927127 0.000000 0.000000 0.000000 0.000000 1.000000
0.999011 -0.042781 0.012144 0.000000 0.042781 0.849951 -0.525122 3.600000 0.012144 0.525122 0.850941 -0.000000 0.000000 0.000000 0.000000 1.000000
0.998423 -0.052689 0.019352 0.000000 0.052690 0.760882 -0.646748 3.600000 0.019352 0.646748 0.762459 0.000000 0.000000 0.000000 0.000000 1.000000
0.997930 -0.059076 0.025407 0.000000 0.059076 0.686071 -0.725132 3.600000 0.025407 0.725132 0.688141 0.000000 0.000000 0.000000 0.000000 1.000000
0.997727 -0.061342 0.027904 0.000000 0.061342 0.655212 -0.752951 3.600000 0.027904 0.752951 0.657485 0.000000 0.000000 0.000000 0.000000 1.000000
0.997727 -0.061342 0.027904 0.000000 0.061342 0.655212 -0.752950 3.600000 0.027904 0.752950 0.657486 0.000000 0.000000 0.000000 0.000000 1.000000
0.997727 -0.061342 0.027904 -0.000000 0.061342 0.655212 -0.752950 3.600000 0.027904 0.752950 0.657485 -0.000000 0.000000 0.000000 0.000000 1.000000
0.997727 -0.061342 0.027904 0.000000 0.061342 0.655212 -0.752950 3.600000 0.027904 0.752950 0.657486 0.000000 0.000000 0.000000 0.000000 1.000000
0.997727 -0.061342 0.027904 -0.000000 0.061342 0.655212 -0.752951 3.600000 0.027904 0.752951 0.657485 -0.000000 0.000000 0.000000 0.000000 1.000000
0.997727 -0.061342 0.027904 -0.000000 0.061342 0.655212 -0.752950 3.600000 0.027904 0.752950 0.657486 0.000000 0.000000 0.000000 0.000000 1.000000
0.997727 -0.061342 0.027904 -0.000000 0.061342 0.655212 -0.752950 3.600000 0.027904 0.752950 0.657485 0.000000 0.000000 0.000000 0.000000 1.000000
0.997727 -0.061342 0.027904 -0.000000 0.061342 0.655212 -0.752950 3.600000 0.027904 0.752950 0.657485 0.000000 0.000000 0.000000 0.000000 1.000000
0.997727 -0.061342 0.027904 0.000000 0.061342 0.655213 -0.752950 3.600000 0.027904 0.752950 0.657486 -0.000000 0.000000 0.000000 0.000000 1.000000
0.997808 -0.060454 0.026900 0.000000 0.060454 0.667620 -0.742043 3.600000 0.026900 0.742043 0.669812 0.000000 0.000000 0.000000 0.000000 1.000000
0.998342 -0.053843 0.020352 0.000000 0.053843 0.748531 -0.660910 3.600000 0.020352 0.660910 0.750189 0.000000 0.000000 0.000000 0.000000 1.000000
0.999062 -0.041751 0.011518 0.000000 0.041751 0.857685 -0.512477 3.600000 0.011518 0.512477 0.858624 -0.000000 0.000000 0.000000 0.000000 1.000000
0.999640 -0.026449 0.004414 0.000000 0.026449 0.945463 -0.324653 3.600000 0.004414 0.324653 0.945823 -0.000000 0.000000 0.000000 0.000000 1.000000
0.999929 -0.011883 0.000872 0.000000 0.011883 0.989233 -0.145865 3.600000 0.000871 0.145865 0.989304 0.000000 0.000000 0.000000 0.000000 1.000000
0.999997 -0.002602 0.000041 -0.000000 0.002601 0.999487 -0.031928 3.600000 0.000042 0.031928 0.999490 0.000000 0.000000 0.000000 0.000000 1.000000
0.999999 -0.001258 0.000010 0.000000 0.001258 0.999880 -0.015443 3.600000 0.000010 0.015443 0.999881 -0.000000 0.000000 0.000000 0.000000 1.000000
0.999999 -0.001258 0.000010 0.000000 0.001258 0.999880 -0.015443 3.600000 0.000010 0.015443 0.999881 0.000000 0.000000 0.000000 0.000000 1.000000
0.999999 -0.001258 0.000010 0.000000 0.001258 0.999880 -0.015443 3.600000 0.000010 0.015443 0.999881 0.000000 0.000000 0.000000 0.000000 1.000000
0.999999 -0.001258 0.000010 0.000000 0.001258 0.999880 -0.015443 3.600000 0.000010 0.015443 0.999881 -0.000000 0.000000 0.000000 0.000000 1.000000
0.999999 -0.001258 0.000010 0.000000 0.001258 0.999880 -0.015443 3.600000 0.000009 0.015443 0.999881 0.000000 0.000000 0.000000 0.000000 1.000000
0.999999 -0.001258 0.000010 -0.000000 0.001258 0.999880 -0.015443 3.600000 0.000010 0.015443 0.999881 0.000000 0.000000 0.000000 0.000000 1.000000
0.999999 -0.001522 0.000014 0.000000 0.001522 0.999824 -0.018686 3.600000 0.000014 0.018686 0.999825 0.000000 0.000000 0.000000 0.000000 1.000000
0.999994 -0.003429 0.000072 -0.000000 0.003429 0.999108 -0.042086 3.600000 0.000072 0.042086 0.999114 0.000000 0.000000 0.000000 0.000000 1.000000
0.999977 -0.006708 0.000277 0.000000 0.006708 0.996582 -0.082339 3.600000 0.000277 0.082339 0.996604 0.000000 0.000000 0.000000 0.000000 1.000000
0.999941 -0.010797 0.000719 0.000000 0.010797 0.991120 -0.132529 3.600000 0.000719 0.132529 0.991179 0.000000 0.000000 0.000000 0.000000 1.000000
0.999885 -0.015129 0.001417 0.000000 0.015129 0.982489 -0.185705 3.600000 0.001417 0.185705 0.982605 -0.000000 0.000000 0.000000 0.000000 1.000000
0.999814 -0.019149 0.002283 0.000000 0.019149 0.971794 -0.235051 3.600000 0.002283 0.235051 0.971980 0.000000 0.000000 0.000000 0.000000 1.000000
0.999746 -0.022326 0.003119 0.000000 0.022326 0.961458 -0.274045 3.600000 0.003119 0.274045 0.961712 0.000000 0.000000 0.000000 0.000000 1.000000
0.999702 -0.024154 0.003663 -0.000000 0.024154 0.954735 -0.296476 3.600000 0.003663 0.296476 0.955033 0.000000 0.000000 0.000000 0.000000 1.000000</float_array>
        <technique_common>
          <accessor source="#mixamorig_RightHandPinky2-Matrix-animation-output-transform-array" count="78" stride="16">
            <param type="float4x4"/>
          </accessor>
        </technique_common>
      </source>
      <source id="mixamorig_RightHandPinky2-Interpolations">
        <Name_array id="mixamorig_RightHandPinky2-Interpolations-array" count="78">
 LINEAR LINEAR LINEAR LINEAR LINEAR LINEAR LINEAR LINEAR LINEAR LINEAR LINEAR
LINEAR LINEAR LINEAR LINEAR LINEAR LINEAR LINEAR LINEAR LINEAR LINEAR LINEAR LINEAR
LINEAR LINEAR LINEAR LINEAR LINEAR LINEAR LINEAR LINEAR LINEAR LINEAR LINEAR LINEAR
LINEAR LINEAR LINEAR LINEAR LINEAR LINEAR LINEAR LINEAR LINEAR LINEAR LINEAR LINEAR
LINEAR LINEAR LINEAR LINEAR LINEAR LINEAR LINEAR LINEAR LINEAR LINEAR LINEAR LINEAR
LINEAR LINEAR LINEAR LINEAR LINEAR LINEAR LINEAR LINEAR LINEAR LINEAR LINEAR LINEAR
LINEAR LINEAR LINEAR LINEAR LINEAR LINEAR LINEAR</Name_array>
        <technique_common>
          <accessor source="#mixamorig_RightHandPinky2-Interpolations-array" count="78">
            <param type="name"/>
          </accessor>
        </technique_common>
      </source>
      <sampler id="mixamorig_RightHandPinky2-Matrix-animation-transform">
        <input semantic="INPUT" source="#mixamorig_RightHandPinky2-Matrix-animation-input"/>
        <input semantic="OUTPUT" source="#mixamorig_RightHandPinky2-Matrix-animation-output-transform"/>
        <input semantic="INTERPOLATION" source="#mixamorig_RightHandPinky2-Interpolations"/>
      </sampler>
      <channel source="#mixamorig_RightHandPinky2-Matrix-animation-transform" target="mixamorig_RightHandPinky2/matrix"/>
    </animation>
    <animation id="mixamorig_RightHandPinky3-anim" name="mixamorig_RightHandPinky3">
      <source id="mixamorig_RightHandPinky3-Matrix-animation-input">
        <float_array id="mixamorig_RightHandPinky3-Matrix-animation-input-array" count="78">

0.000000 0.033333 0.066667 0.100000 0.133333 0.166667 0.200000 0.233333 0.266667 0.300000 0.333333 0.366667 0.400000 0.433333 0.466667 0.500000
0.533333 0.566667 0.600000 0.633333 0.666667 0.700000 0.733333 0.766667 0.800000 0.833333 0.866667 0.900000 0.933333 0.966667 1.000000 1.033333
1.066667 1.100000 1.133333 1.166667 1.200000 1.233333 1.266667 1.300000 1.333333 1.366667 1.400000 1.433333 1.466667 1.500000 1.533333 1.566667
1.600000 1.633333 1.666667 1.700000 1.733333 1.766667 1.800000 1.833333 1.866667 1.900000 1.933333 1.966667 2.000000 2.033333 2.066667 2.100000
2.133333 2.166667 2.200000 2.233333 2.266667 2.300000 2.333333 2.366667 2.400000 2.433333 2.466667 2.500000 2.533333 2.566667</float_array>
        <technique_common>
          <accessor source="#mixamorig_RightHandPinky3-Matrix-animation-input-array" count="78">
            <param name="TIME" type="float"/>
          </accessor>
        </technique_common>
      </source>
      <source id="mixamorig_RightHandPinky3-Matrix-animation-output-transform">
        <float_array id="mixamorig_RightHandPinky3-Matrix-animation-output-transform-array" count="1248">

0.999726 -0.023180 0.003368 0.000000 0.023180 0.958386 -0.284532 2.100000 0.003368 0.284532 0.958661 0.000000 0.000000 0.000000 0.000000 1.000000
0.999695 -0.024415 0.003745 -0.000000 0.024415 0.953726 -0.299684 2.100000 0.003745 0.299684 0.954031 0.000000 0.000000 0.000000 0.000000 1.000000
0.999605 -0.027679 0.004847 -0.000000 0.027679 0.940108 -0.339752 2.100000 0.004847 0.339752 0.940503 -0.000000 0.000000 0.000000 0.000000 1.000000
0.999456 -0.032290 0.006674 0.000000 0.032290 0.917534 -0.396345 2.100000 0.006674 0.396345 0.918077 0.000000 0.000000 0.000000 0.000000 1.000000
0.999252 -0.037558 0.009178 0.000000 0.037558 0.886597 -0.461016 2.100000 0.009178 0.461016 0.887345 0.000000 0.000000 0.000000 0.000000 1.000000
0.999008 -0.042833 0.012176 0.000000 0.042833 0.849551 -0.525765 2.100000 0.012176 0.525765 0.850543 -0.000000 0.000000 0.000000 0.000000 1.000000
0.998752 -0.047542 0.015322 0.000000 0.047542 0.810678 -0.583559 2.100000 0.015322 0.583559 0.811926 0.000000 0.000000 0.000000 0.000000 1.000000
0.998523 -0.051212 0.018126 -0.000000 0.051212 0.776029 -0.628615 2.100000 0.018126 0.628615 0.777506 0.000000 0.000000 0.000000 0.000000 1.000000
0.998358 -0.053620 0.020155 0.000000 0.053620 0.750962 -0.658165 2.100000 0.020155 0.658165 0.752604 -0.000000 0.000000 0.000000 0.000000 1.000000
0.998219 -0.055509 0.021863 -0.000000 0.055509 0.729852 -0.681348 2.100000 0.021864 0.681348 0.731633 0.000000 0.000000 0.000000 0.000000 1.000000
0.998098 -0.057051 0.023342 0.000000 0.057051 0.711587 -0.700278 2.100000 0.023342 0.700278 0.713489 0.000000 0.000000 0.000000 0.000000 1.000000
0.997998 -0.058273 0.024570 0.000000 0.058273 0.696409 -0.715276 2.100000 0.024570 0.715276 0.698410 -0.000000 0.000000 0.000000 0.000000 1.000000
0.997920 -0.059196 0.025535 0.000000 0.059197 0.684489 -0.726616 2.100000 0.025535 0.726616 0.686569 0.000000 0.000000 0.000000 0.000000 1.000000
0.997863 -0.059841 0.026227 -0.000000 0.059841 0.675937 -0.734526 2.100000 0.026227 0.734526 0.678074 0.000000 0.000000 0.000000 0.000000 1.000000
0.997830 -0.060220 0.026642 0.000000 0.060220 0.670806 -0.739184 2.100000 0.026642 0.739184 0.672976 0.000000 0.000000 0.000000 0.000000 1.000000
0.997818 -0.060345 0.026780 0.000000 0.060345 0.669103 -0.740716 2.100000 0.026780 0.740716 0.671285 -0.000000 0.000000 0.000000 0.000000 1.000000
0.997818 -0.060345 0.026780 0.000000 0.060345 0.669103 -0.740716 2.100000 0.026780 0.740716 0.671285 0.000000 0.000000 0.000000 0.000000 1.000000
0.997818 -0.060345 0.026780 -0.000000 0.060345 0.669103 -0.740716 2.100000 0.026780 0.740716 0.671284 -0.000000 0.000000 0.000000 0.000000 1.000000
0.997818 -0.060345 0.026780 0.000000 0.060345 0.669103 -0.740715 2.100000 0.026780 0.740715 0.671285 -0.000000 0.000000 0.000000 0.000000 1.000000
0.997818 -0.060345 0.026780 -0.000000 0.060345 0.669103 -0.740716 2.100000 0.026780 0.740716 0.671284 0.000000 0.000000 0.000000 0.000000 1.000000
0.997818 -0.060345 0.026780 -0.000000 0.060345 0.669103 -0.740716 2.100000 0.026780 0.740716 0.671285 0.000000 0.000000 0.000000 0.000000 1.000000
0.998136 -0.056581 0.022884 -0.000000 0.056581 0.717244 -0.694521 2.100000 0.022884 0.694521 0.719108 0.000000 0.000000 0.000000 0.000000 1.000000
0.998584 -0.050275 0.017378 0.000000 0.050275 0.785271 -0.617108 2.100000 0.017379 0.617108 0.786687 0.000000 0.000000 0.000000 0.000000 1.000000
0.998664 -0.049006 0.016401 0.000000 0.049006 0.797344 -0.601532 2.100000 0.016401 0.601532 0.798681 0.000000 0.000000 0.000000 0.000000 1.000000
0.998664 -0.049006 0.016401 -0.000000 0.049006 0.797344 -0.601532 2.100000 0.016401 0.601532 0.798680 -0.000000 0.000000 0.000000 0.000000 1.000000
0.998664 -0.049006 0.016401 0.000000 0.049006 0.797344 -0.601532 2.100000 0.016401 0.601532 0.798680 0.000000 0.000000 0.000000 0.000000 1.000000
0.998664 -0.049006 0.016401 0.000000 0.049006 0.797344 -0.601532 2.100000 0.016401 0.601532 0.798680 0.000000 0.000000 0.000000 0.000000 1.000000
0.998664 -0.049006 0.016401 0.000000 0.049006 0.797344 -0.601532 2.100000 0.016401 0.601532 0.798680 0.000000 0.000000 0.000000 0.000000 1.000000
0.998763 -0.047341 0.015178 0.000000 0.047341 0.812457 -0.581096 2.100000 0.015178 0.581096 0.813693 0.000000 0.000000 0.000000 0.000000 1.000000
0.999340 -0.035422 0.008107 0.000000 0.035422 0.899830 -0.434800 2.100000 0.008106 0.434800 0.900491 0.000000 0.000000 0.000000 0.000000 1.000000
0.999878 -0.015579 0.001504 0.000000 0.015579 0.981422 -0.191227 2.100000 0.001503 0.191227 0.981545 0.000000 0.000000 0.000000 0.000000 1.000000
0.999986 0.005299 0.000172 0.000000 -0.005299 0.997869 0.065039 2.100000 0.000173 -0.065039 0.997883 -0.000000 0.000000 0.000000 0.000000 1.000000
0.999817 0.019012 0.002249 -0.000000 -0.019011 0.972204 0.233360 2.100000 0.002250 -0.233360 0.972388 0.000000 0.000000 0.000000 0.000000 1.000000
0.999775 0.021016 0.002758 0.000000 -0.021016 0.965926 0.257965 2.100000 0.002758 -0.257965 0.966150 0.000000 0.000000 0.000000 0.000000 1.000000
0.999775 0.021016 0.002757 0.000000 -0.021016 0.965926 0.257964 2.100000 0.002758 -0.257964 0.966151 0.000000 0.000000 0.000000 0.000000 1.000000
0.999775 0.021016 0.002758 0.000000 -0.021016 0.965926 0.257964 2.100000 0.002758 -0.257964 0.966151 0.000000 0.000000 0.000000 0.000000 1.000000
0.999775 0.021016 0.002758 0.000000 -0.021016 0.965926 0.257965 2.100000 0.002758 -0.257965 0.966150 0.000000 0.000000 0.000000 0.000000 1.000000
0.999775 0.021016 0.002757 0.000000 -0.021016 0.965926 0.257964 2.100000 0.002758 -0.257964 0.966151 0.000000 0.000000 0.000000 0.000000 1.000000
0.999775 0.021016 0.002758 0.000000 -0.021016 0.965926 0.257965 2.100000 0.002758 -0.257965 0.966150 0.000000 0.000000 0.000000 0.000000 1.000000
0.999775 0.021016 0.002758 0.000000 -0.021016 0.965926 0.257964 2.100000 0.002758 -0.257964 0.966150 0.000000 0.000000 0.000000 0.000000 1.000000
0.999775 0.021016 0.002757 0.000000 -0.021016 0.965926 0.257964 2.100000 0.002758 -0.257964 0.966151 -0.000000 0.000000 0.000000 0.000000 1.000000
0.999775 0.021016 0.002758 -0.000000 -0.021016 0.965926 0.257965 2.100000 0.002758 -0.257965 0.966150 0.000000 0.000000 0.000000 0.000000 1.000000
0.999796 0.020050 0.002506 0.000000 -0.020050 0.969036 0.246103 2.100000 0.002506 -0.246103 0.969240 -0.000000 0.000000 0.000000 0.000000 1.000000
0.999914 0.013048 0.001052 0.000000 -0.013048 0.987004 0.160162 2.100000 0.001052 -0.160162 0.987090 0.000000 0.000000 0.000000 0.000000 1.000000
1.000000 0.000934 0.000005 -0.000000 -0.000934 0.999934 0.011460 2.100000 0.000005 -0.011460 0.999934 0.000000 0.000000 0.000000 0.000000 1.000000
0.999902 -0.013955 0.001204 -0.000000 0.013956 0.985120 -0.171298 2.100000 0.001204 0.171298 0.985218 0.000000 0.000000 0.000000 0.000000 1.000000
0.999568 -0.028894 0.005297 -0.000000 0.028894 0.934548 -0.354663 2.100000 0.005297 0.354663 0.934979 0.000000 0.000000 0.000000 0.000000 1.000000
0.999081 -0.041350 0.011280 0.000000 0.041350 0.860625 -0.507558 2.100000 0.011280 0.507558 0.861543 0.000000 0.000000 0.000000 0.000000 1.000000
0.998629 -0.049575 0.016835 0.000000 0.049575 0.791990 -0.608518 2.100000 0.016835 0.608518 0.793361 0.000000 0.000000 0.000000 0.000000 1.000000
0.998434 -0.052537 0.019222 -0.000000 0.052537 0.762486 -0.644868 2.100000 0.019222 0.644868 0.764053 0.000000 0.000000 0.000000 0.000000 1.000000
0.998434 -0.052536 0.019222 0.000000 0.052536 0.762486 -0.644868 2.100000 0.019222 0.644868 0.764052 0.000000 0.000000 0.000000 0.000000 1.000000
0.998434 -0.052537 0.019222 0.000000 0.052537 0.762486 -0.644868 2.100000 0.019222 0.644868 0.764052 0.000000 0.000000 0.000000 0.000000 1.000000
0.998434 -0.052536 0.019222 -0.000000 0.052537 0.762487 -0.644868 2.100000 0.019222 0.644868 0.764053 -0.000000 0.000000 0.000000 0.000000 1.000000
0.998434 -0.052536 0.019222 0.000000 0.052536 0.762487 -0.644868 2.100000 0.019222 0.644868 0.764053 -0.000000 0.000000 0.000000 0.000000 1.000000
0.998434 -0.052537 0.019223 0.000000 0.052537 0.762486 -0.644868 2.100000 0.019222 0.644868 0.764052 -0.000000 0.000000 0.000000 0.000000 1.000000
0.998434 -0.052536 0.019222 0.000000 0.052537 0.762487 -0.644868 2.100000 0.019222 0.644868 0.764053 -0.000000 0.000000 0.000000 0.000000 1.000000
0.998434 -0.052536 0.019222 -0.000000 0.052536 0.762487 -0.644868 2.100000 0.019222 0.644868 0.764053 0.000000 0.000000 0.000000 0.000000 1.000000
0.998434 -0.052536 0.019222 0.000000 0.052536 0.762486 -0.644868 2.100000 0.019222 0.644868 0.764052 0.000000 0.000000 0.000000 0.000000 1.000000
0.998439 -0.052469 0.019165 -0.000000 0.052469 0.763195 -0.644034 2.100000 0.019165 0.644034 0.764757 -0.000000 0.000000 0.000000 0.000000 1.000000
0.998471 -0.051996 0.018769 0.000000 0.051996 0.768092 -0.638225 2.100000 0.018769 0.638225 0.769621 0.000000 0.000000 0.000000 0.000000 1.000000
0.998522 -0.051227 0.018138 0.000000 0.051227 0.775882 -0.628794 2.100000 0.018138 0.628794 0.777360 0.000000 0.000000 0.000000 0.000000 1.000000
0.998579 -0.050353 0.017439 0.000000 0.050353 0.784517 -0.618059 2.100000 0.017439 0.618059 0.785938 0.000000 0.000000 0.000000 0.000000 1.000000
0.998629 -0.049568 0.016829 0.000000 0.049568 0.792058 -0.608430 2.100000 0.016829 0.608430 0.793429 0.000000 0.000000 0.000000 0.000000 1.000000
0.998659 -0.049077 0.016455 0.000000 0.049077 0.796682 -0.602403 2.100000 0.016455 0.602403 0.798023 0.000000 0.000000 0.000000 0.000000 1.000000
0.998664 -0.049006 0.016401 0.000000 0.049006 0.797344 -0.601532 2.100000 0.016401 0.601532 0.798681 -0.000000 0.000000 0.000000 0.000000 1.000000
0.998664 -0.049006 0.016401 -0.000000 0.049006 0.797344 -0.601532 2.100000 0.016401 0.601532 0.798680 -0.000000 0.000000 0.000000 0.000000 1.000000
0.998664 -0.049006 0.016401 0.000000 0.049006 0.797344 -0.601532 2.100000 0.016401 0.601532 0.798680 0.000000 0.000000 0.000000 0.000000 1.000000
0.998664 -0.049006 0.016401 0.000000 0.049006 0.797344 -0.601532 2.100000 0.016401 0.601532 0.798681 0.000000 0.000000 0.000000 0.000000 1.000000
0.998664 -0.049006 0.016401 0.000000 0.049006 0.797344 -0.601532 2.100000 0.016401 0.601532 0.798681 0.000000 0.000000 0.000000 0.000000 1.000000
0.998664 -0.049006 0.016401 0.000000 0.049006 0.797344 -0.601532 2.100000 0.016401 0.601532 0.798681 0.000000 0.000000 0.000000 0.000000 1.000000
0.998680 -0.048745 0.016205 -0.000000 0.048745 0.799767 -0.598328 2.100000 0.016205 0.598328 0.801087 -0.000000 0.000000 0.000000 0.000000 1.000000
0.998793 -0.046838 0.014821 0.000000 0.046838 0.816867 -0.574922 2.100000 0.014821 0.574922 0.818074 0.000000 0.000000 0.000000 0.000000 1.000000
0.998976 -0.043461 0.012568 0.000000 0.043461 0.844703 -0.533468 2.100000 0.012568 0.533468 0.845727 0.000000 0.000000 0.000000 0.000000 1.000000
0.999186 -0.039081 0.009990 0.000000 0.039081 0.876557 -0.479708 2.100000 0.009990 0.479708 0.877371 -0.000000 0.000000 0.000000 0.000000 1.000000
0.999385 -0.034239 0.007547 0.000000 0.034239 0.906751 -0.420274 2.100000 0.007547 0.420274 0.907366 -0.000000 0.000000 0.000000 0.000000 1.000000
0.999548 -0.029562 0.005554 0.000000 0.029562 0.931373 -0.362864 2.100000 0.005554 0.362864 0.931826 0.000000 0.000000 0.000000 0.000000 1.000000
0.999660 -0.025741 0.004174 0.000000 0.025741 0.948421 -0.315966 2.100000 0.004174 0.315966 0.948761 0.000000 0.000000 0.000000 0.000000 1.000000
0.999718 -0.023494 0.003461 0.000000 0.023494 0.957229 -0.288375 2.100000 0.003462 0.288375 0.957511 -0.000000 0.000000 0.000000 0.000000 1.000000</float_array>
        <technique_common>
          <accessor source="#mixamorig_RightHandPinky3-Matrix-animation-output-transform-array" count="78" stride="16">
            <param type="float4x4"/>
          </accessor>
        </technique_common>
      </source>
      <source id="mixamorig_RightHandPinky3-Interpolations">
        <Name_array id="mixamorig_RightHandPinky3-Interpolations-array" count="78">
 LINEAR LINEAR LINEAR LINEAR LINEAR LINEAR LINEAR LINEAR LINEAR LINEAR LINEAR
LINEAR LINEAR LINEAR LINEAR LINEAR LINEAR LINEAR LINEAR LINEAR LINEAR LINEAR LINEAR
LINEAR LINEAR LINEAR LINEAR LINEAR LINEAR LINEAR LINEAR LINEAR LINEAR LINEAR LINEAR
LINEAR LINEAR LINEAR LINEAR LINEAR LINEAR LINEAR LINEAR LINEAR LINEAR LINEAR LINEAR
LINEAR LINEAR LINEAR LINEAR LINEAR LINEAR LINEAR LINEAR LINEAR LINEAR LINEAR LINEAR
LINEAR LINEAR LINEAR LINEAR LINEAR LINEAR LINEAR LINEAR LINEAR LINEAR LINEAR LINEAR
LINEAR LINEAR LINEAR LINEAR LINEAR LINEAR LINEAR</Name_array>
        <technique_common>
          <accessor source="#mixamorig_RightHandPinky3-Interpolations-array" count="78">
            <param type="name"/>
          </accessor>
        </technique_common>
      </source>
      <sampler id="mixamorig_RightHandPinky3-Matrix-animation-transform">
        <input semantic="INPUT" source="#mixamorig_RightHandPinky3-Matrix-animation-input"/>
        <input semantic="OUTPUT" source="#mixamorig_RightHandPinky3-Matrix-animation-output-transform"/>
        <input semantic="INTERPOLATION" source="#mixamorig_RightHandPinky3-Interpolations"/>
      </sampler>
      <channel source="#mixamorig_RightHandPinky3-Matrix-animation-transform" target="mixamorig_RightHandPinky3/matrix"/>
    </animation>
    <animation id="mixamorig_LeftShoulder-anim" name="mixamorig_LeftShoulder">
      <source id="mixamorig_LeftShoulder-Matrix-animation-input">
        <float_array id="mixamorig_LeftShoulder-Matrix-animation-input-array" count="78">

0.000000 0.033333 0.066667 0.100000 0.133333 0.166667 0.200000 0.233333 0.266667 0.300000 0.333333 0.366667 0.400000 0.433333 0.466667 0.500000
0.533333 0.566667 0.600000 0.633333 0.666667 0.700000 0.733333 0.766667 0.800000 0.833333 0.866667 0.900000 0.933333 0.966667 1.000000 1.033333
1.066667 1.100000 1.133333 1.166667 1.200000 1.233333 1.266667 1.300000 1.333333 1.366667 1.400000 1.433333 1.466667 1.500000 1.533333 1.566667
1.600000 1.633333 1.666667 1.700000 1.733333 1.766667 1.800000 1.833333 1.866667 1.900000 1.933333 1.966667 2.000000 2.033333 2.066667 2.100000
2.133333 2.166667 2.200000 2.233333 2.266667 2.300000 2.333333 2.366667 2.400000 2.433333 2.466667 2.500000 2.533333 2.566667</float_array>
        <technique_common>
          <accessor source="#mixamorig_LeftShoulder-Matrix-animation-input-array" count="78">
            <param name="TIME" type="float"/>
          </accessor>
        </technique_common>
      </source>
      <source id="mixamorig_LeftShoulder-Matrix-animation-output-transform">
        <float_array id="mixamorig_LeftShoulder-Matrix-animation-output-transform-array" count="1248">

0.069563 0.954292 -0.290667 4.570400 0.202903 -0.298817 -0.932491 11.195600 -0.976725 0.005890 -0.214415 -0.806600 0.000000 0.000000 0.000000 1.000000
0.007583 0.956846 -0.290495 4.570400 0.201376 -0.286013 -0.936827 11.195600 -0.979485 -0.051395 -0.194855 -0.806600 0.000000 0.000000 0.000000 1.000000
-0.058836 0.956420 -0.286004 4.570400 0.197795 -0.269652 -0.942425 11.195600 -0.978476 -0.112019 -0.173310 -0.806600 0.000000 0.000000 0.000000 1.000000
-0.118847 0.954013 -0.275199 4.570400 0.191980 -0.249854 -0.949061 11.195600 -0.974176 -0.165625 -0.153457 -0.806600 0.000000 0.000000 0.000000 1.000000
-0.160152 0.952561 -0.258801 4.570400 0.185019 -0.228570 -0.955784 11.195600 -0.969597 -0.200954 -0.139636 -0.806600 0.000000 0.000000 0.000000 1.000000
-0.178457 0.954468 -0.239047 4.570400 0.178698 -0.207468 -0.961782 11.195600 -0.967585 -0.214354 -0.133537 -0.806600 0.000000 0.000000 0.000000 1.000000
-0.182187 0.959462 -0.215037 4.570400 0.173122 -0.183980 -0.967564 11.195600 -0.967903 -0.213505 -0.132585 -0.806600 0.000000 0.000000 0.000000 1.000000
-0.183942 0.965541 -0.184108 4.570400 0.166782 -0.153929 -0.973904 11.195600 -0.968684 -0.209848 -0.132721 -0.806600 0.000000 0.000000 0.000000 1.000000
-0.189402 0.970693 -0.147925 4.570400 0.159106 -0.118321 -0.980146 11.195600 -0.968923 -0.209177 -0.132033 -0.806600 0.000000 0.000000 0.000000 1.000000
-0.196894 0.973913 -0.112808 4.570400 0.151372 -0.083483 -0.984945 11.195600 -0.968669 -0.211006 -0.130986 -0.806600 0.000000 0.000000 0.000000 1.000000
-0.203380 0.975348 -0.085626 4.570400 0.145549 -0.056365 -0.987744 11.195600 -0.968221 -0.213350 -0.130498 -0.806600 0.000000 0.000000 0.000000 1.000000
-0.208022 0.975260 -0.074798 4.570400 0.143804 -0.045146 -0.988576 11.195600 -0.967495 -0.216402 -0.130855 -0.806600 0.000000 0.000000 0.000000 1.000000
-0.211341 0.973067 -0.092063 4.570400 0.148850 -0.061050 -0.986973 11.195600 -0.966012 -0.222292 -0.131939 -0.806600 0.000000 0.000000 0.000000 1.000000
-0.212460 0.967117 -0.139808 4.570400 0.161391 -0.106380 -0.981140 11.195600 -0.963750 -0.231017 -0.133482 -0.806600 0.000000 0.000000 0.000000 1.000000
-0.209746 0.958196 -0.194592 4.570400 0.175889 -0.158796 -0.971518 11.195600 -0.961805 -0.237999 -0.135229 -0.806600 0.000000 0.000000 0.000000 1.000000
-0.204481 0.953119 -0.223050 4.570400 0.184099 -0.186353 -0.965080 11.195600 -0.961403 -0.238404 -0.137363 -0.806600 0.000000 0.000000 0.000000 1.000000
-0.198550 0.955076 -0.220019 4.570400 0.184801 -0.183979 -0.965402 11.195600 -0.962511 -0.232340 -0.139970 -0.806600 0.000000 0.000000 0.000000 1.000000
-0.191351 0.959140 -0.208414 4.570400 0.183564 -0.173621 -0.967554 11.195600 -0.964204 -0.223399 -0.142841 -0.806600 0.000000 0.000000 0.000000 1.000000
-0.181461 0.962680 -0.200797 4.570400 0.183362 -0.167484 -0.968673 11.195600 -0.966152 -0.212595 -0.146127 -0.806600 0.000000 0.000000 0.000000 1.000000
-0.167750 0.969499 -0.178696 4.570400 0.180204 -0.148055 -0.972423 11.195600 -0.969220 -0.195325 -0.149872 -0.806600 0.000000 0.000000 0.000000 1.000000
-0.149905 0.981712 -0.117345 4.570400 0.169225 -0.091458 -0.981325 11.195600 -0.974110 -0.166963 -0.152421 -0.806600 0.000000 0.000000 0.000000 1.000000
-0.129465 0.991240 -0.026133 4.570400 0.152377 -0.006154 -0.988303 11.195600 -0.979806 -0.131933 -0.150246 -0.806600 0.000000 0.000000 0.000000 1.000000
-0.114780 0.991827 0.055714 4.570400 0.134811 0.071118 -0.988316 11.195600 -0.984201 -0.105928 -0.141872 -0.806600 0.000000 0.000000 0.000000 1.000000
-0.119195 0.987883 0.099397 4.570400 0.118719 0.113573 -0.986411 11.195600 -0.985748 -0.105775 -0.130818 -0.806600 0.000000 0.000000 0.000000 1.000000
-0.144694 0.981222 0.127541 4.570400 0.106796 0.143632 -0.983852 11.195600 -0.983696 -0.128737 -0.125573 -0.806600 0.000000 0.000000 0.000000 1.000000
-0.174781 0.976790 0.123827 4.570400 0.105268 0.143580 -0.984024 11.195600 -0.978964 -0.158953 -0.127920 -0.806600 0.000000 0.000000 0.000000 1.000000
-0.187888 0.977194 0.098941 4.570400 0.114784 0.121891 -0.985884 11.195600 -0.975460 -0.173879 -0.135068 -0.806600 0.000000 0.000000 0.000000 1.000000
-0.178804 0.979925 0.088185 4.570400 0.125160 0.111555 -0.985845 11.195600 -0.975891 -0.165236 -0.142594 -0.806600 0.000000 0.000000 0.000000 1.000000
-0.160975 0.983216 0.085864 4.570400 0.128423 0.107126 -0.985917 11.195600 -0.978568 -0.147681 -0.143512 -0.806600 0.000000 0.000000 0.000000 1.000000
-0.147782 0.982510 0.113293 4.570400 0.123851 0.132034 -0.983478 11.195600 -0.981235 -0.131309 -0.141197 -0.806600 0.000000 0.000000 0.000000 1.000000
-0.141440 0.975067 0.170992 4.570400 0.117053 0.187990 -0.975171 11.195600 -0.983002 -0.117913 -0.140724 -0.806600 0.000000 0.000000 0.000000 1.000000
-0.137251 0.963587 0.229484 4.570400 0.113546 0.245454 -0.962735 11.195600 -0.984007 -0.106079 -0.143100 -0.806600 0.000000 0.000000 0.000000 1.000000
-0.132727 0.960084 0.246216 4.570400 0.115898 0.261743 -0.958154 11.195600 -0.984353 -0.098637 -0.146012 -0.806600 0.000000 0.000000 0.000000 1.000000
-0.129684 0.968059 0.214577 4.570400 0.122362 0.230375 -0.965378 11.195600 -0.983976 -0.098938 -0.148330 -0.806600 0.000000 0.000000 0.000000 1.000000
-0.132009 0.980670 0.144433 4.570400 0.130141 0.161593 -0.978239 11.195600 -0.982668 -0.110340 -0.148957 -0.806600 0.000000 0.000000 0.000000 1.000000
-0.141045 0.986427 0.084068 4.570400 0.137453 0.103607 -0.985075 11.195600 -0.980415 -0.127384 -0.150201 -0.806600 0.000000 0.000000 0.000000 1.000000
-0.153521 0.987807 0.025841 4.570400 0.145126 0.048407 -0.988228 11.195600 -0.977430 -0.147964 -0.150788 -0.806600 0.000000 0.000000 0.000000 1.000000
-0.164622 0.986096 -0.022680 4.570400 0.153164 0.002842 -0.988197 11.195600 -0.974392 -0.166153 -0.151502 -0.806600 0.000000 0.000000 0.000000 1.000000
-0.173074 0.982604 -0.067341 4.570400 0.160875 -0.039251 -0.986194 11.195600 -0.971681 -0.181518 -0.151283 -0.806600 0.000000 0.000000 0.000000 1.000000
-0.181229 0.978075 -0.102594 4.570400 0.165658 -0.072470 -0.983517 11.195600 -0.969388 -0.195238 -0.148892 -0.806600 0.000000 0.000000 0.000000 1.000000
-0.190643 0.976079 -0.104526 4.570400 0.163388 -0.073443 -0.983824 11.195600 -0.967967 -0.204637 -0.145478 -0.806600 0.000000 0.000000 0.000000 1.000000
-0.198630 0.978954 -0.046841 4.570400 0.151211 -0.016610 -0.988362 11.195600 -0.968339 -0.203402 -0.144729 -0.806600 0.000000 0.000000 0.000000 1.000000
-0.200478 0.977949 0.058508 4.570400 0.132897 0.086315 -0.987364 11.195600 -0.970642 -0.190170 -0.147271 -0.806600 0.000000 0.000000 0.000000 1.000000
-0.197541 0.970541 0.137941 4.570400 0.119518 0.163509 -0.979275 11.195600 -0.972981 -0.176961 -0.148297 -0.806600 0.000000 0.000000 0.000000 1.000000
-0.196341 0.972773 0.123138 4.570400 0.119474 0.148381 -0.981687 11.195600 -0.973230 -0.178034 -0.145354 -0.806600 0.000000 0.000000 0.000000 1.000000
-0.195207 0.980596 0.018055 4.570400 0.133096 0.044726 -0.990094 11.195600 -0.971689 -0.190870 -0.139244 -0.806600 0.000000 0.000000 0.000000 1.000000
-0.186092 0.978855 -0.084929 4.570400 0.150813 -0.056957 -0.986920 11.195600 -0.970889 -0.196466 -0.137025 -0.806600 0.000000 0.000000 0.000000 1.000000
-0.166663 0.973821 -0.154583 4.570400 0.164539 -0.127109 -0.978146 11.195600 -0.972188 -0.188456 -0.139047 -0.806600 0.000000 0.000000 0.000000 1.000000
-0.141638 0.972058 -0.187194 4.570400 0.171798 -0.162093 -0.971705 11.195600 -0.974897 -0.169790 -0.144039 -0.806600 0.000000 0.000000 0.000000 1.000000
-0.120688 0.971458 -0.204217 4.570400 0.174971 -0.181682 -0.967666 11.195600 -0.977149 -0.152518 -0.148050 -0.806600 0.000000 0.000000 0.000000 1.000000
-0.113094 0.969457 -0.217629 4.570400 0.176463 -0.195954 -0.964605 11.195600 -0.977789 -0.147494 -0.148912 -0.806600 0.000000 0.000000 0.000000 1.000000
-0.118672 0.966198 -0.228865 4.570400 0.177630 -0.206117 -0.962270 11.195600 -0.976916 -0.154848 -0.147165 -0.806600 0.000000 0.000000 0.000000 1.000000
-0.128699 0.962971 -0.236903 4.570400 0.178783 -0.212445 -0.960679 11.195600 -0.975435 -0.165993 -0.144822 -0.806600 0.000000 0.000000 0.000000 1.000000
-0.135486 0.960718 -0.242209 4.570400 0.179873 -0.216550 -0.959558 11.195600 -0.974315 -0.173573 -0.143468 -0.806600 0.000000 0.000000 0.000000 1.000000
-0.136857 0.959421 -0.246539 4.570400 0.181130 -0.220448 -0.958433 11.195600 -0.973890 -0.175824 -0.143610 -0.806600 0.000000 0.000000 0.000000 1.000000
-0.134038 0.958581 -0.251308 4.570400 0.182820 -0.225324 -0.956977 11.195600 -0.973966 -0.174215 -0.145046 -0.806600 0.000000 0.000000 0.000000 1.000000
-0.128850 0.957841 -0.256786 4.570400 0.184913 -0.231196 -0.955173 11.195600 -0.974271 -0.170557 -0.147327 -0.806600 0.000000 0.000000 0.000000 1.000000
-0.122043 0.957121 -0.262724 4.570400 0.187251 -0.237746 -0.953107 11.195600 -0.974701 -0.165516 -0.150207 -0.806600 0.000000 0.000000 0.000000 1.000000
-0.111985 0.956531 -0.269272 4.570400 0.189846 -0.245391 -0.950653 11.195600 -0.975406 -0.157579 -0.154114 -0.806600 0.000000 0.000000 0.000000 1.000000
-0.095270 0.956226 -0.276686 4.570400 0.192746 -0.254971 -0.947544 11.195600 -0.976613 -0.143603 -0.160018 -0.806600 0.000000 0.000000 0.000000 1.000000
-0.070319 0.956424 -0.283386 4.570400 0.195580 -0.265356 -0.944105 11.195600 -0.978163 -0.121813 -0.168397 -0.806600 0.000000 0.000000 0.000000 1.000000
-0.039598 0.957661 -0.285161 4.570400 0.197756 -0.272229 -0.941692 11.195600 -0.979451 -0.093681 -0.178604 -0.806600 0.000000 0.000000 0.000000 1.000000
-0.006829 0.960340 -0.278749 4.570400 0.199331 -0.271854 -0.941468 11.195600 -0.979908 -0.061993 -0.189569 -0.806600 0.000000 0.000000 0.000000 1.000000
0.026088 0.963629 -0.265968 4.570400 0.200926 -0.265683 -0.942890 11.195600 -0.979259 -0.028841 -0.200549 -0.806600 0.000000 0.000000 0.000000 1.000000
0.056875 0.965950 -0.252402 4.570400 0.202788 -0.258718 -0.944427 11.195600 -0.977570 0.002530 -0.210598 -0.806600 0.000000 0.000000 0.000000 1.000000
0.079755 0.966636 -0.243421 4.570400 0.204436 -0.254869 -0.945118 11.195600 -0.975625 0.025614 -0.217942 -0.806600 0.000000 0.000000 0.000000 1.000000
0.088631 0.966228 -0.241967 4.570400 0.205245 -0.255426 -0.944792 11.195600 -0.974689 0.034076 -0.220952 -0.806600 0.000000 0.000000 0.000000 1.000000
0.084269 0.965100 -0.247953 4.570400 0.205162 -0.260312 -0.943476 11.195600 -0.975094 0.028636 -0.219938 -0.806600 0.000000 0.000000 0.000000 1.000000
0.075363 0.963043 -0.258590 4.570400 0.204651 -0.268745 -0.941219 11.195600 -0.975929 0.018012 -0.217341 -0.806600 0.000000 0.000000 0.000000 1.000000
0.070398 0.960276 -0.270026 4.570400 0.204080 -0.278837 -0.938404 11.195600 -0.976420 0.010955 -0.215603 -0.806600 0.000000 0.000000 0.000000 1.000000
0.070586 0.957555 -0.279473 4.570400 0.203530 -0.288103 -0.935720 11.195600 -0.976521 0.009168 -0.215227 -0.806600 0.000000 0.000000 0.000000 1.000000
0.071757 0.955477 -0.286206 4.570400 0.203085 -0.294930 -0.933688 11.195600 -0.976528 0.008874 -0.215206 -0.806600 0.000000 0.000000 0.000000 1.000000
0.070808 0.954202 -0.290662 4.570400 0.202851 -0.299080 -0.932418 11.195600 -0.976646 0.007062 -0.214738 -0.806600 0.000000 0.000000 0.000000 1.000000
0.068547 0.953608 -0.293143 4.570400 0.202797 -0.301018 -0.931805 11.195600 -0.976819 0.004424 -0.214023 -0.806600 0.000000 0.000000 0.000000 1.000000
0.067291 0.953522 -0.293715 4.570400 0.202817 -0.301308 -0.931707 11.195600 -0.976902 0.003125 -0.213665 -0.806600 0.000000 0.000000 0.000000 1.000000
0.067757 0.953753 -0.292855 4.570400 0.202846 -0.300568 -0.931940 11.195600 -0.976864 0.003741 -0.213831 -0.806600 0.000000 0.000000 0.000000 1.000000
0.068882 0.954067 -0.291567 4.570400 0.202876 -0.299550 -0.932261 11.195600 -0.976779 0.005064 -0.214191 -0.806600 0.000000 0.000000 0.000000 1.000000
0.069586 0.954278 -0.290707 4.570400 0.202900 -0.298861 -0.932477 11.195600 -0.976724 0.005903 -0.214419 -0.806600 0.000000 0.000000 0.000000 1.000000</float_array>
        <technique_common>
          <accessor source="#mixamorig_LeftShoulder-Matrix-animation-output-transform-array" count="78" stride="16">
            <param type="float4x4"/>
          </accessor>
        </technique_common>
      </source>
      <source id="mixamorig_LeftShoulder-Interpolations">
        <Name_array id="mixamorig_LeftShoulder-Interpolations-array" count="78">
 LINEAR LINEAR LINEAR LINEAR LINEAR LINEAR LINEAR LINEAR LINEAR LINEAR LINEAR
LINEAR LINEAR LINEAR LINEAR LINEAR LINEAR LINEAR LINEAR LINEAR LINEAR LINEAR LINEAR
LINEAR LINEAR LINEAR LINEAR LINEAR LINEAR LINEAR LINEAR LINEAR LINEAR LINEAR LINEAR
LINEAR LINEAR LINEAR LINEAR LINEAR LINEAR LINEAR LINEAR LINEAR LINEAR LINEAR LINEAR
LINEAR LINEAR LINEAR LINEAR LINEAR LINEAR LINEAR LINEAR LINEAR LINEAR LINEAR LINEAR
LINEAR LINEAR LINEAR LINEAR LINEAR LINEAR LINEAR LINEAR LINEAR LINEAR LINEAR LINEAR
LINEAR LINEAR LINEAR LINEAR LINEAR LINEAR LINEAR</Name_array>
        <technique_common>
          <accessor source="#mixamorig_LeftShoulder-Interpolations-array" count="78">
            <param type="name"/>
          </accessor>
        </technique_common>
      </source>
      <sampler id="mixamorig_LeftShoulder-Matrix-animation-transform">
        <input semantic="INPUT" source="#mixamorig_LeftShoulder-Matrix-animation-input"/>
        <input semantic="OUTPUT" source="#mixamorig_LeftShoulder-Matrix-animation-output-transform"/>
        <input semantic="INTERPOLATION" source="#mixamorig_LeftShoulder-Interpolations"/>
      </sampler>
      <channel source="#mixamorig_LeftShoulder-Matrix-animation-transform" target="mixamorig_LeftShoulder/matrix"/>
    </animation>
    <animation id="mixamorig_LeftArm-anim" name="mixamorig_LeftArm">
      <source id="mixamorig_LeftArm-Matrix-animation-input">
        <float_array id="mixamorig_LeftArm-Matrix-animation-input-array" count="78">

0.000000 0.033333 0.066667 0.100000 0.133333 0.166667 0.200000 0.233333 0.266667 0.300000 0.333333 0.366667 0.400000 0.433333 0.466667 0.500000
0.533333 0.566667 0.600000 0.633333 0.666667 0.700000 0.733333 0.766667 0.800000 0.833333 0.866667 0.900000 0.933333 0.966667 1.000000 1.033333
1.066667 1.100000 1.133333 1.166667 1.200000 1.233333 1.266667 1.300000 1.333333 1.366667 1.400000 1.433333 1.466667 1.500000 1.533333 1.566667
1.600000 1.633333 1.666667 1.700000 1.733333 1.766667 1.800000 1.833333 1.866667 1.900000 1.933333 1.966667 2.000000 2.033333 2.066667 2.100000
2.133333 2.166667 2.200000 2.233333 2.266667 2.300000 2.333333 2.366667 2.400000 2.433333 2.466667 2.500000 2.533333 2.566667</float_array>
        <technique_common>
          <accessor source="#mixamorig_LeftArm-Matrix-animation-input-array" count="78">
            <param name="TIME" type="float"/>
          </accessor>
        </technique_common>
      </source>
      <source id="mixamorig_LeftArm-Matrix-animation-output-transform">
        <float_array id="mixamorig_LeftArm-Matrix-animation-output-transform-array" count="1248">

0.751708 -0.141436 0.644151 -0.000000 0.620098 0.484113 -0.617343 10.837700 -0.224527 0.863499 0.451616 -0.000000 0.000000 0.000000 0.000000 1.000000
0.754406 -0.170129 0.633977 -0.000000 0.626998 0.472626 -0.619272 10.837700 -0.194278 0.864685 0.463223 0.000000 0.000000 0.000000 0.000000 1.000000
0.754853 -0.243454 0.609038 -0.000000 0.647249 0.426755 -0.631624 10.837700 -0.106138 0.870982 0.479713 0.000000 0.000000 0.000000 0.000000 1.000000
0.779721 -0.255771 0.571504 0.000000 0.619667 0.446006 -0.645826 10.837700 -0.089710 0.857706 0.506253 0.000000 0.000000 0.000000 0.000000 1.000000
0.822136 -0.217974 0.525909 0.000000 0.555371 0.510128 -0.656759 10.837700 -0.125124 0.832020 0.540451 -0.000000 0.000000 0.000000 0.000000 1.000000
0.864554 -0.150082 0.479605 -0.000000 0.470478 0.577147 -0.667497 10.837700 -0.176623 0.802731 0.569585 0.000000 0.000000 0.000000 0.000000 1.000000
0.897350 -0.050297 0.438444 -0.000000 0.369202 0.629824 -0.683383 10.837700 -0.241770 0.775108 0.583742 0.000000 0.000000 0.000000 0.000000 1.000000
0.917034 0.082863 0.390107 0.000000 0.239066 0.668730 -0.704023 10.837700 -0.319213 0.738874 0.593438 0.000000 0.000000 0.000000 0.000000 1.000000
0.920387 0.231856 0.314851 0.000000 0.068665 0.696872 -0.713901 10.837700 -0.384933 0.678684 0.625471 0.000000 0.000000 0.000000 0.000000 1.000000
0.903790 0.361914 0.228433 0.000000 -0.104588 0.704343 -0.702112 10.837700 -0.414999 0.610671 0.674431 0.000000 0.000000 0.000000 0.000000 1.000000
0.849521 0.505818 0.149873 -0.000000 -0.276485 0.668829 -0.690090 10.837700 -0.449300 0.544808 0.708035 0.000000 0.000000 0.000000 0.000000 1.000000
0.740589 0.668442 0.068653 0.000000 -0.444016 0.563490 -0.696655 10.837700 -0.504359 0.485452 0.714113 0.000000 0.000000 0.000000 0.000000 1.000000
0.651245 0.758402 -0.026586 0.000000 -0.544790 0.442853 -0.712099 10.837700 -0.528283 0.478234 0.701576 0.000000 0.000000 0.000000 0.000000 1.000000
0.694828 0.697595 -0.174855 -0.000000 -0.577221 0.395918 -0.714189 10.837700 -0.428987 0.597168 0.677761 0.000000 0.000000 0.000000 0.000000 1.000000
0.834682 0.473851 -0.280662 0.000000 -0.505779 0.457882 -0.731117 10.837700 -0.217930 0.752203 0.621850 0.000000 0.000000 0.000000 0.000000 1.000000
0.926290 0.141550 -0.349214 0.000000 -0.371516 0.497897 -0.783629 10.837700 0.062950 0.855607 0.513785 0.000000 0.000000 0.000000 0.000000 1.000000
0.892552 -0.284869 -0.349573 0.000000 -0.185814 0.473998 -0.860697 10.837700 0.410883 0.833172 0.370135 -0.000000 0.000000 0.000000 0.000000 1.000000
0.877614 -0.399817 -0.264462 -0.000000 -0.117298 0.355809 -0.927168 10.837700 0.464796 0.844716 0.265365 0.000000 0.000000 0.000000 0.000000 1.000000
0.904400 -0.411965 -0.111112 0.000000 0.026380 0.313895 -0.949091 10.837700 0.425870 0.855427 0.294754 0.000000 0.000000 0.000000 0.000000 1.000000
0.870142 -0.492218 0.023978 0.000000 0.249579 0.398204 -0.882691 10.837700 0.424929 0.774051 0.469341 -0.000000 0.000000 0.000000 0.000000 1.000000
0.833254 -0.549165 0.064081 -0.000000 0.413088 0.541327 -0.732341 10.837700 0.367487 0.636697 0.677916 0.000000 0.000000 0.000000 0.000000 1.000000
0.830456 -0.555370 0.043667 0.000000 0.488291 0.687933 -0.536955 10.837700 0.268168 0.467240 0.842480 0.000000 0.000000 0.000000 0.000000 1.000000
0.836269 -0.545948 0.050939 0.000000 0.535534 0.793293 -0.289639 10.837700 0.117718 0.269496 0.955780 0.000000 0.000000 0.000000 0.000000 1.000000
0.826946 -0.554726 0.091869 -0.000000 0.557235 0.830352 -0.002021 10.837700 -0.075163 0.052864 0.995769 0.000000 0.000000 0.000000 0.000000 1.000000
0.819518 -0.562844 0.107691 -0.000000 0.539424 0.821110 0.186547 10.837700 -0.193423 -0.094787 0.976526 0.000000 0.000000 0.000000 0.000000 1.000000
0.818881 -0.559103 0.129757 0.000000 0.535811 0.825706 0.176399 10.837700 -0.205766 -0.074925 0.975729 0.000000 0.000000 0.000000 0.000000 1.000000
0.830569 -0.541063 0.131935 0.000000 0.547584 0.836591 -0.016352 10.837700 -0.101528 0.085827 0.991123 0.000000 0.000000 0.000000 0.000000 1.000000
0.848290 -0.526237 0.058982 -0.000000 0.523778 0.817475 -0.239564 10.837700 0.077852 0.234113 0.969087 0.000000 0.000000 0.000000 0.000000 1.000000
0.839989 -0.540673 -0.045724 0.000000 0.502540 0.806980 -0.310221 10.837700 0.204627 0.237604 0.949564 0.000000 0.000000 0.000000 0.000000 1.000000
0.848874 -0.509830 -0.139593 0.000000 0.475179 0.851687 -0.220985 10.837700 0.231555 0.121257 0.965235 -0.000000 0.000000 0.000000 0.000000 1.000000
0.882993 -0.417710 -0.214109 0.000000 0.417778 0.907323 -0.047187 10.837700 0.213976 -0.047784 0.975669 -0.000000 0.000000 0.000000 0.000000 1.000000
0.900663 -0.338104 -0.272933 0.000000 0.368435 0.927222 0.067191 10.837700 0.230352 -0.161074 0.959684 0.000000 0.000000 0.000000 0.000000 1.000000
0.871688 -0.332014 -0.360453 0.000000 0.362693 0.931717 0.018899 10.837700 0.329566 -0.147208 0.932586 0.000000 0.000000 0.000000 0.000000 1.000000
0.789212 -0.396953 -0.468586 -0.000000 0.358085 0.917333 -0.174000 10.837700 0.498919 -0.030471 0.866113 0.000000 0.000000 0.000000 0.000000 1.000000
0.692433 -0.499577 -0.520538 0.000000 0.317971 0.858944 -0.401384 10.837700 0.647635 0.112416 0.753612 0.000000 0.000000 0.000000 0.000000 1.000000
0.642828 -0.582338 -0.497649 -0.000000 0.236120 0.768667 -0.594474 10.837700 0.728711 0.264640 0.631622 0.000000 0.000000 0.000000 0.000000 1.000000
0.685924 -0.578918 -0.440866 0.000000 0.135735 0.697015 -0.704092 10.837700 0.714902 0.423113 0.556679 0.000000 0.000000 0.000000 0.000000 1.000000
0.790081 -0.491263 -0.366650 0.000000 0.070952 0.667388 -0.741322 10.837700 0.608883 0.559690 0.562147 0.000000 0.000000 0.000000 0.000000 1.000000
0.881533 -0.389454 -0.266880 0.000000 0.097835 0.703695 -0.703734 10.837700 0.461874 0.594254 0.658433 0.000000 0.000000 0.000000 0.000000 1.000000
0.938449 -0.311759 -0.148729 -0.000000 0.178985 0.807151 -0.562558 10.837700 0.295429 0.501312 0.813270 0.000000 0.000000 0.000000 0.000000 1.000000
0.974205 -0.218901 -0.054834 0.000000 0.190453 0.927892 -0.320537 10.837700 0.121046 0.301825 0.945648 0.000000 0.000000 0.000000 0.000000 1.000000
0.998648 -0.043365 -0.028672 0.000000 0.040642 0.995152 -0.089564 10.837700 0.032417 0.088278 0.995568 0.000000 0.000000 0.000000 0.000000 1.000000
0.987086 0.143380 -0.071443 0.000000 -0.141506 0.989462 0.030667 10.837700 0.075087 -0.020161 0.996973 0.000000 0.000000 0.000000 0.000000 1.000000
0.964641 0.210434 -0.158699 0.000000 -0.202019 0.977046 0.067600 10.837700 0.169281 -0.033149 0.985010 0.000000 0.000000 0.000000 0.000000 1.000000
0.926962 0.275617 -0.254513 0.000000 -0.269013 0.961195 0.061125 10.837700 0.261484 0.011806 0.965136 0.000000 0.000000 0.000000 0.000000 1.000000
0.903809 0.266623 -0.334727 -0.000000 -0.279605 0.960066 0.009757 10.837700 0.323962 0.084773 0.942264 0.000000 0.000000 0.000000 0.000000 1.000000
0.924195 0.033007 -0.380493 0.000000 -0.088331 0.987720 -0.128869 10.837700 0.371567 0.152709 0.915761 0.000000 0.000000 0.000000 0.000000 1.000000
0.875529 -0.295249 -0.382461 0.000000 0.189706 0.938071 -0.289888 10.837700 0.444365 0.181250 0.877319 0.000000 0.000000 0.000000 0.000000 1.000000
0.731715 -0.575621 -0.365041 -0.000000 0.414296 0.800863 -0.432408 10.837700 0.541251 0.165164 0.824481 0.000000 0.000000 0.000000 0.000000 1.000000
0.547993 -0.773747 -0.317834 0.000000 0.558474 0.621302 -0.549628 10.837700 0.622744 0.123690 0.772587 0.000000 0.000000 0.000000 0.000000 1.000000
0.386763 -0.894834 -0.222905 -0.000000 0.645894 0.435381 -0.627108 10.837700 0.658206 0.098569 0.746357 0.000000 0.000000 0.000000 0.000000 1.000000
0.295933 -0.949658 -0.102823 0.000000 0.686809 0.286356 -0.668052 10.837700 0.663865 0.127079 0.736977 0.000000 0.000000 0.000000 0.000000 1.000000
0.308107 -0.951352 -0.000155 0.000000 0.683423 0.221449 -0.695624 10.837700 0.661818 0.214221 0.718406 -0.000000 0.000000 0.000000 0.000000 1.000000
0.396663 -0.915861 0.062112 0.000000 0.655285 0.235123 -0.717857 10.837700 0.642853 0.325448 0.693414 0.000000 0.000000 0.000000 0.000000 1.000000
0.492117 -0.864934 0.098542 0.000000 0.630578 0.276139 -0.725340 10.837700 0.600160 0.419091 0.681301 0.000000 0.000000 0.000000 0.000000 1.000000
0.568036 -0.812040 0.133889 0.000000 0.619277 0.314581 -0.719399 10.837700 0.542062 0.491558 0.681571 0.000000 0.000000 0.000000 0.000000 1.000000
0.639488 -0.750141 0.168353 -0.000000 0.601732 0.352075 -0.716911 10.837700 0.478512 0.559760 0.676532 0.000000 0.000000 0.000000 0.000000 1.000000
0.710347 -0.677990 0.189044 0.000000 0.563969 0.387560 -0.729202 10.837700 0.421125 0.624601 0.657667 0.000000 0.000000 0.000000 0.000000 1.000000
0.764745 -0.613219 0.197809 0.000000 0.522925 0.411315 -0.746572 10.837700 0.376450 0.674376 0.635218 0.000000 0.000000 0.000000 0.000000 1.000000
0.797020 -0.563208 0.218072 0.000000 0.507502 0.428809 -0.747372 10.837700 0.327414 0.706343 0.627598 0.000000 0.000000 0.000000 0.000000 1.000000
0.829251 -0.497021 0.255564 0.000000 0.502898 0.464124 -0.729166 10.837700 0.243798 0.733184 0.634826 0.000000 0.000000 0.000000 0.000000 1.000000
0.842339 -0.450277 0.296167 0.000000 0.511071 0.492906 -0.704166 10.837700 0.171088 0.744510 0.645317 0.000000 0.000000 0.000000 0.000000 1.000000
0.848487 -0.404587 0.341144 0.000000 0.520510 0.521549 -0.676059 10.837700 0.095601 0.751196 0.653119 0.000000 0.000000 0.000000 0.000000 1.000000
0.850970 -0.352152 0.389665 0.000000 0.525050 0.551826 -0.647928 10.837700 0.013142 0.755961 0.654484 -0.000000 0.000000 0.000000 0.000000 1.000000
0.843779 -0.308000 0.439514 0.000000 0.533291 0.573190 -0.622137 10.837700 -0.060306 0.759335 0.647899 0.000000 0.000000 0.000000 0.000000 1.000000
0.832510 -0.262227 0.488020 -0.000000 0.538302 0.591148 -0.600646 10.837700 -0.130987 0.762746 0.633294 0.000000 0.000000 0.000000 0.000000 1.000000
0.818027 -0.217653 0.532410 0.000000 0.541347 0.604125 -0.584788 10.837700 -0.194361 0.766590 0.612016 0.000000 0.000000 0.000000 0.000000 1.000000
0.799321 -0.190627 0.569865 0.000000 0.553541 0.602620 -0.574840 10.837700 -0.233832 0.774926 0.587207 -0.000000 0.000000 0.000000 0.000000 1.000000
0.781591 -0.178833 0.597608 -0.000000 0.570917 0.591082 -0.569803 10.837700 -0.251335 0.786538 0.564083 0.000000 0.000000 0.000000 0.000000 1.000000
0.775864 -0.181001 0.604379 0.000000 0.583445 0.570350 -0.578180 10.837700 -0.240056 0.801211 0.548118 -0.000000 0.000000 0.000000 0.000000 1.000000
0.769427 -0.198072 0.607248 0.000000 0.601706 0.543760 -0.585043 10.837700 -0.214316 0.815532 0.537564 0.000000 0.000000 0.000000 0.000000 1.000000
0.761959 -0.222146 0.608334 0.000000 0.621179 0.516381 -0.589481 10.837700 -0.183181 0.827044 0.531453 0.000000 0.000000 0.000000 0.000000 1.000000
0.760884 -0.213404 0.612793 0.000000 0.619991 0.517776 -0.589507 10.837700 -0.191486 0.828472 0.526276 0.000000 0.000000 0.000000 0.000000 1.000000
0.756103 -0.204940 0.621536 0.000000 0.622959 0.516440 -0.587547 10.837700 -0.200574 0.831438 0.518151 0.000000 0.000000 0.000000 0.000000 1.000000
0.746202 -0.189449 0.638194 0.000000 0.628807 0.515361 -0.582241 10.837700 -0.218596 0.835770 0.503690 0.000000 0.000000 0.000000 0.000000 1.000000
0.740944 -0.176980 0.647827 0.000000 0.632938 0.506478 -0.585550 10.837700 -0.224479 0.843894 0.487290 0.000000 0.000000 0.000000 0.000000 1.000000
0.743533 -0.163570 0.648386 0.000000 0.630102 0.496032 -0.597431 10.837700 -0.223898 0.852758 0.471882 -0.000000 0.000000 0.000000 0.000000 1.000000
0.749518 -0.148567 0.645098 0.000000 0.623069 0.487517 -0.611647 10.837700 -0.223625 0.860381 0.457970 0.000000 0.000000 0.000000 0.000000 1.000000</float_array>
        <technique_common>
          <accessor source="#mixamorig_LeftArm-Matrix-animation-output-transform-array" count="78" stride="16">
            <param type="float4x4"/>
          </accessor>
        </technique_common>
      </source>
      <source id="mixamorig_LeftArm-Interpolations">
        <Name_array id="mixamorig_LeftArm-Interpolations-array" count="78">
 LINEAR LINEAR LINEAR LINEAR LINEAR LINEAR LINEAR LINEAR LINEAR LINEAR LINEAR
LINEAR LINEAR LINEAR LINEAR LINEAR LINEAR LINEAR LINEAR LINEAR LINEAR LINEAR LINEAR
LINEAR LINEAR LINEAR LINEAR LINEAR LINEAR LINEAR LINEAR LINEAR LINEAR LINEAR LINEAR
LINEAR LINEAR LINEAR LINEAR LINEAR LINEAR LINEAR LINEAR LINEAR LINEAR LINEAR LINEAR
LINEAR LINEAR LINEAR LINEAR LINEAR LINEAR LINEAR LINEAR LINEAR LINEAR LINEAR LINEAR
LINEAR LINEAR LINEAR LINEAR LINEAR LINEAR LINEAR LINEAR LINEAR LINEAR LINEAR LINEAR
LINEAR LINEAR LINEAR LINEAR LINEAR LINEAR LINEAR</Name_array>
        <technique_common>
          <accessor source="#mixamorig_LeftArm-Interpolations-array" count="78">
            <param type="name"/>
          </accessor>
        </technique_common>
      </source>
      <sampler id="mixamorig_LeftArm-Matrix-animation-transform">
        <input semantic="INPUT" source="#mixamorig_LeftArm-Matrix-animation-input"/>
        <input semantic="OUTPUT" source="#mixamorig_LeftArm-Matrix-animation-output-transform"/>
        <input semantic="INTERPOLATION" source="#mixamorig_LeftArm-Interpolations"/>
      </sampler>
      <channel source="#mixamorig_LeftArm-Matrix-animation-transform" target="mixamorig_LeftArm/matrix"/>
    </animation>
    <animation id="mixamorig_LeftForeArm-anim" name="mixamorig_LeftForeArm">
      <source id="mixamorig_LeftForeArm-Matrix-animation-input">
        <float_array id="mixamorig_LeftForeArm-Matrix-animation-input-array" count="78">

0.000000 0.033333 0.066667 0.100000 0.133333 0.166667 0.200000 0.233333 0.266667 0.300000 0.333333 0.366667 0.400000 0.433333 0.466667 0.500000
0.533333 0.566667 0.600000 0.633333 0.666667 0.700000 0.733333 0.766667 0.800000 0.833333 0.866667 0.900000 0.933333 0.966667 1.000000 1.033333
1.066667 1.100000 1.133333 1.166667 1.200000 1.233333 1.266667 1.300000 1.333333 1.366667 1.400000 1.433333 1.466667 1.500000 1.533333 1.566667
1.600000 1.633333 1.666667 1.700000 1.733333 1.766667 1.800000 1.833333 1.866667 1.900000 1.933333 1.966667 2.000000 2.033333 2.066667 2.100000
2.133333 2.166667 2.200000 2.233333 2.266667 2.300000 2.333333 2.366667 2.400000 2.433333 2.466667 2.500000 2.533333 2.566667</float_array>
        <technique_common>
          <accessor source="#mixamorig_LeftForeArm-Matrix-animation-input-array" count="78">
            <param name="TIME" type="float"/>
          </accessor>
        </technique_common>
      </source>
      <source id="mixamorig_LeftForeArm-Matrix-animation-output-transform">
        <float_array id="mixamorig_LeftForeArm-Matrix-animation-output-transform-array" count="1248">

0.993191 -0.116494 0.000000 0.000000 0.116494 0.993191 -0.000000 27.841499 0.000000 0.000000 1.000000 0.000000 0.000000 0.000000 0.000000 1.000000
0.990639 -0.136507 0.000000 0.000000 0.136507 0.990639 0.000000 27.841499 -0.000000 -0.000000 1.000000 0.000000 0.000000 0.000000 0.000000 1.000000
0.997201 -0.074771 -0.000000 0.000000 0.074771 0.997201 0.000000 27.841499 0.000000 -0.000000 1.000000 0.000000 0.000000 0.000000 0.000000 1.000000
0.974249 -0.225473 0.000000 0.000000 0.225473 0.974249 0.000000 27.841499 -0.000000 -0.000000 1.000000 -0.000000 0.000000 0.000000 0.000000 1.000000
0.852531 -0.522676 -0.000000 0.000000 0.522676 0.852531 0.000000 27.841499 0.000000 -0.000001 1.000000 0.000000 0.000000 0.000000 0.000000 1.000000
0.605550 -0.795807 -0.000000 0.000000 0.795807 0.605550 -0.000000 27.841499 0.000000 -0.000000 1.000000 0.000000 0.000000 0.000000 0.000000 1.000000
0.327862 -0.944726 -0.000000 0.000000 0.944726 0.327862 0.000001 27.841499 -0.000001 -0.000000 1.000000 0.000000 0.000000 0.000000 0.000000 1.000000
0.154188 -0.988041 0.000000 -0.000000 0.988041 0.154188 -0.000000 27.841499 0.000000 0.000000 1.000000 0.000000 0.000000 0.000000 0.000000 1.000000
0.130022 -0.991511 -0.000000 0.000000 0.991511 0.130022 -0.000000 27.841499 0.000000 -0.000000 1.000000 0.000000 0.000000 0.000000 0.000000 1.000000
0.208089 -0.978110 0.000000 0.000000 0.978110 0.208089 0.000001 27.841499 -0.000001 0.000000 1.000000 -0.000000 0.000000 0.000000 0.000000 1.000000
0.240219 -0.970719 -0.000000 0.000000 0.970719 0.240219 0.000000 27.841499 0.000000 -0.000000 1.000000 -0.000000 0.000000 0.000000 0.000000 1.000000
0.159546 -0.987191 -0.000000 0.000000 0.987191 0.159546 0.000000 27.841499 -0.000000 -0.000000 1.000000 0.000000 0.000000 0.000000 0.000000 1.000000
0.087451 -0.996169 0.000000 0.000000 0.996169 0.087451 0.000000 27.841499 -0.000000 0.000000 1.000000 0.000000 0.000000 0.000000 0.000000 1.000000
0.184825 -0.982771 -0.000000 0.000000 0.982771 0.184825 -0.000001 27.841499 0.000001 -0.000000 1.000000 0.000000 0.000000 0.000000 0.000000 1.000000
0.481626 -0.876377 -0.000000 0.000000 0.876377 0.481626 0.000000 27.841499 -0.000000 -0.000000 1.000000 0.000000 0.000000 0.000000 0.000000 1.000000
0.816610 -0.577189 -0.000000 0.000000 0.577189 0.816610 0.000000 27.841499 0.000000 -0.000000 1.000000 0.000000 0.000000 0.000000 0.000000 1.000000
1.000000 -0.000001 -0.000000 -0.000000 0.000001 1.000000 -0.000000 27.841499 0.000000 0.000000 1.000000 0.000000 0.000000 0.000000 0.000000 1.000000
0.992060 -0.125769 0.000000 -0.000000 0.125769 0.992060 0.000000 27.841499 -0.000000 -0.000000 1.000000 0.000000 0.000000 0.000000 0.000000 1.000000
0.846641 -0.532165 0.000000 0.000000 0.532165 0.846641 -0.000000 27.841499 -0.000000 0.000000 1.000000 0.000000 0.000000 0.000000 0.000000 1.000000
0.652729 -0.757592 0.000000 0.000000 0.757592 0.652729 -0.000000 27.841499 0.000000 0.000000 1.000000 0.000000 0.000000 0.000000 0.000000 1.000000
0.440399 -0.897802 -0.000000 0.000000 0.897802 0.440399 -0.000000 27.841499 0.000000 -0.000000 1.000000 0.000000 0.000000 0.000000 0.000000 1.000000
0.255837 -0.966720 -0.000000 -0.000000 0.966720 0.255837 0.000000 27.841499 0.000000 -0.000000 1.000000 0.000000 0.000000 0.000000 0.000000 1.000000
0.165204 -0.986259 -0.000000 0.000000 0.986259 0.165204 0.000000 27.841499 -0.000000 -0.000000 1.000000 0.000000 0.000000 0.000000 0.000000 1.000000
0.139159 -0.990270 0.000000 -0.000000 0.990270 0.139159 -0.000000 27.841499 0.000000 0.000000 1.000000 -0.000000 0.000000 0.000000 0.000000 1.000000
0.138123 -0.990415 -0.000000 0.000000 0.990415 0.138123 0.000000 27.841499 -0.000000 -0.000000 1.000000 -0.000000 0.000000 0.000000 0.000000 1.000000
0.192460 -0.981305 -0.000000 -0.000000 0.981305 0.192460 0.000000 27.841499 -0.000000 -0.000000 1.000000 0.000000 0.000000 0.000000 0.000000 1.000000
0.335068 -0.942194 -0.000000 0.000000 0.942194 0.335068 0.000000 27.841499 -0.000000 -0.000000 1.000000 0.000000 0.000000 0.000000 0.000000 1.000000
0.536197 -0.844093 -0.000000 -0.000000 0.844093 0.536197 -0.000000 27.841499 0.000000 0.000000 1.000000 0.000000 0.000000 0.000000 0.000000 1.000000
0.713075 -0.701088 -0.000000 0.000000 0.701088 0.713075 -0.000000 27.841499 0.000000 0.000000 1.000000 0.000000 0.000000 0.000000 0.000000 1.000000
0.757875 -0.652400 -0.000000 0.000000 0.652400 0.757875 0.000000 27.841499 -0.000000 -0.000000 1.000000 -0.000000 0.000000 0.000000 0.000000 1.000000
0.744123 -0.668043 0.000000 0.000000 0.668043 0.744123 0.000000 27.841499 -0.000000 -0.000000 1.000000 0.000000 0.000000 0.000000 0.000000 1.000000
0.787444 -0.616386 0.000000 -0.000000 0.616386 0.787444 0.000000 27.841499 -0.000000 -0.000000 1.000000 0.000000 0.000000 0.000000 0.000000 1.000000
0.862565 -0.505946 -0.000000 0.000000 0.505946 0.862565 0.000000 27.841499 0.000000 -0.000000 1.000000 0.000000 0.000000 0.000000 0.000000 1.000000
0.917923 -0.396760 -0.000000 0.000000 0.396760 0.917923 0.000000 27.841499 0.000000 -0.000000 1.000000 0.000000 0.000000 0.000000 0.000000 1.000000
0.959711 -0.280991 0.000000 -0.000000 0.280991 0.959711 -0.000000 27.841499 -0.000000 0.000000 1.000000 0.000000 0.000000 0.000000 0.000000 1.000000
0.986987 -0.160798 -0.000000 0.000000 0.160798 0.986987 -0.000000 27.841499 0.000000 0.000000 1.000000 0.000000 0.000000 0.000000 0.000000 1.000000
0.987054 -0.160387 -0.000000 0.000000 0.160387 0.987054 0.000000 27.841499 -0.000000 -0.000000 1.000000 -0.000000 0.000000 0.000000 0.000000 1.000000
0.960009 -0.279968 0.000000 -0.000000 0.279968 0.960009 0.000000 27.841499 -0.000000 -0.000000 1.000000 0.000000 0.000000 0.000000 0.000000 1.000000
0.910440 -0.413640 -0.000000 -0.000000 0.413640 0.910440 -0.000000 27.841499 0.000000 0.000000 1.000000 0.000000 0.000000 0.000000 0.000000 1.000000
0.847051 -0.531512 0.000000 0.000000 0.531512 0.847051 0.000000 27.841499 -0.000000 -0.000000 1.000000 0.000000 0.000000 0.000000 0.000000 1.000000
0.775180 -0.631741 0.000000 -0.000000 0.631741 0.775180 0.000000 27.841499 -0.000000 -0.000000 1.000000 0.000000 0.000000 0.000000 0.000000 1.000000
0.718657 -0.695365 -0.000000 0.000000 0.695365 0.718657 0.000000 27.841499 0.000000 -0.000000 1.000000 0.000000 0.000000 0.000000 0.000000 1.000000
0.771405 -0.636345 -0.000000 0.000000 0.636345 0.771405 -0.000000 27.841499 0.000000 -0.000000 1.000000 -0.000000 0.000000 0.000000 0.000000 1.000000
0.899203 -0.437531 0.000000 0.000000 0.437531 0.899203 -0.000000 27.841499 0.000000 0.000000 1.000000 0.000000 0.000000 0.000000 0.000000 1.000000
0.860402 -0.509616 0.000000 0.000000 0.509616 0.860402 0.000000 27.841499 -0.000000 -0.000000 1.000000 0.000000 0.000000 0.000000 0.000000 1.000000
0.629755 -0.776793 -0.000000 0.000000 0.776793 0.629755 -0.000000 27.841499 0.000000 -0.000000 1.000000 0.000000 0.000000 0.000000 0.000000 1.000000
0.501895 -0.864929 0.000000 0.000000 0.864929 0.501895 -0.000000 27.841499 0.000000 0.000000 1.000000 -0.000000 0.000000 0.000000 0.000000 1.000000
0.566509 -0.824056 0.000000 -0.000000 0.824056 0.566509 0.000000 27.841499 -0.000000 -0.000000 1.000000 0.000000 0.000000 0.000000 0.000000 1.000000
0.695130 -0.718884 0.000000 -0.000000 0.718884 0.695130 0.000000 27.841499 -0.000000 -0.000000 1.000000 0.000000 0.000000 0.000000 0.000000 1.000000
0.808337 -0.588720 0.000000 -0.000000 0.588720 0.808337 0.000000 27.841499 -0.000000 0.000000 1.000000 -0.000000 0.000000 0.000000 0.000000 1.000000
0.893888 -0.448290 -0.000000 0.000000 0.448290 0.893888 -0.000000 27.841499 0.000000 0.000000 1.000000 0.000000 0.000000 0.000000 0.000000 1.000000
0.944940 -0.327243 -0.000000 0.000000 0.327243 0.944940 0.000000 27.841499 0.000000 -0.000000 1.000000 -0.000000 0.000000 0.000000 0.000000 1.000000
0.960984 -0.276605 -0.000000 0.000000 0.276605 0.960984 0.000000 27.841499 0.000000 -0.000000 1.000000 0.000000 0.000000 0.000000 0.000000 1.000000
0.961415 -0.275101 0.000000 0.000000 0.275101 0.961415 -0.000000 27.841499 -0.000000 0.000000 1.000000 0.000000 0.000000 0.000000 0.000000 1.000000
0.968537 -0.248868 -0.000000 -0.000000 0.248868 0.968537 0.000000 27.841499 0.000000 -0.000000 1.000000 0.000000 0.000000 0.000000 0.000000 1.000000
0.980457 -0.196736 0.000000 -0.000000 0.196736 0.980457 -0.000001 27.841499 0.000000 0.000001 1.000000 -0.000000 0.000000 0.000000 0.000000 1.000000
0.986021 -0.166619 -0.000000 0.000000 0.166619 0.986021 -0.000000 27.841499 0.000000 0.000000 1.000000 -0.000000 0.000000 0.000000 0.000000 1.000000
0.988283 -0.152630 0.000000 -0.000000 0.152630 0.988283 -0.000000 27.841499 -0.000000 0.000000 1.000000 0.000000 0.000000 0.000000 0.000000 1.000000
0.994045 -0.108973 0.000000 0.000000 0.108973 0.994045 -0.000000 27.841499 0.000000 0.000000 1.000000 -0.000000 0.000000 0.000000 0.000000 1.000000
0.998752 -0.049936 0.000000 0.000000 0.049936 0.998752 -0.000000 27.841499 -0.000000 0.000000 1.000000 -0.000000 0.000000 0.000000 0.000000 1.000000
0.996977 -0.077699 -0.000000 0.000000 0.077699 0.996977 -0.000000 27.841499 0.000000 0.000000 1.000000 -0.000000 0.000000 0.000000 0.000000 1.000000
0.994951 -0.100358 0.000000 -0.000000 0.100358 0.994951 -0.000000 27.841499 -0.000000 0.000000 1.000000 0.000000 0.000000 0.000000 0.000000 1.000000
0.989804 -0.142437 0.000000 0.000000 0.142437 0.989804 0.000000 27.841499 -0.000000 -0.000000 1.000000 0.000000 0.000000 0.000000 0.000000 1.000000
0.978184 -0.207739 0.000000 0.000000 0.207739 0.978184 -0.000000 27.841499 -0.000000 0.000000 1.000000 0.000000 0.000000 0.000000 0.000000 1.000000
0.967065 -0.254530 0.000000 -0.000000 0.254530 0.967065 0.000000 27.841499 -0.000000 -0.000000 1.000000 0.000000 0.000000 0.000000 0.000000 1.000000
0.953105 -0.302640 0.000000 0.000000 0.302640 0.953105 0.000000 27.841499 -0.000000 -0.000000 1.000000 0.000000 0.000000 0.000000 0.000000 1.000000
0.937719 -0.347395 0.000000 -0.000000 0.347395 0.937719 0.000000 27.841499 -0.000000 -0.000000 1.000000 0.000000 0.000000 0.000000 0.000000 1.000000
0.936580 -0.350453 -0.000000 0.000000 0.350453 0.936580 -0.000001 27.841499 0.000000 0.000001 1.000000 -0.000000 0.000000 0.000000 0.000000 1.000000
0.950071 -0.312033 0.000000 0.000000 0.312033 0.950071 0.000000 27.841499 -0.000000 -0.000000 1.000000 -0.000000 0.000000 0.000000 0.000000 1.000000
0.973326 -0.229428 -0.000000 0.000000 0.229428 0.973326 -0.000000 27.841499 0.000000 0.000000 1.000000 0.000000 0.000000 0.000000 0.000000 1.000000
0.993521 -0.113648 -0.000000 0.000000 0.113648 0.993521 0.000000 27.841499 0.000000 -0.000000 1.000000 0.000000 0.000000 0.000000 0.000000 1.000000
1.000000 -0.000000 -0.000000 0.000000 0.000000 1.000000 0.000000 27.841499 0.000000 -0.000000 1.000000 0.000000 0.000000 0.000000 0.000000 1.000000
1.000000 -0.000000 -0.000000 -0.000000 0.000000 1.000000 0.000000 27.841499 0.000000 -0.000000 1.000000 0.000000 0.000000 0.000000 0.000000 1.000000
0.999884 -0.015231 -0.000000 0.000000 0.015231 0.999884 0.000000 27.841499 0.000000 -0.000000 1.000000 0.000000 0.000000 0.000000 0.000000 1.000000
0.998877 -0.047373 -0.000000 0.000000 0.047373 0.998877 0.000000 27.841499 0.000000 -0.000000 1.000000 -0.000000 0.000000 0.000000 0.000000 1.000000
0.997942 -0.064129 -0.000000 0.000000 0.064129 0.997942 -0.000000 27.841499 0.000000 0.000000 1.000000 -0.000000 0.000000 0.000000 0.000000 1.000000
0.996769 -0.080327 0.000000 0.000000 0.080327 0.996769 0.000000 27.841499 -0.000000 -0.000000 1.000000 -0.000000 0.000000 0.000000 0.000000 1.000000
0.994659 -0.103217 0.000000 0.000000 0.103217 0.994659 0.000000 27.841499 -0.000000 -0.000000 1.000000 0.000000 0.000000 0.000000 0.000000 1.000000</float_array>
        <technique_common>
          <accessor source="#mixamorig_LeftForeArm-Matrix-animation-output-transform-array" count="78" stride="16">
            <param type="float4x4"/>
          </accessor>
        </technique_common>
      </source>
      <source id="mixamorig_LeftForeArm-Interpolations">
        <Name_array id="mixamorig_LeftForeArm-Interpolations-array" count="78">
 LINEAR LINEAR LINEAR LINEAR LINEAR LINEAR LINEAR LINEAR LINEAR LINEAR LINEAR
LINEAR LINEAR LINEAR LINEAR LINEAR LINEAR LINEAR LINEAR LINEAR LINEAR LINEAR LINEAR
LINEAR LINEAR LINEAR LINEAR LINEAR LINEAR LINEAR LINEAR LINEAR LINEAR LINEAR LINEAR
LINEAR LINEAR LINEAR LINEAR LINEAR LINEAR LINEAR LINEAR LINEAR LINEAR LINEAR LINEAR
LINEAR LINEAR LINEAR LINEAR LINEAR LINEAR LINEAR LINEAR LINEAR LINEAR LINEAR LINEAR
LINEAR LINEAR LINEAR LINEAR LINEAR LINEAR LINEAR LINEAR LINEAR LINEAR LINEAR LINEAR
LINEAR LINEAR LINEAR LINEAR LINEAR LINEAR LINEAR</Name_array>
        <technique_common>
          <accessor source="#mixamorig_LeftForeArm-Interpolations-array" count="78">
            <param type="name"/>
          </accessor>
        </technique_common>
      </source>
      <sampler id="mixamorig_LeftForeArm-Matrix-animation-transform">
        <input semantic="INPUT" source="#mixamorig_LeftForeArm-Matrix-animation-input"/>
        <input semantic="OUTPUT" source="#mixamorig_LeftForeArm-Matrix-animation-output-transform"/>
        <input semantic="INTERPOLATION" source="#mixamorig_LeftForeArm-Interpolations"/>
      </sampler>
      <channel source="#mixamorig_LeftForeArm-Matrix-animation-transform" target="mixamorig_LeftForeArm/matrix"/>
    </animation>
    <animation id="mixamorig_LeftHand-anim" name="mixamorig_LeftHand">
      <source id="mixamorig_LeftHand-Matrix-animation-input">
        <float_array id="mixamorig_LeftHand-Matrix-animation-input-array" count="78">

0.000000 0.033333 0.066667 0.100000 0.133333 0.166667 0.200000 0.233333 0.266667 0.300000 0.333333 0.366667 0.400000 0.433333 0.466667 0.500000
0.533333 0.566667 0.600000 0.633333 0.666667 0.700000 0.733333 0.766667 0.800000 0.833333 0.866667 0.900000 0.933333 0.966667 1.000000 1.033333
1.066667 1.100000 1.133333 1.166667 1.200000 1.233333 1.266667 1.300000 1.333333 1.366667 1.400000 1.433333 1.466667 1.500000 1.533333 1.566667
1.600000 1.633333 1.666667 1.700000 1.733333 1.766667 1.800000 1.833333 1.866667 1.900000 1.933333 1.966667 2.000000 2.033333 2.066667 2.100000
2.133333 2.166667 2.200000 2.233333 2.266667 2.300000 2.333333 2.366667 2.400000 2.433333 2.466667 2.500000 2.533333 2.566667</float_array>
        <technique_common>
          <accessor source="#mixamorig_LeftHand-Matrix-animation-input-array" count="78">
            <param name="TIME" type="float"/>
          </accessor>
        </technique_common>
      </source>
      <source id="mixamorig_LeftHand-Matrix-animation-output-transform">
        <float_array id="mixamorig_LeftHand-Matrix-animation-output-transform-array" count="1248">

0.931248 -0.030012 -0.363148 -0.000000 -0.008954 0.994417 -0.105142 28.328800 0.364276 0.101165 0.925780 0.000000 0.000000 0.000000 0.000000 1.000000
0.952972 -0.110488 -0.282199 -0.000000 0.089093 0.992164 -0.087595 28.328800 0.289665 0.058333 0.955349 0.000000 0.000000 0.000000 0.000000 1.000000
0.963717 -0.219546 -0.151822 0.000000 0.215562 0.975568 -0.042427 28.328800 0.157427 0.008161 0.987497 0.000000 0.000000 0.000000 0.000000 1.000000
0.974033 -0.225035 0.024879 0.000000 0.223778 0.973591 0.045218 28.328800 -0.034397 -0.038476 0.998667 -0.000000 0.000000 0.000000 0.000000 1.000000
0.955809 -0.168985 0.240570 -0.000000 0.148762 0.983803 0.100010 28.328800 -0.253573 -0.059803 0.965466 -0.000000 0.000000 0.000000 0.000000 1.000000
0.894238 -0.132526 0.427522 -0.000000 0.103057 0.990461 0.091467 28.328800 -0.435565 -0.037734 0.899366 0.000000 0.000000 0.000000 0.000000 1.000000
0.833312 -0.191933 0.518413 0.000000 0.169656 0.981329 0.090608 28.328800 -0.526125 0.012447 0.850316 0.000000 0.000000 0.000000 0.000000 1.000000
0.782069 -0.378242 0.495278 -0.000000 0.356376 0.923416 0.142472 28.328800 -0.511237 0.065082 0.856972 0.000000 0.000000 0.000000 0.000000 1.000000
0.700327 -0.598845 0.388493 -0.000000 0.585262 0.793294 0.167789 28.328800 -0.408668 0.109863 0.906047 0.000000 0.000000 0.000000 0.000000 1.000000
0.631365 -0.716489 0.296685 0.000000 0.716499 0.685317 0.130269 28.328800 -0.296660 0.130327 0.946049 0.000000 0.000000 0.000000 0.000000 1.000000
0.693966 -0.670211 0.263112 0.000000 0.676341 0.732120 0.081020 28.328800 -0.246930 0.121728 0.961357 0.000000 0.000000 0.000000 0.000000 1.000000
0.845600 -0.464643 0.262808 0.000000 0.475806 0.879235 0.023551 28.328800 -0.242013 0.105131 0.964561 -0.000000 0.000000 0.000000 0.000000 1.000000
0.944704 -0.205904 0.255222 0.000000 0.223507 0.973811 -0.041677 28.328800 -0.239956 0.096416 0.965984 0.000000 0.000000 0.000000 0.000000 1.000000
0.970950 -0.041282 0.235694 0.000000 0.066741 0.992637 -0.101080 28.328800 -0.229786 0.113874 0.966556 0.000000 0.000000 0.000000 0.000000 1.000000
0.984856 -0.058847 0.163081 0.000000 0.074930 0.992721 -0.094287 28.328800 -0.156346 0.105079 0.982097 0.000000 0.000000 0.000000 0.000000 1.000000
0.966554 -0.226186 0.120888 -0.000000 0.239056 0.965281 -0.105284 28.328800 -0.092878 0.130662 0.987067 0.000000 0.000000 0.000000 0.000000 1.000000
0.857861 -0.476988 0.191200 0.000000 0.503708 0.854175 -0.129082 28.328800 -0.101748 0.207044 0.973026 0.000000 0.000000 0.000000 0.000000 1.000000
0.875281 -0.380650 0.298309 0.000000 0.447760 0.870930 -0.202466 28.328800 -0.182738 0.310786 0.932748 0.000000 0.000000 0.000000 0.000000 1.000000
0.913918 -0.185813 0.360871 0.000000 0.307462 0.897342 -0.316613 28.328800 -0.264994 0.400312 0.877228 0.000000 0.000000 0.000000 0.000000 1.000000
0.919543 -0.134009 0.369435 0.000000 0.277160 0.887600 -0.367897 28.328800 -0.278609 0.440690 0.853329 -0.000000 0.000000 0.000000 0.000000 1.000000
0.950542 -0.134065 0.280171 0.000000 0.235809 0.898586 -0.370050 28.328800 -0.202147 0.417815 0.885758 0.000000 0.000000 0.000000 0.000000 1.000000
0.989050 -0.112996 0.094926 -0.000000 0.140837 0.914882 -0.378360 28.328800 -0.044093 0.387587 0.920778 -0.000000 0.000000 0.000000 0.000000 1.000000
0.986954 -0.101872 -0.124678 0.000000 0.039776 0.904647 -0.424301 28.328800 0.156014 0.413806 0.896897 0.000000 0.000000 0.000000 0.000000 1.000000
0.938694 -0.100059 -0.329913 -0.000000 -0.078379 0.869957 -0.486859 28.328800 0.335724 0.482869 0.808781 -0.000000 0.000000 0.000000 0.000000 1.000000
0.880243 -0.082111 -0.467365 0.000000 -0.189647 0.841962 -0.505108 28.328800 0.434979 0.533253 0.725559 0.000000 0.000000 0.000000 0.000000 1.000000
0.881276 -0.024152 -0.471985 0.000000 -0.218911 0.864233 -0.452967 28.328800 0.418845 0.502511 0.756341 -0.000000 0.000000 0.000000 0.000000 1.000000
0.939618 0.006442 -0.342164 0.000000 -0.150193 0.906153 -0.395384 28.328800 0.307506 0.422901 0.852405 0.000000 0.000000 0.000000 0.000000 1.000000
0.985489 -0.047156 -0.163058 0.000000 -0.014232 0.934297 -0.356212 28.328800 0.169142 0.353363 0.920068 0.000000 0.000000 0.000000 0.000000 1.000000
0.991170 -0.128213 -0.033826 -0.000000 0.113245 0.951193 -0.287066 28.328800 0.068981 0.280700 0.957314 -0.000000 0.000000 0.000000 0.000000 1.000000
0.986755 -0.161263 0.017579 0.000000 0.161529 0.966792 -0.198045 28.328800 0.014942 0.198261 0.980035 0.000000 0.000000 0.000000 0.000000 1.000000
0.981311 -0.190020 0.030367 0.000000 0.191996 0.977426 -0.088186 28.328800 -0.012925 0.092368 0.995641 0.000000 0.000000 0.000000 0.000000 1.000000
0.967453 -0.249013 0.045020 -0.000000 0.246280 0.967426 0.058595 28.328800 -0.058144 -0.045601 0.997266 0.000000 0.000000 0.000000 0.000000 1.000000
0.942884 -0.316066 0.105227 -0.000000 0.291619 0.935839 0.197898 28.328800 -0.161024 -0.155908 0.974558 0.000000 0.000000 0.000000 0.000000 1.000000
0.907811 -0.375430 0.186897 0.000000 0.305346 0.897189 0.319085 28.328800 -0.287476 -0.232601 0.929115 -0.000000 0.000000 0.000000 0.000000 1.000000
0.880085 -0.436268 0.187404 -0.000000 0.315014 0.831800 0.457028 28.328800 -0.355269 -0.343189 0.869485 0.000000 0.000000 0.000000 0.000000 1.000000
0.860949 -0.500637 0.090166 0.000000 0.365547 0.732147 0.574748 28.328800 -0.353755 -0.461869 0.813348 0.000000 0.000000 0.000000 0.000000 1.000000
0.872188 -0.489052 0.010788 0.000000 0.376074 0.684477 0.624548 28.328800 -0.312821 -0.540665 0.780912 0.000000 0.000000 0.000000 0.000000 1.000000
0.922258 -0.386091 -0.019338 0.000000 0.307814 0.703175 0.640933 28.328800 -0.233861 -0.597058 0.767354 0.000000 0.000000 0.000000 0.000000 1.000000
0.970477 -0.234544 -0.056244 0.000000 0.213731 0.728205 0.651181 28.328800 -0.111774 -0.643977 0.756836 0.000000 0.000000 0.000000 0.000000 1.000000
0.986850 -0.089383 -0.134676 0.000000 0.156525 0.736363 0.658232 28.328800 0.040336 -0.670657 0.740670 -0.000000 0.000000 0.000000 0.000000 1.000000
0.961303 0.002292 -0.275485 0.000000 0.181426 0.747245 0.639304 28.328800 0.207320 -0.664545 0.717913 0.000000 0.000000 0.000000 0.000000 1.000000
0.877568 0.017259 -0.479142 0.000000 0.288955 0.778430 0.557272 28.328800 0.382597 -0.627494 0.678138 0.000000 0.000000 0.000000 0.000000 1.000000
0.717930 -0.046469 -0.694562 0.000000 0.420403 0.824205 0.379405 28.328800 0.554831 -0.564382 0.611257 0.000000 0.000000 0.000000 0.000000 1.000000
0.554418 -0.128122 -0.822317 0.000000 0.476039 0.859298 0.187068 28.328800 0.682648 -0.495168 0.537401 0.000000 0.000000 0.000000 0.000000 1.000000
0.558538 -0.040022 -0.828513 -0.000000 0.413732 0.879158 0.236447 28.328800 0.718931 -0.474847 0.507601 0.000000 0.000000 0.000000 0.000000 1.000000
0.715988 0.136515 -0.684635 0.000000 0.281887 0.840658 0.462421 28.328800 0.638671 -0.524078 0.563419 0.000000 0.000000 0.000000 0.000000 1.000000
0.887942 0.139634 -0.438247 -0.000000 0.165837 0.791528 0.588202 28.328800 0.429018 -0.594967 0.679675 0.000000 0.000000 0.000000 0.000000 1.000000
0.977373 -0.014798 -0.211004 -0.000000 0.138615 0.798312 0.586075 28.328800 0.159774 -0.602063 0.782300 -0.000000 0.000000 0.000000 0.000000 1.000000
0.977897 -0.208044 -0.020838 0.000000 0.187708 0.829647 0.525787 28.328800 -0.092099 -0.518077 0.850361 -0.000000 0.000000 0.000000 0.000000 1.000000
0.917330 -0.369422 0.148436 0.000000 0.269705 0.850874 0.450857 28.328800 -0.292856 -0.373551 0.880168 0.000000 0.000000 0.000000 0.000000 1.000000
0.832716 -0.478619 0.278402 0.000000 0.360942 0.850508 0.382566 28.328800 -0.419887 -0.218082 0.880986 0.000000 0.000000 0.000000 0.000000 1.000000
0.764035 -0.522852 0.377990 -0.000000 0.423783 0.848466 0.317038 28.328800 -0.486475 -0.082042 0.869834 -0.000000 0.000000 0.000000 0.000000 1.000000
0.742800 -0.482971 0.463667 0.000000 0.420040 0.875467 0.239007 28.328800 -0.521359 0.017224 0.853164 0.000000 0.000000 0.000000 0.000000 1.000000
0.761224 -0.399594 0.510748 0.000000 0.372351 0.914152 0.160251 28.328800 -0.530937 0.068190 0.844664 0.000000 0.000000 0.000000 0.000000 1.000000
0.795168 -0.346678 0.497516 0.000000 0.347288 0.932932 0.095020 28.328800 -0.497090 0.097224 0.862235 0.000000 0.000000 0.000000 0.000000 1.000000
0.839545 -0.329031 0.432323 0.000000 0.359368 0.933115 0.012301 28.328800 -0.407454 0.145036 0.901635 0.000000 0.000000 0.000000 0.000000 1.000000
0.890586 -0.305260 0.337154 0.000000 0.359762 0.926348 -0.111586 28.328800 -0.278259 0.220673 0.934813 0.000000 0.000000 0.000000 0.000000 1.000000
0.936009 -0.260123 0.237113 -0.000000 0.316088 0.917568 -0.241156 28.328800 -0.154838 0.300673 0.941074 -0.000000 0.000000 0.000000 0.000000 1.000000
0.964524 -0.213331 0.155509 0.000000 0.254049 0.910219 -0.327047 28.328800 -0.071778 0.354952 0.932125 -0.000000 0.000000 0.000000 0.000000 1.000000
0.980854 -0.177111 0.080974 0.000000 0.194509 0.911382 -0.362696 28.328800 -0.009561 0.371502 0.928383 0.000000 0.000000 0.000000 0.000000 1.000000
0.993608 -0.109928 -0.025658 0.000000 0.092871 0.925270 -0.367764 28.328800 0.064168 0.363031 0.929565 0.000000 0.000000 0.000000 0.000000 1.000000
0.985718 -0.041764 -0.163146 0.000000 -0.017144 0.938842 -0.343922 28.328800 0.167532 0.341807 0.924717 -0.000000 0.000000 0.000000 0.000000 1.000000
0.940883 0.035187 -0.336898 0.000000 -0.135590 0.950555 -0.279393 28.328800 0.310409 0.308557 0.899132 0.000000 0.000000 0.000000 0.000000 1.000000
0.857508 0.108575 -0.502883 -0.000000 -0.224429 0.958512 -0.175745 28.328800 0.462938 0.263564 0.846299 -0.000000 0.000000 0.000000 0.000000 1.000000
0.774019 0.145881 -0.616127 -0.000000 -0.245427 0.966144 -0.079567 28.328800 0.583661 0.212801 0.783617 0.000000 0.000000 0.000000 0.000000 1.000000
0.721432 0.153064 -0.675357 0.000000 -0.226409 0.973803 -0.021152 28.328800 0.654427 0.168167 0.737187 0.000000 0.000000 0.000000 0.000000 1.000000
0.706539 0.131886 -0.695277 -0.000000 -0.189283 0.981904 -0.006094 28.328800 0.681891 0.135910 0.718716 0.000000 0.000000 0.000000 0.000000 1.000000
0.724897 0.075411 -0.684717 0.000000 -0.129759 0.991144 -0.028214 28.328800 0.676525 0.109300 0.728263 0.000000 0.000000 0.000000 0.000000 1.000000
0.765715 0.005967 -0.643153 0.000000 -0.055400 0.996853 -0.056708 28.328800 0.640790 0.079053 0.763635 0.000000 0.000000 0.000000 0.000000 1.000000
0.825647 -0.055585 -0.561442 -0.000000 0.018542 0.997271 -0.071467 28.328800 0.563883 0.048596 0.824424 0.000000 0.000000 0.000000 0.000000 1.000000
0.877651 -0.097691 -0.469238 0.000000 0.072491 0.994801 -0.071524 28.328800 0.473786 0.028757 0.880170 -0.000000 0.000000 0.000000 0.000000 1.000000
0.914919 -0.109982 -0.388366 0.000000 0.087963 0.993365 -0.074089 28.328800 0.393937 0.033623 0.918522 -0.000000 0.000000 0.000000 0.000000 1.000000
0.938563 -0.055041 -0.340691 0.000000 0.030548 0.996575 -0.076850 28.328800 0.343754 0.061721 0.937029 -0.000000 0.000000 0.000000 0.000000 1.000000
0.945998 -0.007092 -0.324094 0.000000 -0.024383 0.995372 -0.092953 28.328800 0.323254 0.095835 0.941447 0.000000 0.000000 0.000000 0.000000 1.000000
0.941641 0.012952 -0.336370 0.000000 -0.051262 0.993122 -0.105264 28.328800 0.332693 0.116364 0.935828 0.000000 0.000000 0.000000 0.000000 1.000000
0.936396 -0.005429 -0.350904 0.000000 -0.035978 0.993127 -0.111372 28.328800 0.349097 0.116913 0.929765 0.000000 0.000000 0.000000 0.000000 1.000000
0.932481 -0.030269 -0.359948 0.000000 -0.010535 0.993780 -0.110861 28.328800 0.361065 0.107168 0.926362 0.000000 0.000000 0.000000 0.000000 1.000000
0.930829 -0.037778 -0.363497 -0.000000 -0.001436 0.994257 -0.107010 28.328800 0.365452 0.100130 0.925429 0.000000 0.000000 0.000000 0.000000 1.000000</float_array>
        <technique_common>
          <accessor source="#mixamorig_LeftHand-Matrix-animation-output-transform-array" count="78" stride="16">
            <param type="float4x4"/>
          </accessor>
        </technique_common>
      </source>
      <source id="mixamorig_LeftHand-Interpolations">
        <Name_array id="mixamorig_LeftHand-Interpolations-array" count="78">
 LINEAR LINEAR LINEAR LINEAR LINEAR LINEAR LINEAR LINEAR LINEAR LINEAR LINEAR
LINEAR LINEAR LINEAR LINEAR LINEAR LINEAR LINEAR LINEAR LINEAR LINEAR LINEAR LINEAR
LINEAR LINEAR LINEAR LINEAR LINEAR LINEAR LINEAR LINEAR LINEAR LINEAR LINEAR LINEAR
LINEAR LINEAR LINEAR LINEAR LINEAR LINEAR LINEAR LINEAR LINEAR LINEAR LINEAR LINEAR
LINEAR LINEAR LINEAR LINEAR LINEAR LINEAR LINEAR LINEAR LINEAR LINEAR LINEAR LINEAR
LINEAR LINEAR LINEAR LINEAR LINEAR LINEAR LINEAR LINEAR LINEAR LINEAR LINEAR LINEAR
LINEAR LINEAR LINEAR LINEAR LINEAR LINEAR LINEAR</Name_array>
        <technique_common>
          <accessor source="#mixamorig_LeftHand-Interpolations-array" count="78">
            <param type="name"/>
          </accessor>
        </technique_common>
      </source>
      <sampler id="mixamorig_LeftHand-Matrix-animation-transform">
        <input semantic="INPUT" source="#mixamorig_LeftHand-Matrix-animation-input"/>
        <input semantic="OUTPUT" source="#mixamorig_LeftHand-Matrix-animation-output-transform"/>
        <input semantic="INTERPOLATION" source="#mixamorig_LeftHand-Interpolations"/>
      </sampler>
      <channel source="#mixamorig_LeftHand-Matrix-animation-transform" target="mixamorig_LeftHand/matrix"/>
    </animation>
    <animation id="mixamorig_LeftHandThumb1-anim" name="mixamorig_LeftHandThumb1">
      <source id="mixamorig_LeftHandThumb1-Matrix-animation-input">
        <float_array id="mixamorig_LeftHandThumb1-Matrix-animation-input-array" count="78">

0.000000 0.033333 0.066667 0.100000 0.133333 0.166667 0.200000 0.233333 0.266667 0.300000 0.333333 0.366667 0.400000 0.433333 0.466667 0.500000
0.533333 0.566667 0.600000 0.633333 0.666667 0.700000 0.733333 0.766667 0.800000 0.833333 0.866667 0.900000 0.933333 0.966667 1.000000 1.033333
1.066667 1.100000 1.133333 1.166667 1.200000 1.233333 1.266667 1.300000 1.333333 1.366667 1.400000 1.433333 1.466667 1.500000 1.533333 1.566667
1.600000 1.633333 1.666667 1.700000 1.733333 1.766667 1.800000 1.833333 1.866667 1.900000 1.933333 1.966667 2.000000 2.033333 2.066667 2.100000
2.133333 2.166667 2.200000 2.233333 2.266667 2.300000 2.333333 2.366667 2.400000 2.433333 2.466667 2.500000 2.533333 2.566667</float_array>
        <technique_common>
          <accessor source="#mixamorig_LeftHandThumb1-Matrix-animation-input-array" count="78">
            <param name="TIME" type="float"/>
          </accessor>
        </technique_common>
      </source>
      <source id="mixamorig_LeftHandThumb1-Matrix-animation-output-transform">
        <float_array id="mixamorig_LeftHandThumb1-Matrix-animation-output-transform-array" count="1248">

0.906715 -0.420826 -0.027811 -2.681700 0.370195 0.825748 -0.425553 2.466100 0.202049 0.375560 0.904506 1.576200 0.000000 0.000000 0.000000 1.000000
0.906603 -0.421196 -0.025778 -2.681700 0.369361 0.821605 -0.434209 2.466100 0.204066 0.384134 0.900443 1.576200 0.000000 0.000000 0.000000 1.000000
0.906378 -0.421983 -0.020216 -2.681700 0.367027 0.810231 -0.456965 2.466100 0.209211 0.406764 0.889255 1.576200 0.000000 0.000000 0.000000 1.000000
0.906240 -0.422597 -0.011879 -2.681700 0.363412 0.793062 -0.488861 2.466100 0.216011 0.438708 0.872281 1.576200 0.000000 0.000000 0.000000 1.000000
0.906353 -0.422517 -0.001623 -2.681700 0.358828 0.771749 -0.525020 2.466100 0.223083 0.475271 0.851088 1.576200 0.000000 0.000000 0.000000 1.000000
0.906780 -0.421498 0.009465 -2.681700 0.353763 0.748464 -0.560940 2.466100 0.229351 0.511997 0.827802 1.576200 0.000000 0.000000 0.000000 1.000000
0.907444 -0.419693 0.020058 -2.681700 0.348866 0.725981 -0.592659 2.466100 0.234173 0.544802 0.805204 1.576200 0.000000 0.000000 0.000000 1.000000
0.908214 -0.417474 0.029378 -2.681700 0.344540 0.706003 -0.618750 2.466100 0.237572 0.572079 0.785038 1.576200 0.000000 0.000000 0.000000 1.000000
0.909307 -0.414177 0.040230 -2.681700 0.339506 0.682498 -0.647249 2.466100 0.240619 0.602207 0.761216 1.576200 0.000000 0.000000 0.000000 1.000000
0.910679 -0.409857 0.051771 -2.681700 0.334186 0.657209 -0.675571 2.466100 0.242863 0.632530 0.735475 1.576200 0.000000 0.000000 0.000000 1.000000
0.912102 -0.405207 0.062275 -2.681700 0.329397 0.633916 -0.699748 2.466100 0.244066 0.658755 0.711670 1.576200 0.000000 0.000000 0.000000 1.000000
0.913232 -0.401396 0.069918 -2.681700 0.325954 0.616793 -0.716464 2.466100 0.244461 0.677088 0.694112 1.576200 0.000000 0.000000 0.000000 1.000000
0.913688 -0.399831 0.072865 -2.681700 0.324637 0.610149 -0.722723 2.466100 0.244508 0.683999 0.687286 1.576200 0.000000 0.000000 0.000000 1.000000
0.913688 -0.399831 0.072865 -2.681700 0.324638 0.610149 -0.722723 2.466100 0.244508 0.683998 0.687286 1.576200 0.000000 0.000000 0.000000 1.000000
0.913688 -0.399831 0.072865 -2.681700 0.324638 0.610149 -0.722723 2.466100 0.244508 0.683998 0.687286 1.576200 0.000000 0.000000 0.000000 1.000000
0.913688 -0.399831 0.072865 -2.681700 0.324637 0.610149 -0.722723 2.466100 0.244508 0.683998 0.687286 1.576200 0.000000 0.000000 0.000000 1.000000
0.913688 -0.399830 0.072865 -2.681700 0.324638 0.610149 -0.722723 2.466100 0.244508 0.683998 0.687286 1.576200 0.000000 0.000000 0.000000 1.000000
0.913688 -0.399830 0.072865 -2.681700 0.324638 0.610149 -0.722723 2.466100 0.244508 0.683998 0.687286 1.576200 0.000000 0.000000 0.000000 1.000000
0.913678 -0.399864 0.072802 -2.681700 0.324665 0.610291 -0.722591 2.466100 0.244508 0.683852 0.687432 1.576200 0.000000 0.000000 0.000000 1.000000
0.913616 -0.400079 0.072404 -2.681700 0.324843 0.611190 -0.721750 2.466100 0.244505 0.682922 0.688356 1.576200 0.000000 0.000000 0.000000 1.000000
0.913533 -0.400366 0.071869 -2.681700 0.325082 0.612398 -0.720618 2.466100 0.244499 0.681672 0.689597 1.576200 0.000000 0.000000 0.000000 1.000000
0.913471 -0.400579 0.071470 -2.681700 0.325260 0.613296 -0.719774 2.466100 0.244493 0.680739 0.690520 1.576200 0.000000 0.000000 0.000000 1.000000
0.913461 -0.400611 0.071408 -2.681700 0.325288 0.613437 -0.719641 2.466100 0.244492 0.680592 0.690665 1.576200 0.000000 0.000000 0.000000 1.000000
0.913461 -0.400611 0.071407 -2.681700 0.325288 0.613437 -0.719641 2.466100 0.244492 0.680592 0.690665 1.576200 0.000000 0.000000 0.000000 1.000000
0.913461 -0.400612 0.071408 -2.681700 0.325288 0.613437 -0.719641 2.466100 0.244492 0.680592 0.690665 1.576200 0.000000 0.000000 0.000000 1.000000
0.913461 -0.400612 0.071407 -2.681700 0.325288 0.613437 -0.719641 2.466100 0.244492 0.680592 0.690665 1.576200 0.000000 0.000000 0.000000 1.000000
0.913461 -0.400611 0.071407 -2.681700 0.325288 0.613437 -0.719641 2.466100 0.244492 0.680592 0.690665 1.576200 0.000000 0.000000 0.000000 1.000000
0.913461 -0.400611 0.071408 -2.681700 0.325288 0.613437 -0.719641 2.466100 0.244492 0.680592 0.690665 1.576200 0.000000 0.000000 0.000000 1.000000
0.913461 -0.400612 0.071408 -2.681700 0.325288 0.613437 -0.719641 2.466100 0.244492 0.680592 0.690665 1.576200 0.000000 0.000000 0.000000 1.000000
0.913461 -0.400611 0.071408 -2.681700 0.325288 0.613437 -0.719641 2.466100 0.244492 0.680592 0.690665 1.576200 0.000000 0.000000 0.000000 1.000000
0.913461 -0.400611 0.071407 -2.681700 0.325287 0.613437 -0.719641 2.466100 0.244492 0.680592 0.690665 1.576200 0.000000 0.000000 0.000000 1.000000
0.861683 -0.498597 -0.094358 -2.681700 0.298557 0.648488 -0.700234 2.466100 0.410324 0.575208 0.707651 1.576200 0.000000 0.000000 0.000000 1.000000
0.728593 -0.613234 -0.305118 -2.681700 0.280101 0.673266 -0.684293 2.466100 0.625057 0.413107 0.662304 1.576200 0.000000 0.000000 0.000000 1.000000
0.662561 -0.647396 -0.376684 -2.681700 0.282877 0.681948 -0.674483 2.466100 0.693537 0.340331 0.634965 1.576200 0.000000 0.000000 0.000000 1.000000
0.631287 -0.658837 -0.409157 -2.681700 0.292383 0.690823 -0.661268 2.466100 0.718323 0.297819 0.628741 1.576200 0.000000 0.000000 0.000000 1.000000
0.625818 -0.657653 -0.419338 -2.681700 0.305347 0.701300 -0.644160 2.466100 0.717716 0.275083 0.639698 1.576200 0.000000 0.000000 0.000000 1.000000
0.631318 -0.651600 -0.420542 -2.681700 0.319120 0.712500 -0.624905 2.466100 0.706824 0.260310 0.657752 1.576200 0.000000 0.000000 0.000000 1.000000
0.631810 -0.647571 -0.425989 -2.681700 0.332231 0.722777 -0.605984 2.466100 0.700313 0.241340 0.671801 1.576200 0.000000 0.000000 0.000000 1.000000
0.639722 -0.645125 -0.417815 -2.681700 0.329634 0.721352 -0.609092 2.466100 0.694332 0.251924 0.674120 1.576200 0.000000 0.000000 0.000000 1.000000
0.693835 -0.628509 -0.351524 -2.681700 0.298522 0.695246 -0.653849 2.466100 0.655346 0.348725 0.670010 1.576200 0.000000 0.000000 0.000000 1.000000
0.728593 -0.613234 -0.305118 -2.681700 0.280101 0.673266 -0.684293 2.466100 0.625057 0.413107 0.662304 1.576200 0.000000 0.000000 0.000000 1.000000
0.722132 -0.616384 -0.314000 -2.681700 0.283418 0.677699 -0.678527 2.466100 0.631031 0.400992 0.664082 1.576200 0.000000 0.000000 0.000000 1.000000
0.695386 -0.627912 -0.349522 -2.681700 0.297672 0.694358 -0.655178 2.466100 0.654088 0.351558 0.669758 1.576200 0.000000 0.000000 0.000000 1.000000
0.658891 -0.640135 -0.395081 -2.681700 0.318313 0.713131 -0.624596 2.466100 0.681571 0.285781 0.673639 1.576200 0.000000 0.000000 0.000000 1.000000
0.625128 -0.648322 -0.434618 -2.681700 0.338450 0.726914 -0.597535 2.466100 0.703325 0.226439 0.673839 1.576200 0.000000 0.000000 0.000000 1.000000
0.611253 -0.651835 -0.448865 -2.681700 0.344180 0.729650 -0.590891 2.466100 0.712678 0.206694 0.670349 1.576200 0.000000 0.000000 0.000000 1.000000
0.620856 -0.651897 -0.435395 -2.681700 0.332484 0.721948 -0.606832 2.466100 0.709924 0.231993 0.664971 1.576200 0.000000 0.000000 0.000000 1.000000
0.646689 -0.647239 -0.403578 -2.681700 0.312260 0.707387 -0.634112 2.466100 0.695908 0.284052 0.659566 1.576200 0.000000 0.000000 0.000000 1.000000
0.680525 -0.636690 -0.362646 -2.681700 0.292605 0.689893 -0.662141 2.466100 0.671765 0.344491 0.655788 1.576200 0.000000 0.000000 0.000000 1.000000
0.714129 -0.621481 -0.322150 -2.681700 0.281076 0.676052 -0.681139 2.466100 0.641105 0.395872 0.657472 1.576200 0.000000 0.000000 0.000000 1.000000
0.742756 -0.604112 -0.288726 -2.681700 0.281977 0.673337 -0.683452 2.466100 0.607291 0.426224 0.670470 1.576200 0.000000 0.000000 0.000000 1.000000
0.774552 -0.580986 -0.250051 -2.681700 0.290395 0.677843 -0.675426 2.466100 0.561908 0.450539 0.693739 1.576200 0.000000 0.000000 0.000000 1.000000
0.807635 -0.553058 -0.204579 -2.681700 0.302338 0.686227 -0.661577 2.466100 0.506278 0.472461 0.721432 1.576200 0.000000 0.000000 0.000000 1.000000
0.838598 -0.522436 -0.154316 -2.681700 0.315070 0.696247 -0.644959 2.466100 0.444392 0.492241 0.748475 1.576200 0.000000 0.000000 0.000000 1.000000
0.864950 -0.491333 -0.102240 -2.681700 0.326675 0.705869 -0.628516 2.466100 0.380979 0.510236 0.771048 1.576200 0.000000 0.000000 0.000000 1.000000
0.885307 -0.462071 -0.052163 -2.681700 0.336082 0.713341 -0.614974 2.466100 0.321372 0.526910 0.786820 1.576200 0.000000 0.000000 0.000000 1.000000
0.899400 -0.437045 -0.008388 -2.681700 0.342836 0.717171 -0.606737 2.466100 0.271187 0.542824 0.794859 1.576200 0.000000 0.000000 0.000000 1.000000
0.907807 -0.418659 0.024703 -2.681700 0.346710 0.716046 -0.605863 2.466100 0.235961 0.558572 0.795185 1.576200 0.000000 0.000000 0.000000 1.000000
0.912312 -0.406749 0.047360 -2.681700 0.347999 0.709141 -0.613202 2.466100 0.215834 0.575912 0.788505 1.576200 0.000000 0.000000 0.000000 1.000000
0.914767 -0.398996 0.063273 -2.681700 0.347552 0.697438 -0.626728 2.466100 0.205933 0.595301 0.776665 1.576200 0.000000 0.000000 0.000000 1.000000
0.915932 -0.394536 0.073550 -2.681700 0.345651 0.682365 -0.644130 2.466100 0.203944 0.615402 0.761372 1.576200 0.000000 0.000000 0.000000 1.000000
0.916298 -0.392560 0.079341 -2.681700 0.342500 0.665393 -0.663284 2.466100 0.207586 0.634940 0.744150 1.576200 0.000000 0.000000 0.000000 1.000000
0.916175 -0.392360 0.081719 -2.681700 0.338395 0.648062 -0.682279 2.466100 0.214740 0.652740 0.726511 1.576200 0.000000 0.000000 0.000000 1.000000
0.915758 -0.393350 0.081631 -2.681700 0.333809 0.631996 -0.699394 2.466100 0.223517 0.667725 0.710059 1.576200 0.000000 0.000000 0.000000 1.000000
0.915176 -0.395059 0.079888 -2.681700 0.329401 0.618878 -0.713081 2.466100 0.232268 0.678909 0.696515 1.576200 0.000000 0.000000 0.000000 1.000000
0.914528 -0.397088 0.077200 -2.681700 0.325983 0.610419 -0.721889 2.466100 0.239529 0.685354 0.687689 1.576200 0.000000 0.000000 0.000000 1.000000
0.913924 -0.399038 0.074235 -2.681700 0.324438 0.608312 -0.724359 2.466100 0.243889 0.686094 0.685414 1.576200 0.000000 0.000000 0.000000 1.000000
0.913400 -0.400822 0.071010 -2.681700 0.325466 0.614335 -0.718794 2.466100 0.244485 0.679658 0.691587 1.576200 0.000000 0.000000 0.000000 1.000000
0.912383 -0.404266 0.064231 -2.681700 0.328512 0.629547 -0.704095 2.466100 0.244205 0.663506 0.707195 1.576200 0.000000 0.000000 0.000000 1.000000
0.910995 -0.408840 0.054205 -2.681700 0.333071 0.651835 -0.681304 2.466100 0.243211 0.638719 0.729991 1.576200 0.000000 0.000000 0.000000 1.000000
0.909501 -0.413576 0.041980 -2.681700 0.338696 0.678685 -0.651669 2.466100 0.241024 0.606912 0.757341 1.576200 0.000000 0.000000 0.000000 1.000000
0.908145 -0.417678 0.028614 -2.681700 0.344894 0.707647 -0.616671 2.466100 0.237321 0.569895 0.786701 1.576200 0.000000 0.000000 0.000000 1.000000
0.907106 -0.420631 0.015128 -2.681700 0.351150 0.736474 -0.578186 2.466100 0.232062 0.529788 0.815765 1.576200 0.000000 0.000000 0.000000 1.000000
0.906475 -0.422252 0.002441 -2.681700 0.356982 0.763242 -0.538540 2.466100 0.225536 0.489045 0.842596 1.576200 0.000000 0.000000 0.000000 1.000000
0.906244 -0.422667 -0.008677 -2.681700 0.361994 0.786429 -0.500489 2.466100 0.218364 0.450424 0.865699 1.576200 0.000000 0.000000 0.000000 1.000000
0.906311 -0.422242 -0.017633 -2.681700 0.365920 0.804927 -0.467114 2.466100 0.211429 0.416899 0.884021 1.576200 0.000000 0.000000 0.000000 1.000000
0.906518 -0.421485 -0.023986 -2.681700 0.368617 0.817948 -0.441681 2.466100 0.205781 0.391550 0.896852 1.576200 0.000000 0.000000 0.000000 1.000000
0.906689 -0.420911 -0.027365 -2.681700 0.370013 0.824840 -0.427469 2.466100 0.202498 0.377456 0.903616 1.576200 0.000000 0.000000 0.000000 1.000000</float_array>
        <technique_common>
          <accessor source="#mixamorig_LeftHandThumb1-Matrix-animation-output-transform-array" count="78" stride="16">
            <param type="float4x4"/>
          </accessor>
        </technique_common>
      </source>
      <source id="mixamorig_LeftHandThumb1-Interpolations">
        <Name_array id="mixamorig_LeftHandThumb1-Interpolations-array" count="78">
 LINEAR LINEAR LINEAR LINEAR LINEAR LINEAR LINEAR LINEAR LINEAR LINEAR LINEAR
LINEAR LINEAR LINEAR LINEAR LINEAR LINEAR LINEAR LINEAR LINEAR LINEAR LINEAR LINEAR
LINEAR LINEAR LINEAR LINEAR LINEAR LINEAR LINEAR LINEAR LINEAR LINEAR LINEAR LINEAR
LINEAR LINEAR LINEAR LINEAR LINEAR LINEAR LINEAR LINEAR LINEAR LINEAR LINEAR LINEAR
LINEAR LINEAR LINEAR LINEAR LINEAR LINEAR LINEAR LINEAR LINEAR LINEAR LINEAR LINEAR
LINEAR LINEAR LINEAR LINEAR LINEAR LINEAR LINEAR LINEAR LINEAR LINEAR LINEAR LINEAR
LINEAR LINEAR LINEAR LINEAR LINEAR LINEAR LINEAR</Name_array>
        <technique_common>
          <accessor source="#mixamorig_LeftHandThumb1-Interpolations-array" count="78">
            <param type="name"/>
          </accessor>
        </technique_common>
      </source>
      <sampler id="mixamorig_LeftHandThumb1-Matrix-animation-transform">
        <input semantic="INPUT" source="#mixamorig_LeftHandThumb1-Matrix-animation-input"/>
        <input semantic="OUTPUT" source="#mixamorig_LeftHandThumb1-Matrix-animation-output-transform"/>
        <input semantic="INTERPOLATION" source="#mixamorig_LeftHandThumb1-Interpolations"/>
      </sampler>
      <channel source="#mixamorig_LeftHandThumb1-Matrix-animation-transform" target="mixamorig_LeftHandThumb1/matrix"/>
    </animation>
    <animation id="mixamorig_LeftHandThumb2-anim" name="mixamorig_LeftHandThumb2">
      <source id="mixamorig_LeftHandThumb2-Matrix-animation-input">
        <float_array id="mixamorig_LeftHandThumb2-Matrix-animation-input-array" count="78">

0.000000 0.033333 0.066667 0.100000 0.133333 0.166667 0.200000 0.233333 0.266667 0.300000 0.333333 0.366667 0.400000 0.433333 0.466667 0.500000
0.533333 0.566667 0.600000 0.633333 0.666667 0.700000 0.733333 0.766667 0.800000 0.833333 0.866667 0.900000 0.933333 0.966667 1.000000 1.033333
1.066667 1.100000 1.133333 1.166667 1.200000 1.233333 1.266667 1.300000 1.333333 1.366667 1.400000 1.433333 1.466667 1.500000 1.533333 1.566667
1.600000 1.633333 1.666667 1.700000 1.733333 1.766667 1.800000 1.833333 1.866667 1.900000 1.933333 1.966667 2.000000 2.033333 2.066667 2.100000
2.133333 2.166667 2.200000 2.233333 2.266667 2.300000 2.333333 2.366667 2.400000 2.433333 2.466667 2.500000 2.533333 2.566667</float_array>
        <technique_common>
          <accessor source="#mixamorig_LeftHandThumb2-Matrix-animation-input-array" count="78">
            <param name="TIME" type="float"/>
          </accessor>
        </technique_common>
      </source>
      <source id="mixamorig_LeftHandThumb2-Matrix-animation-output-transform">
        <float_array id="mixamorig_LeftHandThumb2-Matrix-animation-output-transform-array" count="1248">

0.852070 0.474438 0.221100 -0.000000 -0.517643 0.826411 0.221562 4.187100 -0.077602 -0.303237 0.949750 -0.000000 0.000000 0.000000 0.000000 1.000000
0.852070 0.474438 0.221100 0.000000 -0.517643 0.826412 0.221561 4.187100 -0.077603 -0.303237 0.949750 0.000000 0.000000 0.000000 0.000000 1.000000
0.852070 0.474438 0.221100 -0.000000 -0.517643 0.826412 0.221561 4.187100 -0.077602 -0.303237 0.949750 0.000000 0.000000 0.000000 0.000000 1.000000
0.852070 0.474438 0.221100 0.000000 -0.517643 0.826412 0.221561 4.187100 -0.077602 -0.303236 0.949750 0.000000 0.000000 0.000000 0.000000 1.000000
0.852070 0.474438 0.221100 0.000000 -0.517643 0.826412 0.221561 4.187100 -0.077602 -0.303237 0.949750 -0.000000 0.000000 0.000000 0.000000 1.000000
0.852070 0.474438 0.221100 0.000000 -0.517643 0.826412 0.221562 4.187100 -0.077602 -0.303237 0.949750 0.000000 0.000000 0.000000 0.000000 1.000000
0.852070 0.474438 0.221100 0.000000 -0.517643 0.826412 0.221561 4.187100 -0.077603 -0.303236 0.949750 0.000000 0.000000 0.000000 0.000000 1.000000
0.852070 0.474438 0.221100 0.000000 -0.517643 0.826412 0.221561 4.187100 -0.077602 -0.303237 0.949750 0.000000 0.000000 0.000000 0.000000 1.000000
0.852070 0.474438 0.221100 0.000000 -0.517643 0.826412 0.221562 4.187100 -0.077602 -0.303237 0.949750 -0.000000 0.000000 0.000000 0.000000 1.000000
0.852070 0.474438 0.221100 0.000000 -0.517643 0.826412 0.221561 4.187100 -0.077603 -0.303236 0.949750 0.000000 0.000000 0.000000 0.000000 1.000000
0.852070 0.474438 0.221100 0.000000 -0.517643 0.826412 0.221561 4.187100 -0.077603 -0.303237 0.949750 0.000000 0.000000 0.000000 0.000000 1.000000
0.852070 0.474438 0.221100 -0.000000 -0.517643 0.826411 0.221562 4.187100 -0.077602 -0.303237 0.949750 0.000000 0.000000 0.000000 0.000000 1.000000
0.852070 0.474438 0.221100 0.000000 -0.517644 0.826411 0.221561 4.187100 -0.077603 -0.303236 0.949750 -0.000000 0.000000 0.000000 0.000000 1.000000
0.852070 0.474438 0.221100 0.000000 -0.517643 0.826412 0.221562 4.187100 -0.077602 -0.303237 0.949750 0.000000 0.000000 0.000000 0.000000 1.000000
0.852070 0.474438 0.221100 0.000000 -0.517643 0.826412 0.221561 4.187100 -0.077602 -0.303236 0.949750 0.000000 0.000000 0.000000 0.000000 1.000000
0.852070 0.474438 0.221100 -0.000000 -0.517643 0.826412 0.221562 4.187100 -0.077602 -0.303237 0.949750 0.000000 0.000000 0.000000 0.000000 1.000000
0.852070 0.474438 0.221100 0.000000 -0.517643 0.826412 0.221562 4.187100 -0.077602 -0.303237 0.949750 0.000000 0.000000 0.000000 0.000000 1.000000
0.852070 0.474438 0.221100 0.000000 -0.517643 0.826412 0.221561 4.187100 -0.077602 -0.303237 0.949750 0.000000 0.000000 0.000000 0.000000 1.000000
0.852070 0.474438 0.221100 0.000000 -0.517643 0.826412 0.221561 4.187100 -0.077602 -0.303236 0.949750 0.000000 0.000000 0.000000 0.000000 1.000000
0.852070 0.474438 0.221100 0.000000 -0.517643 0.826411 0.221562 4.187100 -0.077602 -0.303237 0.949750 -0.000000 0.000000 0.000000 0.000000 1.000000
0.852070 0.474438 0.221099 0.000000 -0.517643 0.826412 0.221562 4.187100 -0.077602 -0.303236 0.949750 0.000000 0.000000 0.000000 0.000000 1.000000
0.852070 0.474438 0.221100 0.000000 -0.517643 0.826412 0.221561 4.187100 -0.077603 -0.303237 0.949750 -0.000000 0.000000 0.000000 0.000000 1.000000
0.852070 0.474438 0.221100 0.000000 -0.517643 0.826412 0.221562 4.187100 -0.077603 -0.303237 0.949750 0.000000 0.000000 0.000000 0.000000 1.000000
0.852070 0.474438 0.221100 0.000000 -0.517643 0.826412 0.221561 4.187100 -0.077603 -0.303237 0.949750 0.000000 0.000000 0.000000 0.000000 1.000000
0.852070 0.474438 0.221100 0.000000 -0.517643 0.826412 0.221561 4.187100 -0.077602 -0.303236 0.949750 0.000000 0.000000 0.000000 0.000000 1.000000
0.852070 0.474438 0.221100 0.000000 -0.517643 0.826412 0.221561 4.187100 -0.077602 -0.303237 0.949750 0.000000 0.000000 0.000000 0.000000 1.000000
0.852070 0.474438 0.221100 0.000000 -0.517643 0.826412 0.221561 4.187100 -0.077602 -0.303236 0.949750 -0.000000 0.000000 0.000000 0.000000 1.000000
0.852070 0.474438 0.221100 0.000000 -0.517643 0.826412 0.221562 4.187100 -0.077602 -0.303237 0.949750 0.000000 0.000000 0.000000 0.000000 1.000000
0.852070 0.474438 0.221100 0.000000 -0.517643 0.826411 0.221562 4.187100 -0.077602 -0.303237 0.949750 -0.000000 0.000000 0.000000 0.000000 1.000000
0.852070 0.474438 0.221100 0.000000 -0.517643 0.826411 0.221562 4.187100 -0.077602 -0.303237 0.949750 0.000000 0.000000 0.000000 0.000000 1.000000
0.852070 0.474438 0.221100 0.000000 -0.517643 0.826412 0.221561 4.187100 -0.077603 -0.303237 0.949750 -0.000000 0.000000 0.000000 0.000000 1.000000
0.880801 0.414098 0.229593 -0.000000 -0.458162 0.867759 0.192569 4.187100 -0.119489 -0.274805 0.954046 0.000000 0.000000 0.000000 0.000000 1.000000
0.916230 0.315604 0.246812 -0.000000 -0.357472 0.922145 0.147861 4.187100 -0.180931 -0.223703 0.957716 -0.000000 0.000000 0.000000 0.000000 1.000000
0.933642 0.244737 0.261567 -0.000000 -0.282489 0.952042 0.117539 4.187100 -0.220257 -0.183629 0.958002 0.000000 0.000000 0.000000 0.000000 1.000000
0.944213 0.177783 0.277228 0.000000 -0.209803 0.973571 0.090232 4.187100 -0.253859 -0.143362 0.956558 0.000000 0.000000 0.000000 0.000000 1.000000
0.949102 0.113546 0.293791 -0.000000 -0.138419 0.988223 0.065233 4.187100 -0.282924 -0.102579 0.953641 0.000000 0.000000 0.000000 0.000000 1.000000
0.948908 0.050685 0.311456 -0.000000 -0.067002 0.996872 0.041906 4.187100 -0.308358 -0.060633 0.949336 0.000000 0.000000 0.000000 0.000000 1.000000
0.943707 -0.011447 0.330585 -0.000000 0.005138 0.999788 0.019951 4.187100 -0.330744 -0.017129 0.943565 0.000000 0.000000 0.000000 0.000000 1.000000
0.945439 0.003159 0.325785 0.000000 -0.011965 0.999615 0.025028 4.187100 -0.325580 -0.027561 0.945113 0.000000 0.000000 0.000000 0.000000 1.000000
0.942844 0.188920 0.274509 0.000000 -0.222017 0.970435 0.094686 4.187100 -0.248505 -0.150219 0.956911 -0.000000 0.000000 0.000000 0.000000 1.000000
0.916230 0.315603 0.246812 0.000000 -0.357471 0.922145 0.147861 4.187100 -0.180931 -0.223703 0.957716 0.000000 0.000000 0.000000 0.000000 1.000000
0.922829 0.291716 0.251572 0.000000 -0.332426 0.933056 0.137474 4.187100 -0.194628 -0.210494 0.958025 0.000000 0.000000 0.000000 0.000000 1.000000
0.942104 0.194467 0.273172 -0.000000 -0.228081 0.968806 0.096917 4.187100 -0.245803 -0.153611 0.957071 -0.000000 0.000000 0.000000 0.000000 1.000000
0.949437 0.067103 0.306703 0.000000 -0.085805 0.995160 0.047889 4.187100 -0.302005 -0.071784 0.950600 0.000000 0.000000 0.000000 0.000000 1.000000
0.940156 -0.011744 0.340541 0.000000 0.005190 0.999783 0.020153 4.187100 -0.340704 -0.017179 0.940014 0.000000 0.000000 0.000000 0.000000 1.000000
0.940156 -0.011745 0.340541 -0.000000 0.005190 0.999783 0.020153 4.187100 -0.340704 -0.017179 0.940014 -0.000000 0.000000 0.000000 0.000000 1.000000
0.941817 -0.011578 0.335927 -0.000000 0.005154 0.999787 0.020009 4.187100 -0.336087 -0.017114 0.941675 0.000000 0.000000 0.000000 0.000000 1.000000
0.949517 0.071280 0.305509 0.000000 -0.090571 0.994663 0.049424 4.187100 -0.300355 -0.074600 0.950906 0.000000 0.000000 0.000000 0.000000 1.000000
0.942876 0.188668 0.274570 0.000000 -0.221740 0.970508 0.094584 4.187100 -0.248627 -0.150065 0.956904 0.000000 0.000000 0.000000 0.000000 1.000000
0.924361 0.285747 0.252796 -0.000000 -0.326131 0.935649 0.134905 4.187100 -0.197980 -0.207145 0.958068 0.000000 0.000000 0.000000 0.000000 1.000000
0.909863 0.336415 0.242847 0.000000 -0.379098 0.911932 0.157052 4.187100 -0.168625 -0.234959 0.957267 0.000000 0.000000 0.000000 0.000000 1.000000
0.897048 0.373513 0.236206 0.000000 -0.417190 0.892052 0.173771 4.187100 -0.145802 -0.254423 0.956039 0.000000 0.000000 0.000000 0.000000 1.000000
0.884798 0.404648 0.231070 0.000000 -0.448689 0.873659 0.188143 4.187100 -0.125745 -0.270147 0.954573 0.000000 0.000000 0.000000 0.000000 1.000000
0.873810 0.429923 0.227206 0.000000 -0.473933 0.857536 0.200048 4.187100 -0.108832 -0.282484 0.953078 0.000000 0.000000 0.000000 0.000000 1.000000
0.864655 0.449455 0.224414 0.000000 -0.493232 0.844319 0.209400 4.187100 -0.095361 -0.291747 0.951730 0.000000 0.000000 0.000000 0.000000 1.000000
0.857782 0.463344 0.222536 0.000000 -0.506842 0.834504 0.216133 4.187100 -0.085563 -0.298185 0.950665 0.000000 0.000000 0.000000 0.000000 1.000000
0.853518 0.471662 0.221453 0.000000 -0.514947 0.828458 0.220199 4.187100 -0.079605 -0.301981 0.949985 0.000000 0.000000 0.000000 0.000000 1.000000
0.852070 0.474438 0.221100 0.000000 -0.517643 0.826412 0.221562 4.187100 -0.077602 -0.303237 0.949750 0.000000 0.000000 0.000000 0.000000 1.000000
0.852070 0.474438 0.221100 0.000000 -0.517643 0.826412 0.221561 4.187100 -0.077602 -0.303236 0.949750 0.000000 0.000000 0.000000 0.000000 1.000000
0.852070 0.474438 0.221100 0.000000 -0.517643 0.826412 0.221561 4.187100 -0.077602 -0.303237 0.949750 -0.000000 0.000000 0.000000 0.000000 1.000000
0.852070 0.474438 0.221100 0.000000 -0.517643 0.826412 0.221562 4.187100 -0.077602 -0.303237 0.949750 0.000000 0.000000 0.000000 0.000000 1.000000
0.852070 0.474438 0.221100 0.000000 -0.517643 0.826412 0.221562 4.187100 -0.077602 -0.303237 0.949750 -0.000000 0.000000 0.000000 0.000000 1.000000
0.852070 0.474438 0.221100 0.000000 -0.517643 0.826412 0.221562 4.187100 -0.077602 -0.303237 0.949750 0.000000 0.000000 0.000000 0.000000 1.000000
0.852070 0.474438 0.221100 0.000000 -0.517643 0.826412 0.221561 4.187100 -0.077602 -0.303236 0.949750 0.000000 0.000000 0.000000 0.000000 1.000000
0.852070 0.474438 0.221100 0.000000 -0.517643 0.826412 0.221561 4.187100 -0.077602 -0.303237 0.949750 0.000000 0.000000 0.000000 0.000000 1.000000
0.852070 0.474438 0.221100 0.000000 -0.517643 0.826411 0.221562 4.187100 -0.077602 -0.303237 0.949750 0.000000 0.000000 0.000000 0.000000 1.000000
0.852070 0.474438 0.221100 -0.000000 -0.517643 0.826412 0.221561 4.187100 -0.077602 -0.303236 0.949750 0.000000 0.000000 0.000000 0.000000 1.000000
0.852070 0.474438 0.221100 -0.000000 -0.517643 0.826412 0.221561 4.187100 -0.077602 -0.303237 0.949750 0.000000 0.000000 0.000000 0.000000 1.000000
0.852070 0.474438 0.221100 0.000000 -0.517643 0.826412 0.221561 4.187100 -0.077602 -0.303236 0.949750 0.000000 0.000000 0.000000 0.000000 1.000000
0.852070 0.474438 0.221100 -0.000000 -0.517643 0.826411 0.221562 4.187100 -0.077602 -0.303237 0.949750 0.000000 0.000000 0.000000 0.000000 1.000000
0.852070 0.474438 0.221100 0.000000 -0.517643 0.826412 0.221562 4.187100 -0.077602 -0.303237 0.949750 0.000000 0.000000 0.000000 0.000000 1.000000
0.852070 0.474438 0.221100 0.000000 -0.517643 0.826412 0.221561 4.187100 -0.077603 -0.303236 0.949750 0.000000 0.000000 0.000000 0.000000 1.000000
0.852070 0.474438 0.221100 0.000000 -0.517643 0.826412 0.221561 4.187100 -0.077602 -0.303236 0.949750 0.000000 0.000000 0.000000 0.000000 1.000000
0.852070 0.474438 0.221100 0.000000 -0.517643 0.826412 0.221561 4.187100 -0.077602 -0.303236 0.949750 -0.000000 0.000000 0.000000 0.000000 1.000000
0.852070 0.474438 0.221100 0.000000 -0.517643 0.826412 0.221562 4.187100 -0.077602 -0.303237 0.949750 0.000000 0.000000 0.000000 0.000000 1.000000
0.852070 0.474438 0.221099 0.000000 -0.517643 0.826412 0.221561 4.187100 -0.077602 -0.303236 0.949750 0.000000 0.000000 0.000000 0.000000 1.000000
0.852070 0.474438 0.221099 0.000000 -0.517643 0.826412 0.221561 4.187100 -0.077602 -0.303236 0.949750 0.000000 0.000000 0.000000 0.000000 1.000000
0.852070 0.474438 0.221099 -0.000000 -0.517643 0.826412 0.221561 4.187100 -0.077602 -0.303236 0.949750 0.000000 0.000000 0.000000 0.000000 1.000000</float_array>
        <technique_common>
          <accessor source="#mixamorig_LeftHandThumb2-Matrix-animation-output-transform-array" count="78" stride="16">
            <param type="float4x4"/>
          </accessor>
        </technique_common>
      </source>
      <source id="mixamorig_LeftHandThumb2-Interpolations">
        <Name_array id="mixamorig_LeftHandThumb2-Interpolations-array" count="78">
 LINEAR LINEAR LINEAR LINEAR LINEAR LINEAR LINEAR LINEAR LINEAR LINEAR LINEAR
LINEAR LINEAR LINEAR LINEAR LINEAR LINEAR LINEAR LINEAR LINEAR LINEAR LINEAR LINEAR
LINEAR LINEAR LINEAR LINEAR LINEAR LINEAR LINEAR LINEAR LINEAR LINEAR LINEAR LINEAR
LINEAR LINEAR LINEAR LINEAR LINEAR LINEAR LINEAR LINEAR LINEAR LINEAR LINEAR LINEAR
LINEAR LINEAR LINEAR LINEAR LINEAR LINEAR LINEAR LINEAR LINEAR LINEAR LINEAR LINEAR
LINEAR LINEAR LINEAR LINEAR LINEAR LINEAR LINEAR LINEAR LINEAR LINEAR LINEAR LINEAR
LINEAR LINEAR LINEAR LINEAR LINEAR LINEAR LINEAR</Name_array>
        <technique_common>
          <accessor source="#mixamorig_LeftHandThumb2-Interpolations-array" count="78">
            <param type="name"/>
          </accessor>
        </technique_common>
      </source>
      <sampler id="mixamorig_LeftHandThumb2-Matrix-animation-transform">
        <input semantic="INPUT" source="#mixamorig_LeftHandThumb2-Matrix-animation-input"/>
        <input semantic="OUTPUT" source="#mixamorig_LeftHandThumb2-Matrix-animation-output-transform"/>
        <input semantic="INTERPOLATION" source="#mixamorig_LeftHandThumb2-Interpolations"/>
      </sampler>
      <channel source="#mixamorig_LeftHandThumb2-Matrix-animation-transform" target="mixamorig_LeftHandThumb2/matrix"/>
    </animation>
    <animation id="mixamorig_LeftHandThumb3-anim" name="mixamorig_LeftHandThumb3">
      <source id="mixamorig_LeftHandThumb3-Matrix-animation-input">
        <float_array id="mixamorig_LeftHandThumb3-Matrix-animation-input-array" count="78">

0.000000 0.033333 0.066667 0.100000 0.133333 0.166667 0.200000 0.233333 0.266667 0.300000 0.333333 0.366667 0.400000 0.433333 0.466667 0.500000
0.533333 0.566667 0.600000 0.633333 0.666667 0.700000 0.733333 0.766667 0.800000 0.833333 0.866667 0.900000 0.933333 0.966667 1.000000 1.033333
1.066667 1.100000 1.133333 1.166667 1.200000 1.233333 1.266667 1.300000 1.333333 1.366667 1.400000 1.433333 1.466667 1.500000 1.533333 1.566667
1.600000 1.633333 1.666667 1.700000 1.733333 1.766667 1.800000 1.833333 1.866667 1.900000 1.933333 1.966667 2.000000 2.033333 2.066667 2.100000
2.133333 2.166667 2.200000 2.233333 2.266667 2.300000 2.333333 2.366667 2.400000 2.433333 2.466667 2.500000 2.533333 2.566667</float_array>
        <technique_common>
          <accessor source="#mixamorig_LeftHandThumb3-Matrix-animation-input-array" count="78">
            <param name="TIME" type="float"/>
          </accessor>
        </technique_common>
      </source>
      <source id="mixamorig_LeftHandThumb3-Matrix-animation-output-transform">
        <float_array id="mixamorig_LeftHandThumb3-Matrix-animation-output-transform-array" count="1248">

0.976367 -0.137386 -0.166832 0.000000 0.180015 0.944144 0.276021 3.418400 0.119592 -0.299530 0.946562 0.000000 0.000000 0.000000 0.000000 1.000000
0.977770 -0.126480 -0.167237 -0.000000 0.169967 0.945153 0.278922 3.418400 0.122786 -0.301146 0.945640 -0.000000 0.000000 0.000000 0.000000 1.000000
0.980937 -0.097403 -0.168151 0.000000 0.143198 0.947273 0.286650 3.418400 0.131364 -0.305264 0.943163 0.000000 0.000000 0.000000 0.000000 1.000000
0.984037 -0.055626 -0.169046 0.000000 0.104786 0.948879 0.297740 3.418400 0.143842 -0.310701 0.939561 -0.000000 0.000000 0.000000 0.000000 1.000000
0.985512 -0.006728 -0.169472 -0.000000 0.059904 0.948619 0.310698 3.418400 0.158674 -0.316349 0.935279 0.000000 0.000000 0.000000 0.000000 1.000000
0.984615 0.043589 -0.169213 0.000000 0.013805 0.945954 0.324007 3.418400 0.174191 -0.321358 0.930799 0.000000 0.000000 0.000000 0.000000 1.000000
0.981646 0.089596 -0.168356 0.000000 -0.028270 0.941382 0.336154 3.418400 0.188605 -0.325225 0.926637 0.000000 0.000000 0.000000 0.000000 1.000000
0.977501 0.128647 -0.167159 0.000000 -0.063925 0.935888 0.346448 3.418400 0.201011 -0.327968 0.923056 0.000000 0.000000 0.000000 0.000000 1.000000
0.971015 0.172660 -0.165286 -0.000000 -0.104048 0.927894 0.358032 3.418400 0.215185 -0.330457 0.918963 0.000000 0.000000 0.000000 0.000000 1.000000
0.962293 0.217943 -0.162768 0.000000 -0.145257 0.917634 0.369930 3.418400 0.229985 -0.332337 0.914690 -0.000000 0.000000 0.000000 0.000000 1.000000
0.952812 0.257951 -0.160031 0.000000 -0.181601 0.906807 0.380422 3.418400 0.243248 -0.333409 0.910862 0.000000 0.000000 0.000000 0.000000 1.000000
0.945026 0.286410 -0.157783 0.000000 -0.207419 0.898070 0.387877 3.418400 0.252792 -0.333826 0.908106 0.000000 0.000000 0.000000 0.000000 1.000000
0.941827 0.297249 -0.156860 -0.000000 -0.217243 0.894510 0.390713 3.418400 0.256452 -0.333907 0.907049 -0.000000 0.000000 0.000000 0.000000 1.000000
0.941827 0.297249 -0.156860 0.000000 -0.217243 0.894511 0.390713 3.418400 0.256451 -0.333907 0.907050 0.000000 0.000000 0.000000 0.000000 1.000000
0.941827 0.297249 -0.156860 0.000000 -0.217243 0.894510 0.390713 3.418400 0.256452 -0.333907 0.907049 0.000000 0.000000 0.000000 0.000000 1.000000
0.941827 0.297249 -0.156859 -0.000000 -0.217243 0.894510 0.390713 3.418400 0.256451 -0.333907 0.907049 0.000000 0.000000 0.000000 0.000000 1.000000
0.941827 0.297249 -0.156860 0.000000 -0.217243 0.894510 0.390713 3.418400 0.256452 -0.333907 0.907049 0.000000 0.000000 0.000000 0.000000 1.000000
0.941827 0.297249 -0.156859 0.000000 -0.217243 0.894510 0.390713 3.418400 0.256452 -0.333907 0.907049 -0.000000 0.000000 0.000000 0.000000 1.000000
0.941896 0.297019 -0.156879 -0.000000 -0.217035 0.894587 0.390653 3.418400 0.256374 -0.333906 0.907072 -0.000000 0.000000 0.000000 0.000000 1.000000
0.942335 0.295557 -0.157006 -0.000000 -0.215710 0.895075 0.390270 3.418400 0.255879 -0.333897 0.907215 -0.000000 0.000000 0.000000 0.000000 1.000000
0.942921 0.293593 -0.157175 0.000000 -0.213930 0.895725 0.389756 3.418400 0.255215 -0.333885 0.907406 0.000000 0.000000 0.000000 0.000000 1.000000
0.943354 0.292129 -0.157300 0.000000 -0.212603 0.896208 0.389373 3.418400 0.254721 -0.333874 0.907549 0.000000 0.000000 0.000000 0.000000 1.000000
0.943422 0.291898 -0.157320 -0.000000 -0.212394 0.896284 0.389313 3.418400 0.254643 -0.333873 0.907571 0.000000 0.000000 0.000000 0.000000 1.000000
0.943422 0.291899 -0.157320 0.000000 -0.212394 0.896284 0.389313 3.418400 0.254643 -0.333873 0.907571 0.000000 0.000000 0.000000 0.000000 1.000000
0.943422 0.291899 -0.157320 0.000000 -0.212394 0.896283 0.389313 3.418400 0.254643 -0.333873 0.907571 0.000000 0.000000 0.000000 0.000000 1.000000
0.943422 0.291899 -0.157320 0.000000 -0.212394 0.896283 0.389313 3.418400 0.254643 -0.333873 0.907571 0.000000 0.000000 0.000000 0.000000 1.000000
0.943422 0.291899 -0.157320 0.000000 -0.212394 0.896284 0.389313 3.418400 0.254643 -0.333872 0.907571 0.000000 0.000000 0.000000 0.000000 1.000000
0.943422 0.291899 -0.157320 0.000000 -0.212394 0.896284 0.389313 3.418400 0.254643 -0.333873 0.907571 0.000000 0.000000 0.000000 0.000000 1.000000
0.943422 0.291899 -0.157320 0.000000 -0.212394 0.896283 0.389313 3.418400 0.254643 -0.333873 0.907571 0.000000 0.000000 0.000000 0.000000 1.000000
0.943422 0.291899 -0.157320 0.000000 -0.212394 0.896283 0.389313 3.418400 0.254643 -0.333873 0.907571 0.000000 0.000000 0.000000 0.000000 1.000000
0.943422 0.291899 -0.157320 0.000000 -0.212394 0.896284 0.389313 3.418400 0.254643 -0.333872 0.907571 -0.000000 0.000000 0.000000 0.000000 1.000000
0.953833 0.253966 -0.160325 -0.000000 -0.177985 0.907961 0.379378 3.418400 0.241919 -0.333328 0.911245 0.000000 0.000000 0.000000 0.000000 1.000000
0.970385 0.176335 -0.165104 0.000000 -0.107395 0.927139 0.358999 3.418400 0.216378 -0.330636 0.918619 0.000000 0.000000 0.000000 0.000000 1.000000
0.981599 0.090136 -0.168342 0.000000 -0.028763 0.941317 0.336297 3.418400 0.188776 -0.325267 0.926588 0.000000 0.000000 0.000000 0.000000 1.000000
0.985505 -0.007691 -0.169470 0.000000 0.060788 0.948646 0.310443 3.418400 0.158379 -0.316245 0.935364 0.000000 0.000000 0.000000 0.000000 1.000000
0.979425 -0.112240 -0.167714 -0.000000 0.156853 0.946294 0.282708 3.418400 0.126976 -0.303198 0.944430 0.000000 0.000000 0.000000 0.000000 1.000000
0.962235 -0.218210 -0.162751 0.000000 0.254614 0.932958 0.254484 3.418400 0.096309 -0.286312 0.953284 0.000000 0.000000 0.000000 0.000000 1.000000
0.934576 -0.320335 -0.154766 0.000000 0.349218 0.909088 0.227170 3.418400 0.067925 -0.266355 0.961479 -0.000000 0.000000 0.000000 0.000000 1.000000
0.941295 -0.299010 -0.156706 0.000000 0.329430 0.915009 0.232884 3.418400 0.073753 -0.270836 0.959796 0.000000 0.000000 0.000000 0.000000 1.000000
0.985370 -0.018439 -0.169431 0.000000 0.070646 0.948891 0.307597 3.418400 0.155099 -0.315066 0.936311 0.000000 0.000000 0.000000 0.000000 1.000000
0.970385 0.176335 -0.165104 -0.000000 -0.107395 0.927139 0.358999 3.418400 0.216379 -0.330636 0.918619 0.000000 0.000000 0.000000 0.000000 1.000000
0.976076 0.139541 -0.166747 -0.000000 -0.073863 0.934089 0.349318 3.418400 0.204501 -0.328644 0.922048 0.000000 0.000000 0.000000 0.000000 1.000000
0.985486 -0.009942 -0.169464 -0.000000 0.062853 0.948707 0.309847 3.418400 0.157691 -0.316001 0.935562 -0.000000 0.000000 0.000000 0.000000 1.000000
0.965301 -0.203510 -0.163637 -0.000000 0.241029 0.935485 0.258405 3.418400 0.100492 -0.288880 0.952076 0.000000 0.000000 0.000000 0.000000 1.000000
0.917500 -0.368433 -0.149836 0.000000 0.393917 0.893823 0.214265 3.418400 0.054984 -0.255611 0.965215 0.000000 0.000000 0.000000 0.000000 1.000000
0.898048 -0.415584 -0.144220 -0.000000 0.437831 0.876166 0.201587 3.418400 0.042584 -0.244179 0.968795 -0.000000 0.000000 0.000000 0.000000 1.000000
0.928808 -0.337454 -0.153101 0.000000 0.365116 0.903962 0.222581 3.418400 0.063287 -0.262634 0.962818 0.000000 0.000000 0.000000 0.000000 1.000000
0.969486 -0.181447 -0.164845 0.000000 0.220654 0.938863 0.264288 3.418400 0.106813 -0.292597 0.950252 0.000000 0.000000 0.000000 0.000000 1.000000
0.985533 -0.001682 -0.169478 0.000000 0.055278 0.948462 0.312034 3.418400 0.160218 -0.316888 0.934833 0.000000 0.000000 0.000000 0.000000 1.000000
0.976123 0.139194 -0.166761 0.000000 -0.073547 0.934147 0.349227 3.418400 0.204390 -0.328623 0.922080 0.000000 0.000000 0.000000 0.000000 1.000000
0.966983 0.194957 -0.164122 0.000000 -0.124348 0.923103 0.363893 3.418400 0.222445 -0.331470 0.916867 0.000000 0.000000 0.000000 0.000000 1.000000
0.963701 0.211318 -0.163175 -0.000000 -0.139232 0.919266 0.368190 3.418400 0.227806 -0.332106 0.915320 0.000000 0.000000 0.000000 0.000000 1.000000
0.964783 0.206073 -0.163487 0.000000 -0.134462 0.920526 0.366813 3.418400 0.226084 -0.331913 0.915817 0.000000 0.000000 0.000000 0.000000 1.000000
0.968581 0.186450 -0.164584 0.000000 -0.116606 0.924990 0.361658 3.418400 0.219669 -0.331103 0.917669 0.000000 0.000000 0.000000 0.000000 1.000000
0.973139 0.159621 -0.165899 -0.000000 -0.092169 0.930463 0.354603 3.418400 0.210965 -0.329787 0.920182 0.000000 0.000000 0.000000 0.000000 1.000000
0.976963 0.132864 -0.167004 0.000000 -0.067773 0.935206 0.347559 3.418400 0.202361 -0.328234 0.922666 0.000000 0.000000 0.000000 0.000000 1.000000
0.979278 0.113580 -0.167672 -0.000000 -0.050175 0.938185 0.342479 3.418400 0.196206 -0.326969 0.924443 0.000000 0.000000 0.000000 0.000000 1.000000
0.979751 0.109217 -0.167808 0.000000 -0.046192 0.938808 0.341329 3.418400 0.194819 -0.326666 0.924843 0.000000 0.000000 0.000000 0.000000 1.000000
0.978489 0.120505 -0.167445 -0.000000 -0.056495 0.937157 0.344304 3.418400 0.198412 -0.327438 0.923806 0.000000 0.000000 0.000000 0.000000 1.000000
0.975846 0.141219 -0.166681 0.000000 -0.075393 0.933801 0.349759 3.418400 0.205039 -0.328745 0.921893 0.000000 0.000000 0.000000 0.000000 1.000000
0.971738 0.168335 -0.165495 -0.000000 -0.100109 0.928765 0.356895 3.418400 0.213784 -0.330241 0.919368 -0.000000 0.000000 0.000000 0.000000 1.000000
0.966230 0.198832 -0.163905 -0.000000 -0.127875 0.922219 0.364911 3.418400 0.223712 -0.331629 0.916502 0.000000 0.000000 0.000000 0.000000 1.000000
0.959676 0.229724 -0.162012 0.000000 -0.155965 0.914620 0.373021 3.418400 0.233872 -0.332712 0.913568 0.000000 0.000000 0.000000 0.000000 1.000000
0.952776 0.258093 -0.160021 0.000000 -0.181730 0.906766 0.380460 3.418400 0.243295 -0.333412 0.910848 -0.000000 0.000000 0.000000 0.000000 1.000000
0.946542 0.281112 -0.158221 -0.000000 -0.202615 0.899763 0.386489 3.418400 0.251008 -0.333771 0.908621 0.000000 0.000000 0.000000 0.000000 1.000000
0.942192 0.296034 -0.156965 0.000000 -0.216142 0.894916 0.390395 3.418400 0.256040 -0.333900 0.907168 0.000000 0.000000 0.000000 0.000000 1.000000
0.940955 0.300130 -0.156608 0.000000 -0.219853 0.893543 0.391466 3.418400 0.257426 -0.333922 0.906768 0.000000 0.000000 0.000000 0.000000 1.000000
0.943853 0.290434 -0.157444 0.000000 -0.211066 0.896763 0.388930 3.418400 0.254149 -0.333862 0.907714 -0.000000 0.000000 0.000000 0.000000 1.000000
0.950890 0.265286 -0.159476 0.000000 -0.188258 0.904639 0.382344 3.418400 0.245699 -0.333545 0.910154 -0.000000 0.000000 0.000000 0.000000 1.000000
0.960224 0.227312 -0.162171 0.000000 -0.153773 0.915249 0.372388 3.418400 0.233075 -0.332639 0.913798 0.000000 0.000000 0.000000 0.000000 1.000000
0.969810 0.179620 -0.164938 -0.000000 -0.110387 0.926452 0.359863 3.418400 0.217446 -0.330791 0.918311 0.000000 0.000000 0.000000 0.000000 1.000000
0.977891 0.125493 -0.167272 -0.000000 -0.061048 0.936388 0.345618 3.418400 0.200004 -0.327765 0.923346 -0.000000 0.000000 0.000000 0.000000 1.000000
0.983269 0.068412 -0.168824 0.000000 -0.008905 0.943742 0.330564 3.418400 0.181941 -0.323530 0.928561 0.000000 0.000000 0.000000 0.000000 1.000000
0.985464 0.011999 -0.169458 0.000000 0.042737 0.947911 0.315654 3.418400 0.164419 -0.318308 0.933620 -0.000000 0.000000 0.000000 0.000000 1.000000
0.984757 -0.040085 -0.169254 0.000000 0.090513 0.949046 0.301861 3.418400 0.148530 -0.312579 0.938207 0.000000 0.000000 0.000000 0.000000 1.000000
0.982098 -0.084243 -0.168486 -0.000000 0.131091 0.947961 0.290145 3.418400 0.135276 -0.307038 0.942034 0.000000 0.000000 0.000000 0.000000 1.000000
0.978895 -0.116998 -0.167561 0.000000 0.161234 0.945935 0.281443 3.418400 0.125574 -0.302520 0.944835 0.000000 0.000000 0.000000 0.000000 1.000000
0.976687 -0.134979 -0.166923 0.000000 0.177798 0.944376 0.276661 3.418400 0.120295 -0.299890 0.946359 0.000000 0.000000 0.000000 0.000000 1.000000</float_array>
        <technique_common>
          <accessor source="#mixamorig_LeftHandThumb3-Matrix-animation-output-transform-array" count="78" stride="16">
            <param type="float4x4"/>
          </accessor>
        </technique_common>
      </source>
      <source id="mixamorig_LeftHandThumb3-Interpolations">
        <Name_array id="mixamorig_LeftHandThumb3-Interpolations-array" count="78">
 LINEAR LINEAR LINEAR LINEAR LINEAR LINEAR LINEAR LINEAR LINEAR LINEAR LINEAR
LINEAR LINEAR LINEAR LINEAR LINEAR LINEAR LINEAR LINEAR LINEAR LINEAR LINEAR LINEAR
LINEAR LINEAR LINEAR LINEAR LINEAR LINEAR LINEAR LINEAR LINEAR LINEAR LINEAR LINEAR
LINEAR LINEAR LINEAR LINEAR LINEAR LINEAR LINEAR LINEAR LINEAR LINEAR LINEAR LINEAR
LINEAR LINEAR LINEAR LINEAR LINEAR LINEAR LINEAR LINEAR LINEAR LINEAR LINEAR LINEAR
LINEAR LINEAR LINEAR LINEAR LINEAR LINEAR LINEAR LINEAR LINEAR LINEAR LINEAR LINEAR
LINEAR LINEAR LINEAR LINEAR LINEAR LINEAR LINEAR</Name_array>
        <technique_common>
          <accessor source="#mixamorig_LeftHandThumb3-Interpolations-array" count="78">
            <param type="name"/>
          </accessor>
        </technique_common>
      </source>
      <sampler id="mixamorig_LeftHandThumb3-Matrix-animation-transform">
        <input semantic="INPUT" source="#mixamorig_LeftHandThumb3-Matrix-animation-input"/>
        <input semantic="OUTPUT" source="#mixamorig_LeftHandThumb3-Matrix-animation-output-transform"/>
        <input semantic="INTERPOLATION" source="#mixamorig_LeftHandThumb3-Interpolations"/>
      </sampler>
      <channel source="#mixamorig_LeftHandThumb3-Matrix-animation-transform" target="mixamorig_LeftHandThumb3/matrix"/>
    </animation>
    <animation id="mixamorig_LeftHandIndex1-anim" name="mixamorig_LeftHandIndex1">
      <source id="mixamorig_LeftHandIndex1-Matrix-animation-input">
        <float_array id="mixamorig_LeftHandIndex1-Matrix-animation-input-array" count="78">

0.000000 0.033333 0.066667 0.100000 0.133333 0.166667 0.200000 0.233333 0.266667 0.300000 0.333333 0.366667 0.400000 0.433333 0.466667 0.500000
0.533333 0.566667 0.600000 0.633333 0.666667 0.700000 0.733333 0.766667 0.800000 0.833333 0.866667 0.900000 0.933333 0.966667 1.000000 1.033333
1.066667 1.100000 1.133333 1.166667 1.200000 1.233333 1.266667 1.300000 1.333333 1.366667 1.400000 1.433333 1.466667 1.500000 1.533333 1.566667
1.600000 1.633333 1.666667 1.700000 1.733333 1.766667 1.800000 1.833333 1.866667 1.900000 1.933333 1.966667 2.000000 2.033333 2.066667 2.100000
2.133333 2.166667 2.200000 2.233333 2.266667 2.300000 2.333333 2.366667 2.400000 2.433333 2.466667 2.500000 2.533333 2.566667</float_array>
        <technique_common>
          <accessor source="#mixamorig_LeftHandIndex1-Matrix-animation-input-array" count="78">
            <param name="TIME" type="float"/>
          </accessor>
        </technique_common>
      </source>
      <source id="mixamorig_LeftHandIndex1-Matrix-animation-output-transform">
        <float_array id="mixamorig_LeftHandIndex1-Matrix-animation-output-transform-array" count="1248">

0.999856 -0.016765 0.002570 -2.259900 0.016958 0.991077 -0.132206 9.109300 -0.000330 0.132231 0.991219 0.518000 0.000000 0.000000 0.000000 1.000000
0.999616 -0.027556 0.002873 -2.259900 0.027675 0.988186 -0.150743 9.109300 0.001315 0.150764 0.988569 0.518000 0.000000 0.000000 0.000000 1.000000
0.998499 -0.054648 0.003573 -2.259900 0.054261 0.978372 -0.199611 9.109300 0.007413 0.199505 0.979869 0.518000 0.000000 0.000000 0.000000 1.000000
0.995923 -0.090101 0.004274 -2.259900 0.087938 0.959291 -0.268379 9.109300 0.020082 0.267661 0.963304 0.518000 0.000000 0.000000 0.000000 1.000000
0.992016 -0.126026 0.004585 -2.259900 0.119799 0.930397 -0.346425 9.109300 0.039393 0.344208 0.938067 0.518000 0.000000 0.000000 0.000000 1.000000
0.987957 -0.154672 0.004236 -2.259900 0.141891 0.894717 -0.423495 9.109300 0.061713 0.418996 0.905889 0.518000 0.000000 0.000000 0.000000 1.000000
0.985713 -0.168406 0.003171 -2.259900 0.148299 0.858789 -0.490397 9.109300 0.079863 0.483860 0.871494 0.518000 0.000000 0.000000 0.000000 1.000000
0.987338 -0.158625 0.001457 -2.259900 0.133947 0.828745 -0.543360 9.109300 0.084983 0.536675 0.839498 0.518000 0.000000 0.000000 0.000000 1.000000
0.992754 -0.120157 -0.001337 -2.259900 0.095457 0.795345 -0.598593 9.109300 0.072988 0.594128 0.801052 0.518000 0.000000 0.000000 0.000000 1.000000
0.997859 -0.065235 -0.004715 -2.259900 0.046406 0.756958 -0.651814 9.109300 0.046091 0.650200 0.758364 0.518000 0.000000 0.000000 0.000000 1.000000
0.999935 -0.008204 -0.007922 -2.259900 0.000376 0.717926 -0.696119 9.109300 0.011398 0.696071 0.717883 0.518000 0.000000 0.000000 0.000000 1.000000
0.999282 0.036473 -0.010256 -2.259900 -0.032521 0.686805 -0.726114 9.109300 -0.019440 0.725926 0.687498 0.518000 0.000000 0.000000 0.000000 1.000000
0.998451 0.054515 -0.011146 -2.259900 -0.045040 0.674182 -0.737191 9.109300 -0.032673 0.736551 0.675593 0.518000 0.000000 0.000000 0.000000 1.000000
0.998451 0.054515 -0.011146 -2.259900 -0.045039 0.674182 -0.737191 9.109300 -0.032674 0.736551 0.675593 0.518000 0.000000 0.000000 0.000000 1.000000
0.998451 0.054515 -0.011146 -2.259900 -0.045040 0.674182 -0.737191 9.109300 -0.032673 0.736551 0.675593 0.518000 0.000000 0.000000 0.000000 1.000000
0.998451 0.054515 -0.011146 -2.259900 -0.045040 0.674182 -0.737191 9.109300 -0.032674 0.736551 0.675593 0.518000 0.000000 0.000000 0.000000 1.000000
0.998451 0.054515 -0.011146 -2.259900 -0.045040 0.674182 -0.737191 9.109300 -0.032674 0.736551 0.675593 0.518000 0.000000 0.000000 0.000000 1.000000
0.998451 0.054515 -0.011146 -2.259900 -0.045040 0.674182 -0.737190 9.109300 -0.032674 0.736550 0.675593 0.518000 0.000000 0.000000 0.000000 1.000000
0.998453 0.054480 -0.011126 -2.259900 -0.045013 0.674465 -0.736934 9.109300 -0.032645 0.736294 0.675874 0.518000 0.000000 0.000000 0.000000 1.000000
0.998466 0.054259 -0.010993 -2.259900 -0.044845 0.676263 -0.735294 9.109300 -0.032462 0.734660 0.677659 0.518000 0.000000 0.000000 0.000000 1.000000
0.998484 0.053961 -0.010817 -2.259900 -0.044619 0.678670 -0.733086 9.109300 -0.032217 0.732458 0.680049 0.518000 0.000000 0.000000 0.000000 1.000000
0.998498 0.053739 -0.010686 -2.259900 -0.044450 0.680459 -0.731437 9.109300 -0.032035 0.730813 0.681825 0.518000 0.000000 0.000000 0.000000 1.000000
0.998500 0.053703 -0.010666 -2.259900 -0.044423 0.680739 -0.731178 9.109300 -0.032006 0.730555 0.682104 0.518000 0.000000 0.000000 0.000000 1.000000
0.998500 0.053704 -0.010666 -2.259900 -0.044424 0.680739 -0.731177 9.109300 -0.032006 0.730554 0.682104 0.518000 0.000000 0.000000 0.000000 1.000000
0.998500 0.053704 -0.010666 -2.259900 -0.044423 0.680739 -0.731178 9.109300 -0.032006 0.730555 0.682104 0.518000 0.000000 0.000000 0.000000 1.000000
0.998500 0.053703 -0.010666 -2.259900 -0.044423 0.680739 -0.731178 9.109300 -0.032006 0.730555 0.682104 0.518000 0.000000 0.000000 0.000000 1.000000
0.998500 0.053704 -0.010666 -2.259900 -0.044424 0.680739 -0.731178 9.109300 -0.032006 0.730555 0.682104 0.518000 0.000000 0.000000 0.000000 1.000000
0.998500 0.053704 -0.010666 -2.259900 -0.044424 0.680739 -0.731178 9.109300 -0.032006 0.730555 0.682104 0.518000 0.000000 0.000000 0.000000 1.000000
0.998500 0.053704 -0.010666 -2.259900 -0.044423 0.680739 -0.731178 9.109300 -0.032007 0.730555 0.682104 0.518000 0.000000 0.000000 0.000000 1.000000
0.998500 0.053704 -0.010666 -2.259900 -0.044423 0.680739 -0.731178 9.109300 -0.032006 0.730555 0.682104 0.518000 0.000000 0.000000 0.000000 1.000000
0.998500 0.053704 -0.010666 -2.259900 -0.044423 0.680739 -0.731178 9.109300 -0.032006 0.730555 0.682104 0.518000 0.000000 0.000000 0.000000 1.000000
0.991506 -0.129660 0.010194 -2.259900 0.123010 0.909413 -0.397287 9.109300 0.042242 0.395166 0.917638 0.518000 0.000000 0.000000 0.000000 1.000000
0.932457 -0.361025 0.013614 -2.259900 0.355990 0.924571 0.135796 9.109300 -0.061613 -0.121777 0.990643 0.518000 0.000000 0.000000 0.000000 1.000000
0.904361 -0.426355 0.018798 -2.259900 0.398725 0.859816 0.318958 9.109300 -0.152152 -0.280958 0.947582 0.518000 0.000000 0.000000 0.000000 1.000000
0.896886 -0.441838 0.019347 -2.259900 0.400918 0.830732 0.386197 9.109300 -0.186709 -0.338618 0.922213 0.518000 0.000000 0.000000 0.000000 1.000000
0.903687 -0.427787 0.018670 -2.259900 0.388389 0.837260 0.384903 9.109300 -0.180288 -0.340580 0.922768 0.518000 0.000000 0.000000 0.000000 1.000000
0.915618 -0.401664 0.017609 -2.259900 0.369607 0.858161 0.356301 9.109300 -0.158225 -0.319727 0.934205 0.518000 0.000000 0.000000 0.000000 1.000000
0.924327 -0.381234 0.016753 -2.259900 0.353128 0.871172 0.341115 9.109300 -0.144639 -0.309386 0.939872 0.518000 0.000000 0.000000 0.000000 1.000000
0.926181 -0.376714 0.016562 -2.259900 0.351518 0.878462 0.323635 9.109300 -0.136467 -0.293922 0.946037 0.518000 0.000000 0.000000 0.000000 1.000000
0.929846 -0.367629 0.015321 -2.259900 0.356178 0.909768 0.213213 9.109300 -0.092322 -0.192798 0.976886 0.518000 0.000000 0.000000 0.000000 1.000000
0.932456 -0.361026 0.013615 -2.259900 0.355990 0.924570 0.135797 9.109300 -0.061614 -0.121778 0.990643 0.518000 0.000000 0.000000 0.000000 1.000000
0.931955 -0.362304 0.013993 -2.259900 0.356241 0.922175 0.150615 9.109300 -0.067472 -0.135382 0.988493 0.518000 0.000000 0.000000 0.000000 1.000000
0.929958 -0.367349 0.015262 -2.259900 0.356228 0.910524 0.209875 9.109300 -0.090993 -0.189739 0.977609 0.518000 0.000000 0.000000 0.000000 1.000000
0.927428 -0.373647 0.016301 -2.259900 0.353782 0.890590 0.285810 9.109300 -0.121310 -0.259301 0.958148 0.518000 0.000000 0.000000 0.000000 1.000000
0.925269 -0.378946 0.016639 -2.259900 0.349386 0.868529 0.351548 9.109300 -0.147669 -0.319463 0.936022 0.518000 0.000000 0.000000 0.000000 1.000000
0.923932 -0.382194 0.016672 -2.259900 0.348165 0.858129 0.377354 9.109300 -0.158530 -0.342845 0.925919 0.518000 0.000000 0.000000 0.000000 1.000000
0.923450 -0.383350 0.016801 -2.259900 0.352164 0.864086 0.359633 9.109300 -0.152383 -0.326186 0.932943 0.518000 0.000000 0.000000 0.000000 1.000000
0.924117 -0.381742 0.016749 -2.259900 0.358062 0.880431 0.310858 9.109300 -0.133415 -0.281272 0.950309 0.518000 0.000000 0.000000 0.000000 1.000000
0.926227 -0.376623 0.016076 -2.259900 0.361732 0.899989 0.243248 9.109300 -0.106081 -0.219488 0.969831 0.518000 0.000000 0.000000 0.000000 1.000000
0.929964 -0.367362 0.014595 -2.259900 0.359740 0.917426 0.170050 9.109300 -0.075860 -0.152890 0.985327 0.518000 0.000000 0.000000 0.000000 1.000000
0.935411 -0.353293 0.013796 -2.259900 0.350236 0.931246 0.100580 9.109300 -0.048382 -0.089252 0.994833 0.518000 0.000000 0.000000 0.000000 1.000000
0.942574 -0.333702 0.014020 -2.259900 0.333469 0.942615 0.016622 9.109300 -0.018762 -0.010992 0.999764 0.518000 0.000000 0.000000 0.000000 1.000000
0.950787 -0.309544 0.013695 -2.259900 0.309622 0.947488 -0.080008 9.109300 0.011791 0.080311 0.996700 0.518000 0.000000 0.000000 0.000000 1.000000
0.959315 -0.282059 0.012535 -2.259900 0.279543 0.942651 -0.182388 9.109300 0.039628 0.178471 0.983147 0.518000 0.000000 0.000000 0.000000 1.000000
0.967507 -0.252627 0.010490 -2.259900 0.245156 0.927125 -0.283439 9.109300 0.061879 0.276801 0.958933 0.518000 0.000000 0.000000 0.000000 1.000000
0.974854 -0.222708 0.007780 -2.259900 0.209179 0.902477 -0.376536 9.109300 0.076837 0.368695 0.926369 0.518000 0.000000 0.000000 0.000000 1.000000
0.981033 -0.193782 0.004873 -2.259900 0.174639 0.872653 -0.456047 9.109300 0.084121 0.448248 0.889943 0.518000 0.000000 0.000000 0.000000 1.000000
0.985905 -0.167289 0.002425 -2.259900 0.144378 0.843377 -0.517562 9.109300 0.084537 0.510617 0.855642 0.518000 0.000000 0.000000 0.000000 1.000000
0.990090 -0.140436 0.000303 -2.259900 0.115895 0.815845 -0.566539 9.109300 0.079315 0.560959 0.824035 0.518000 0.000000 0.000000 0.000000 1.000000
0.993871 -0.110525 -0.002016 -2.259900 0.086325 0.787395 -0.610374 9.109300 0.069049 0.606459 0.792111 0.518000 0.000000 0.000000 0.000000 1.000000
0.996857 -0.079100 -0.004372 -2.259900 0.057383 0.759021 -0.648533 9.109300 0.054617 0.646244 0.761174 0.518000 0.000000 0.000000 0.000000 1.000000
0.998839 -0.047722 -0.006606 -2.259900 0.030472 0.731989 -0.680634 9.109300 0.037317 0.679643 0.732594 0.518000 0.000000 0.000000 0.000000 1.000000
0.999802 -0.017958 -0.008570 -2.259900 0.006657 0.707768 -0.706414 9.109300 0.018751 0.706217 0.707747 0.518000 0.000000 0.000000 0.000000 1.000000
0.999911 0.008637 -0.010136 -2.259900 -0.013298 0.687924 -0.725661 9.109300 0.000705 0.725731 0.687978 0.518000 0.000000 0.000000 0.000000 1.000000
0.999472 0.030516 -0.011194 -2.259900 -0.028847 0.674019 -0.738150 9.109300 -0.014980 0.738083 0.674543 0.518000 0.000000 0.000000 0.000000 1.000000
0.998867 0.046147 -0.011664 -2.259900 -0.039521 0.667503 -0.743557 9.109300 -0.026528 0.743175 0.668571 0.518000 0.000000 0.000000 0.000000 1.000000
0.998475 0.053995 -0.011487 -2.259900 -0.044739 0.669606 -0.741368 9.109300 -0.032338 0.740752 0.671000 0.518000 0.000000 0.000000 0.000000 1.000000
0.998513 0.053481 -0.010536 -2.259900 -0.044254 0.682523 -0.729523 9.109300 -0.031825 0.728905 0.683875 0.518000 0.000000 0.000000 0.000000 1.000000
0.998733 0.049626 -0.008396 -2.259900 -0.041287 0.712385 -0.700573 9.109300 -0.028786 0.700032 0.713531 0.518000 0.000000 0.000000 0.000000 1.000000
0.999030 0.043698 -0.005497 -2.259900 -0.036617 0.754742 -0.654999 9.109300 -0.024474 0.654565 0.755610 0.518000 0.000000 0.000000 0.000000 1.000000
0.999345 0.036094 -0.002415 -2.259900 -0.030450 0.803279 -0.594823 9.109300 -0.019530 0.594508 0.803853 0.518000 0.000000 0.000000 0.000000 1.000000
0.999628 0.027289 0.000338 -2.259900 -0.023083 0.852059 -0.522937 9.109300 -0.014558 0.522735 0.852371 0.518000 0.000000 0.000000 0.000000 1.000000
0.999838 0.017847 0.002391 -2.259900 -0.014936 0.896181 -0.443437 9.109300 -0.010056 0.443330 0.896302 0.518000 0.000000 0.000000 0.000000 1.000000
0.999958 0.008407 0.003566 -2.259900 -0.006548 0.932315 -0.361588 9.109300 -0.006364 0.361550 0.932331 0.518000 0.000000 0.000000 0.000000 1.000000
0.999992 -0.000364 0.003898 -2.259900 0.001454 0.958974 -0.283490 9.109300 -0.003635 0.283493 0.958967 0.518000 0.000000 0.000000 0.000000 1.000000
0.999963 -0.007815 0.003612 -2.259900 0.008410 0.976441 -0.215619 9.109300 -0.001842 0.215641 0.976471 0.518000 0.000000 0.000000 0.000000 1.000000
0.999906 -0.013336 0.003060 -2.259900 0.013658 0.986297 -0.164412 9.109300 -0.000825 0.164438 0.986387 0.518000 0.000000 0.000000 0.000000 1.000000
0.999863 -0.016361 0.002633 -2.259900 0.016567 0.990568 -0.136019 9.109300 -0.000383 0.136044 0.990703 0.518000 0.000000 0.000000 0.000000 1.000000</float_array>
        <technique_common>
          <accessor source="#mixamorig_LeftHandIndex1-Matrix-animation-output-transform-array" count="78" stride="16">
            <param type="float4x4"/>
          </accessor>
        </technique_common>
      </source>
      <source id="mixamorig_LeftHandIndex1-Interpolations">
        <Name_array id="mixamorig_LeftHandIndex1-Interpolations-array" count="78">
 LINEAR LINEAR LINEAR LINEAR LINEAR LINEAR LINEAR LINEAR LINEAR LINEAR LINEAR
LINEAR LINEAR LINEAR LINEAR LINEAR LINEAR LINEAR LINEAR LINEAR LINEAR LINEAR LINEAR
LINEAR LINEAR LINEAR LINEAR LINEAR LINEAR LINEAR LINEAR LINEAR LINEAR LINEAR LINEAR
LINEAR LINEAR LINEAR LINEAR LINEAR LINEAR LINEAR LINEAR LINEAR LINEAR LINEAR LINEAR
LINEAR LINEAR LINEAR LINEAR LINEAR LINEAR LINEAR LINEAR LINEAR LINEAR LINEAR LINEAR
LINEAR LINEAR LINEAR LINEAR LINEAR LINEAR LINEAR LINEAR LINEAR LINEAR LINEAR LINEAR
LINEAR LINEAR LINEAR LINEAR LINEAR LINEAR LINEAR</Name_array>
        <technique_common>
          <accessor source="#mixamorig_LeftHandIndex1-Interpolations-array" count="78">
            <param type="name"/>
          </accessor>
        </technique_common>
      </source>
      <sampler id="mixamorig_LeftHandIndex1-Matrix-animation-transform">
        <input semantic="INPUT" source="#mixamorig_LeftHandIndex1-Matrix-animation-input"/>
        <input semantic="OUTPUT" source="#mixamorig_LeftHandIndex1-Matrix-animation-output-transform"/>
        <input semantic="INTERPOLATION" source="#mixamorig_LeftHandIndex1-Interpolations"/>
      </sampler>
      <channel source="#mixamorig_LeftHandIndex1-Matrix-animation-transform" target="mixamorig_LeftHandIndex1/matrix"/>
    </animation>
    <animation id="mixamorig_LeftHandIndex2-anim" name="mixamorig_LeftHandIndex2">
      <source id="mixamorig_LeftHandIndex2-Matrix-animation-input">
        <float_array id="mixamorig_LeftHandIndex2-Matrix-animation-input-array" count="78">

0.000000 0.033333 0.066667 0.100000 0.133333 0.166667 0.200000 0.233333 0.266667 0.300000 0.333333 0.366667 0.400000 0.433333 0.466667 0.500000
0.533333 0.566667 0.600000 0.633333 0.666667 0.700000 0.733333 0.766667 0.800000 0.833333 0.866667 0.900000 0.933333 0.966667 1.000000 1.033333
1.066667 1.100000 1.133333 1.166667 1.200000 1.233333 1.266667 1.300000 1.333333 1.366667 1.400000 1.433333 1.466667 1.500000 1.533333 1.566667
1.600000 1.633333 1.666667 1.700000 1.733333 1.766667 1.800000 1.833333 1.866667 1.900000 1.933333 1.966667 2.000000 2.033333 2.066667 2.100000
2.133333 2.166667 2.200000 2.233333 2.266667 2.300000 2.333333 2.366667 2.400000 2.433333 2.466667 2.500000 2.533333 2.566667</float_array>
        <technique_common>
          <accessor source="#mixamorig_LeftHandIndex2-Matrix-animation-input-array" count="78">
            <param name="TIME" type="float"/>
          </accessor>
        </technique_common>
      </source>
      <source id="mixamorig_LeftHandIndex2-Matrix-animation-output-transform">
        <float_array id="mixamorig_LeftHandIndex2-Matrix-animation-output-transform-array" count="1248">

0.999521 0.030599 -0.004677 0.000000 -0.030599 0.953889 -0.298595 3.700000 -0.004676 0.298595 0.954368 0.000000 0.000000 0.000000 0.000000 1.000000
0.999527 0.030404 -0.004616 -0.000000 -0.030404 0.954488 -0.296696 3.700000 -0.004615 0.296696 0.954961 -0.000000 0.000000 0.000000 0.000000 1.000000
0.999533 0.030204 -0.004554 0.000000 -0.030205 0.955098 -0.294745 3.700000 -0.004553 0.294745 0.955565 0.000000 0.000000 0.000000 0.000000 1.000000
0.999522 0.030576 -0.004669 0.000000 -0.030576 0.953961 -0.298369 3.700000 -0.004669 0.298369 0.954439 0.000000 0.000000 0.000000 0.000000 1.000000
0.999472 0.032090 -0.005156 -0.000000 -0.032090 0.949164 -0.313143 3.700000 -0.005155 0.313143 0.949692 0.000000 0.000000 0.000000 0.000000 1.000000
0.999357 0.035295 -0.006273 0.000000 -0.035296 0.938150 -0.344424 3.700000 -0.006272 0.344424 0.938793 0.000000 0.000000 0.000000 0.000000 1.000000
0.999137 0.040683 -0.008426 -0.000000 -0.040683 0.916920 -0.396991 3.700000 -0.008425 0.396991 0.917784 0.000000 0.000000 0.000000 0.000000 1.000000
0.998705 0.049283 -0.012639 -0.000000 -0.049284 0.875374 -0.480927 3.700000 -0.012638 0.480927 0.876669 0.000000 0.000000 0.000000 0.000000 1.000000
0.997760 0.063225 -0.021861 0.000000 -0.063226 0.784440 -0.616974 3.700000 -0.021860 0.616974 0.786680 0.000000 0.000000 0.000000 0.000000 1.000000
0.996302 0.077973 -0.036086 0.000000 -0.077974 0.644176 -0.760892 3.700000 -0.036083 0.760892 0.647874 -0.000000 0.000000 0.000000 0.000000 1.000000
0.994619 0.089308 -0.052513 0.000000 -0.089309 0.482197 -0.871499 3.700000 -0.052510 0.871499 0.487578 0.000000 0.000000 0.000000 0.000000 1.000000
0.993209 0.095624 -0.066266 0.000000 -0.095626 0.346585 -0.933132 3.700000 -0.066263 0.933132 0.353375 -0.000000 0.000000 0.000000 0.000000 1.000000
0.992627 0.097546 -0.071954 0.000000 -0.097548 0.290492 -0.951892 3.700000 -0.071951 0.951892 0.297866 -0.000000 0.000000 0.000000 0.000000 1.000000
0.992626 0.097546 -0.071954 0.000000 -0.097548 0.290492 -0.951892 3.700000 -0.071951 0.951892 0.297866 -0.000000 0.000000 0.000000 0.000000 1.000000
0.992627 0.097546 -0.071954 0.000000 -0.097548 0.290492 -0.951892 3.700000 -0.071951 0.951892 0.297866 -0.000000 0.000000 0.000000 0.000000 1.000000
0.992627 0.097546 -0.071954 -0.000000 -0.097548 0.290492 -0.951892 3.700000 -0.071951 0.951892 0.297866 0.000000 0.000000 0.000000 0.000000 1.000000
0.992627 0.097546 -0.071954 0.000000 -0.097548 0.290492 -0.951892 3.700000 -0.071951 0.951892 0.297866 0.000000 0.000000 0.000000 0.000000 1.000000
0.992627 0.097546 -0.071954 -0.000000 -0.097548 0.290493 -0.951892 3.700000 -0.071951 0.951892 0.297866 -0.000000 0.000000 0.000000 0.000000 1.000000
0.993005 0.096341 -0.068263 -0.000000 -0.096343 0.326889 -0.940139 3.700000 -0.068260 0.940139 0.333885 -0.000000 0.000000 0.000000 0.000000 1.000000
0.995273 0.085464 -0.046131 -0.000000 -0.085465 0.545126 -0.833987 3.700000 -0.046129 0.833987 0.549853 0.000000 0.000000 0.000000 0.000000 1.000000
0.997771 0.063084 -0.021750 0.000000 -0.063084 0.785537 -0.615590 3.700000 -0.021748 0.615590 0.787766 0.000000 0.000000 0.000000 0.000000 1.000000
0.999081 0.041912 -0.008968 -0.000000 -0.041913 0.911573 -0.408997 3.700000 -0.008967 0.408997 0.912492 0.000000 0.000000 0.000000 0.000000 1.000000
0.999238 0.038327 -0.007440 0.000000 -0.038327 0.926635 -0.374003 3.700000 -0.007440 0.374003 0.927398 0.000000 0.000000 0.000000 0.000000 1.000000
0.999238 0.038327 -0.007441 0.000000 -0.038327 0.926635 -0.374003 3.700000 -0.007439 0.374003 0.927398 0.000000 0.000000 0.000000 0.000000 1.000000
0.999238 0.038326 -0.007441 -0.000000 -0.038326 0.926635 -0.374003 3.700000 -0.007439 0.374003 0.927398 0.000000 0.000000 0.000000 0.000000 1.000000
0.999238 0.038326 -0.007441 0.000000 -0.038327 0.926635 -0.374003 3.700000 -0.007439 0.374003 0.927398 0.000000 0.000000 0.000000 0.000000 1.000000
0.999238 0.038326 -0.007440 -0.000000 -0.038326 0.926635 -0.374003 3.700000 -0.007440 0.374003 0.927398 0.000000 0.000000 0.000000 0.000000 1.000000
0.999238 0.038327 -0.007441 0.000000 -0.038327 0.926635 -0.374002 3.700000 -0.007440 0.374002 0.927398 0.000000 0.000000 0.000000 0.000000 1.000000
0.999238 0.038326 -0.007441 0.000000 -0.038327 0.926635 -0.374003 3.700000 -0.007439 0.374003 0.927398 0.000000 0.000000 0.000000 0.000000 1.000000
0.999238 0.038326 -0.007441 0.000000 -0.038327 0.926635 -0.374002 3.700000 -0.007439 0.374002 0.927398 0.000000 0.000000 0.000000 0.000000 1.000000
0.999238 0.038326 -0.007440 0.000000 -0.038327 0.926635 -0.374003 3.700000 -0.007440 0.374003 0.927398 0.000000 0.000000 0.000000 0.000000 1.000000
0.999528 0.030365 -0.004604 -0.000000 -0.030365 0.954609 -0.296309 3.700000 -0.004603 0.296309 0.955081 0.000000 0.000000 0.000000 0.000000 1.000000
0.999821 0.018862 -0.001751 0.000000 -0.018862 0.982735 -0.184055 3.700000 -0.001751 0.184055 0.982914 0.000000 0.000000 0.000000 0.000000 1.000000
0.999917 0.012828 -0.000806 0.000000 -0.012828 0.992051 -0.125178 3.700000 -0.000806 0.125178 0.992134 -0.000000 0.000000 0.000000 0.000000 1.000000
0.999961 0.008839 -0.000382 0.000000 -0.008839 0.996233 -0.086260 3.700000 -0.000382 0.086260 0.996273 0.000000 0.000000 0.000000 0.000000 1.000000
0.999981 0.006165 -0.000186 -0.000000 -0.006165 0.998170 -0.060161 3.700000 -0.000185 0.060161 0.998189 0.000000 0.000000 0.000000 0.000000 1.000000
0.999992 0.004002 -0.000078 0.000000 -0.004002 0.999229 -0.039054 3.700000 -0.000078 0.039054 0.999237 -0.000000 0.000000 0.000000 0.000000 1.000000
0.999999 0.001562 -0.000012 0.000000 -0.001562 0.999883 -0.015240 3.700000 -0.000012 0.015240 0.999884 0.000000 0.000000 0.000000 0.000000 1.000000
0.999997 0.002518 -0.000031 -0.000000 -0.002518 0.999695 -0.024576 3.700000 -0.000031 0.024576 0.999698 0.000000 0.000000 0.000000 0.000000 1.000000
0.999925 0.012243 -0.000734 0.000000 -0.012243 0.992762 -0.119473 3.700000 -0.000734 0.119473 0.992837 0.000000 0.000000 0.000000 0.000000 1.000000
0.999821 0.018862 -0.001751 0.000000 -0.018862 0.982735 -0.184055 3.700000 -0.001751 0.184055 0.982914 0.000000 0.000000 0.000000 0.000000 1.000000
0.999844 0.017606 -0.001524 0.000000 -0.017606 0.984973 -0.171807 3.700000 -0.001524 0.171807 0.985129 0.000000 0.000000 0.000000 0.000000 1.000000
0.999921 0.012532 -0.000769 0.000000 -0.012532 0.992415 -0.122289 3.700000 -0.000769 0.122289 0.992494 0.000000 0.000000 0.000000 0.000000 1.000000
0.999983 0.005891 -0.000170 -0.000000 -0.005891 0.998329 -0.057483 3.700000 -0.000169 0.057483 0.998346 0.000000 0.000000 0.000000 0.000000 1.000000
1.000000 -0.000000 0.000000 0.000000 0.000000 1.000000 -0.000000 3.700000 -0.000000 0.000000 1.000000 0.000000 0.000000 0.000000 0.000000 1.000000
1.000000 0.000000 0.000000 0.000000 -0.000000 1.000000 -0.000001 3.700000 -0.000000 0.000001 1.000000 -0.000000 0.000000 0.000000 0.000000 1.000000
1.000000 0.000192 -0.000000 0.000000 -0.000192 0.999998 -0.001872 3.700000 -0.000000 0.001872 0.999998 -0.000000 0.000000 0.000000 0.000000 1.000000
0.999987 0.005147 -0.000129 -0.000000 -0.005147 0.998725 -0.050226 3.700000 -0.000129 0.050226 0.998738 0.000000 0.000000 0.000000 0.000000 1.000000
0.999937 0.011207 -0.000615 0.000000 -0.011207 0.993939 -0.109357 3.700000 -0.000614 0.109357 0.994002 -0.000000 0.000000 0.000000 0.000000 1.000000
0.999859 0.016764 -0.001381 0.000000 -0.016764 0.986387 -0.163586 3.700000 -0.001380 0.163586 0.986528 0.000000 0.000000 0.000000 0.000000 1.000000
0.999787 0.020510 -0.002074 -0.000000 -0.020510 0.979552 -0.200142 3.700000 -0.002073 0.200142 0.979765 0.000000 0.000000 0.000000 0.000000 1.000000
0.999722 0.023435 -0.002717 0.000000 -0.023435 0.973217 -0.228689 3.700000 -0.002715 0.228689 0.973496 0.000000 0.000000 0.000000 0.000000 1.000000
0.999654 0.026092 -0.003378 0.000000 -0.026092 0.966690 -0.254617 3.700000 -0.003378 0.254617 0.967036 0.000000 0.000000 0.000000 0.000000 1.000000
0.999578 0.028747 -0.004116 -0.000000 -0.028747 0.959416 -0.280527 3.700000 -0.004115 0.280527 0.959837 -0.000000 0.000000 0.000000 0.000000 1.000000
0.999486 0.031660 -0.005015 -0.000000 -0.031660 0.950552 -0.308947 3.700000 -0.005014 0.308947 0.951066 0.000000 0.000000 0.000000 0.000000 1.000000
0.999365 0.035077 -0.006193 0.000000 -0.035077 0.938938 -0.342294 3.700000 -0.006192 0.342294 0.939573 -0.000000 0.000000 0.000000 0.000000 1.000000
0.999200 0.039229 -0.007810 0.000000 -0.039229 0.922996 -0.382806 3.700000 -0.007808 0.382806 0.923796 0.000000 0.000000 0.000000 0.000000 1.000000
0.998967 0.044313 -0.010083 0.000000 -0.044314 0.900580 -0.432425 3.700000 -0.010082 0.432425 0.901613 -0.000000 0.000000 0.000000 0.000000 1.000000
0.998605 0.051023 -0.013617 -0.000000 -0.051023 0.865733 -0.497898 3.700000 -0.013615 0.497899 0.867128 0.000000 0.000000 0.000000 0.000000 1.000000
0.998063 0.059273 -0.018905 0.000000 -0.059273 0.813595 -0.578402 3.700000 -0.018903 0.578402 0.815532 -0.000000 0.000000 0.000000 0.000000 1.000000
0.997344 0.068063 -0.025915 0.000000 -0.068063 0.744470 -0.664177 3.700000 -0.025913 0.664177 0.747126 0.000000 0.000000 0.000000 0.000000 1.000000
0.996479 0.076475 -0.034356 0.000000 -0.076476 0.661231 -0.746274 3.700000 -0.034354 0.746274 0.664752 0.000000 0.000000 0.000000 0.000000 1.000000
0.995527 0.083789 -0.043650 0.000000 -0.083790 0.569593 -0.817645 3.700000 -0.043647 0.817645 0.574065 0.000000 0.000000 0.000000 0.000000 1.000000
0.994571 0.089563 -0.052977 0.000000 -0.089564 0.477622 -0.873988 3.700000 -0.052974 0.873989 0.483050 0.000000 0.000000 0.000000 0.000000 1.000000
0.993710 0.093662 -0.061379 -0.000000 -0.093664 0.394768 -0.913994 3.700000 -0.061376 0.913994 0.401058 0.000000 0.000000 0.000000 0.000000 1.000000
0.993046 0.096202 -0.067865 -0.000000 -0.096204 0.330815 -0.938779 3.700000 -0.067862 0.938779 0.337770 0.000000 0.000000 0.000000 0.000000 1.000000
0.992674 0.097402 -0.071487 0.000000 -0.097404 0.295092 -0.950491 3.700000 -0.071485 0.950491 0.302418 -0.000000 0.000000 0.000000 0.000000 1.000000
0.992687 0.097362 -0.071359 -0.000000 -0.097364 0.296356 -0.950102 3.700000 -0.071356 0.950102 0.303669 0.000000 0.000000 0.000000 0.000000 1.000000
0.993120 0.095944 -0.067142 0.000000 -0.095947 0.337937 -0.936265 3.700000 -0.067140 0.936266 0.344817 0.000000 0.000000 0.000000 0.000000 1.000000
0.993878 0.092940 -0.059746 0.000000 -0.092942 0.410870 -0.906944 3.700000 -0.059743 0.906944 0.416993 0.000000 0.000000 0.000000 0.000000 1.000000
0.994845 0.088049 -0.050303 0.000000 -0.088050 0.503983 -0.859214 3.700000 -0.050301 0.859214 0.509138 -0.000000 0.000000 0.000000 0.000000 1.000000
0.995900 0.081130 -0.040009 0.000000 -0.081132 0.605495 -0.791703 3.700000 -0.040006 0.791703 0.609595 0.000000 0.000000 0.000000 0.000000 1.000000
0.996925 0.072384 -0.030003 0.000000 -0.072384 0.704158 -0.706344 3.700000 -0.030001 0.706344 0.707232 0.000000 0.000000 0.000000 0.000000 1.000000
0.997825 0.062403 -0.021222 0.000000 -0.062404 0.790746 -0.608956 3.700000 -0.021220 0.608956 0.792920 -0.000000 0.000000 0.000000 0.000000 1.000000
0.998539 0.052129 -0.014263 0.000000 -0.052129 0.859368 -0.508694 3.700000 -0.014261 0.508694 0.860829 0.000000 0.000000 0.000000 0.000000 1.000000
0.999044 0.042707 -0.009329 0.000000 -0.042707 0.908019 -0.416746 3.700000 -0.009327 0.416746 0.908975 0.000000 0.000000 0.000000 0.000000 1.000000
0.999356 0.035338 -0.006289 -0.000000 -0.035338 0.937995 -0.344843 3.700000 -0.006287 0.344843 0.938639 0.000000 0.000000 0.000000 0.000000 1.000000
0.999502 0.031165 -0.004856 -0.000000 -0.031165 0.952125 -0.304115 3.700000 -0.004855 0.304115 0.952623 0.000000 0.000000 0.000000 0.000000 1.000000</float_array>
        <technique_common>
          <accessor source="#mixamorig_LeftHandIndex2-Matrix-animation-output-transform-array" count="78" stride="16">
            <param type="float4x4"/>
          </accessor>
        </technique_common>
      </source>
      <source id="mixamorig_LeftHandIndex2-Interpolations">
        <Name_array id="mixamorig_LeftHandIndex2-Interpolations-array" count="78">
 LINEAR LINEAR LINEAR LINEAR LINEAR LINEAR LINEAR LINEAR LINEAR LINEAR LINEAR
LINEAR LINEAR LINEAR LINEAR LINEAR LINEAR LINEAR LINEAR LINEAR LINEAR LINEAR LINEAR
LINEAR LINEAR LINEAR LINEAR LINEAR LINEAR LINEAR LINEAR LINEAR LINEAR LINEAR LINEAR
LINEAR LINEAR LINEAR LINEAR LINEAR LINEAR LINEAR LINEAR LINEAR LINEAR LINEAR LINEAR
LINEAR LINEAR LINEAR LINEAR LINEAR LINEAR LINEAR LINEAR LINEAR LINEAR LINEAR LINEAR
LINEAR LINEAR LINEAR LINEAR LINEAR LINEAR LINEAR LINEAR LINEAR LINEAR LINEAR LINEAR
LINEAR LINEAR LINEAR LINEAR LINEAR LINEAR LINEAR</Name_array>
        <technique_common>
          <accessor source="#mixamorig_LeftHandIndex2-Interpolations-array" count="78">
            <param type="name"/>
          </accessor>
        </technique_common>
      </source>
      <sampler id="mixamorig_LeftHandIndex2-Matrix-animation-transform">
        <input semantic="INPUT" source="#mixamorig_LeftHandIndex2-Matrix-animation-input"/>
        <input semantic="OUTPUT" source="#mixamorig_LeftHandIndex2-Matrix-animation-output-transform"/>
        <input semantic="INTERPOLATION" source="#mixamorig_LeftHandIndex2-Interpolations"/>
      </sampler>
      <channel source="#mixamorig_LeftHandIndex2-Matrix-animation-transform" target="mixamorig_LeftHandIndex2/matrix"/>
    </animation>
    <animation id="mixamorig_LeftHandIndex3-anim" name="mixamorig_LeftHandIndex3">
      <source id="mixamorig_LeftHandIndex3-Matrix-animation-input">
        <float_array id="mixamorig_LeftHandIndex3-Matrix-animation-input-array" count="78">

0.000000 0.033333 0.066667 0.100000 0.133333 0.166667 0.200000 0.233333 0.266667 0.300000 0.333333 0.366667 0.400000 0.433333 0.466667 0.500000
0.533333 0.566667 0.600000 0.633333 0.666667 0.700000 0.733333 0.766667 0.800000 0.833333 0.866667 0.900000 0.933333 0.966667 1.000000 1.033333
1.066667 1.100000 1.133333 1.166667 1.200000 1.233333 1.266667 1.300000 1.333333 1.366667 1.400000 1.433333 1.466667 1.500000 1.533333 1.566667
1.600000 1.633333 1.666667 1.700000 1.733333 1.766667 1.800000 1.833333 1.866667 1.900000 1.933333 1.966667 2.000000 2.033333 2.066667 2.100000
2.133333 2.166667 2.200000 2.233333 2.266667 2.300000 2.333333 2.366667 2.400000 2.433333 2.466667 2.500000 2.533333 2.566667</float_array>
        <technique_common>
          <accessor source="#mixamorig_LeftHandIndex3-Matrix-animation-input-array" count="78">
            <param name="TIME" type="float"/>
          </accessor>
        </technique_common>
      </source>
      <source id="mixamorig_LeftHandIndex3-Matrix-animation-output-transform">
        <float_array id="mixamorig_LeftHandIndex3-Matrix-animation-output-transform-array" count="1248">

0.999897 0.014338 -0.001008 -0.000000 -0.014338 0.990059 -0.139917 2.850000 -0.001008 0.139917 0.990163 0.000000 0.000000 0.000000 0.000000 1.000000
0.999886 0.015039 -0.001110 -0.000000 -0.015039 0.989059 -0.146750 2.850000 -0.001110 0.146750 0.989173 0.000000 0.000000 0.000000 0.000000 1.000000
0.999856 0.016897 -0.001403 0.000000 -0.016897 0.986168 -0.164886 2.850000 -0.001402 0.164886 0.986312 0.000000 0.000000 0.000000 0.000000 1.000000
0.999807 0.019548 -0.001882 0.000000 -0.019548 0.981443 -0.190756 2.850000 -0.001882 0.190756 0.981636 0.000000 0.000000 0.000000 0.000000 1.000000
0.999741 0.022626 -0.002530 0.000000 -0.022626 0.975058 -0.220792 2.850000 -0.002529 0.220792 0.975318 -0.000000 0.000000 0.000000 0.000000 1.000000
0.999662 0.025770 -0.003294 0.000000 -0.025770 0.967522 -0.251469 2.850000 -0.003293 0.251469 0.967860 0.000000 0.000000 0.000000 0.000000 1.000000
0.999582 0.028628 -0.004081 0.000000 -0.028628 0.959761 -0.279356 2.850000 -0.004080 0.279356 0.960179 0.000000 0.000000 0.000000 0.000000 1.000000
0.999506 0.031043 -0.004816 0.000000 -0.031043 0.952507 -0.302930 2.850000 -0.004816 0.302930 0.953001 -0.000000 0.000000 0.000000 0.000000 1.000000
0.999414 0.033758 -0.005722 0.000000 -0.033758 0.943579 -0.329423 2.850000 -0.005721 0.329423 0.944165 0.000000 0.000000 0.000000 0.000000 1.000000
0.999309 0.036546 -0.006741 -0.000000 -0.036546 0.933532 -0.356626 2.850000 -0.006740 0.356626 0.934223 0.000000 0.000000 0.000000 0.000000 1.000000
0.999209 0.039007 -0.007718 0.000000 -0.039007 0.923899 -0.380643 2.850000 -0.007717 0.380643 0.924690 0.000000 0.000000 0.000000 0.000000 1.000000
0.999133 0.040758 -0.008459 0.000000 -0.040758 0.916596 -0.397731 2.850000 -0.008457 0.397731 0.917463 0.000000 0.000000 0.000000 0.000000 1.000000
0.999103 0.041426 -0.008751 -0.000000 -0.041426 0.913713 -0.404242 2.850000 -0.008750 0.404242 0.914610 0.000000 0.000000 0.000000 0.000000 1.000000
0.999103 0.041426 -0.008751 -0.000000 -0.041426 0.913713 -0.404242 2.850000 -0.008750 0.404243 0.914610 -0.000000 0.000000 0.000000 0.000000 1.000000
0.999103 0.041425 -0.008751 0.000000 -0.041426 0.913713 -0.404242 2.850000 -0.008750 0.404242 0.914610 -0.000000 0.000000 0.000000 0.000000 1.000000
0.999103 0.041425 -0.008751 0.000000 -0.041426 0.913713 -0.404243 2.850000 -0.008750 0.404243 0.914610 0.000000 0.000000 0.000000 0.000000 1.000000
0.999103 0.041426 -0.008751 0.000000 -0.041426 0.913713 -0.404242 2.850000 -0.008750 0.404242 0.914610 0.000000 0.000000 0.000000 0.000000 1.000000
0.999103 0.041425 -0.008751 -0.000000 -0.041426 0.913713 -0.404242 2.850000 -0.008750 0.404242 0.914610 0.000000 0.000000 0.000000 0.000000 1.000000
0.999104 0.041411 -0.008745 0.000000 -0.041411 0.913775 -0.404105 2.850000 -0.008744 0.404105 0.914671 0.000000 0.000000 0.000000 0.000000 1.000000
0.999108 0.041321 -0.008705 -0.000000 -0.041321 0.914167 -0.403226 2.850000 -0.008704 0.403226 0.915059 -0.000000 0.000000 0.000000 0.000000 1.000000
0.999113 0.041200 -0.008652 0.000000 -0.041201 0.914692 -0.402046 2.850000 -0.008650 0.402046 0.915579 0.000000 0.000000 0.000000 0.000000 1.000000
0.999118 0.041110 -0.008612 0.000000 -0.041110 0.915082 -0.401166 2.850000 -0.008611 0.401166 0.915965 -0.000000 0.000000 0.000000 0.000000 1.000000
0.999118 0.041096 -0.008606 0.000000 -0.041096 0.915143 -0.401028 2.850000 -0.008605 0.401028 0.916025 -0.000000 0.000000 0.000000 0.000000 1.000000
0.999118 0.041096 -0.008606 0.000000 -0.041097 0.915143 -0.401028 2.850000 -0.008605 0.401028 0.916025 -0.000000 0.000000 0.000000 0.000000 1.000000
0.999118 0.041096 -0.008606 0.000000 -0.041097 0.915143 -0.401028 2.850000 -0.008605 0.401028 0.916025 0.000000 0.000000 0.000000 0.000000 1.000000
0.999118 0.041096 -0.008606 -0.000000 -0.041096 0.915143 -0.401028 2.850000 -0.008605 0.401028 0.916025 0.000000 0.000000 0.000000 0.000000 1.000000
0.999118 0.041096 -0.008606 0.000000 -0.041096 0.915143 -0.401028 2.850000 -0.008605 0.401028 0.916025 -0.000000 0.000000 0.000000 0.000000 1.000000
0.999118 0.041096 -0.008606 0.000000 -0.041096 0.915143 -0.401028 2.850000 -0.008605 0.401028 0.916025 0.000000 0.000000 0.000000 0.000000 1.000000
0.999118 0.041096 -0.008606 0.000000 -0.041096 0.915143 -0.401028 2.850000 -0.008605 0.401028 0.916025 0.000000 0.000000 0.000000 0.000000 1.000000
0.999118 0.041096 -0.008606 0.000000 -0.041096 0.915143 -0.401028 2.850000 -0.008605 0.401028 0.916025 0.000000 0.000000 0.000000 0.000000 1.000000
0.999118 0.041096 -0.008606 0.000000 -0.041096 0.915143 -0.401028 2.850000 -0.008605 0.401028 0.916025 0.000000 0.000000 0.000000 0.000000 1.000000
0.999052 0.042544 -0.009254 0.000000 -0.042544 0.908757 -0.415152 2.850000 -0.009253 0.415153 0.909705 0.000000 0.000000 0.000000 0.000000 1.000000
0.999116 0.041134 -0.008623 0.000000 -0.041134 0.914978 -0.401401 2.850000 -0.008622 0.401401 0.915862 0.000000 0.000000 0.000000 0.000000 1.000000
0.999427 0.033373 -0.005589 -0.000000 -0.033373 0.944898 -0.325658 2.850000 -0.005587 0.325658 0.945471 -0.000000 0.000000 0.000000 0.000000 1.000000
0.999752 0.022153 -0.002424 0.000000 -0.022153 0.976102 -0.216180 2.850000 -0.002423 0.216180 0.976351 0.000000 0.000000 0.000000 0.000000 1.000000
0.999963 0.008575 -0.000359 0.000000 -0.008575 0.996456 -0.083676 2.850000 -0.000359 0.083676 0.996493 0.000000 0.000000 0.000000 0.000000 1.000000
0.999982 -0.005989 -0.000175 -0.000000 0.005989 0.998273 0.058439 2.850000 -0.000175 -0.058439 0.998291 0.000000 0.000000 0.000000 0.000000 1.000000
0.999798 -0.020023 -0.001975 -0.000000 0.020023 0.980522 0.195385 2.850000 -0.001976 -0.195384 0.980725 0.000000 0.000000 0.000000 0.000000 1.000000
0.999847 -0.017428 -0.001493 0.000000 0.017428 0.985278 0.170067 2.850000 -0.001493 -0.170067 0.985431 0.000000 0.000000 0.000000 0.000000 1.000000
0.999839 0.017893 -0.001575 -0.000000 -0.017893 0.984476 -0.174606 2.850000 -0.001574 0.174606 0.984637 0.000000 0.000000 0.000000 0.000000 1.000000
0.999116 0.041134 -0.008623 0.000000 -0.041135 0.914978 -0.401400 2.850000 -0.008622 0.401400 0.915862 0.000000 0.000000 0.000000 0.000000 1.000000
0.999297 0.036849 -0.006858 0.000000 -0.036850 0.932383 -0.359589 2.850000 -0.006857 0.359589 0.933085 -0.000000 0.000000 0.000000 0.000000 1.000000
0.999819 0.018933 -0.001765 0.000000 -0.018933 0.982602 -0.184755 2.850000 -0.001764 0.184755 0.982783 -0.000000 0.000000 0.000000 0.000000 1.000000
0.999986 -0.005222 -0.000133 0.000000 0.005222 0.998687 0.050961 2.850000 -0.000133 -0.050961 0.998701 0.000000 0.000000 0.000000 0.000000 1.000000
0.999646 -0.026385 -0.003455 0.000000 0.026385 0.965926 0.257470 2.850000 -0.003456 -0.257470 0.966280 -0.000000 0.000000 0.000000 0.000000 1.000000
0.999646 -0.026385 -0.003455 -0.000000 0.026385 0.965926 0.257471 2.850000 -0.003456 -0.257471 0.966280 -0.000000 0.000000 0.000000 0.000000 1.000000
0.999749 -0.022272 -0.002449 0.000000 0.022272 0.975843 0.217334 2.850000 -0.002450 -0.217334 0.976094 -0.000000 0.000000 0.000000 0.000000 1.000000
0.999997 -0.002247 -0.000025 0.000000 0.002247 0.999757 0.021923 2.850000 -0.000025 -0.021923 0.999760 0.000000 0.000000 0.000000 0.000000 1.000000
0.999795 0.020130 -0.001997 0.000000 -0.020130 0.980311 -0.196431 2.850000 -0.001996 0.196431 0.980516 0.000000 0.000000 0.000000 0.000000 1.000000
0.999295 0.036902 -0.006878 0.000000 -0.036902 0.932184 -0.360099 2.850000 -0.006877 0.360099 0.932889 0.000000 0.000000 0.000000 0.000000 1.000000
0.999022 0.043168 -0.009542 0.000000 -0.043169 0.905915 -0.421253 2.850000 -0.009541 0.421253 0.906893 -0.000000 0.000000 0.000000 0.000000 1.000000
0.998943 0.044793 -0.010315 -0.000000 -0.044794 0.898292 -0.437110 2.850000 -0.010314 0.437110 0.899349 -0.000000 0.000000 0.000000 0.000000 1.000000
0.998987 0.043896 -0.009884 0.000000 -0.043896 0.902545 -0.428352 2.850000 -0.009882 0.428353 0.903558 0.000000 0.000000 0.000000 0.000000 1.000000
0.999110 0.041275 -0.008685 0.000000 -0.041275 0.914366 -0.402780 2.850000 -0.008684 0.402780 0.915256 0.000000 0.000000 0.000000 0.000000 1.000000
0.999263 0.037715 -0.007196 0.000000 -0.037716 0.929045 -0.368039 2.850000 -0.007195 0.368039 0.929782 0.000000 0.000000 0.000000 0.000000 1.000000
0.999404 0.034038 -0.005821 0.000000 -0.034038 0.942611 -0.332153 2.850000 -0.005819 0.332153 0.943208 -0.000000 0.000000 0.000000 0.000000 1.000000
0.999504 0.031114 -0.004839 0.000000 -0.031114 0.952285 -0.303619 2.850000 -0.004838 0.303619 0.952781 -0.000000 0.000000 0.000000 0.000000 1.000000
0.999545 0.029842 -0.004443 -0.000000 -0.029843 0.956193 -0.291210 2.850000 -0.004442 0.291210 0.956649 -0.000000 0.000000 0.000000 0.000000 1.000000
0.999535 0.030149 -0.004537 0.000000 -0.030149 0.955269 -0.294196 2.850000 -0.004536 0.294196 0.955734 0.000000 0.000000 0.000000 0.000000 1.000000
0.999501 0.031211 -0.004870 0.000000 -0.031211 0.951978 -0.304571 2.850000 -0.004870 0.304571 0.952477 0.000000 0.000000 0.000000 0.000000 1.000000
0.999447 0.032810 -0.005396 0.000000 -0.032810 0.946790 -0.320175 2.850000 -0.005396 0.320175 0.947343 -0.000000 0.000000 0.000000 0.000000 1.000000
0.999379 0.034724 -0.006065 0.000000 -0.034724 0.940200 -0.338849 2.850000 -0.006064 0.338849 0.940821 0.000000 0.000000 0.000000 0.000000 1.000000
0.999302 0.036735 -0.006813 0.000000 -0.036735 0.932819 -0.358467 2.850000 -0.006812 0.358467 0.933518 0.000000 0.000000 0.000000 0.000000 1.000000
0.999225 0.038630 -0.007564 0.000000 -0.038630 0.925424 -0.376960 2.850000 -0.007562 0.376960 0.926199 0.000000 0.000000 0.000000 0.000000 1.000000
0.999158 0.040204 -0.008220 0.000000 -0.040204 0.918949 -0.392321 2.850000 -0.008219 0.392321 0.919792 0.000000 0.000000 0.000000 0.000000 1.000000
0.999111 0.041257 -0.008677 0.000000 -0.041257 0.914446 -0.402600 2.850000 -0.008676 0.402600 0.915335 0.000000 0.000000 0.000000 0.000000 1.000000
0.999096 0.041591 -0.008825 -0.000000 -0.041591 0.912989 -0.405860 2.850000 -0.008823 0.405860 0.913893 0.000000 0.000000 0.000000 0.000000 1.000000
0.999122 0.041006 -0.008567 -0.000000 -0.041006 0.915533 -0.400148 2.850000 -0.008565 0.400148 0.916410 0.000000 0.000000 0.000000 0.000000 1.000000
0.999190 0.039458 -0.007905 0.000000 -0.039458 0.922053 -0.385046 2.850000 -0.007904 0.385046 0.922864 0.000000 0.000000 0.000000 0.000000 1.000000
0.999286 0.037122 -0.006963 0.000000 -0.037123 0.931341 -0.362251 2.850000 -0.006962 0.362251 0.932055 0.000000 0.000000 0.000000 0.000000 1.000000
0.999398 0.034187 -0.005873 -0.000000 -0.034187 0.942092 -0.333607 2.850000 -0.005872 0.333607 0.942694 0.000000 0.000000 0.000000 0.000000 1.000000
0.999513 0.030849 -0.004755 0.000000 -0.030849 0.953116 -0.301029 2.850000 -0.004754 0.301029 0.953603 -0.000000 0.000000 0.000000 0.000000 1.000000
0.999620 0.027313 -0.003708 -0.000000 -0.027313 0.963439 -0.266533 2.850000 -0.003707 0.266533 0.963819 -0.000000 0.000000 0.000000 0.000000 1.000000
0.999713 0.023799 -0.002802 0.000000 -0.023799 0.972369 -0.232234 2.850000 -0.002802 0.232234 0.972656 0.000000 0.000000 0.000000 0.000000 1.000000
0.999787 0.020529 -0.002078 -0.000000 -0.020529 0.979514 -0.200329 2.850000 -0.002077 0.200329 0.979727 0.000000 0.000000 0.000000 0.000000 1.000000
0.999842 0.017734 -0.001547 0.000000 -0.017734 0.984752 -0.173058 2.850000 -0.001546 0.173058 0.984911 -0.000000 0.000000 0.000000 0.000000 1.000000
0.999877 0.015646 -0.001202 -0.000000 -0.015646 0.988152 -0.152676 2.850000 -0.001201 0.152676 0.988276 0.000000 0.000000 0.000000 0.000000 1.000000
0.999894 0.014493 -0.001030 0.000000 -0.014493 0.989843 -0.141426 2.850000 -0.001030 0.141426 0.989948 -0.000000 0.000000 0.000000 0.000000 1.000000</float_array>
        <technique_common>
          <accessor source="#mixamorig_LeftHandIndex3-Matrix-animation-output-transform-array" count="78" stride="16">
            <param type="float4x4"/>
          </accessor>
        </technique_common>
      </source>
      <source id="mixamorig_LeftHandIndex3-Interpolations">
        <Name_array id="mixamorig_LeftHandIndex3-Interpolations-array" count="78">
 LINEAR LINEAR LINEAR LINEAR LINEAR LINEAR LINEAR LINEAR LINEAR LINEAR LINEAR
LINEAR LINEAR LINEAR LINEAR LINEAR LINEAR LINEAR LINEAR LINEAR LINEAR LINEAR LINEAR
LINEAR LINEAR LINEAR LINEAR LINEAR LINEAR LINEAR LINEAR LINEAR LINEAR LINEAR LINEAR
LINEAR LINEAR LINEAR LINEAR LINEAR LINEAR LINEAR LINEAR LINEAR LINEAR LINEAR LINEAR
LINEAR LINEAR LINEAR LINEAR LINEAR LINEAR LINEAR LINEAR LINEAR LINEAR LINEAR LINEAR
LINEAR LINEAR LINEAR LINEAR LINEAR LINEAR LINEAR LINEAR LINEAR LINEAR LINEAR LINEAR
LINEAR LINEAR LINEAR LINEAR LINEAR LINEAR LINEAR</Name_array>
        <technique_common>
          <accessor source="#mixamorig_LeftHandIndex3-Interpolations-array" count="78">
            <param type="name"/>
          </accessor>
        </technique_common>
      </source>
      <sampler id="mixamorig_LeftHandIndex3-Matrix-animation-transform">
        <input semantic="INPUT" source="#mixamorig_LeftHandIndex3-Matrix-animation-input"/>
        <input semantic="OUTPUT" source="#mixamorig_LeftHandIndex3-Matrix-animation-output-transform"/>
        <input semantic="INTERPOLATION" source="#mixamorig_LeftHandIndex3-Interpolations"/>
      </sampler>
      <channel source="#mixamorig_LeftHandIndex3-Matrix-animation-transform" target="mixamorig_LeftHandIndex3/matrix"/>
    </animation>
    <animation id="mixamorig_LeftHandMiddle1-anim" name="mixamorig_LeftHandMiddle1">
      <source id="mixamorig_LeftHandMiddle1-Matrix-animation-input">
        <float_array id="mixamorig_LeftHandMiddle1-Matrix-animation-input-array" count="78">

0.000000 0.033333 0.066667 0.100000 0.133333 0.166667 0.200000 0.233333 0.266667 0.300000 0.333333 0.366667 0.400000 0.433333 0.466667 0.500000
0.533333 0.566667 0.600000 0.633333 0.666667 0.700000 0.733333 0.766667 0.800000 0.833333 0.866667 0.900000 0.933333 0.966667 1.000000 1.033333
1.066667 1.100000 1.133333 1.166667 1.200000 1.233333 1.266667 1.300000 1.333333 1.366667 1.400000 1.433333 1.466667 1.500000 1.533333 1.566667
1.600000 1.633333 1.666667 1.700000 1.733333 1.766667 1.800000 1.833333 1.866667 1.900000 1.933333 1.966667 2.000000 2.033333 2.066667 2.100000
2.133333 2.166667 2.200000 2.233333 2.266667 2.300000 2.333333 2.366667 2.400000 2.433333 2.466667 2.500000 2.533333 2.566667</float_array>
        <technique_common>
          <accessor source="#mixamorig_LeftHandMiddle1-Matrix-animation-input-array" count="78">
            <param name="TIME" type="float"/>
          </accessor>
        </technique_common>
      </source>
      <source id="mixamorig_LeftHandMiddle1-Matrix-animation-output-transform">
        <float_array id="mixamorig_LeftHandMiddle1-Matrix-animation-output-transform-array" count="1248">

0.998916 0.044438 -0.013865 0.000000 -0.046532 0.961664 -0.270252 9.533400 0.001324 0.270605 0.962690 0.000000 0.000000 0.000000 0.000000 1.000000
0.998829 0.045973 -0.015058 0.000000 -0.048361 0.956725 -0.286948 9.533400 0.001214 0.287340 0.957828 0.000000 0.000000 0.000000 0.000000 1.000000
0.998581 0.049987 -0.018357 0.000000 -0.053246 0.942162 -0.330901 9.533400 0.000755 0.331409 0.943487 -0.000000 0.000000 0.000000 0.000000 1.000000
0.998182 0.055543 -0.023392 -0.000000 -0.060267 0.917758 -0.392540 9.533400 -0.000335 0.393236 0.919437 0.000000 0.000000 0.000000 0.000000 1.000000
0.997652 0.061716 -0.029708 0.000000 -0.068457 0.884106 -0.462245 9.533400 -0.002263 0.463193 0.886255 0.000000 0.000000 0.000000 0.000000 1.000000
0.997034 0.067676 -0.036655 -0.000000 -0.076802 0.843896 -0.530981 9.533400 -0.005001 0.532221 0.846590 -0.000000 0.000000 0.000000 0.000000 1.000000
0.996406 0.072755 -0.043385 0.000000 -0.084312 0.802293 -0.590947 9.533400 -0.008187 0.592481 0.805543 0.000000 0.000000 0.000000 0.000000 1.000000
0.995826 0.076775 -0.049365 0.000000 -0.090560 0.763425 -0.639516 9.533400 -0.011412 0.641317 0.767191 -0.000000 0.000000 0.000000 0.000000 1.000000
0.995121 0.080967 -0.056386 -0.000000 -0.097421 0.715771 -0.691506 9.533400 -0.015630 0.693625 0.720166 0.000000 0.000000 0.000000 0.000000 1.000000
0.994339 0.084885 -0.063905 0.000000 -0.104230 0.662546 -0.741734 9.533400 -0.020622 0.744196 0.667643 0.000000 0.000000 0.000000 0.000000 1.000000
0.993603 0.087994 -0.070783 0.000000 -0.109992 0.612027 -0.783151 9.533400 -0.025591 0.785926 0.617790 0.000000 0.000000 0.000000 0.000000 1.000000
0.993053 0.089994 -0.075805 0.000000 -0.113921 0.574110 -0.810814 9.533400 -0.029448 0.813817 0.580374 0.000000 0.000000 0.000000 0.000000 1.000000
0.992838 0.090708 -0.077744 0.000000 -0.115377 0.559239 -0.820939 9.533400 -0.030988 0.824029 0.565699 0.000000 0.000000 0.000000 0.000000 1.000000
0.992838 0.090708 -0.077744 0.000000 -0.115376 0.559239 -0.820939 9.533400 -0.030988 0.824029 0.565699 -0.000000 0.000000 0.000000 0.000000 1.000000
0.992838 0.090707 -0.077744 -0.000000 -0.115377 0.559239 -0.820938 9.533400 -0.030988 0.824029 0.565700 0.000000 0.000000 0.000000 0.000000 1.000000
0.992838 0.090708 -0.077744 0.000000 -0.115377 0.559239 -0.820939 9.533400 -0.030988 0.824029 0.565699 0.000000 0.000000 0.000000 0.000000 1.000000
0.992838 0.090708 -0.077744 0.000000 -0.115377 0.559239 -0.820938 9.533400 -0.030988 0.824029 0.565700 0.000000 0.000000 0.000000 0.000000 1.000000
0.992838 0.090708 -0.077744 0.000000 -0.115376 0.559239 -0.820938 9.533400 -0.030988 0.824029 0.565700 -0.000000 0.000000 0.000000 0.000000 1.000000
0.992843 0.090692 -0.077703 -0.000000 -0.115346 0.559557 -0.820726 9.533400 -0.030954 0.823815 0.566013 -0.000000 0.000000 0.000000 0.000000 1.000000
0.992872 0.090598 -0.077441 0.000000 -0.115151 0.561576 -0.819374 9.533400 -0.030745 0.822450 0.568005 0.000000 0.000000 0.000000 0.000000 1.000000
0.992911 0.090470 -0.077088 -0.000000 -0.114888 0.564282 -0.817549 9.533400 -0.030464 0.820610 0.570676 0.000000 0.000000 0.000000 0.000000 1.000000
0.992940 0.090374 -0.076826 0.000000 -0.114692 0.566293 -0.816185 9.533400 -0.030256 0.819234 0.572661 0.000000 0.000000 0.000000 0.000000 1.000000
0.992945 0.090358 -0.076785 -0.000000 -0.114661 0.566609 -0.815970 9.533400 -0.030223 0.819017 0.572972 0.000000 0.000000 0.000000 0.000000 1.000000
0.992945 0.090358 -0.076785 -0.000000 -0.114661 0.566609 -0.815970 9.533400 -0.030223 0.819017 0.572972 0.000000 0.000000 0.000000 0.000000 1.000000
0.992945 0.090359 -0.076785 -0.000000 -0.114661 0.566609 -0.815970 9.533400 -0.030223 0.819017 0.572972 -0.000000 0.000000 0.000000 0.000000 1.000000
0.992945 0.090358 -0.076785 0.000000 -0.114661 0.566609 -0.815970 9.533400 -0.030222 0.819018 0.572972 0.000000 0.000000 0.000000 0.000000 1.000000
0.992945 0.090359 -0.076785 0.000000 -0.114662 0.566609 -0.815970 9.533400 -0.030223 0.819017 0.572972 -0.000000 0.000000 0.000000 0.000000 1.000000
0.992945 0.090358 -0.076785 0.000000 -0.114661 0.566609 -0.815970 9.533400 -0.030223 0.819017 0.572972 0.000000 0.000000 0.000000 0.000000 1.000000
0.992945 0.090359 -0.076785 0.000000 -0.114661 0.566609 -0.815970 9.533400 -0.030223 0.819017 0.572972 -0.000000 0.000000 0.000000 0.000000 1.000000
0.992945 0.090359 -0.076785 0.000000 -0.114661 0.566609 -0.815970 9.533400 -0.030223 0.819017 0.572972 0.000000 0.000000 0.000000 0.000000 1.000000
0.992945 0.090359 -0.076785 -0.000000 -0.114661 0.566609 -0.815970 9.533400 -0.030223 0.819017 0.572972 0.000000 0.000000 0.000000 0.000000 1.000000
0.998258 0.038725 -0.044510 0.000000 -0.057730 0.796733 -0.601568 9.533400 0.012166 0.603090 0.797580 -0.000000 0.000000 0.000000 0.000000 1.000000
0.999140 -0.040282 -0.009788 -0.000000 0.037195 0.975389 -0.217331 9.533400 0.018302 0.216780 0.976049 0.000000 0.000000 0.000000 0.000000 1.000000
0.997522 -0.070348 0.000140 0.000000 0.070302 0.996792 -0.038261 9.533400 0.002552 0.038176 0.999268 0.000000 0.000000 0.000000 0.000000 1.000000
0.996537 -0.083039 0.004336 -0.000000 0.082565 0.994344 0.066800 9.533400 -0.009858 -0.066211 0.997757 0.000000 0.000000 0.000000 0.000000 1.000000
0.996400 -0.084557 0.006076 0.000000 0.083152 0.988767 0.124196 9.533400 -0.016509 -0.123244 0.992239 0.000000 0.000000 0.000000 0.000000 1.000000
0.996642 -0.081577 0.006998 0.000000 0.079362 0.983519 0.162457 9.533400 -0.020136 -0.161357 0.986691 0.000000 0.000000 0.000000 0.000000 1.000000
0.996694 -0.080862 0.007956 -0.000000 0.077401 0.974681 0.209774 9.533400 -0.024718 -0.208465 0.977718 -0.000000 0.000000 0.000000 0.000000 1.000000
0.996958 -0.077589 0.007441 0.000000 0.074885 0.979937 0.184703 9.533400 -0.021623 -0.183584 0.982766 0.000000 0.000000 0.000000 0.000000 1.000000
0.998484 -0.055045 -0.000756 0.000000 0.054923 0.997005 -0.054451 9.533400 0.003751 0.054327 0.998516 0.000000 0.000000 0.000000 0.000000 1.000000
0.999140 -0.040282 -0.009788 -0.000000 0.037195 0.975389 -0.217331 9.533400 0.018301 0.216780 0.976049 0.000000 0.000000 0.000000 0.000000 1.000000
0.999043 -0.043024 -0.007867 0.000000 0.040803 0.981579 -0.186651 9.533400 0.015752 0.186151 0.982395 -0.000000 0.000000 0.000000 0.000000 1.000000
0.998519 -0.054388 -0.001092 0.000000 0.054218 0.996628 -0.061590 9.533400 0.004438 0.061439 0.998101 -0.000000 0.000000 0.000000 0.000000 1.000000
0.997553 -0.069715 0.005300 0.000000 0.068809 0.992362 0.102389 9.533400 -0.012398 -0.101773 0.994730 0.000000 0.000000 0.000000 0.000000 1.000000
0.996474 -0.083470 0.008546 0.000000 0.078831 0.966219 0.245371 9.533400 -0.028739 -0.243832 0.969391 0.000000 0.000000 0.000000 0.000000 1.000000
0.996005 -0.088828 0.009118 0.000000 0.082313 0.952911 0.291865 9.533400 -0.034614 -0.289948 0.956416 -0.000000 0.000000 0.000000 0.000000 1.000000
0.996362 -0.084809 0.008386 -0.000000 0.080519 0.969042 0.233399 9.533400 -0.027921 -0.231875 0.972345 0.000000 0.000000 0.000000 0.000000 1.000000
0.997219 -0.074323 0.005525 -0.000000 0.073288 0.991396 0.108459 9.533400 -0.013538 -0.107753 0.994086 0.000000 0.000000 0.000000 0.000000 1.000000
0.998168 -0.060509 -0.000130 0.000000 0.060451 0.997292 -0.041889 9.533400 0.002665 0.041804 0.999122 0.000000 0.000000 0.000000 0.000000 1.000000
0.998893 -0.046521 -0.007005 0.000000 0.044614 0.983961 -0.172712 9.533400 0.014927 0.172209 0.984947 -0.000000 0.000000 0.000000 0.000000 1.000000
0.999355 -0.033806 -0.012120 0.000000 0.029664 0.967275 -0.251990 9.533400 0.020242 0.251468 0.967654 0.000000 0.000000 0.000000 0.000000 1.000000
0.999698 -0.017765 -0.016976 0.000000 0.011449 0.948045 -0.317930 9.533400 0.021743 0.317640 0.947962 0.000000 0.000000 0.000000 0.000000 1.000000
0.999758 0.000957 -0.021992 0.000000 -0.009228 0.925261 -0.379218 9.533400 0.019985 0.379329 0.925046 0.000000 0.000000 0.000000 0.000000 1.000000
0.999421 0.020640 -0.027060 -0.000000 -0.030376 0.899546 -0.435769 9.533400 0.015348 0.436339 0.899652 0.000000 0.000000 0.000000 0.000000 1.000000
0.998701 0.039567 -0.032094 -0.000000 -0.050202 0.871632 -0.487583 9.533400 0.008682 0.488561 0.872487 0.000000 0.000000 0.000000 0.000000 1.000000
0.997742 0.056031 -0.037023 0.000000 -0.067147 0.842348 -0.534735 9.533400 0.001224 0.536014 0.844208 0.000000 0.000000 0.000000 0.000000 1.000000
0.996786 0.068339 -0.041792 0.000000 -0.079916 0.812571 -0.577358 9.533400 -0.005497 0.578842 0.815421 -0.000000 0.000000 0.000000 0.000000 1.000000
0.996120 0.074809 -0.046359 0.000000 -0.087468 0.783168 -0.615628 9.533400 -0.009748 0.617294 0.786672 0.000000 0.000000 0.000000 0.000000 1.000000
0.995660 0.077820 -0.051033 -0.000000 -0.092235 0.752293 -0.652341 9.533400 -0.012373 0.654217 0.756206 -0.000000 0.000000 0.000000 0.000000 1.000000
0.995159 0.080754 -0.056007 0.000000 -0.097062 0.718397 -0.688828 9.533400 -0.015391 0.690930 0.722758 -0.000000 0.000000 0.000000 0.000000 1.000000
0.994639 0.083464 -0.061051 0.000000 -0.101710 0.682999 -0.723303 9.533400 -0.018672 0.725635 0.687826 -0.000000 0.000000 0.000000 0.000000 1.000000
0.994126 0.085841 -0.065918 0.000000 -0.105963 0.647932 -0.754292 9.533400 -0.022038 0.756846 0.653221 0.000000 0.000000 0.000000 0.000000 1.000000
0.993650 0.087810 -0.070347 0.000000 -0.109640 0.615283 -0.780645 9.533400 -0.025265 0.783401 0.621003 -0.000000 0.000000 0.000000 0.000000 1.000000
0.993244 0.089328 -0.074069 0.000000 -0.112589 0.587313 -0.801491 9.533400 -0.028094 0.804415 0.593403 0.000000 0.000000 0.000000 0.000000 1.000000
0.992941 0.090371 -0.076819 0.000000 -0.114686 0.566350 -0.816146 9.533400 -0.030250 0.819195 0.572716 0.000000 0.000000 0.000000 0.000000 1.000000
0.992773 0.090918 -0.078335 0.000000 -0.115813 0.554687 -0.823960 9.533400 -0.031462 0.827077 0.561208 -0.000000 0.000000 0.000000 0.000000 1.000000
0.992769 0.090928 -0.078363 -0.000000 -0.115834 0.554466 -0.824106 9.533400 -0.031485 0.827224 0.560989 0.000000 0.000000 0.000000 0.000000 1.000000
0.992974 0.090262 -0.076523 0.000000 -0.114464 0.568616 -0.814600 9.533400 -0.030015 0.817636 0.574953 0.000000 0.000000 0.000000 0.000000 1.000000
0.993463 0.088527 -0.072067 -0.000000 -0.111019 0.602411 -0.790428 9.533400 -0.026560 0.793262 0.608301 0.000000 0.000000 0.000000 0.000000 1.000000
0.994171 0.085644 -0.065496 -0.000000 -0.105603 0.651008 -0.751689 9.533400 -0.021739 0.754223 0.656258 0.000000 0.000000 0.000000 0.000000 1.000000
0.995004 0.081596 -0.057523 -0.000000 -0.098485 0.707865 -0.699448 9.533400 -0.016354 0.701619 0.712365 0.000000 0.000000 0.000000 0.000000 1.000000
0.995874 0.076461 -0.048873 0.000000 -0.090060 0.766684 -0.635677 9.533400 -0.011134 0.637456 0.770406 0.000000 0.000000 0.000000 0.000000 1.000000
0.996702 0.070461 -0.040242 -0.000000 -0.080871 0.822016 -0.563692 9.533400 -0.006639 0.565088 0.825004 -0.000000 0.000000 0.000000 0.000000 1.000000
0.997430 0.063982 -0.032242 0.000000 -0.071575 0.869794 -0.488195 9.533400 -0.003192 0.489248 0.872139 0.000000 0.000000 0.000000 0.000000 1.000000
0.998021 0.057545 -0.025351 0.000000 -0.062875 0.907652 -0.414988 9.533400 -0.000870 0.415761 0.909473 -0.000000 0.000000 0.000000 0.000000 1.000000
0.998461 0.051764 -0.019906 0.000000 -0.055458 0.934914 -0.350516 9.533400 0.000466 0.351080 0.936345 0.000000 0.000000 0.000000 0.000000 1.000000
0.998751 0.047295 -0.016115 0.000000 -0.049953 0.952197 -0.301372 9.533400 0.001091 0.301801 0.953370 0.000000 0.000000 0.000000 0.000000 1.000000
0.998897 0.044778 -0.014127 0.000000 -0.046935 0.960599 -0.273946 9.533400 0.001303 0.274306 0.961641 -0.000000 0.000000 0.000000 0.000000 1.000000</float_array>
        <technique_common>
          <accessor source="#mixamorig_LeftHandMiddle1-Matrix-animation-output-transform-array" count="78" stride="16">
            <param type="float4x4"/>
          </accessor>
        </technique_common>
      </source>
      <source id="mixamorig_LeftHandMiddle1-Interpolations">
        <Name_array id="mixamorig_LeftHandMiddle1-Interpolations-array" count="78">
 LINEAR LINEAR LINEAR LINEAR LINEAR LINEAR LINEAR LINEAR LINEAR LINEAR LINEAR
LINEAR LINEAR LINEAR LINEAR LINEAR LINEAR LINEAR LINEAR LINEAR LINEAR LINEAR LINEAR
LINEAR LINEAR LINEAR LINEAR LINEAR LINEAR LINEAR LINEAR LINEAR LINEAR LINEAR LINEAR
LINEAR LINEAR LINEAR LINEAR LINEAR LINEAR LINEAR LINEAR LINEAR LINEAR LINEAR LINEAR
LINEAR LINEAR LINEAR LINEAR LINEAR LINEAR LINEAR LINEAR LINEAR LINEAR LINEAR LINEAR
LINEAR LINEAR LINEAR LINEAR LINEAR LINEAR LINEAR LINEAR LINEAR LINEAR LINEAR LINEAR
LINEAR LINEAR LINEAR LINEAR LINEAR LINEAR LINEAR</Name_array>
        <technique_common>
          <accessor source="#mixamorig_LeftHandMiddle1-Interpolations-array" count="78">
            <param type="name"/>
          </accessor>
        </technique_common>
      </source>
      <sampler id="mixamorig_LeftHandMiddle1-Matrix-animation-transform">
        <input semantic="INPUT" source="#mixamorig_LeftHandMiddle1-Matrix-animation-input"/>
        <input semantic="OUTPUT" source="#mixamorig_LeftHandMiddle1-Matrix-animation-output-transform"/>
        <input semantic="INTERPOLATION" source="#mixamorig_LeftHandMiddle1-Interpolations"/>
      </sampler>
      <channel source="#mixamorig_LeftHandMiddle1-Matrix-animation-transform" target="mixamorig_LeftHandMiddle1/matrix"/>
    </animation>
    <animation id="mixamorig_LeftHandMiddle2-anim" name="mixamorig_LeftHandMiddle2">
      <source id="mixamorig_LeftHandMiddle2-Matrix-animation-input">
        <float_array id="mixamorig_LeftHandMiddle2-Matrix-animation-input-array" count="78">

0.000000 0.033333 0.066667 0.100000 0.133333 0.166667 0.200000 0.233333 0.266667 0.300000 0.333333 0.366667 0.400000 0.433333 0.466667 0.500000
0.533333 0.566667 0.600000 0.633333 0.666667 0.700000 0.733333 0.766667 0.800000 0.833333 0.866667 0.900000 0.933333 0.966667 1.000000 1.033333
1.066667 1.100000 1.133333 1.166667 1.200000 1.233333 1.266667 1.300000 1.333333 1.366667 1.400000 1.433333 1.466667 1.500000 1.533333 1.566667
1.600000 1.633333 1.666667 1.700000 1.733333 1.766667 1.800000 1.833333 1.866667 1.900000 1.933333 1.966667 2.000000 2.033333 2.066667 2.100000
2.133333 2.166667 2.200000 2.233333 2.266667 2.300000 2.333333 2.366667 2.400000 2.433333 2.466667 2.500000 2.533333 2.566667</float_array>
        <technique_common>
          <accessor source="#mixamorig_LeftHandMiddle2-Matrix-animation-input-array" count="78">
            <param name="TIME" type="float"/>
          </accessor>
        </technique_common>
      </source>
      <source id="mixamorig_LeftHandMiddle2-Matrix-animation-output-transform">
        <float_array id="mixamorig_LeftHandMiddle2-Matrix-animation-output-transform-array" count="1248">

0.999519 0.030641 -0.004690 0.000000 -0.030641 0.953759 -0.299006 3.700000 -0.004689 0.299006 0.954240 -0.000000 0.000000 0.000000 0.000000 1.000000
0.999526 0.030447 -0.004629 0.000000 -0.030447 0.954356 -0.297115 3.700000 -0.004628 0.297115 0.954831 0.000000 0.000000 0.000000 0.000000 1.000000
0.999532 0.030250 -0.004568 -0.000000 -0.030250 0.954961 -0.295185 3.700000 -0.004567 0.295185 0.955429 0.000000 0.000000 0.000000 0.000000 1.000000
0.999520 0.030624 -0.004685 0.000000 -0.030624 0.953812 -0.298838 3.700000 -0.004683 0.298838 0.954292 0.000000 0.000000 0.000000 0.000000 1.000000
0.999470 0.032141 -0.005173 0.000000 -0.032141 0.948997 -0.313643 3.700000 -0.005172 0.313643 0.949527 0.000000 0.000000 0.000000 0.000000 1.000000
0.999355 0.035349 -0.006293 -0.000000 -0.035349 0.937955 -0.344951 3.700000 -0.006292 0.344951 0.938599 0.000000 0.000000 0.000000 0.000000 1.000000
0.999134 0.040738 -0.008450 0.000000 -0.040738 0.916682 -0.397535 3.700000 -0.008449 0.397535 0.917548 -0.000000 0.000000 0.000000 0.000000 1.000000
0.998702 0.049339 -0.012670 0.000000 -0.049339 0.875073 -0.481470 3.700000 -0.012668 0.481470 0.876371 -0.000000 0.000000 0.000000 0.000000 1.000000
0.997756 0.063278 -0.021902 0.000000 -0.063278 0.784035 -0.617482 3.700000 -0.021901 0.617482 0.786280 -0.000000 0.000000 0.000000 0.000000 1.000000
0.996297 0.078018 -0.036139 0.000000 -0.078019 0.643655 -0.761329 3.700000 -0.036136 0.761329 0.647358 -0.000000 0.000000 0.000000 0.000000 1.000000
0.994612 0.089343 -0.052576 0.000000 -0.089344 0.481578 -0.871837 3.700000 -0.052573 0.871837 0.486966 -0.000000 0.000000 0.000000 0.000000 1.000000
0.993202 0.095649 -0.066334 -0.000000 -0.095651 0.345907 -0.933381 3.700000 -0.066332 0.933381 0.352705 0.000000 0.000000 0.000000 0.000000 1.000000
0.992619 0.097567 -0.072025 0.000000 -0.097569 0.289795 -0.952102 3.700000 -0.072022 0.952103 0.297176 -0.000000 0.000000 0.000000 0.000000 1.000000
0.992619 0.097567 -0.072025 0.000000 -0.097570 0.289795 -0.952102 3.700000 -0.072021 0.952103 0.297176 0.000000 0.000000 0.000000 0.000000 1.000000
0.992619 0.097568 -0.072025 0.000000 -0.097570 0.289795 -0.952102 3.700000 -0.072022 0.952103 0.297176 0.000000 0.000000 0.000000 0.000000 1.000000
0.992619 0.097568 -0.072025 -0.000000 -0.097570 0.289795 -0.952102 3.700000 -0.072022 0.952103 0.297176 0.000000 0.000000 0.000000 0.000000 1.000000
0.992619 0.097568 -0.072025 0.000000 -0.097570 0.289795 -0.952102 3.700000 -0.072022 0.952103 0.297176 -0.000000 0.000000 0.000000 0.000000 1.000000
0.992619 0.097567 -0.072025 0.000000 -0.097569 0.289795 -0.952102 3.700000 -0.072022 0.952103 0.297176 0.000000 0.000000 0.000000 0.000000 1.000000
0.992998 0.096366 -0.068333 -0.000000 -0.096368 0.326200 -0.940376 3.700000 -0.068330 0.940376 0.333203 0.000000 0.000000 0.000000 0.000000 1.000000
0.995266 0.085504 -0.046193 0.000000 -0.085505 0.544515 -0.834381 3.700000 -0.046190 0.834381 0.549249 -0.000000 0.000000 0.000000 0.000000 1.000000
0.997767 0.063142 -0.021796 0.000000 -0.063143 0.785087 -0.616158 3.700000 -0.021794 0.616158 0.787321 -0.000000 0.000000 0.000000 0.000000 1.000000
0.999078 0.041980 -0.008998 0.000000 -0.041980 0.911274 -0.409655 3.700000 -0.008997 0.409655 0.912196 0.000000 0.000000 0.000000 0.000000 1.000000
0.999235 0.038395 -0.007469 0.000000 -0.038396 0.926362 -0.374671 3.700000 -0.007467 0.374671 0.927128 -0.000000 0.000000 0.000000 0.000000 1.000000
0.999235 0.038395 -0.007469 0.000000 -0.038395 0.926362 -0.374671 3.700000 -0.007467 0.374671 0.927128 0.000000 0.000000 0.000000 0.000000 1.000000
0.999235 0.038395 -0.007468 0.000000 -0.038396 0.926362 -0.374671 3.700000 -0.007467 0.374671 0.927128 0.000000 0.000000 0.000000 0.000000 1.000000
0.999235 0.038395 -0.007468 0.000000 -0.038395 0.926362 -0.374671 3.700000 -0.007467 0.374671 0.927128 -0.000000 0.000000 0.000000 0.000000 1.000000
0.999235 0.038395 -0.007468 -0.000000 -0.038395 0.926362 -0.374672 3.700000 -0.007467 0.374672 0.927127 0.000000 0.000000 0.000000 0.000000 1.000000
0.999235 0.038395 -0.007468 0.000000 -0.038395 0.926362 -0.374672 3.700000 -0.007467 0.374672 0.927128 0.000000 0.000000 0.000000 0.000000 1.000000
0.999235 0.038395 -0.007468 -0.000000 -0.038395 0.926362 -0.374671 3.700000 -0.007467 0.374671 0.927128 0.000000 0.000000 0.000000 0.000000 1.000000
0.999235 0.038395 -0.007468 0.000000 -0.038395 0.926362 -0.374671 3.700000 -0.007467 0.374671 0.927128 -0.000000 0.000000 0.000000 0.000000 1.000000
0.999235 0.038395 -0.007469 -0.000000 -0.038395 0.926362 -0.374671 3.700000 -0.007467 0.374671 0.927128 0.000000 0.000000 0.000000 0.000000 1.000000
0.999469 0.032184 -0.005187 -0.000000 -0.032184 0.948857 -0.314061 3.700000 -0.005186 0.314061 0.949389 -0.000000 0.000000 0.000000 0.000000 1.000000
0.999731 0.023037 -0.002623 -0.000000 -0.023037 0.974132 -0.224803 3.700000 -0.002623 0.224803 0.974401 0.000000 0.000000 0.000000 0.000000 1.000000
0.999834 0.018144 -0.001619 -0.000000 -0.018144 0.984033 -0.177058 3.700000 -0.001619 0.177058 0.984199 0.000000 0.000000 0.000000 0.000000 1.000000
0.999896 0.014420 -0.001020 0.000000 -0.014420 0.989945 -0.140712 3.700000 -0.001019 0.140712 0.990050 0.000000 0.000000 0.000000 0.000000 1.000000
0.999934 0.011435 -0.000640 0.000000 -0.011435 0.993689 -0.111587 3.700000 -0.000640 0.111587 0.993755 -0.000000 0.000000 0.000000 0.000000 1.000000
0.999962 0.008745 -0.000374 0.000000 -0.008745 0.996314 -0.085334 3.700000 -0.000374 0.085334 0.996352 -0.000000 0.000000 0.000000 0.000000 1.000000
0.999983 0.005896 -0.000170 -0.000000 -0.005896 0.998326 -0.057536 3.700000 -0.000170 0.057536 0.998343 0.000000 0.000000 0.000000 0.000000 1.000000
0.999977 0.006786 -0.000225 0.000000 -0.006786 0.997782 -0.066220 3.700000 -0.000225 0.066220 0.997805 0.000000 0.000000 0.000000 0.000000 1.000000
0.999863 0.016472 -0.001333 0.000000 -0.016472 0.986860 -0.160737 3.700000 -0.001332 0.160737 0.986996 0.000000 0.000000 0.000000 0.000000 1.000000
0.999731 0.023037 -0.002624 0.000000 -0.023037 0.974132 -0.224802 3.700000 -0.002623 0.224802 0.974401 -0.000000 0.000000 0.000000 0.000000 1.000000
0.999760 0.021793 -0.002345 -0.000000 -0.021794 0.976881 -0.212668 3.700000 -0.002344 0.212668 0.977122 -0.000000 0.000000 0.000000 0.000000 1.000000
0.999859 0.016759 -0.001380 -0.000000 -0.016759 0.986395 -0.163535 3.700000 -0.001379 0.163535 0.986537 0.000000 0.000000 0.000000 0.000000 1.000000
0.999948 0.010150 -0.000504 0.000000 -0.010150 0.995031 -0.099046 3.700000 -0.000504 0.099046 0.995083 0.000000 0.000000 0.000000 0.000000 1.000000
0.999991 0.004270 -0.000089 0.000000 -0.004270 0.999122 -0.041667 3.700000 -0.000089 0.041667 0.999132 -0.000000 0.000000 0.000000 0.000000 1.000000
0.999997 0.002270 -0.000025 0.000000 -0.002270 0.999752 -0.022148 3.700000 -0.000025 0.022148 0.999755 0.000000 0.000000 0.000000 0.000000 1.000000
0.999989 0.004632 -0.000105 0.000000 -0.004632 0.998967 -0.045197 3.700000 -0.000105 0.045197 0.998978 -0.000000 0.000000 0.000000 0.000000 1.000000
0.999953 0.009682 -0.000459 -0.000000 -0.009682 0.995479 -0.094482 3.700000 -0.000458 0.094482 0.995526 0.000000 0.000000 0.000000 0.000000 1.000000
0.999876 0.015732 -0.001215 -0.000000 -0.015732 0.988020 -0.153523 3.700000 -0.001215 0.153523 0.988144 0.000000 0.000000 0.000000 0.000000 1.000000
0.999775 0.021109 -0.002198 -0.000000 -0.021109 0.978327 -0.205986 3.700000 -0.002197 0.205986 0.978552 0.000000 0.000000 0.000000 0.000000 1.000000
0.999695 0.024509 -0.002975 0.000000 -0.024509 0.970670 -0.239162 3.700000 -0.002974 0.239162 0.970975 0.000000 0.000000 0.000000 0.000000 1.000000
0.999630 0.026951 -0.003608 -0.000000 -0.026951 0.964421 -0.262993 3.700000 -0.003608 0.262993 0.964791 0.000000 0.000000 0.000000 0.000000 1.000000
0.999571 0.029001 -0.004191 -0.000000 -0.029001 0.958681 -0.283000 3.700000 -0.004190 0.283000 0.959111 -0.000000 0.000000 0.000000 0.000000 1.000000
0.999508 0.030984 -0.004798 -0.000000 -0.030984 0.952692 -0.302353 3.700000 -0.004797 0.302353 0.953184 0.000000 0.000000 0.000000 0.000000 1.000000
0.999433 0.033217 -0.005535 0.000000 -0.033217 0.945425 -0.324143 3.700000 -0.005534 0.324143 0.945992 0.000000 0.000000 0.000000 0.000000 1.000000
0.999330 0.036006 -0.006537 0.000000 -0.036006 0.935549 -0.351357 3.700000 -0.006535 0.351357 0.936219 -0.000000 0.000000 0.000000 0.000000 1.000000
0.999182 0.039639 -0.007981 0.000000 -0.039639 0.921310 -0.386803 3.700000 -0.007980 0.386803 0.922128 0.000000 0.000000 0.000000 0.000000 1.000000
0.998964 0.044369 -0.010110 -0.000000 -0.044370 0.900315 -0.432972 3.700000 -0.010109 0.432972 0.901351 0.000000 0.000000 0.000000 0.000000 1.000000
0.998613 0.050883 -0.013537 0.000000 -0.050884 0.866524 -0.496536 3.700000 -0.013535 0.496536 0.867911 -0.000000 0.000000 0.000000 0.000000 1.000000
0.998080 0.059040 -0.018740 0.000000 -0.059041 0.815217 -0.576138 3.700000 -0.018738 0.576138 0.817137 0.000000 0.000000 0.000000 0.000000 1.000000
0.997367 0.067818 -0.025698 0.000000 -0.067819 0.746610 -0.661796 3.700000 -0.025696 0.661796 0.749244 -0.000000 0.000000 0.000000 0.000000 1.000000
0.996503 0.076272 -0.034127 0.000000 -0.076273 0.663491 -0.744287 3.700000 -0.034125 0.744287 0.666988 -0.000000 0.000000 0.000000 0.000000 1.000000
0.995548 0.083650 -0.043450 0.000000 -0.083651 0.571560 -0.816285 3.700000 -0.043448 0.816285 0.576013 0.000000 0.000000 0.000000 0.000000 1.000000
0.994585 0.089488 -0.052840 0.000000 -0.089489 0.478969 -0.873259 3.700000 -0.052837 0.873259 0.484383 -0.000000 0.000000 0.000000 0.000000 1.000000
0.993716 0.093638 -0.061322 0.000000 -0.093639 0.395331 -0.913753 3.700000 -0.061319 0.913753 0.401615 0.000000 0.000000 0.000000 0.000000 1.000000
0.993044 0.096208 -0.067882 0.000000 -0.096210 0.330645 -0.938838 3.700000 -0.067879 0.938838 0.337602 0.000000 0.000000 0.000000 0.000000 1.000000
0.992668 0.097422 -0.071552 0.000000 -0.097424 0.294460 -0.950685 3.700000 -0.071549 0.950685 0.301792 0.000000 0.000000 0.000000 0.000000 1.000000
0.992680 0.097384 -0.071429 0.000000 -0.097386 0.295665 -0.950315 3.700000 -0.071427 0.950315 0.302984 0.000000 0.000000 0.000000 0.000000 1.000000
0.993113 0.095969 -0.067210 -0.000000 -0.095971 0.337269 -0.936504 3.700000 -0.067207 0.936504 0.344157 -0.000000 0.000000 0.000000 0.000000 1.000000
0.993871 0.092968 -0.059809 0.000000 -0.092970 0.410245 -0.907224 3.700000 -0.059807 0.907224 0.416374 0.000000 0.000000 0.000000 0.000000 1.000000
0.994839 0.088082 -0.050361 -0.000000 -0.088084 0.503416 -0.859543 3.700000 -0.050358 0.859543 0.508577 0.000000 0.000000 0.000000 0.000000 1.000000
0.995895 0.081169 -0.040059 -0.000000 -0.081170 0.605001 -0.792077 3.700000 -0.040056 0.792077 0.609106 0.000000 0.000000 0.000000 0.000000 1.000000
0.996921 0.072425 -0.030045 0.000000 -0.072426 0.703744 -0.706752 3.700000 -0.030043 0.706752 0.706823 0.000000 0.000000 0.000000 0.000000 1.000000
0.997822 0.062447 -0.021256 0.000000 -0.062448 0.790413 -0.609383 3.700000 -0.021254 0.609383 0.792591 -0.000000 0.000000 0.000000 0.000000 1.000000
0.998536 0.052173 -0.014289 0.000000 -0.052174 0.859109 -0.509126 3.700000 -0.014287 0.509126 0.860573 -0.000000 0.000000 0.000000 0.000000 1.000000
0.999042 0.042750 -0.009349 0.000000 -0.042751 0.907821 -0.417173 3.700000 -0.009347 0.417173 0.908779 -0.000000 0.000000 0.000000 0.000000 1.000000
0.999354 0.035381 -0.006304 0.000000 -0.035381 0.937839 -0.345262 3.700000 -0.006303 0.345262 0.938485 0.000000 0.000000 0.000000 0.000000 1.000000
0.999501 0.031207 -0.004869 0.000000 -0.031207 0.951992 -0.304527 3.700000 -0.004868 0.304527 0.952491 -0.000000 0.000000 0.000000 0.000000 1.000000</float_array>
        <technique_common>
          <accessor source="#mixamorig_LeftHandMiddle2-Matrix-animation-output-transform-array" count="78" stride="16">
            <param type="float4x4"/>
          </accessor>
        </technique_common>
      </source>
      <source id="mixamorig_LeftHandMiddle2-Interpolations">
        <Name_array id="mixamorig_LeftHandMiddle2-Interpolations-array" count="78">
 LINEAR LINEAR LINEAR LINEAR LINEAR LINEAR LINEAR LINEAR LINEAR LINEAR LINEAR
LINEAR LINEAR LINEAR LINEAR LINEAR LINEAR LINEAR LINEAR LINEAR LINEAR LINEAR LINEAR
LINEAR LINEAR LINEAR LINEAR LINEAR LINEAR LINEAR LINEAR LINEAR LINEAR LINEAR LINEAR
LINEAR LINEAR LINEAR LINEAR LINEAR LINEAR LINEAR LINEAR LINEAR LINEAR LINEAR LINEAR
LINEAR LINEAR LINEAR LINEAR LINEAR LINEAR LINEAR LINEAR LINEAR LINEAR LINEAR LINEAR
LINEAR LINEAR LINEAR LINEAR LINEAR LINEAR LINEAR LINEAR LINEAR LINEAR LINEAR LINEAR
LINEAR LINEAR LINEAR LINEAR LINEAR LINEAR LINEAR</Name_array>
        <technique_common>
          <accessor source="#mixamorig_LeftHandMiddle2-Interpolations-array" count="78">
            <param type="name"/>
          </accessor>
        </technique_common>
      </source>
      <sampler id="mixamorig_LeftHandMiddle2-Matrix-animation-transform">
        <input semantic="INPUT" source="#mixamorig_LeftHandMiddle2-Matrix-animation-input"/>
        <input semantic="OUTPUT" source="#mixamorig_LeftHandMiddle2-Matrix-animation-output-transform"/>
        <input semantic="INTERPOLATION" source="#mixamorig_LeftHandMiddle2-Interpolations"/>
      </sampler>
      <channel source="#mixamorig_LeftHandMiddle2-Matrix-animation-transform" target="mixamorig_LeftHandMiddle2/matrix"/>
    </animation>
    <animation id="mixamorig_LeftHandMiddle3-anim" name="mixamorig_LeftHandMiddle3">
      <source id="mixamorig_LeftHandMiddle3-Matrix-animation-input">
        <float_array id="mixamorig_LeftHandMiddle3-Matrix-animation-input-array" count="78">

0.000000 0.033333 0.066667 0.100000 0.133333 0.166667 0.200000 0.233333 0.266667 0.300000 0.333333 0.366667 0.400000 0.433333 0.466667 0.500000
0.533333 0.566667 0.600000 0.633333 0.666667 0.700000 0.733333 0.766667 0.800000 0.833333 0.866667 0.900000 0.933333 0.966667 1.000000 1.033333
1.066667 1.100000 1.133333 1.166667 1.200000 1.233333 1.266667 1.300000 1.333333 1.366667 1.400000 1.433333 1.466667 1.500000 1.533333 1.566667
1.600000 1.633333 1.666667 1.700000 1.733333 1.766667 1.800000 1.833333 1.866667 1.900000 1.933333 1.966667 2.000000 2.033333 2.066667 2.100000
2.133333 2.166667 2.200000 2.233333 2.266667 2.300000 2.333333 2.366667 2.400000 2.433333 2.466667 2.500000 2.533333 2.566667</float_array>
        <technique_common>
          <accessor source="#mixamorig_LeftHandMiddle3-Matrix-animation-input-array" count="78">
            <param name="TIME" type="float"/>
          </accessor>
        </technique_common>
      </source>
      <source id="mixamorig_LeftHandMiddle3-Matrix-animation-output-transform">
        <float_array id="mixamorig_LeftHandMiddle3-Matrix-animation-output-transform-array" count="1248">

0.999463 0.032354 -0.005243 0.000000 -0.032354 0.948301 -0.315718 2.950000 -0.005242 0.315718 0.948839 0.000000 0.000000 0.000000 0.000000 1.000000
0.999440 0.033024 -0.005469 -0.000000 -0.033024 0.946076 -0.322258 2.950000 -0.005468 0.322258 0.946636 0.000000 0.000000 0.000000 0.000000 1.000000
0.999376 0.034798 -0.006092 0.000000 -0.034799 0.939935 -0.339576 2.950000 -0.006091 0.339576 0.940559 0.000000 0.000000 0.000000 0.000000 1.000000
0.999279 0.037319 -0.007040 0.000000 -0.037319 0.930584 -0.364172 2.950000 -0.007039 0.364172 0.931305 -0.000000 0.000000 0.000000 0.000000 1.000000
0.999157 0.040229 -0.008231 -0.000000 -0.040229 0.918843 -0.392566 2.950000 -0.008230 0.392566 0.919687 0.000000 0.000000 0.000000 0.000000 1.000000
0.999022 0.043182 -0.009548 0.000000 -0.043182 0.905853 -0.421385 2.950000 -0.009547 0.421385 0.906832 0.000000 0.000000 0.000000 0.000000 1.000000
0.998890 0.045850 -0.010837 0.000000 -0.045850 0.893149 -0.447417 2.950000 -0.010835 0.447417 0.894260 0.000000 0.000000 0.000000 0.000000 1.000000
0.998771 0.048092 -0.011995 0.000000 -0.048093 0.881729 -0.469299 2.950000 -0.011993 0.469299 0.882958 -0.000000 0.000000 0.000000 0.000000 1.000000
0.998630 0.050598 -0.013374 0.000000 -0.050598 0.868130 -0.493750 2.950000 -0.013372 0.493750 0.869501 -0.000000 0.000000 0.000000 0.000000 1.000000
0.998475 0.053155 -0.014878 0.000000 -0.053155 0.853302 -0.518700 2.950000 -0.014876 0.518700 0.854827 0.000000 0.000000 0.000000 0.000000 1.000000
0.998332 0.055397 -0.016281 0.000000 -0.055398 0.839461 -0.540588 2.950000 -0.016280 0.540588 0.841130 -0.000000 0.000000 0.000000 0.000000 1.000000
0.998225 0.056985 -0.017325 0.000000 -0.056986 0.829171 -0.556082 2.950000 -0.017323 0.556082 0.830947 0.000000 0.000000 0.000000 0.000000 1.000000
0.998183 0.057589 -0.017733 0.000000 -0.057589 0.825152 -0.561968 2.950000 -0.017731 0.561968 0.826969 0.000000 0.000000 0.000000 0.000000 1.000000
0.998183 0.057588 -0.017732 0.000000 -0.057589 0.825152 -0.561968 2.950000 -0.017731 0.561968 0.826969 0.000000 0.000000 0.000000 0.000000 1.000000
0.998183 0.057588 -0.017733 0.000000 -0.057589 0.825152 -0.561968 2.950000 -0.017730 0.561968 0.826969 0.000000 0.000000 0.000000 0.000000 1.000000
0.998183 0.057588 -0.017733 0.000000 -0.057589 0.825152 -0.561968 2.950000 -0.017731 0.561968 0.826969 -0.000000 0.000000 0.000000 0.000000 1.000000
0.998183 0.057588 -0.017732 0.000000 -0.057589 0.825152 -0.561968 2.950000 -0.017731 0.561968 0.826969 0.000000 0.000000 0.000000 0.000000 1.000000
0.998183 0.057588 -0.017732 0.000000 -0.057589 0.825152 -0.561968 2.950000 -0.017731 0.561968 0.826969 0.000000 0.000000 0.000000 0.000000 1.000000
0.998184 0.057576 -0.017724 0.000000 -0.057576 0.825237 -0.561844 2.950000 -0.017722 0.561844 0.827054 0.000000 0.000000 0.000000 0.000000 1.000000
0.998189 0.057494 -0.017669 0.000000 -0.057495 0.825783 -0.561050 2.950000 -0.017667 0.561050 0.827593 0.000000 0.000000 0.000000 0.000000 1.000000
0.998197 0.057385 -0.017594 0.000000 -0.057386 0.826514 -0.559983 2.950000 -0.017593 0.559983 0.828317 -0.000000 0.000000 0.000000 0.000000 1.000000
0.998203 0.057304 -0.017539 0.000000 -0.057304 0.827058 -0.559189 2.950000 -0.017538 0.559189 0.828855 0.000000 0.000000 0.000000 0.000000 1.000000
0.998204 0.057291 -0.017530 0.000000 -0.057291 0.827143 -0.559064 2.950000 -0.017529 0.559064 0.828939 0.000000 0.000000 0.000000 0.000000 1.000000
0.998204 0.057291 -0.017530 0.000000 -0.057292 0.827143 -0.559064 2.950000 -0.017529 0.559064 0.828939 0.000000 0.000000 0.000000 0.000000 1.000000
0.998204 0.057291 -0.017531 0.000000 -0.057292 0.827143 -0.559064 2.950000 -0.017529 0.559064 0.828939 0.000000 0.000000 0.000000 0.000000 1.000000
0.998204 0.057291 -0.017531 0.000000 -0.057291 0.827143 -0.559064 2.950000 -0.017529 0.559064 0.828939 0.000000 0.000000 0.000000 0.000000 1.000000
0.998204 0.057291 -0.017531 0.000000 -0.057291 0.827143 -0.559064 2.950000 -0.017529 0.559064 0.828939 0.000000 0.000000 0.000000 0.000000 1.000000
0.998204 0.057291 -0.017531 0.000000 -0.057292 0.827143 -0.559064 2.950000 -0.017529 0.559064 0.828939 0.000000 0.000000 0.000000 0.000000 1.000000
0.998204 0.057291 -0.017531 0.000000 -0.057292 0.827143 -0.559064 2.950000 -0.017529 0.559064 0.828939 -0.000000 0.000000 0.000000 0.000000 1.000000
0.998204 0.057291 -0.017531 -0.000000 -0.057292 0.827143 -0.559064 2.950000 -0.017529 0.559064 0.828939 -0.000000 0.000000 0.000000 0.000000 1.000000
0.998204 0.057291 -0.017531 0.000000 -0.057292 0.827143 -0.559064 2.950000 -0.017529 0.559064 0.828939 0.000000 0.000000 0.000000 0.000000 1.000000
0.998092 0.058871 -0.018621 0.000000 -0.058872 0.816394 -0.574487 2.950000 -0.018619 0.574487 0.818302 0.000000 0.000000 0.000000 0.000000 1.000000
0.998212 0.057172 -0.017451 0.000000 -0.057173 0.827933 -0.557905 2.950000 -0.017448 0.557905 0.829721 -0.000000 0.000000 0.000000 0.000000 1.000000
0.998770 0.048108 -0.012003 -0.000000 -0.048109 0.881643 -0.469458 2.950000 -0.012002 0.469458 0.882873 0.000000 0.000000 0.000000 0.000000 1.000000
0.999382 0.034621 -0.006028 0.000000 -0.034622 0.940564 -0.337848 2.950000 -0.006027 0.337848 0.941181 0.000000 0.000000 0.000000 0.000000 1.000000
0.999840 0.017841 -0.001565 0.000000 -0.017841 0.984567 -0.174095 2.950000 -0.001565 0.174095 0.984728 0.000000 0.000000 0.000000 0.000000 1.000000
1.000000 -0.000504 -0.000001 0.000000 0.000504 0.999988 0.004916 2.950000 -0.000001 -0.004916 0.999988 0.000000 0.000000 0.000000 0.000000 1.000000
0.999831 -0.018318 -0.001650 0.000000 0.018318 0.983724 0.178751 2.950000 -0.001651 -0.178751 0.983893 0.000000 0.000000 0.000000 0.000000 1.000000
0.999887 -0.015019 -0.001106 0.000000 0.015019 0.989087 0.146566 2.950000 -0.001107 -0.146566 0.989200 0.000000 0.000000 0.000000 0.000000 1.000000
0.999557 0.029439 -0.004321 0.000000 -0.029439 0.957395 -0.287277 2.950000 -0.004320 0.287277 0.957838 0.000000 0.000000 0.000000 0.000000 1.000000
0.998212 0.057172 -0.017450 -0.000000 -0.057173 0.827933 -0.557905 2.950000 -0.017449 0.557905 0.829721 -0.000000 0.000000 0.000000 0.000000 1.000000
0.998533 0.052219 -0.014316 0.000000 -0.052220 0.858841 -0.509573 2.950000 -0.014314 0.509573 0.860308 0.000000 0.000000 0.000000 0.000000 1.000000
0.999517 0.030718 -0.004714 0.000000 -0.030718 0.953520 -0.299758 2.950000 -0.004713 0.299758 0.954003 -0.000000 0.000000 0.000000 0.000000 1.000000
1.000000 0.000482 -0.000001 0.000000 -0.000482 0.999989 -0.004707 2.950000 -0.000001 0.004707 0.999989 0.000000 0.000000 0.000000 0.000000 1.000000
0.999646 -0.026385 -0.003455 0.000000 0.026385 0.965926 0.257471 2.950000 -0.003456 -0.257471 0.966280 0.000000 0.000000 0.000000 0.000000 1.000000
0.999646 -0.026385 -0.003455 -0.000000 0.026385 0.965926 0.257471 2.950000 -0.003456 -0.257471 0.966280 -0.000000 0.000000 0.000000 0.000000 1.000000
0.999771 -0.021274 -0.002232 0.000000 0.021274 0.977983 0.207595 2.950000 -0.002233 -0.207595 0.978212 -0.000000 0.000000 0.000000 0.000000 1.000000
0.999992 0.004083 -0.000081 0.000000 -0.004083 0.999198 -0.039841 2.950000 -0.000081 0.039841 0.999206 0.000000 0.000000 0.000000 0.000000 1.000000
0.999474 0.032016 -0.005131 0.000000 -0.032016 0.949404 -0.312422 2.950000 -0.005131 0.312422 0.949929 0.000000 0.000000 0.000000 0.000000 1.000000
0.998534 0.052200 -0.014305 0.000000 -0.052201 0.858955 -0.509384 2.950000 -0.014303 0.509384 0.860421 0.000000 0.000000 0.000000 0.000000 1.000000
0.998038 0.059605 -0.019142 -0.000000 -0.059606 0.811253 -0.581649 2.950000 -0.019140 0.581649 0.813215 0.000000 0.000000 0.000000 0.000000 1.000000
0.997875 0.061772 -0.020740 -0.000000 -0.061773 0.795502 -0.602794 2.950000 -0.020738 0.602794 0.797628 0.000000 0.000000 0.000000 0.000000 1.000000
0.997919 0.061199 -0.020308 0.000000 -0.061200 0.799751 -0.597205 2.950000 -0.020307 0.597205 0.801832 -0.000000 0.000000 0.000000 0.000000 1.000000
0.998102 0.058735 -0.018525 0.000000 -0.058736 0.817337 -0.573158 2.950000 -0.018523 0.573158 0.819235 0.000000 0.000000 0.000000 0.000000 1.000000
0.998346 0.055177 -0.016140 -0.000000 -0.055178 0.840859 -0.538434 2.950000 -0.016138 0.538434 0.842513 -0.000000 0.000000 0.000000 0.000000 1.000000
0.998583 0.051384 -0.013826 -0.000000 -0.051384 0.863674 -0.501424 2.950000 -0.013824 0.501424 0.865091 0.000000 0.000000 0.000000 0.000000 1.000000
0.998759 0.048312 -0.012113 -0.000000 -0.048313 0.880569 -0.471449 2.950000 -0.012111 0.471449 0.881810 0.000000 0.000000 0.000000 0.000000 1.000000
0.998831 0.046979 -0.011411 -0.000000 -0.046979 0.887485 -0.458435 2.950000 -0.011409 0.458435 0.888655 0.000000 0.000000 0.000000 0.000000 1.000000
0.998815 0.047271 -0.011563 0.000000 -0.047272 0.885989 -0.461291 2.950000 -0.011561 0.461291 0.887174 0.000000 0.000000 0.000000 0.000000 1.000000
0.998762 0.048261 -0.012085 0.000000 -0.048262 0.880839 -0.470950 2.950000 -0.012084 0.470950 0.882077 0.000000 0.000000 0.000000 0.000000 1.000000
0.998679 0.049740 -0.012892 0.000000 -0.049740 0.872887 -0.485380 2.950000 -0.012890 0.485380 0.874208 -0.000000 0.000000 0.000000 0.000000 1.000000
0.998576 0.051500 -0.013893 0.000000 -0.051500 0.863011 -0.502553 2.950000 -0.013891 0.502553 0.864435 0.000000 0.000000 0.000000 0.000000 1.000000
0.998464 0.053339 -0.014990 0.000000 -0.053339 0.852196 -0.520497 2.950000 -0.014988 0.520497 0.853732 0.000000 0.000000 0.000000 0.000000 1.000000
0.998354 0.055063 -0.016067 0.000000 -0.055064 0.841577 -0.537323 2.950000 -0.016065 0.537323 0.843224 0.000000 0.000000 0.000000 0.000000 1.000000
0.998259 0.056488 -0.016994 0.000000 -0.056489 0.832437 -0.551233 2.950000 -0.016992 0.551233 0.834178 0.000000 0.000000 0.000000 0.000000 1.000000
0.998193 0.057438 -0.017631 0.000000 -0.057439 0.826157 -0.560504 2.950000 -0.017629 0.560504 0.827964 0.000000 0.000000 0.000000 0.000000 1.000000
0.998172 0.057738 -0.017835 0.000000 -0.057739 0.824143 -0.563431 2.950000 -0.017833 0.563431 0.825971 0.000000 0.000000 0.000000 0.000000 1.000000
0.998209 0.057209 -0.017476 0.000000 -0.057210 0.827686 -0.558268 2.950000 -0.017474 0.558268 0.829476 0.000000 0.000000 0.000000 0.000000 1.000000
0.998304 0.055807 -0.016547 0.000000 -0.055808 0.836845 -0.544588 2.950000 -0.016545 0.544588 0.838541 0.000000 0.000000 0.000000 0.000000 1.000000
0.998442 0.053681 -0.015200 0.000000 -0.053681 0.850125 -0.523838 2.950000 -0.015198 0.523838 0.851683 0.000000 0.000000 0.000000 0.000000 1.000000
0.998606 0.050992 -0.013599 0.000000 -0.050993 0.865908 -0.497598 2.950000 -0.013598 0.497598 0.867301 0.000000 0.000000 0.000000 0.000000 1.000000
0.998781 0.047912 -0.011899 0.000000 -0.047912 0.882673 -0.467538 2.950000 -0.011898 0.467538 0.883893 0.000000 0.000000 0.000000 0.000000 1.000000
0.998951 0.044625 -0.010233 -0.000000 -0.044625 0.899099 -0.435465 2.950000 -0.010232 0.435465 0.900147 -0.000000 0.000000 0.000000 0.000000 1.000000
0.999107 0.041332 -0.008710 0.000000 -0.041333 0.914118 -0.403337 2.950000 -0.008709 0.403337 0.915010 -0.000000 0.000000 0.000000 0.000000 1.000000
0.999241 0.038249 -0.007409 0.000000 -0.038249 0.926946 -0.373241 2.950000 -0.007408 0.373241 0.927705 0.000000 0.000000 0.000000 0.000000 1.000000
0.999346 0.035596 -0.006384 -0.000000 -0.035597 0.937056 -0.347360 2.950000 -0.006383 0.347360 0.937710 0.000000 0.000000 0.000000 0.000000 1.000000
0.999419 0.033605 -0.005669 -0.000000 -0.033605 0.944106 -0.327924 2.950000 -0.005668 0.327925 0.944687 0.000000 0.000000 0.000000 0.000000 1.000000
0.999458 0.032502 -0.005293 0.000000 -0.032502 0.947814 -0.317163 2.950000 -0.005292 0.317163 0.948356 0.000000 0.000000 0.000000 0.000000 1.000000</float_array>
        <technique_common>
          <accessor source="#mixamorig_LeftHandMiddle3-Matrix-animation-output-transform-array" count="78" stride="16">
            <param type="float4x4"/>
          </accessor>
        </technique_common>
      </source>
      <source id="mixamorig_LeftHandMiddle3-Interpolations">
        <Name_array id="mixamorig_LeftHandMiddle3-Interpolations-array" count="78">
 LINEAR LINEAR LINEAR LINEAR LINEAR LINEAR LINEAR LINEAR LINEAR LINEAR LINEAR
LINEAR LINEAR LINEAR LINEAR LINEAR LINEAR LINEAR LINEAR LINEAR LINEAR LINEAR LINEAR
LINEAR LINEAR LINEAR LINEAR LINEAR LINEAR LINEAR LINEAR LINEAR LINEAR LINEAR LINEAR
LINEAR LINEAR LINEAR LINEAR LINEAR LINEAR LINEAR LINEAR LINEAR LINEAR LINEAR LINEAR
LINEAR LINEAR LINEAR LINEAR LINEAR LINEAR LINEAR LINEAR LINEAR LINEAR LINEAR LINEAR
LINEAR LINEAR LINEAR LINEAR LINEAR LINEAR LINEAR LINEAR LINEAR LINEAR LINEAR LINEAR
LINEAR LINEAR LINEAR LINEAR LINEAR LINEAR LINEAR</Name_array>
        <technique_common>
          <accessor source="#mixamorig_LeftHandMiddle3-Interpolations-array" count="78">
            <param type="name"/>
          </accessor>
        </technique_common>
      </source>
      <sampler id="mixamorig_LeftHandMiddle3-Matrix-animation-transform">
        <input semantic="INPUT" source="#mixamorig_LeftHandMiddle3-Matrix-animation-input"/>
        <input semantic="OUTPUT" source="#mixamorig_LeftHandMiddle3-Matrix-animation-output-transform"/>
        <input semantic="INTERPOLATION" source="#mixamorig_LeftHandMiddle3-Interpolations"/>
      </sampler>
      <channel source="#mixamorig_LeftHandMiddle3-Matrix-animation-transform" target="mixamorig_LeftHandMiddle3/matrix"/>
    </animation>
    <animation id="mixamorig_LeftHandRing1-anim" name="mixamorig_LeftHandRing1">
      <source id="mixamorig_LeftHandRing1-Matrix-animation-input">
        <float_array id="mixamorig_LeftHandRing1-Matrix-animation-input-array" count="78">

0.000000 0.033333 0.066667 0.100000 0.133333 0.166667 0.200000 0.233333 0.266667 0.300000 0.333333 0.366667 0.400000 0.433333 0.466667 0.500000
0.533333 0.566667 0.600000 0.633333 0.666667 0.700000 0.733333 0.766667 0.800000 0.833333 0.866667 0.900000 0.933333 0.966667 1.000000 1.033333
1.066667 1.100000 1.133333 1.166667 1.200000 1.233333 1.266667 1.300000 1.333333 1.366667 1.400000 1.433333 1.466667 1.500000 1.533333 1.566667
1.600000 1.633333 1.666667 1.700000 1.733333 1.766667 1.800000 1.833333 1.866667 1.900000 1.933333 1.966667 2.000000 2.033333 2.066667 2.100000
2.133333 2.166667 2.200000 2.233333 2.266667 2.300000 2.333333 2.366667 2.400000 2.433333 2.466667 2.500000 2.533333 2.566667</float_array>
        <technique_common>
          <accessor source="#mixamorig_LeftHandRing1-Matrix-animation-input-array" count="78">
            <param name="TIME" type="float"/>
          </accessor>
        </technique_common>
      </source>
      <source id="mixamorig_LeftHandRing1-Matrix-animation-output-transform">
        <float_array id="mixamorig_LeftHandRing1-Matrix-animation-output-transform-array" count="1248">

0.997975 0.060151 -0.020690 1.865100 -0.063565 0.930777 -0.360020 9.104500 -0.002398 0.360606 0.932715 0.043000 0.000000 0.000000 0.000000 1.000000
0.997215 0.071269 -0.021960 1.865100 -0.074295 0.923920 -0.375302 9.104500 -0.006458 0.375888 0.926643 0.043000 0.000000 0.000000 0.000000 1.000000
0.994713 0.099503 -0.025406 1.865100 -0.101038 0.903959 -0.415510 9.104500 -0.018379 0.415880 0.909234 0.043000 0.000000 0.000000 0.000000 1.000000
0.990089 0.137088 -0.030516 1.865100 -0.135179 0.871277 -0.471809 9.104500 -0.038091 0.471257 0.881173 0.043000 0.000000 0.000000 0.000000 1.000000
0.983651 0.176292 -0.036767 1.865100 -0.168347 0.827662 -0.535384 9.104500 -0.063953 0.532820 0.843808 0.043000 0.000000 0.000000 0.000000 1.000000
0.976807 0.209641 -0.043570 1.865100 -0.193583 0.777679 -0.598114 9.104500 -0.091506 0.592677 0.800226 0.043000 0.000000 0.000000 0.000000 1.000000
0.971881 0.230047 -0.050254 1.865100 -0.206236 0.728603 -0.653150 9.104500 -0.113640 0.645148 0.755559 0.043000 0.000000 0.000000 0.000000 1.000000
0.971399 0.230623 -0.056540 1.865100 -0.203522 0.685990 -0.698568 9.104500 -0.122320 0.690095 0.713307 0.043000 0.000000 0.000000 0.000000 1.000000
0.975586 0.209978 -0.064353 1.865100 -0.186420 0.636852 -0.748109 9.104500 -0.116103 0.741841 0.660448 0.043000 0.000000 0.000000 0.000000 1.000000
0.981592 0.176560 -0.072825 1.865100 -0.163872 0.582738 -0.795966 9.104500 -0.098098 0.793248 0.600944 0.043000 0.000000 0.000000 0.000000 1.000000
0.986873 0.140000 -0.080513 1.865100 -0.143477 0.531159 -0.835035 9.104500 -0.074140 0.835625 0.544274 0.043000 0.000000 0.000000 0.000000 1.000000
0.990151 0.110444 -0.086043 1.865100 -0.129699 0.492183 -0.860775 9.104500 -0.052719 0.863457 0.501659 0.043000 0.000000 0.000000 0.000000 1.000000
0.991245 0.098293 -0.088157 1.865100 -0.124667 0.476838 -0.870106 9.104500 -0.043488 0.873478 0.484917 0.043000 0.000000 0.000000 0.000000 1.000000
0.991245 0.098292 -0.088156 1.865100 -0.124666 0.476838 -0.870106 9.104500 -0.043488 0.873478 0.484917 0.043000 0.000000 0.000000 0.000000 1.000000
0.991245 0.098292 -0.088156 1.865100 -0.124666 0.476838 -0.870106 9.104500 -0.043488 0.873478 0.484917 0.043000 0.000000 0.000000 0.000000 1.000000
0.991245 0.098292 -0.088156 1.865100 -0.124666 0.476838 -0.870106 9.104500 -0.043488 0.873478 0.484917 0.043000 0.000000 0.000000 0.000000 1.000000
0.991245 0.098292 -0.088156 1.865100 -0.124666 0.476838 -0.870106 9.104500 -0.043488 0.873478 0.484917 0.043000 0.000000 0.000000 0.000000 1.000000
0.991245 0.098292 -0.088156 1.865100 -0.124666 0.476838 -0.870106 9.104500 -0.043488 0.873478 0.484917 0.043000 0.000000 0.000000 0.000000 1.000000
0.991250 0.098283 -0.088115 1.865100 -0.124642 0.477175 -0.869925 9.104500 -0.043453 0.873295 0.485250 0.043000 0.000000 0.000000 0.000000 1.000000
0.991279 0.098226 -0.087848 1.865100 -0.124486 0.479316 -0.868769 9.104500 -0.043229 0.872128 0.487364 0.043000 0.000000 0.000000 0.000000 1.000000
0.991319 0.098148 -0.087489 1.865100 -0.124276 0.482187 -0.867209 9.104500 -0.042929 0.870553 0.490198 0.043000 0.000000 0.000000 0.000000 1.000000
0.991348 0.098090 -0.087222 1.865100 -0.124119 0.484322 -0.866041 9.104500 -0.042706 0.869374 0.492306 0.043000 0.000000 0.000000 0.000000 1.000000
0.991353 0.098080 -0.087180 1.865100 -0.124094 0.484657 -0.865857 9.104500 -0.042671 0.869188 0.492637 0.043000 0.000000 0.000000 0.000000 1.000000
0.991353 0.098080 -0.087180 1.865100 -0.124094 0.484657 -0.865857 9.104500 -0.042671 0.869188 0.492637 0.043000 0.000000 0.000000 0.000000 1.000000
0.991353 0.098080 -0.087180 1.865100 -0.124094 0.484657 -0.865857 9.104500 -0.042671 0.869188 0.492637 0.043000 0.000000 0.000000 0.000000 1.000000
0.991353 0.098080 -0.087181 1.865100 -0.124094 0.484657 -0.865857 9.104500 -0.042671 0.869188 0.492637 0.043000 0.000000 0.000000 0.000000 1.000000
0.991352 0.098081 -0.087181 1.865100 -0.124095 0.484657 -0.865857 9.104500 -0.042671 0.869188 0.492637 0.043000 0.000000 0.000000 0.000000 1.000000
0.991352 0.098080 -0.087181 1.865100 -0.124095 0.484657 -0.865857 9.104500 -0.042671 0.869188 0.492637 0.043000 0.000000 0.000000 0.000000 1.000000
0.991352 0.098081 -0.087181 1.865100 -0.124094 0.484657 -0.865857 9.104500 -0.042671 0.869188 0.492637 0.043000 0.000000 0.000000 0.000000 1.000000
0.991352 0.098081 -0.087181 1.865100 -0.124095 0.484657 -0.865857 9.104500 -0.042671 0.869188 0.492637 0.043000 0.000000 0.000000 0.000000 1.000000
0.991353 0.098080 -0.087180 1.865100 -0.124094 0.484657 -0.865857 9.104500 -0.042671 0.869188 0.492637 0.043000 0.000000 0.000000 0.000000 1.000000
0.988695 0.140251 -0.053028 1.865100 -0.139537 0.731189 -0.667752 9.104500 -0.054879 0.667602 0.742493 0.043000 0.000000 0.000000 0.000000 1.000000
0.983645 0.179491 -0.014988 1.865100 -0.175905 0.939435 -0.294143 9.104500 -0.038716 0.291969 0.955644 0.043000 0.000000 0.000000 0.000000 1.000000
0.982990 0.183618 -0.003794 1.865100 -0.182710 0.975618 -0.121599 9.104500 -0.018626 0.120224 0.992572 0.043000 0.000000 0.000000 0.000000 1.000000
0.984116 0.177526 0.000977 1.865100 -0.177447 0.983815 -0.024918 9.104500 -0.005385 0.024349 0.999689 0.043000 0.000000 0.000000 0.000000 1.000000
0.986199 0.165540 0.002830 1.865100 -0.165562 0.985949 0.022212 9.104500 0.000887 -0.022374 0.999749 0.043000 0.000000 0.000000 0.000000 1.000000
0.988492 0.151229 0.003706 1.865100 -0.151226 0.987265 0.049388 9.104500 0.003810 -0.049380 0.998773 0.043000 0.000000 0.000000 0.000000 1.000000
0.990421 0.137991 0.004866 1.865100 -0.137893 0.986664 0.086488 9.104500 0.007133 -0.086330 0.996241 0.043000 0.000000 0.000000 0.000000 1.000000
0.990235 0.139346 0.004061 1.865100 -0.139325 0.988254 0.062787 9.104500 0.004736 -0.062740 0.998019 0.043000 0.000000 0.000000 0.000000 1.000000
0.986477 0.163803 -0.005709 1.865100 -0.162776 0.975031 -0.151057 9.104500 -0.019177 0.149944 0.988509 0.043000 0.000000 0.000000 0.000000 1.000000
0.983645 0.179491 -0.014988 1.865100 -0.175905 0.939435 -0.294142 9.104500 -0.038715 0.291968 0.955644 0.043000 0.000000 0.000000 0.000000 1.000000
0.984198 0.176589 -0.013070 1.865100 -0.173616 0.947842 -0.267307 9.104500 -0.034815 0.265352 0.963523 0.043000 0.000000 0.000000 0.000000 1.000000
0.986358 0.164505 -0.006070 1.865100 -0.163400 0.973929 -0.157364 9.104500 -0.019975 0.156209 0.987522 0.043000 0.000000 0.000000 0.000000 1.000000
0.988990 0.147978 0.001209 1.865100 -0.147955 0.988928 -0.011448 9.104500 -0.002890 0.011143 0.999934 0.043000 0.000000 0.000000 0.000000 1.000000
0.991123 0.132820 0.005810 1.865100 -0.132574 0.984121 0.118025 9.104500 0.009958 -0.117748 0.992994 0.043000 0.000000 0.000000 0.000000 1.000000
0.991813 0.127512 0.006950 1.865100 -0.126959 0.978729 0.161157 9.104500 0.013747 -0.160720 0.986904 0.043000 0.000000 0.000000 0.000000 1.000000
0.991035 0.133490 0.005527 1.865100 -0.133298 0.985117 0.108517 9.104500 0.009041 -0.108281 0.994079 0.043000 0.000000 0.000000 0.000000 1.000000
0.989233 0.146342 0.001527 1.865100 -0.146336 0.989228 -0.003677 9.104500 -0.002048 0.003414 0.999992 0.043000 0.000000 0.000000 0.000000 1.000000
0.986860 0.161500 -0.004955 1.865100 -0.160641 0.977390 -0.137489 9.104500 -0.017362 0.136478 0.990491 0.043000 0.000000 0.000000 0.000000 1.000000
0.984544 0.174717 -0.012145 1.865100 -0.172042 0.951822 -0.253842 9.104500 -0.032791 0.252008 0.967169 0.043000 0.000000 0.000000 0.000000 1.000000
0.982817 0.183764 -0.017376 1.865100 -0.179311 0.928166 -0.326123 9.104500 -0.043801 0.323635 0.945168 0.043000 0.000000 0.000000 0.000000 1.000000
0.980811 0.193675 -0.022345 1.865100 -0.187043 0.902454 -0.388062 9.104500 -0.054993 0.384795 0.921362 0.043000 0.000000 0.000000 0.000000 1.000000
0.978488 0.204463 -0.027505 1.865100 -0.195008 0.873141 -0.446763 9.104500 -0.067331 0.442515 0.894230 0.043000 0.000000 0.000000 0.000000 1.000000
0.976061 0.215011 -0.032776 1.865100 -0.202130 0.841115 -0.501666 9.104500 -0.080295 0.496281 0.864441 0.043000 0.000000 0.000000 0.000000 1.000000
0.973793 0.224227 -0.038076 1.865100 -0.207507 0.807391 -0.552323 9.104500 -0.093104 0.545750 0.832760 0.043000 0.000000 0.000000 0.000000 1.000000
0.971979 0.231043 -0.043321 1.865100 -0.210431 0.773066 -0.598404 9.104500 -0.104767 0.590752 0.800022 0.043000 0.000000 0.000000 0.000000 1.000000
0.970932 0.234405 -0.048428 1.865100 -0.210385 0.739280 -0.639690 9.104500 -0.114145 0.631284 0.767106 0.043000 0.000000 0.000000 0.000000 1.000000
0.970949 0.233271 -0.053316 1.865100 -0.207020 0.707163 -0.676065 9.104500 -0.120004 0.667462 0.734911 0.043000 0.000000 0.000000 0.000000 1.000000
0.972314 0.226272 -0.058367 1.865100 -0.199657 0.674635 -0.710637 9.104500 -0.121421 0.702615 0.701134 0.043000 0.000000 0.000000 0.000000 1.000000
0.974813 0.213691 -0.063837 1.865100 -0.188995 0.639554 -0.745152 9.104500 -0.118405 0.738449 0.663833 0.043000 0.000000 0.000000 0.000000 1.000000
0.977943 0.196993 -0.069431 1.865100 -0.176726 0.603210 -0.777757 9.104500 -0.111332 0.772872 0.624719 0.043000 0.000000 0.000000 0.000000 1.000000
0.981235 0.177701 -0.074841 1.865100 -0.164285 0.567288 -0.806966 9.104500 -0.100942 0.804118 0.585837 0.043000 0.000000 0.000000 0.000000 1.000000
0.984309 0.157399 -0.079760 1.865100 -0.152756 0.533828 -0.831681 9.104500 -0.088328 0.830814 0.549496 0.043000 0.000000 0.000000 0.000000 1.000000
0.986910 0.137736 -0.083890 1.865100 -0.142846 0.505130 -0.851139 9.104500 -0.074857 0.851981 0.518193 0.043000 0.000000 0.000000 0.000000 1.000000
0.988911 0.120396 -0.086946 1.865100 -0.134914 0.483623 -0.864816 9.104500 -0.062071 0.866956 0.494504 0.043000 0.000000 0.000000 0.000000 1.000000
0.990290 0.107077 -0.088660 1.865100 -0.129098 0.471730 -0.872241 9.104500 -0.051573 0.875218 0.480972 0.043000 0.000000 0.000000 0.000000 1.000000
0.991074 0.099456 -0.088776 1.865100 -0.125518 0.471734 -0.872762 9.104500 -0.044923 0.876114 0.480006 0.043000 0.000000 0.000000 0.000000 1.000000
0.991382 0.098021 -0.086912 1.865100 -0.123935 0.486807 -0.864673 9.104500 -0.042447 0.867993 0.494760 0.043000 0.000000 0.000000 0.000000 1.000000
0.991879 0.096916 -0.082363 1.865100 -0.121151 0.522820 -0.843790 9.104500 -0.038716 0.846916 0.530315 0.043000 0.000000 0.000000 0.000000 1.000000
0.992605 0.094950 -0.075623 1.865100 -0.116697 0.574968 -0.809811 9.104500 -0.033410 0.812648 0.581797 0.043000 0.000000 0.000000 0.000000 1.000000
0.993477 0.091991 -0.067388 1.865100 -0.110716 0.636635 -0.763176 9.104500 -0.027303 0.765659 0.642667 0.043000 0.000000 0.000000 0.000000 1.000000
0.994408 0.088004 -0.058376 1.865100 -0.103471 0.701363 -0.705254 9.104500 -0.021122 0.707351 0.706547 0.043000 0.000000 0.000000 0.000000 1.000000
0.995320 0.083114 -0.049289 1.865100 -0.095384 0.763410 -0.638833 9.104500 -0.015468 0.640545 0.767765 0.043000 0.000000 0.000000 0.000000 1.000000
0.996149 0.077623 -0.040766 1.865100 -0.087016 0.818270 -0.568210 9.104500 -0.010748 0.569569 0.821873 0.043000 0.000000 0.000000 0.000000 1.000000
0.996847 0.072001 -0.033335 1.865100 -0.079020 0.863029 -0.498936 9.104500 -0.007155 0.499997 0.865998 0.043000 0.000000 0.000000 0.000000 1.000000
0.997388 0.066835 -0.027387 1.865100 -0.072077 0.896396 -0.437354 9.104500 -0.004681 0.438186 0.898872 0.043000 0.000000 0.000000 0.000000 1.000000
0.997758 0.062775 -0.023198 1.865100 -0.066848 0.918347 -0.390089 9.104500 -0.003184 0.390765 0.920485 0.043000 0.000000 0.000000 0.000000 1.000000
0.997950 0.060465 -0.020981 1.865100 -0.063953 0.929360 -0.363594 9.104500 -0.002486 0.364190 0.931321 0.043000 0.000000 0.000000 0.000000 1.000000</float_array>
        <technique_common>
          <accessor source="#mixamorig_LeftHandRing1-Matrix-animation-output-transform-array" count="78" stride="16">
            <param type="float4x4"/>
          </accessor>
        </technique_common>
      </source>
      <source id="mixamorig_LeftHandRing1-Interpolations">
        <Name_array id="mixamorig_LeftHandRing1-Interpolations-array" count="78">
 LINEAR LINEAR LINEAR LINEAR LINEAR LINEAR LINEAR LINEAR LINEAR LINEAR LINEAR
LINEAR LINEAR LINEAR LINEAR LINEAR LINEAR LINEAR LINEAR LINEAR LINEAR LINEAR LINEAR
LINEAR LINEAR LINEAR LINEAR LINEAR LINEAR LINEAR LINEAR LINEAR LINEAR LINEAR LINEAR
LINEAR LINEAR LINEAR LINEAR LINEAR LINEAR LINEAR LINEAR LINEAR LINEAR LINEAR LINEAR
LINEAR LINEAR LINEAR LINEAR LINEAR LINEAR LINEAR LINEAR LINEAR LINEAR LINEAR LINEAR
LINEAR LINEAR LINEAR LINEAR LINEAR LINEAR LINEAR LINEAR LINEAR LINEAR LINEAR LINEAR
LINEAR LINEAR LINEAR LINEAR LINEAR LINEAR LINEAR</Name_array>
        <technique_common>
          <accessor source="#mixamorig_LeftHandRing1-Interpolations-array" count="78">
            <param type="name"/>
          </accessor>
        </technique_common>
      </source>
      <sampler id="mixamorig_LeftHandRing1-Matrix-animation-transform">
        <input semantic="INPUT" source="#mixamorig_LeftHandRing1-Matrix-animation-input"/>
        <input semantic="OUTPUT" source="#mixamorig_LeftHandRing1-Matrix-animation-output-transform"/>
        <input semantic="INTERPOLATION" source="#mixamorig_LeftHandRing1-Interpolations"/>
      </sampler>
      <channel source="#mixamorig_LeftHandRing1-Matrix-animation-transform" target="mixamorig_LeftHandRing1/matrix"/>
    </animation>
    <animation id="mixamorig_LeftHandRing2-anim" name="mixamorig_LeftHandRing2">
      <source id="mixamorig_LeftHandRing2-Matrix-animation-input">
        <float_array id="mixamorig_LeftHandRing2-Matrix-animation-input-array" count="78">

0.000000 0.033333 0.066667 0.100000 0.133333 0.166667 0.200000 0.233333 0.266667 0.300000 0.333333 0.366667 0.400000 0.433333 0.466667 0.500000
0.533333 0.566667 0.600000 0.633333 0.666667 0.700000 0.733333 0.766667 0.800000 0.833333 0.866667 0.900000 0.933333 0.966667 1.000000 1.033333
1.066667 1.100000 1.133333 1.166667 1.200000 1.233333 1.266667 1.300000 1.333333 1.366667 1.400000 1.433333 1.466667 1.500000 1.533333 1.566667
1.600000 1.633333 1.666667 1.700000 1.733333 1.766667 1.800000 1.833333 1.866667 1.900000 1.933333 1.966667 2.000000 2.033333 2.066667 2.100000
2.133333 2.166667 2.200000 2.233333 2.266667 2.300000 2.333333 2.366667 2.400000 2.433333 2.466667 2.500000 2.533333 2.566667</float_array>
        <technique_common>
          <accessor source="#mixamorig_LeftHandRing2-Matrix-animation-input-array" count="78">
            <param name="TIME" type="float"/>
          </accessor>
        </technique_common>
      </source>
      <source id="mixamorig_LeftHandRing2-Matrix-animation-output-transform">
        <float_array id="mixamorig_LeftHandRing2-Matrix-animation-output-transform-array" count="1248">

0.999309 0.036553 -0.006744 0.000000 -0.036553 0.933506 -0.356693 3.150000 -0.006743 0.356693 0.934197 0.000000 0.000000 0.000000 0.000000 1.000000
0.999316 0.036362 -0.006672 0.000000 -0.036363 0.934220 -0.354838 3.150000 -0.006670 0.354838 0.934904 0.000000 0.000000 0.000000 0.000000 1.000000
0.999324 0.036168 -0.006598 0.000000 -0.036168 0.934947 -0.352939 3.150000 -0.006597 0.352939 0.935623 -0.000000 0.000000 0.000000 0.000000 1.000000
0.999310 0.036533 -0.006736 0.000000 -0.036533 0.933581 -0.356499 3.150000 -0.006735 0.356499 0.934271 0.000000 0.000000 0.000000 0.000000 1.000000
0.999250 0.038015 -0.007315 -0.000000 -0.038015 0.927868 -0.370965 3.150000 -0.007315 0.370965 0.928618 0.000000 0.000000 0.000000 0.000000 1.000000
0.999116 0.041147 -0.008628 -0.000000 -0.041147 0.914924 -0.401523 3.150000 -0.008627 0.401523 0.915808 0.000000 0.000000 0.000000 0.000000 1.000000
0.998862 0.046391 -0.011110 -0.000000 -0.046391 0.890458 -0.452695 3.150000 -0.011108 0.452695 0.891596 0.000000 0.000000 0.000000 0.000000 1.000000
0.998376 0.054714 -0.015845 -0.000000 -0.054715 0.843763 -0.533920 3.150000 -0.015843 0.533920 0.845386 -0.000000 0.000000 0.000000 0.000000 1.000000
0.997345 0.068056 -0.025909 0.000000 -0.068057 0.744529 -0.664112 3.150000 -0.025907 0.664112 0.747184 0.000000 0.000000 0.000000 0.000000 1.000000
0.995797 0.081891 -0.041016 0.000000 -0.081892 0.595564 -0.799123 3.150000 -0.041013 0.799123 0.599767 0.000000 0.000000 0.000000 0.000000 1.000000
0.994045 0.092182 -0.058111 0.000000 -0.092183 0.426996 -0.899542 3.150000 -0.058108 0.899542 0.432951 0.000000 0.000000 0.000000 0.000000 1.000000
0.992599 0.097629 -0.072227 0.000000 -0.097631 0.287799 -0.952701 3.150000 -0.072224 0.952702 0.295201 0.000000 0.000000 0.000000 0.000000 1.000000
0.992005 0.099193 -0.078023 0.000000 -0.099195 0.230643 -0.967969 3.150000 -0.078020 0.967969 0.238638 -0.000000 0.000000 0.000000 0.000000 1.000000
0.992005 0.099193 -0.078024 -0.000000 -0.099196 0.230642 -0.967969 3.150000 -0.078020 0.967969 0.238638 0.000000 0.000000 0.000000 0.000000 1.000000
0.992005 0.099193 -0.078024 0.000000 -0.099196 0.230643 -0.967969 3.150000 -0.078021 0.967969 0.238638 -0.000000 0.000000 0.000000 0.000000 1.000000
0.992005 0.099193 -0.078023 0.000000 -0.099196 0.230642 -0.967969 3.150000 -0.078021 0.967969 0.238638 0.000000 0.000000 0.000000 0.000000 1.000000
0.992005 0.099193 -0.078023 0.000000 -0.099196 0.230643 -0.967969 3.150000 -0.078021 0.967969 0.238638 0.000000 0.000000 0.000000 0.000000 1.000000
0.992005 0.099193 -0.078023 0.000000 -0.099196 0.230642 -0.967969 3.150000 -0.078020 0.967969 0.238638 0.000000 0.000000 0.000000 0.000000 1.000000
0.992390 0.098221 -0.074265 0.000000 -0.098223 0.267702 -0.958482 3.150000 -0.074262 0.958482 0.275312 0.000000 0.000000 0.000000 0.000000 1.000000
0.994722 0.088743 -0.051505 0.000000 -0.088744 0.492131 -0.865986 3.150000 -0.051503 0.865986 0.497409 0.000000 0.000000 0.000000 0.000000 1.000000
0.997357 0.067924 -0.025792 -0.000000 -0.067925 0.745685 -0.662828 3.150000 -0.025789 0.662828 0.748328 0.000000 0.000000 0.000000 0.000000 1.000000
0.998798 0.047590 -0.011729 -0.000000 -0.047590 0.884346 -0.464400 3.150000 -0.011728 0.464400 0.885548 0.000000 0.000000 0.000000 0.000000 1.000000
0.998977 0.044106 -0.009984 0.000000 -0.044107 0.901559 -0.430401 3.150000 -0.009982 0.430401 0.902582 0.000000 0.000000 0.000000 0.000000 1.000000
0.998977 0.044105 -0.009984 -0.000000 -0.044106 0.901560 -0.430401 3.150000 -0.009982 0.430401 0.902583 0.000000 0.000000 0.000000 0.000000 1.000000
0.998977 0.044106 -0.009984 -0.000000 -0.044106 0.901560 -0.430401 3.150000 -0.009983 0.430401 0.902583 0.000000 0.000000 0.000000 0.000000 1.000000
0.998977 0.044106 -0.009984 -0.000000 -0.044107 0.901559 -0.430401 3.150000 -0.009982 0.430401 0.902582 0.000000 0.000000 0.000000 0.000000 1.000000
0.998977 0.044105 -0.009984 -0.000000 -0.044106 0.901560 -0.430401 3.150000 -0.009982 0.430401 0.902583 0.000000 0.000000 0.000000 0.000000 1.000000
0.998977 0.044106 -0.009984 -0.000000 -0.044106 0.901560 -0.430401 3.150000 -0.009983 0.430401 0.902583 0.000000 0.000000 0.000000 0.000000 1.000000
0.998977 0.044106 -0.009984 -0.000000 -0.044106 0.901560 -0.430401 3.150000 -0.009982 0.430401 0.902583 0.000000 0.000000 0.000000 0.000000 1.000000
0.998977 0.044106 -0.009984 -0.000000 -0.044106 0.901559 -0.430401 3.150000 -0.009982 0.430401 0.902582 -0.000000 0.000000 0.000000 0.000000 1.000000
0.998977 0.044106 -0.009984 0.000000 -0.044106 0.901559 -0.430401 3.150000 -0.009982 0.430401 0.902582 -0.000000 0.000000 0.000000 0.000000 1.000000
0.999265 0.037666 -0.007177 0.000000 -0.037666 0.929236 -0.367561 3.150000 -0.007176 0.367561 0.929972 0.000000 0.000000 0.000000 0.000000 1.000000
0.999595 0.028186 -0.003953 0.000000 -0.028186 0.961019 -0.275042 3.150000 -0.003953 0.275042 0.961424 0.000000 0.000000 0.000000 0.000000 1.000000
0.999727 0.023205 -0.002663 -0.000000 -0.023205 0.973748 -0.226444 3.150000 -0.002662 0.226444 0.974021 0.000000 0.000000 0.000000 0.000000 1.000000
0.999808 0.019484 -0.001870 -0.000000 -0.019484 0.981565 -0.190133 3.150000 -0.001869 0.190133 0.981756 0.000000 0.000000 0.000000 0.000000 1.000000
0.999862 0.016564 -0.001348 0.000000 -0.016564 0.986711 -0.161636 3.150000 -0.001347 0.161636 0.986850 0.000000 0.000000 0.000000 0.000000 1.000000
0.999902 0.013962 -0.000956 -0.000000 -0.013962 0.990577 -0.136246 3.150000 -0.000955 0.136246 0.990675 0.000000 0.000000 0.000000 0.000000 1.000000
0.999937 0.011184 -0.000612 0.000000 -0.011184 0.993964 -0.109138 3.150000 -0.000612 0.109138 0.994026 0.000000 0.000000 0.000000 0.000000 1.000000
0.999927 0.012080 -0.000715 0.000000 -0.012080 0.992954 -0.117881 3.150000 -0.000714 0.117881 0.993027 -0.000000 0.000000 0.000000 0.000000 1.000000
0.999762 0.021698 -0.002324 0.000000 -0.021698 0.977087 -0.211733 3.150000 -0.002323 0.211733 0.977325 0.000000 0.000000 0.000000 0.000000 1.000000
0.999595 0.028186 -0.003954 0.000000 -0.028186 0.961019 -0.275042 3.150000 -0.003953 0.275042 0.961424 0.000000 0.000000 0.000000 0.000000 1.000000
0.999630 0.026958 -0.003611 -0.000000 -0.026958 0.964400 -0.263069 3.150000 -0.003610 0.263069 0.964770 -0.000000 0.000000 0.000000 0.000000 1.000000
0.999756 0.021981 -0.002386 0.000000 -0.021981 0.976476 -0.214503 3.150000 -0.002385 0.214503 0.976720 -0.000000 0.000000 0.000000 0.000000 1.000000
0.999880 0.015427 -0.001168 0.000000 -0.015427 0.988484 -0.150539 3.150000 -0.001168 0.150539 0.988603 0.000000 0.000000 0.000000 0.000000 1.000000
0.999954 0.009572 -0.000448 0.000000 -0.009572 0.995582 -0.093411 3.150000 -0.000448 0.093411 0.995628 -0.000000 0.000000 0.000000 0.000000 1.000000
0.999971 0.007567 -0.000280 0.000000 -0.007567 0.997241 -0.073840 3.150000 -0.000280 0.073840 0.997270 0.000000 0.000000 0.000000 0.000000 1.000000
0.999951 0.009905 -0.000480 -0.000000 -0.009905 0.995269 -0.096653 3.150000 -0.000480 0.096653 0.995318 0.000000 0.000000 0.000000 0.000000 1.000000
0.999888 0.014916 -0.001092 -0.000000 -0.014916 0.989237 -0.145557 3.150000 -0.001091 0.145557 0.989349 0.000000 0.000000 0.000000 0.000000 1.000000
0.999779 0.020918 -0.002158 0.000000 -0.020918 0.978723 -0.204119 3.150000 -0.002157 0.204119 0.978944 -0.000000 0.000000 0.000000 0.000000 1.000000
0.999649 0.026258 -0.003422 -0.000000 -0.026258 0.966259 -0.256230 3.150000 -0.003421 0.256230 0.966610 0.000000 0.000000 0.000000 0.000000 1.000000
0.999550 0.029672 -0.004391 0.000000 -0.029672 0.956704 -0.289546 3.150000 -0.004390 0.289546 0.957154 0.000000 0.000000 0.000000 0.000000 1.000000
0.999469 0.032176 -0.005184 0.000000 -0.032176 0.948883 -0.313985 3.150000 -0.005183 0.313985 0.949414 -0.000000 0.000000 0.000000 0.000000 1.000000
0.999393 0.034319 -0.005920 -0.000000 -0.034319 0.941631 -0.334894 3.150000 -0.005919 0.334894 0.942237 -0.000000 0.000000 0.000000 0.000000 1.000000
0.999315 0.036407 -0.006688 -0.000000 -0.036407 0.934054 -0.355272 3.150000 -0.006688 0.355272 0.934739 0.000000 0.000000 0.000000 0.000000 1.000000
0.999220 0.038739 -0.007608 0.000000 -0.038739 0.924987 -0.378019 3.150000 -0.007606 0.378019 0.925767 -0.000000 0.000000 0.000000 0.000000 1.000000
0.999096 0.041596 -0.008827 0.000000 -0.041596 0.912966 -0.405910 3.150000 -0.008826 0.405910 0.913870 -0.000000 0.000000 0.000000 0.000000 1.000000
0.998920 0.045245 -0.010536 0.000000 -0.045245 0.896112 -0.441516 3.150000 -0.010535 0.441516 0.897191 0.000000 0.000000 0.000000 0.000000 1.000000
0.998669 0.049912 -0.012987 -0.000000 -0.049912 0.871942 -0.487059 3.150000 -0.012986 0.487059 0.873272 -0.000000 0.000000 0.000000 0.000000 1.000000
0.998275 0.056244 -0.016832 -0.000000 -0.056244 0.834030 -0.548845 3.150000 -0.016830 0.548845 0.835755 0.000000 0.000000 0.000000 0.000000 1.000000
0.997690 0.064083 -0.022544 -0.000000 -0.064084 0.777710 -0.625348 3.150000 -0.022542 0.625348 0.780021 -0.000000 0.000000 0.000000 0.000000 1.000000
0.996922 0.072417 -0.030036 0.000000 -0.072417 0.703831 -0.706667 3.150000 -0.030034 0.706667 0.706909 0.000000 0.000000 0.000000 0.000000 1.000000
0.996007 0.080324 -0.038968 0.000000 -0.080325 0.615758 -0.783830 3.150000 -0.038965 0.783831 0.619751 0.000000 0.000000 0.000000 0.000000 1.000000
0.995008 0.087098 -0.048716 0.000000 -0.087100 0.519633 -0.849938 3.150000 -0.048714 0.849938 0.524626 0.000000 0.000000 0.000000 0.000000 1.000000
0.994012 0.092332 -0.058430 0.000000 -0.092334 0.423851 -0.901013 3.150000 -0.058427 0.901014 0.429838 0.000000 0.000000 0.000000 0.000000 1.000000
0.993121 0.095940 -0.067130 -0.000000 -0.095942 0.338057 -0.936222 3.150000 -0.067127 0.936223 0.344936 0.000000 0.000000 0.000000 0.000000 1.000000
0.992436 0.098095 -0.073817 0.000000 -0.098097 0.272116 -0.957251 3.150000 -0.073815 0.957252 0.279680 0.000000 0.000000 0.000000 0.000000 1.000000
0.992054 0.099078 -0.077544 0.000000 -0.099080 0.235372 -0.966842 3.150000 -0.077541 0.966842 0.243318 0.000000 0.000000 0.000000 0.000000 1.000000
0.992067 0.099047 -0.077418 -0.000000 -0.099049 0.236610 -0.966543 3.150000 -0.077415 0.966543 0.244543 -0.000000 0.000000 0.000000 0.000000 1.000000
0.992507 0.097894 -0.073122 0.000000 -0.097897 0.278979 -0.955294 3.150000 -0.073119 0.955294 0.286472 0.000000 0.000000 0.000000 0.000000 1.000000
0.993282 0.095356 -0.065553 0.000000 -0.095358 0.353608 -0.930521 3.150000 -0.065550 0.930521 0.360325 -0.000000 0.000000 0.000000 0.000000 1.000000
0.994279 0.091062 -0.055826 -0.000000 -0.091063 0.449526 -0.888614 3.150000 -0.055823 0.888614 0.455246 0.000000 0.000000 0.000000 0.000000 1.000000
0.995376 0.084796 -0.045124 0.000000 -0.084798 0.555059 -0.827477 3.150000 -0.045121 0.827477 0.559683 0.000000 0.000000 0.000000 0.000000 1.000000
0.996455 0.076688 -0.034597 0.000000 -0.076689 0.658858 -0.748348 3.150000 -0.034594 0.748348 0.662404 0.000000 0.000000 0.000000 0.000000 1.000000
0.997416 0.067272 -0.025217 -0.000000 -0.067273 0.751351 -0.656464 3.150000 -0.025215 0.656464 0.753935 0.000000 0.000000 0.000000 0.000000 1.000000
0.998193 0.057449 -0.017638 0.000000 -0.057449 0.826089 -0.560604 3.150000 -0.017636 0.560604 0.827896 0.000000 0.000000 0.000000 0.000000 1.000000
0.998757 0.048350 -0.012133 0.000000 -0.048350 0.880372 -0.471814 3.150000 -0.012131 0.471814 0.881615 0.000000 0.000000 0.000000 0.000000 1.000000
0.999114 0.041184 -0.008644 -0.000000 -0.041184 0.914765 -0.401883 3.150000 -0.008643 0.401883 0.915650 -0.000000 0.000000 0.000000 0.000000 1.000000
0.999287 0.037106 -0.006957 0.000000 -0.037107 0.931402 -0.362096 3.150000 -0.006956 0.362096 0.932115 -0.000000 0.000000 0.000000 0.000000 1.000000</float_array>
        <technique_common>
          <accessor source="#mixamorig_LeftHandRing2-Matrix-animation-output-transform-array" count="78" stride="16">
            <param type="float4x4"/>
          </accessor>
        </technique_common>
      </source>
      <source id="mixamorig_LeftHandRing2-Interpolations">
        <Name_array id="mixamorig_LeftHandRing2-Interpolations-array" count="78">
 LINEAR LINEAR LINEAR LINEAR LINEAR LINEAR LINEAR LINEAR LINEAR LINEAR LINEAR
LINEAR LINEAR LINEAR LINEAR LINEAR LINEAR LINEAR LINEAR LINEAR LINEAR LINEAR LINEAR
LINEAR LINEAR LINEAR LINEAR LINEAR LINEAR LINEAR LINEAR LINEAR LINEAR LINEAR LINEAR
LINEAR LINEAR LINEAR LINEAR LINEAR LINEAR LINEAR LINEAR LINEAR LINEAR LINEAR LINEAR
LINEAR LINEAR LINEAR LINEAR LINEAR LINEAR LINEAR LINEAR LINEAR LINEAR LINEAR LINEAR
LINEAR LINEAR LINEAR LINEAR LINEAR LINEAR LINEAR LINEAR LINEAR LINEAR LINEAR LINEAR
LINEAR LINEAR LINEAR LINEAR LINEAR LINEAR LINEAR</Name_array>
        <technique_common>
          <accessor source="#mixamorig_LeftHandRing2-Interpolations-array" count="78">
            <param type="name"/>
          </accessor>
        </technique_common>
      </source>
      <sampler id="mixamorig_LeftHandRing2-Matrix-animation-transform">
        <input semantic="INPUT" source="#mixamorig_LeftHandRing2-Matrix-animation-input"/>
        <input semantic="OUTPUT" source="#mixamorig_LeftHandRing2-Matrix-animation-output-transform"/>
        <input semantic="INTERPOLATION" source="#mixamorig_LeftHandRing2-Interpolations"/>
      </sampler>
      <channel source="#mixamorig_LeftHandRing2-Matrix-animation-transform" target="mixamorig_LeftHandRing2/matrix"/>
    </animation>
    <animation id="mixamorig_LeftHandRing3-anim" name="mixamorig_LeftHandRing3">
      <source id="mixamorig_LeftHandRing3-Matrix-animation-input">
        <float_array id="mixamorig_LeftHandRing3-Matrix-animation-input-array" count="78">

0.000000 0.033333 0.066667 0.100000 0.133333 0.166667 0.200000 0.233333 0.266667 0.300000 0.333333 0.366667 0.400000 0.433333 0.466667 0.500000
0.533333 0.566667 0.600000 0.633333 0.666667 0.700000 0.733333 0.766667 0.800000 0.833333 0.866667 0.900000 0.933333 0.966667 1.000000 1.033333
1.066667 1.100000 1.133333 1.166667 1.200000 1.233333 1.266667 1.300000 1.333333 1.366667 1.400000 1.433333 1.466667 1.500000 1.533333 1.566667
1.600000 1.633333 1.666667 1.700000 1.733333 1.766667 1.800000 1.833333 1.866667 1.900000 1.933333 1.966667 2.000000 2.033333 2.066667 2.100000
2.133333 2.166667 2.200000 2.233333 2.266667 2.300000 2.333333 2.366667 2.400000 2.433333 2.466667 2.500000 2.533333 2.566667</float_array>
        <technique_common>
          <accessor source="#mixamorig_LeftHandRing3-Matrix-animation-input-array" count="78">
            <param name="TIME" type="float"/>
          </accessor>
        </technique_common>
      </source>
      <source id="mixamorig_LeftHandRing3-Matrix-animation-output-transform">
        <float_array id="mixamorig_LeftHandRing3-Matrix-animation-output-transform-array" count="1248">

0.999494 0.031422 -0.004938 0.000000 -0.031422 0.951312 -0.306624 2.950000 -0.004937 0.306624 0.951818 0.000000 0.000000 0.000000 0.000000 1.000000
0.999472 0.032094 -0.005157 0.000000 -0.032094 0.949150 -0.313185 2.950000 -0.005157 0.313185 0.949678 0.000000 0.000000 0.000000 0.000000 1.000000
0.999409 0.033875 -0.005763 0.000000 -0.033875 0.943177 -0.330560 2.950000 -0.005762 0.330560 0.943767 0.000000 0.000000 0.000000 0.000000 1.000000
0.999315 0.036404 -0.006687 0.000000 -0.036404 0.934065 -0.355243 2.950000 -0.006686 0.355243 0.934750 -0.000000 0.000000 0.000000 0.000000 1.000000
0.999196 0.039325 -0.007850 0.000000 -0.039325 0.922601 -0.383747 2.950000 -0.007848 0.383747 0.923405 0.000000 0.000000 0.000000 0.000000 1.000000
0.999064 0.042290 -0.009139 0.000000 -0.042291 0.909891 -0.412687 2.950000 -0.009137 0.412687 0.910827 -0.000000 0.000000 0.000000 0.000000 1.000000
0.998934 0.044971 -0.010401 0.000000 -0.044971 0.897440 -0.438838 2.950000 -0.010400 0.438838 0.898506 0.000000 0.000000 0.000000 0.000000 1.000000
0.998818 0.047224 -0.011538 0.000000 -0.047224 0.886232 -0.460828 2.950000 -0.011537 0.460828 0.887415 0.000000 0.000000 0.000000 0.000000 1.000000
0.998679 0.049743 -0.012893 -0.000000 -0.049743 0.872872 -0.485408 2.950000 -0.012892 0.485408 0.874193 -0.000000 0.000000 0.000000 0.000000 1.000000
0.998527 0.052314 -0.014372 0.000000 -0.052314 0.858287 -0.510496 2.950000 -0.014371 0.510497 0.859760 0.000000 0.000000 0.000000 0.000000 1.000000
0.998386 0.054571 -0.015754 0.000000 -0.054571 0.844659 -0.532516 2.950000 -0.015753 0.532516 0.846273 0.000000 0.000000 0.000000 0.000000 1.000000
0.998280 0.056168 -0.016782 0.000000 -0.056168 0.834520 -0.548107 2.950000 -0.016781 0.548107 0.836240 -0.000000 0.000000 0.000000 0.000000 1.000000
0.998239 0.056775 -0.017184 0.000000 -0.056776 0.830558 -0.554031 2.950000 -0.017183 0.554031 0.832319 0.000000 0.000000 0.000000 0.000000 1.000000
0.998239 0.056775 -0.017184 0.000000 -0.056776 0.830558 -0.554031 2.950000 -0.017183 0.554031 0.832319 0.000000 0.000000 0.000000 0.000000 1.000000
0.998239 0.056775 -0.017185 0.000000 -0.056776 0.830558 -0.554031 2.950000 -0.017182 0.554031 0.832319 0.000000 0.000000 0.000000 0.000000 1.000000
0.998239 0.056775 -0.017184 0.000000 -0.056776 0.830558 -0.554030 2.950000 -0.017182 0.554031 0.832319 0.000000 0.000000 0.000000 0.000000 1.000000
0.998239 0.056775 -0.017184 0.000000 -0.056776 0.830558 -0.554031 2.950000 -0.017183 0.554031 0.832319 -0.000000 0.000000 0.000000 0.000000 1.000000
0.998239 0.056775 -0.017184 0.000000 -0.056776 0.830558 -0.554030 2.950000 -0.017183 0.554031 0.832319 0.000000 0.000000 0.000000 0.000000 1.000000
0.998240 0.056762 -0.017176 0.000000 -0.056763 0.830643 -0.553905 2.950000 -0.017174 0.553905 0.832403 0.000000 0.000000 0.000000 0.000000 1.000000
0.998246 0.056681 -0.017122 0.000000 -0.056681 0.831180 -0.553107 2.950000 -0.017119 0.553107 0.832934 0.000000 0.000000 0.000000 0.000000 1.000000
0.998253 0.056571 -0.017048 0.000000 -0.056571 0.831901 -0.552033 2.950000 -0.017047 0.552033 0.833648 0.000000 0.000000 0.000000 0.000000 1.000000
0.998259 0.056488 -0.016994 -0.000000 -0.056489 0.832437 -0.551233 2.950000 -0.016992 0.551233 0.834178 0.000000 0.000000 0.000000 0.000000 1.000000
0.998260 0.056475 -0.016985 0.000000 -0.056476 0.832521 -0.551108 2.950000 -0.016984 0.551108 0.834261 0.000000 0.000000 0.000000 0.000000 1.000000
0.998259 0.056476 -0.016985 0.000000 -0.056476 0.832521 -0.551108 2.950000 -0.016984 0.551108 0.834261 0.000000 0.000000 0.000000 0.000000 1.000000
0.998259 0.056476 -0.016985 -0.000000 -0.056476 0.832521 -0.551108 2.950000 -0.016984 0.551108 0.834261 0.000000 0.000000 0.000000 0.000000 1.000000
0.998260 0.056475 -0.016985 0.000000 -0.056476 0.832521 -0.551108 2.950000 -0.016983 0.551108 0.834261 -0.000000 0.000000 0.000000 0.000000 1.000000
0.998259 0.056476 -0.016985 -0.000000 -0.056476 0.832521 -0.551108 2.950000 -0.016984 0.551108 0.834261 0.000000 0.000000 0.000000 0.000000 1.000000
0.998260 0.056475 -0.016985 0.000000 -0.056476 0.832521 -0.551107 2.950000 -0.016983 0.551108 0.834261 -0.000000 0.000000 0.000000 0.000000 1.000000
0.998259 0.056476 -0.016985 0.000000 -0.056476 0.832521 -0.551108 2.950000 -0.016984 0.551108 0.834261 0.000000 0.000000 0.000000 0.000000 1.000000
0.998259 0.056476 -0.016985 0.000000 -0.056477 0.832521 -0.551108 2.950000 -0.016984 0.551108 0.834261 0.000000 0.000000 0.000000 0.000000 1.000000
0.998259 0.056475 -0.016985 0.000000 -0.056476 0.832521 -0.551108 2.950000 -0.016983 0.551108 0.834261 -0.000000 0.000000 0.000000 0.000000 1.000000
0.998150 0.058059 -0.018055 0.000000 -0.058060 0.821974 -0.566558 2.950000 -0.018053 0.566558 0.823824 0.000000 0.000000 0.000000 0.000000 1.000000
0.998266 0.056380 -0.016922 0.000000 -0.056380 0.833147 -0.550171 2.950000 -0.016920 0.550171 0.834881 0.000000 0.000000 0.000000 0.000000 1.000000
0.998810 0.047371 -0.011615 0.000000 -0.047372 0.885475 -0.462265 2.950000 -0.011614 0.462266 0.886666 0.000000 0.000000 0.000000 0.000000 1.000000
0.999405 0.033989 -0.005803 0.000000 -0.033989 0.942781 -0.331674 2.950000 -0.005802 0.331674 0.943376 0.000000 0.000000 0.000000 0.000000 1.000000
0.999848 0.017365 -0.001482 0.000000 -0.017365 0.985386 -0.169451 2.950000 -0.001482 0.169451 0.985538 0.000000 0.000000 0.000000 0.000000 1.000000
1.000000 -0.000788 -0.000003 0.000000 0.000788 0.999970 0.007687 2.950000 -0.000003 -0.007687 0.999970 0.000000 0.000000 0.000000 0.000000 1.000000
0.999829 -0.018407 -0.001666 0.000000 0.018407 0.983565 0.179615 2.950000 -0.001667 -0.179615 0.983736 0.000000 0.000000 0.000000 0.000000 1.000000
0.999885 -0.015145 -0.001125 0.000000 0.015145 0.988903 0.147790 2.950000 -0.001126 -0.147790 0.989018 0.000000 0.000000 0.000000 0.000000 1.000000
0.999575 0.028848 -0.004146 -0.000000 -0.028848 0.959127 -0.281502 2.950000 -0.004145 0.281502 0.959552 0.000000 0.000000 0.000000 0.000000 1.000000
0.998266 0.056379 -0.016922 0.000000 -0.056380 0.833147 -0.550171 2.950000 -0.016920 0.550171 0.834881 0.000000 0.000000 0.000000 0.000000 1.000000
0.998579 0.051453 -0.013866 0.000000 -0.051453 0.863282 -0.502093 2.950000 -0.013864 0.502093 0.864702 0.000000 0.000000 0.000000 0.000000 1.000000
0.999536 0.030115 -0.004526 0.000000 -0.030115 0.955371 -0.293870 2.950000 -0.004525 0.293870 0.955835 0.000000 0.000000 0.000000 0.000000 1.000000
1.000000 0.000186 -0.000000 0.000000 -0.000186 0.999998 -0.001811 2.950000 -0.000000 0.001811 0.999998 0.000000 0.000000 0.000000 0.000000 1.000000
0.999646 -0.026385 -0.003455 0.000000 0.026384 0.965926 0.257470 2.950000 -0.003456 -0.257470 0.966280 0.000000 0.000000 0.000000 0.000000 1.000000
0.999646 -0.026385 -0.003455 0.000000 0.026385 0.965926 0.257471 2.950000 -0.003456 -0.257471 0.966280 0.000000 0.000000 0.000000 0.000000 1.000000
0.999770 -0.021325 -0.002243 0.000000 0.021325 0.977876 0.208097 2.950000 -0.002244 -0.208097 0.978106 0.000000 0.000000 0.000000 0.000000 1.000000
0.999993 0.003755 -0.000069 -0.000000 -0.003755 0.999321 -0.036640 2.950000 -0.000069 0.036640 0.999329 0.000000 0.000000 0.000000 0.000000 1.000000
0.999494 0.031409 -0.004934 -0.000000 -0.031409 0.951353 -0.306498 2.950000 -0.004933 0.306498 0.951859 0.000000 0.000000 0.000000 0.000000 1.000000
0.998580 0.051437 -0.013857 0.000000 -0.051438 0.863370 -0.501942 2.950000 -0.013855 0.501942 0.864790 0.000000 0.000000 0.000000 0.000000 1.000000
0.998097 0.058797 -0.018568 0.000000 -0.058797 0.816911 -0.573759 2.950000 -0.018566 0.573759 0.818814 -0.000000 0.000000 0.000000 0.000000 1.000000
0.997939 0.060940 -0.020116 -0.000000 -0.060941 0.801653 -0.594675 2.950000 -0.020114 0.594675 0.803714 0.000000 0.000000 0.000000 0.000000 1.000000
0.997983 0.060349 -0.019680 0.000000 -0.060350 0.805943 -0.588909 2.950000 -0.019679 0.588909 0.807960 0.000000 0.000000 0.000000 0.000000 1.000000
0.998163 0.057871 -0.017926 0.000000 -0.057871 0.823246 -0.564727 2.950000 -0.017924 0.564727 0.825083 -0.000000 0.000000 0.000000 0.000000 1.000000
0.998403 0.054304 -0.015587 0.000000 -0.054305 0.846306 -0.529922 2.950000 -0.015586 0.529922 0.847903 0.000000 0.000000 0.000000 0.000000 1.000000
0.998635 0.050510 -0.013324 0.000000 -0.050510 0.868624 -0.492890 2.950000 -0.013322 0.492890 0.869990 -0.000000 0.000000 0.000000 0.000000 1.000000
0.998806 0.047439 -0.011650 0.000000 -0.047439 0.885127 -0.462925 2.950000 -0.011649 0.462925 0.886321 0.000000 0.000000 0.000000 0.000000 1.000000
0.998876 0.046105 -0.010965 0.000000 -0.046105 0.891883 -0.449910 2.950000 -0.010964 0.449910 0.893007 -0.000000 0.000000 0.000000 0.000000 1.000000
0.998861 0.046398 -0.011113 -0.000000 -0.046398 0.890421 -0.452766 2.950000 -0.011112 0.452766 0.891560 -0.000000 0.000000 0.000000 0.000000 1.000000
0.998809 0.047392 -0.011626 -0.000000 -0.047393 0.885369 -0.462468 2.950000 -0.011624 0.462468 0.886560 -0.000000 0.000000 0.000000 0.000000 1.000000
0.998728 0.048878 -0.012418 0.000000 -0.048878 0.877559 -0.476970 2.950000 -0.012416 0.476970 0.878832 0.000000 0.000000 0.000000 0.000000 1.000000
0.998627 0.050647 -0.013402 0.000000 -0.050648 0.867851 -0.494237 2.950000 -0.013401 0.494237 0.869224 0.000000 0.000000 0.000000 0.000000 1.000000
0.998516 0.052497 -0.014481 0.000000 -0.052498 0.857209 -0.512287 2.950000 -0.014480 0.512287 0.858692 -0.000000 0.000000 0.000000 0.000000 1.000000
0.998407 0.054232 -0.015542 -0.000000 -0.054233 0.846751 -0.529217 2.950000 -0.015540 0.529217 0.848344 0.000000 0.000000 0.000000 0.000000 1.000000
0.998314 0.055667 -0.016456 0.000000 -0.055668 0.837743 -0.543220 2.950000 -0.016454 0.543220 0.839429 0.000000 0.000000 0.000000 0.000000 1.000000
0.998249 0.056624 -0.017084 0.000000 -0.056624 0.831551 -0.552554 2.950000 -0.017082 0.552554 0.833302 0.000000 0.000000 0.000000 0.000000 1.000000
0.998229 0.056926 -0.017285 0.000000 -0.056926 0.829564 -0.555502 2.950000 -0.017283 0.555502 0.831335 -0.000000 0.000000 0.000000 0.000000 1.000000
0.998265 0.056393 -0.016931 0.000000 -0.056394 0.833056 -0.550307 2.950000 -0.016929 0.550307 0.834791 0.000000 0.000000 0.000000 0.000000 1.000000
0.998359 0.054983 -0.016015 0.000000 -0.054983 0.842082 -0.536540 2.950000 -0.016014 0.536540 0.843723 0.000000 0.000000 0.000000 0.000000 1.000000
0.998495 0.052843 -0.014689 -0.000000 -0.052844 0.855159 -0.515664 2.950000 -0.014688 0.515665 0.856665 0.000000 0.000000 0.000000 0.000000 1.000000
0.998656 0.050139 -0.013115 -0.000000 -0.050140 0.870686 -0.489276 2.950000 -0.013113 0.489276 0.872030 0.000000 0.000000 0.000000 0.000000 1.000000
0.998827 0.047043 -0.011444 0.000000 -0.047043 0.887160 -0.459058 2.950000 -0.011443 0.459058 0.888332 0.000000 0.000000 0.000000 0.000000 1.000000
0.998995 0.043740 -0.009810 0.000000 -0.043741 0.903273 -0.426832 2.950000 -0.009809 0.426832 0.904278 0.000000 0.000000 0.000000 0.000000 1.000000
0.999148 0.040433 -0.008318 0.000000 -0.040434 0.917979 -0.394562 2.950000 -0.008317 0.394562 0.918832 -0.000000 0.000000 0.000000 0.000000 1.000000
0.999278 0.037337 -0.007047 0.000000 -0.037337 0.930515 -0.364345 2.950000 -0.007046 0.364345 0.931237 0.000000 0.000000 0.000000 0.000000 1.000000
0.999380 0.034675 -0.006047 0.000000 -0.034675 0.940374 -0.338370 2.950000 -0.006046 0.338370 0.940994 0.000000 0.000000 0.000000 0.000000 1.000000
0.999452 0.032677 -0.005352 0.000000 -0.032677 0.947235 -0.318869 2.950000 -0.005350 0.318869 0.947784 0.000000 0.000000 0.000000 0.000000 1.000000
0.999489 0.031570 -0.004986 -0.000000 -0.031570 0.950839 -0.308074 2.950000 -0.004985 0.308074 0.951349 0.000000 0.000000 0.000000 0.000000 1.000000</float_array>
        <technique_common>
          <accessor source="#mixamorig_LeftHandRing3-Matrix-animation-output-transform-array" count="78" stride="16">
            <param type="float4x4"/>
          </accessor>
        </technique_common>
      </source>
      <source id="mixamorig_LeftHandRing3-Interpolations">
        <Name_array id="mixamorig_LeftHandRing3-Interpolations-array" count="78">
 LINEAR LINEAR LINEAR LINEAR LINEAR LINEAR LINEAR LINEAR LINEAR LINEAR LINEAR
LINEAR LINEAR LINEAR LINEAR LINEAR LINEAR LINEAR LINEAR LINEAR LINEAR LINEAR LINEAR
LINEAR LINEAR LINEAR LINEAR LINEAR LINEAR LINEAR LINEAR LINEAR LINEAR LINEAR LINEAR
LINEAR LINEAR LINEAR LINEAR LINEAR LINEAR LINEAR LINEAR LINEAR LINEAR LINEAR LINEAR
LINEAR LINEAR LINEAR LINEAR LINEAR LINEAR LINEAR LINEAR LINEAR LINEAR LINEAR LINEAR
LINEAR LINEAR LINEAR LINEAR LINEAR LINEAR LINEAR LINEAR LINEAR LINEAR LINEAR LINEAR
LINEAR LINEAR LINEAR LINEAR LINEAR LINEAR LINEAR</Name_array>
        <technique_common>
          <accessor source="#mixamorig_LeftHandRing3-Interpolations-array" count="78">
            <param type="name"/>
          </accessor>
        </technique_common>
      </source>
      <sampler id="mixamorig_LeftHandRing3-Matrix-animation-transform">
        <input semantic="INPUT" source="#mixamorig_LeftHandRing3-Matrix-animation-input"/>
        <input semantic="OUTPUT" source="#mixamorig_LeftHandRing3-Matrix-animation-output-transform"/>
        <input semantic="INTERPOLATION" source="#mixamorig_LeftHandRing3-Interpolations"/>
      </sampler>
      <channel source="#mixamorig_LeftHandRing3-Matrix-animation-transform" target="mixamorig_LeftHandRing3/matrix"/>
    </animation>
    <animation id="mixamorig_LeftHandPinky1-anim" name="mixamorig_LeftHandPinky1">
      <source id="mixamorig_LeftHandPinky1-Matrix-animation-input">
        <float_array id="mixamorig_LeftHandPinky1-Matrix-animation-input-array" count="78">

0.000000 0.033333 0.066667 0.100000 0.133333 0.166667 0.200000 0.233333 0.266667 0.300000 0.333333 0.366667 0.400000 0.433333 0.466667 0.500000
0.533333 0.566667 0.600000 0.633333 0.666667 0.700000 0.733333 0.766667 0.800000 0.833333 0.866667 0.900000 0.933333 0.966667 1.000000 1.033333
1.066667 1.100000 1.133333 1.166667 1.200000 1.233333 1.266667 1.300000 1.333333 1.366667 1.400000 1.433333 1.466667 1.500000 1.533333 1.566667
1.600000 1.633333 1.666667 1.700000 1.733333 1.766667 1.800000 1.833333 1.866667 1.900000 1.933333 1.966667 2.000000 2.033333 2.066667 2.100000
2.133333 2.166667 2.200000 2.233333 2.266667 2.300000 2.333333 2.366667 2.400000 2.433333 2.466667 2.500000 2.533333 2.566667</float_array>
        <technique_common>
          <accessor source="#mixamorig_LeftHandPinky1-Matrix-animation-input-array" count="78">
            <param name="TIME" type="float"/>
          </accessor>
        </technique_common>
      </source>
      <source id="mixamorig_LeftHandPinky1-Matrix-animation-output-transform">
        <float_array id="mixamorig_LeftHandPinky1-Matrix-animation-output-transform-array" count="1248">

0.995171 0.093545 -0.029743 3.806300 -0.096829 0.885820 -0.453813 8.077800 -0.016104 0.454502 0.890600 0.486900 0.000000 0.000000 0.000000 1.000000
0.992681 0.116678 -0.031147 3.806300 -0.117657 0.876282 -0.467212 8.077800 -0.027220 0.467457 0.883597 0.486900 0.000000 0.000000 0.000000 1.000000
0.983945 0.175053 -0.034768 3.806300 -0.168614 0.847933 -0.502572 8.077800 -0.058496 0.500366 0.863836 0.486900 0.000000 0.000000 0.000000 1.000000
0.966975 0.251755 -0.039744 3.806300 -0.231229 0.800949 -0.552281 8.077800 -0.107207 0.543232 0.832710 0.486900 0.000000 0.000000 0.000000 1.000000
0.942876 0.330029 -0.045446 3.806300 -0.288088 0.739231 -0.608722 8.077800 -0.167301 0.587042 0.792081 0.486900 0.000000 0.000000 0.000000 1.000000
0.917483 0.394417 -0.051574 3.806300 -0.326254 0.671992 -0.664820 8.077800 -0.227559 0.626787 0.745221 0.486900 0.000000 0.000000 0.000000 1.000000
0.900312 0.431357 -0.058053 3.806300 -0.339222 0.611845 -0.714545 8.077800 -0.272705 0.663006 0.697177 0.486900 0.000000 0.000000 0.000000 1.000000
0.901586 0.427634 -0.065351 3.806300 -0.324273 0.568074 -0.756399 8.077800 -0.286338 0.703151 0.650838 0.486900 0.000000 0.000000 0.000000 1.000000
0.922501 0.378490 -0.075744 3.806300 -0.281588 0.525677 -0.802728 8.077800 -0.264007 0.761846 0.591516 0.486900 0.000000 0.000000 0.000000 1.000000
0.949696 0.300793 -0.087187 3.806300 -0.229549 0.479201 -0.847156 8.077800 -0.213038 0.824554 0.524142 0.486900 0.000000 0.000000 0.000000 1.000000
0.971651 0.215511 -0.097208 3.806300 -0.184195 0.432304 -0.882715 8.077800 -0.148212 0.875596 0.459745 0.486900 0.000000 0.000000 0.000000 1.000000
0.983753 0.146307 -0.104036 3.806300 -0.154523 0.395063 -0.905565 8.077800 -0.091390 0.906928 0.411253 0.486900 0.000000 0.000000 0.000000 1.000000
0.987301 0.117840 -0.106540 3.806300 -0.143958 0.380042 -0.913698 8.077800 -0.067181 0.917432 0.392180 0.486900 0.000000 0.000000 0.000000 1.000000
0.987301 0.117840 -0.106540 3.806300 -0.143958 0.380042 -0.913698 8.077800 -0.067181 0.917432 0.392180 0.486900 0.000000 0.000000 0.000000 1.000000
0.987301 0.117840 -0.106540 3.806300 -0.143957 0.380042 -0.913698 8.077800 -0.067181 0.917432 0.392180 0.486900 0.000000 0.000000 0.000000 1.000000
0.987301 0.117840 -0.106540 3.806300 -0.143958 0.380043 -0.913698 8.077800 -0.067180 0.917432 0.392181 0.486900 0.000000 0.000000 0.000000 1.000000
0.987301 0.117840 -0.106540 3.806300 -0.143958 0.380043 -0.913698 8.077800 -0.067180 0.917432 0.392180 0.486900 0.000000 0.000000 0.000000 1.000000
0.987301 0.117840 -0.106540 3.806300 -0.143958 0.380043 -0.913698 8.077800 -0.067180 0.917432 0.392181 0.486900 0.000000 0.000000 0.000000 1.000000
0.987305 0.117842 -0.106495 3.806300 -0.143943 0.380397 -0.913553 8.077800 -0.067144 0.917285 0.392530 0.486900 0.000000 0.000000 0.000000 1.000000
0.987335 0.117855 -0.106209 3.806300 -0.143848 0.382649 -0.912627 8.077800 -0.066917 0.916346 0.394755 0.486900 0.000000 0.000000 0.000000 1.000000
0.987374 0.117870 -0.105825 3.806300 -0.143719 0.385669 -0.911375 8.077800 -0.066611 0.915077 0.397740 0.486900 0.000000 0.000000 0.000000 1.000000
0.987403 0.117881 -0.105538 3.806300 -0.143623 0.387915 -0.910436 8.077800 -0.066384 0.914126 0.399960 0.486900 0.000000 0.000000 0.000000 1.000000
0.987408 0.117883 -0.105494 3.806300 -0.143608 0.388268 -0.910288 8.077800 -0.066347 0.913976 0.400308 0.486900 0.000000 0.000000 0.000000 1.000000
0.987408 0.117883 -0.105494 3.806300 -0.143608 0.388268 -0.910288 8.077800 -0.066348 0.913975 0.400308 0.486900 0.000000 0.000000 0.000000 1.000000
0.987408 0.117883 -0.105493 3.806300 -0.143608 0.388268 -0.910288 8.077800 -0.066348 0.913976 0.400308 0.486900 0.000000 0.000000 0.000000 1.000000
0.987408 0.117883 -0.105494 3.806300 -0.143608 0.388268 -0.910288 8.077800 -0.066347 0.913976 0.400308 0.486900 0.000000 0.000000 0.000000 1.000000
0.987408 0.117883 -0.105494 3.806300 -0.143609 0.388268 -0.910288 8.077800 -0.066347 0.913976 0.400308 0.486900 0.000000 0.000000 0.000000 1.000000
0.987408 0.117882 -0.105494 3.806300 -0.143608 0.388268 -0.910288 8.077800 -0.066347 0.913976 0.400308 0.486900 0.000000 0.000000 0.000000 1.000000
0.987408 0.117883 -0.105493 3.806300 -0.143608 0.388268 -0.910288 8.077800 -0.066348 0.913976 0.400308 0.486900 0.000000 0.000000 0.000000 1.000000
0.987408 0.117883 -0.105494 3.806300 -0.143608 0.388268 -0.910288 8.077800 -0.066348 0.913976 0.400308 0.486900 0.000000 0.000000 0.000000 1.000000
0.987408 0.117883 -0.105494 3.806300 -0.143608 0.388268 -0.910288 8.077800 -0.066347 0.913976 0.400308 0.486900 0.000000 0.000000 0.000000 1.000000
0.953069 0.295463 -0.066034 3.806300 -0.245084 0.624902 -0.741237 8.077800 -0.177743 0.722634 0.667988 0.486900 0.000000 0.000000 0.000000 1.000000
0.870555 0.491867 -0.014138 3.806300 -0.456730 0.797007 -0.395194 8.077800 -0.183114 0.350495 0.918489 0.486900 0.000000 0.000000 0.000000 1.000000
0.876434 0.481518 -0.001647 3.806300 -0.468748 0.852398 -0.231717 8.077800 -0.110172 0.203857 0.972782 0.486900 0.000000 0.000000 0.000000 1.000000
0.880912 0.473261 0.004274 3.806300 -0.468501 0.873261 -0.133876 8.077800 -0.067091 0.115930 0.990989 0.486900 0.000000 0.000000 0.000000 1.000000
0.883407 0.468553 0.007086 3.806300 -0.466555 0.880852 -0.080164 8.077800 -0.043803 0.067511 0.996757 0.486900 0.000000 0.000000 0.000000 1.000000
0.885078 0.465361 0.008787 3.806300 -0.464572 0.884417 -0.044496 8.077800 -0.028478 0.035301 0.998971 0.486900 0.000000 0.000000 0.000000 1.000000
0.898381 0.439111 0.009587 3.806300 -0.439114 0.898429 -0.001978 8.077800 -0.009482 -0.002433 0.999952 0.486900 0.000000 0.000000 0.000000 1.000000
0.898691 0.438501 0.008410 3.806300 -0.438162 0.898505 -0.026501 8.077800 -0.019178 0.020132 0.999613 0.486900 0.000000 0.000000 0.000000 1.000000
0.881851 0.471515 -0.003370 3.806300 -0.457387 0.853647 -0.249167 8.077800 -0.114609 0.221270 0.968455 0.486900 0.000000 0.000000 0.000000 1.000000
0.870555 0.491868 -0.014138 3.806300 -0.456730 0.797007 -0.395193 8.077800 -0.183114 0.350495 0.918489 0.486900 0.000000 0.000000 0.000000 1.000000
0.872677 0.488152 -0.011933 3.806300 -0.457753 0.809336 -0.368018 8.077800 -0.169991 0.326623 0.929742 0.486900 0.000000 0.000000 0.000000 1.000000
0.881354 0.472441 -0.003794 3.806300 -0.457598 0.851612 -0.255659 8.077800 -0.117552 0.227062 0.966760 0.486900 0.000000 0.000000 0.000000 1.000000
0.892848 0.450332 0.004893 3.806300 -0.447424 0.888216 -0.104327 8.077800 -0.051328 0.090959 0.994531 0.486900 0.000000 0.000000 0.000000 1.000000
0.903041 0.429423 0.010630 3.806300 -0.429536 0.902492 0.031737 8.077800 0.004035 -0.033226 0.999440 0.486900 0.000000 0.000000 0.000000 1.000000
0.905922 0.423270 0.012157 3.806300 -0.422893 0.902906 0.076950 8.077800 0.021594 -0.074852 0.996961 0.486900 0.000000 0.000000 0.000000 1.000000
0.900649 0.434424 0.010366 3.806300 -0.434547 0.900420 0.020295 8.077800 -0.000517 -0.022783 0.999740 0.486900 0.000000 0.000000 0.000000 1.000000
0.890709 0.454541 0.005416 3.806300 -0.451865 0.886637 -0.098454 8.077800 -0.049553 0.085246 0.995127 0.486900 0.000000 0.000000 0.000000 1.000000
0.879866 0.475217 -0.002364 3.806300 -0.462110 0.854417 -0.237541 8.077800 -0.110863 0.210097 0.971375 0.486900 0.000000 0.000000 0.000000 1.000000
0.872104 0.489200 -0.010816 3.806300 -0.460615 0.813284 -0.355531 8.077800 -0.165129 0.315043 0.934602 0.486900 0.000000 0.000000 0.000000 1.000000
0.870111 0.492559 -0.017095 3.806300 -0.452070 0.783810 -0.425764 8.077800 -0.196314 0.378191 0.904673 0.486900 0.000000 0.000000 0.000000 1.000000
0.870006 0.492494 -0.023228 3.806300 -0.441029 0.756300 -0.483222 8.077800 -0.220416 0.430650 0.875190 0.486900 0.000000 0.000000 0.000000 1.000000
0.871076 0.490258 -0.029569 3.806300 -0.427839 0.727851 -0.535898 8.077800 -0.241206 0.479458 0.843765 0.486900 0.000000 0.000000 0.000000 1.000000
0.873464 0.485554 -0.036028 3.806300 -0.412678 0.699036 -0.583991 8.077800 -0.258374 0.524963 0.810961 0.486900 0.000000 0.000000 0.000000 1.000000
0.877290 0.478074 -0.042519 3.806300 -0.395721 0.670339 -0.627735 8.077800 -0.271601 0.567531 0.777265 0.486900 0.000000 0.000000 0.000000 1.000000
0.882640 0.467493 -0.048964 3.806300 -0.377141 0.642152 -0.667387 8.077800 -0.280557 0.607529 0.743099 0.486900 0.000000 0.000000 0.000000 1.000000
0.889559 0.453464 -0.055284 3.806300 -0.357098 0.614784 -0.703222 8.077800 -0.284898 0.645299 0.708818 0.486900 0.000000 0.000000 0.000000 1.000000
0.898037 0.435614 -0.061402 3.806300 -0.335740 0.588467 -0.735517 8.077800 -0.284268 0.681137 0.674718 0.486900 0.000000 0.000000 0.000000 1.000000
0.909395 0.410357 -0.067889 3.806300 -0.310599 0.561426 -0.767026 8.077800 -0.276640 0.718616 0.638014 0.486900 0.000000 0.000000 0.000000 1.000000
0.923593 0.375958 -0.075041 3.806300 -0.281350 0.531735 -0.798812 8.077800 -0.260418 0.758890 0.596882 0.486900 0.000000 0.000000 0.000000 1.000000
0.938634 0.334936 -0.082365 3.806300 -0.251110 0.499880 -0.828893 8.077800 -0.236454 0.798710 0.553310 0.486900 0.000000 0.000000 0.000000 1.000000
0.952824 0.290062 -0.089390 3.806300 -0.222492 0.467149 -0.855727 8.077800 -0.206456 0.835246 0.509647 0.486900 0.000000 0.000000 0.000000 1.000000
0.964949 0.244372 -0.095691 3.806300 -0.197399 0.435566 -0.878246 8.077800 -0.172939 0.866351 0.468538 0.486900 0.000000 0.000000 0.000000 1.000000
0.974356 0.201122 -0.100902 3.806300 -0.176923 0.407700 -0.895812 8.077800 -0.139030 0.890691 0.432828 0.486900 0.000000 0.000000 0.000000 1.000000
0.980937 0.163697 -0.104721 3.806300 -0.161425 0.386390 -0.908099 8.077800 -0.108190 0.907693 0.405449 0.486900 0.000000 0.000000 0.000000 1.000000
0.984993 0.135508 -0.106892 3.806300 -0.150804 0.374493 -0.914884 8.077800 -0.083944 0.917275 0.389308 0.486900 0.000000 0.000000 0.000000 1.000000
0.986983 0.119906 -0.107181 3.806300 -0.144964 0.374679 -0.915752 8.077800 -0.069646 0.919369 0.387183 0.486900 0.000000 0.000000 0.000000 1.000000
0.987437 0.117893 -0.105208 3.806300 -0.143511 0.390512 -0.909343 8.077800 -0.066120 0.913018 0.402525 0.486900 0.000000 0.000000 0.000000 1.000000
0.987939 0.117957 -0.100313 3.806300 -0.141769 0.428511 -0.892345 8.077800 -0.062273 0.895804 0.440066 0.486900 0.000000 0.000000 0.000000 1.000000
0.988689 0.117670 -0.092993 3.806300 -0.138864 0.483963 -0.864000 8.077800 -0.056661 0.867141 0.494829 0.486900 0.000000 0.000000 0.000000 1.000000
0.989617 0.116673 -0.083942 3.806300 -0.134771 0.550244 -0.824056 8.077800 -0.049957 0.826813 0.560255 0.486900 0.000000 0.000000 0.000000 1.000000
0.990646 0.114715 -0.073894 3.806300 -0.129560 0.620784 -0.773202 8.077800 -0.042826 0.775544 0.629840 0.486900 0.000000 0.000000 0.000000 1.000000
0.991702 0.111729 -0.063596 3.806300 -0.123453 0.689575 -0.713615 8.077800 -0.035878 0.715544 0.697646 0.486900 0.000000 0.000000 0.000000 1.000000
0.992709 0.107880 -0.053766 3.806300 -0.116842 0.751677 -0.649099 8.077800 -0.029610 0.650649 0.758801 0.486900 0.000000 0.000000 0.000000 1.000000
0.993604 0.103555 -0.045034 3.806300 -0.110261 0.803593 -0.584877 8.077800 -0.024377 0.586101 0.809871 0.486900 0.000000 0.000000 0.000000 1.000000
0.994333 0.099319 -0.037920 3.806300 -0.104342 0.843360 -0.527122 8.077800 -0.020373 0.528091 0.848943 0.486900 0.000000 0.000000 0.000000 1.000000
0.994855 0.095847 -0.032828 3.806300 -0.099760 0.870244 -0.482414 8.077800 -0.017669 0.483207 0.875328 0.486900 0.000000 0.000000 0.000000 1.000000
0.995134 0.093822 -0.030104 3.806300 -0.097178 0.884029 -0.457219 8.077800 -0.016284 0.457919 0.888845 0.486900 0.000000 0.000000 0.000000 1.000000</float_array>
        <technique_common>
          <accessor source="#mixamorig_LeftHandPinky1-Matrix-animation-output-transform-array" count="78" stride="16">
            <param type="float4x4"/>
          </accessor>
        </technique_common>
      </source>
      <source id="mixamorig_LeftHandPinky1-Interpolations">
        <Name_array id="mixamorig_LeftHandPinky1-Interpolations-array" count="78">
 LINEAR LINEAR LINEAR LINEAR LINEAR LINEAR LINEAR LINEAR LINEAR LINEAR LINEAR
LINEAR LINEAR LINEAR LINEAR LINEAR LINEAR LINEAR LINEAR LINEAR LINEAR LINEAR LINEAR
LINEAR LINEAR LINEAR LINEAR LINEAR LINEAR LINEAR LINEAR LINEAR LINEAR LINEAR LINEAR
LINEAR LINEAR LINEAR LINEAR LINEAR LINEAR LINEAR LINEAR LINEAR LINEAR LINEAR LINEAR
LINEAR LINEAR LINEAR LINEAR LINEAR LINEAR LINEAR LINEAR LINEAR LINEAR LINEAR LINEAR
LINEAR LINEAR LINEAR LINEAR LINEAR LINEAR LINEAR LINEAR LINEAR LINEAR LINEAR LINEAR
LINEAR LINEAR LINEAR LINEAR LINEAR LINEAR LINEAR</Name_array>
        <technique_common>
          <accessor source="#mixamorig_LeftHandPinky1-Interpolations-array" count="78">
            <param type="name"/>
          </accessor>
        </technique_common>
      </source>
      <sampler id="mixamorig_LeftHandPinky1-Matrix-animation-transform">
        <input semantic="INPUT" source="#mixamorig_LeftHandPinky1-Matrix-animation-input"/>
        <input semantic="OUTPUT" source="#mixamorig_LeftHandPinky1-Matrix-animation-output-transform"/>
        <input semantic="INTERPOLATION" source="#mixamorig_LeftHandPinky1-Interpolations"/>
      </sampler>
      <channel source="#mixamorig_LeftHandPinky1-Matrix-animation-transform" target="mixamorig_LeftHandPinky1/matrix"/>
    </animation>
    <animation id="mixamorig_LeftHandPinky2-anim" name="mixamorig_LeftHandPinky2">
      <source id="mixamorig_LeftHandPinky2-Matrix-animation-input">
        <float_array id="mixamorig_LeftHandPinky2-Matrix-animation-input-array" count="78">

0.000000 0.033333 0.066667 0.100000 0.133333 0.166667 0.200000 0.233333 0.266667 0.300000 0.333333 0.366667 0.400000 0.433333 0.466667 0.500000
0.533333 0.566667 0.600000 0.633333 0.666667 0.700000 0.733333 0.766667 0.800000 0.833333 0.866667 0.900000 0.933333 0.966667 1.000000 1.033333
1.066667 1.100000 1.133333 1.166667 1.200000 1.233333 1.266667 1.300000 1.333333 1.366667 1.400000 1.433333 1.466667 1.500000 1.533333 1.566667
1.600000 1.633333 1.666667 1.700000 1.733333 1.766667 1.800000 1.833333 1.866667 1.900000 1.933333 1.966667 2.000000 2.033333 2.066667 2.100000
2.133333 2.166667 2.200000 2.233333 2.266667 2.300000 2.333333 2.366667 2.400000 2.433333 2.466667 2.500000 2.533333 2.566667</float_array>
        <technique_common>
          <accessor source="#mixamorig_LeftHandPinky2-Matrix-animation-input-array" count="78">
            <param name="TIME" type="float"/>
          </accessor>
        </technique_common>
      </source>
      <source id="mixamorig_LeftHandPinky2-Matrix-animation-output-transform">
        <float_array id="mixamorig_LeftHandPinky2-Matrix-animation-output-transform-array" count="1248">

0.999520 0.030638 -0.004689 0.000000 -0.030638 0.953768 -0.298978 3.600000 -0.004688 0.298978 0.954249 0.000000 0.000000 0.000000 0.000000 1.000000
0.999526 0.030444 -0.004628 0.000000 -0.030444 0.954367 -0.297080 3.600000 -0.004627 0.297080 0.954842 -0.000000 0.000000 0.000000 0.000000 1.000000
0.999532 0.030244 -0.004566 -0.000000 -0.030244 0.954978 -0.295130 3.600000 -0.004565 0.295130 0.955446 0.000000 0.000000 0.000000 0.000000 1.000000
0.999520 0.030615 -0.004681 -0.000000 -0.030615 0.953839 -0.298753 3.600000 -0.004681 0.298753 0.954319 -0.000000 0.000000 0.000000 0.000000 1.000000
0.999470 0.032129 -0.005169 0.000000 -0.032129 0.949036 -0.313525 3.600000 -0.005168 0.313525 0.949566 -0.000000 0.000000 0.000000 0.000000 1.000000
0.999356 0.035334 -0.006287 0.000000 -0.035334 0.938010 -0.344802 3.600000 -0.006286 0.344802 0.938654 -0.000000 0.000000 0.000000 0.000000 1.000000
0.999135 0.040720 -0.008443 -0.000000 -0.040720 0.916759 -0.397360 3.600000 -0.008441 0.397360 0.917624 0.000000 0.000000 0.000000 0.000000 1.000000
0.998703 0.049319 -0.012659 -0.000000 -0.049320 0.875179 -0.481279 3.600000 -0.012657 0.481279 0.876476 0.000000 0.000000 0.000000 0.000000 1.000000
0.997757 0.063257 -0.021887 -0.000000 -0.063258 0.784189 -0.617289 3.600000 -0.021885 0.617289 0.786432 0.000000 0.000000 0.000000 0.000000 1.000000
0.996299 0.078000 -0.036117 0.000000 -0.078001 0.643867 -0.761151 3.600000 -0.036115 0.761152 0.647568 0.000000 0.000000 0.000000 0.000000 1.000000
0.994615 0.089327 -0.052549 0.000000 -0.089329 0.481842 -0.871693 3.600000 -0.052546 0.871693 0.487227 0.000000 0.000000 0.000000 0.000000 1.000000
0.993205 0.095638 -0.066304 0.000000 -0.095640 0.346206 -0.933271 3.600000 -0.066301 0.933271 0.353000 0.000000 0.000000 0.000000 0.000000 1.000000
0.992623 0.097558 -0.071993 0.000000 -0.097560 0.290106 -0.952009 3.600000 -0.071990 0.952009 0.297483 -0.000000 0.000000 0.000000 0.000000 1.000000
0.992623 0.097558 -0.071993 0.000000 -0.097560 0.290106 -0.952009 3.600000 -0.071990 0.952009 0.297483 -0.000000 0.000000 0.000000 0.000000 1.000000
0.992623 0.097558 -0.071993 0.000000 -0.097560 0.290106 -0.952009 3.600000 -0.071990 0.952009 0.297483 0.000000 0.000000 0.000000 0.000000 1.000000
0.992623 0.097558 -0.071993 0.000000 -0.097560 0.290105 -0.952009 3.600000 -0.071990 0.952009 0.297483 0.000000 0.000000 0.000000 0.000000 1.000000
0.992622 0.097558 -0.071993 -0.000000 -0.097560 0.290105 -0.952009 3.600000 -0.071991 0.952009 0.297482 0.000000 0.000000 0.000000 0.000000 1.000000
0.992623 0.097558 -0.071993 0.000000 -0.097560 0.290105 -0.952009 3.600000 -0.071990 0.952009 0.297482 0.000000 0.000000 0.000000 0.000000 1.000000
0.993001 0.096355 -0.068302 0.000000 -0.096357 0.326507 -0.940270 3.600000 -0.068299 0.940271 0.333506 0.000000 0.000000 0.000000 0.000000 1.000000
0.995269 0.085486 -0.046165 0.000000 -0.085487 0.544787 -0.834206 3.600000 -0.046163 0.834206 0.549518 -0.000000 0.000000 0.000000 0.000000 1.000000
0.997769 0.063116 -0.021775 -0.000000 -0.063116 0.785287 -0.615906 3.600000 -0.021774 0.615906 0.787519 0.000000 0.000000 0.000000 0.000000 1.000000
0.999079 0.041950 -0.008985 0.000000 -0.041950 0.911406 -0.409364 3.600000 -0.008984 0.409364 0.912327 -0.000000 0.000000 0.000000 0.000000 1.000000
0.999236 0.038365 -0.007456 0.000000 -0.038365 0.926483 -0.374375 3.600000 -0.007455 0.374375 0.927247 -0.000000 0.000000 0.000000 0.000000 1.000000
0.999236 0.038365 -0.007456 -0.000000 -0.038365 0.926483 -0.374376 3.600000 -0.007455 0.374376 0.927247 -0.000000 0.000000 0.000000 0.000000 1.000000
0.999236 0.038364 -0.007456 0.000000 -0.038365 0.926483 -0.374375 3.600000 -0.007455 0.374375 0.927247 0.000000 0.000000 0.000000 0.000000 1.000000
0.999236 0.038364 -0.007456 -0.000000 -0.038365 0.926483 -0.374375 3.600000 -0.007455 0.374375 0.927247 0.000000 0.000000 0.000000 0.000000 1.000000
0.999236 0.038365 -0.007456 0.000000 -0.038365 0.926483 -0.374375 3.600000 -0.007455 0.374375 0.927247 -0.000000 0.000000 0.000000 0.000000 1.000000
0.999236 0.038365 -0.007456 0.000000 -0.038365 0.926483 -0.374375 3.600000 -0.007455 0.374375 0.927247 0.000000 0.000000 0.000000 0.000000 1.000000
0.999236 0.038365 -0.007456 0.000000 -0.038365 0.926483 -0.374375 3.600000 -0.007455 0.374375 0.927247 0.000000 0.000000 0.000000 0.000000 1.000000
0.999236 0.038365 -0.007456 0.000000 -0.038365 0.926483 -0.374375 3.600000 -0.007455 0.374375 0.927247 0.000000 0.000000 0.000000 0.000000 1.000000
0.999236 0.038365 -0.007456 -0.000000 -0.038365 0.926483 -0.374376 3.600000 -0.007455 0.374376 0.927247 0.000000 0.000000 0.000000 0.000000 1.000000
0.999558 0.029399 -0.004309 0.000000 -0.029399 0.957515 -0.286882 3.600000 -0.004308 0.286882 0.957956 -0.000000 0.000000 0.000000 0.000000 1.000000
0.999860 0.016650 -0.001362 0.000000 -0.016650 0.986572 -0.162475 3.600000 -0.001361 0.162475 0.986712 0.000000 0.000000 0.000000 0.000000 1.000000
0.999941 0.010820 -0.000573 0.000000 -0.010820 0.994352 -0.105581 3.600000 -0.000573 0.105581 0.994411 0.000000 0.000000 0.000000 0.000000 1.000000
0.999974 0.007202 -0.000254 -0.000000 -0.007202 0.997501 -0.070279 3.600000 -0.000253 0.070279 0.997527 0.000000 0.000000 0.000000 0.000000 1.000000
0.999988 0.004979 -0.000121 -0.000000 -0.004979 0.998806 -0.048589 3.600000 -0.000121 0.048589 0.998819 0.000000 0.000000 0.000000 0.000000 1.000000
0.999995 0.003304 -0.000053 0.000000 -0.003304 0.999475 -0.032243 3.600000 -0.000053 0.032243 0.999480 0.000000 0.000000 0.000000 0.000000 1.000000
0.999999 0.001345 -0.000009 0.000000 -0.001345 0.999913 -0.013129 3.600000 -0.000009 0.013129 0.999914 0.000000 0.000000 0.000000 0.000000 1.000000
0.999998 0.002221 -0.000024 0.000000 -0.002221 0.999763 -0.021678 3.600000 -0.000024 0.021678 0.999765 0.000000 0.000000 0.000000 0.000000 1.000000
0.999941 0.010802 -0.000571 -0.000000 -0.010802 0.994370 -0.105408 3.600000 -0.000571 0.105408 0.994429 0.000000 0.000000 0.000000 0.000000 1.000000
0.999860 0.016650 -0.001362 0.000000 -0.016650 0.986572 -0.162475 3.600000 -0.001361 0.162475 0.986712 0.000000 0.000000 0.000000 0.000000 1.000000
0.999879 0.015540 -0.001186 -0.000000 -0.015540 0.988313 -0.151643 3.600000 -0.001185 0.151643 0.988435 0.000000 0.000000 0.000000 0.000000 1.000000
0.999939 0.011057 -0.000598 0.000000 -0.011057 0.994101 -0.107894 3.600000 -0.000598 0.107894 0.994162 0.000000 0.000000 0.000000 0.000000 1.000000
0.999986 0.005196 -0.000132 0.000000 -0.005196 0.998700 -0.050705 3.600000 -0.000132 0.050705 0.998714 0.000000 0.000000 0.000000 0.000000 1.000000
1.000000 0.000000 0.000000 0.000000 -0.000000 1.000000 -0.000001 3.600000 -0.000000 0.000001 1.000000 0.000000 0.000000 0.000000 0.000000 1.000000
1.000000 0.000000 -0.000000 0.000000 -0.000000 1.000000 -0.000000 3.600000 0.000000 0.000000 1.000000 0.000000 0.000000 0.000000 0.000000 1.000000
1.000000 0.000030 0.000000 0.000000 -0.000030 1.000000 -0.000295 3.600000 -0.000000 0.000295 1.000000 0.000000 0.000000 0.000000 0.000000 1.000000
0.999991 0.004318 -0.000091 0.000000 -0.004318 0.999103 -0.042137 3.600000 -0.000091 0.042137 0.999112 0.000000 0.000000 0.000000 0.000000 1.000000
0.999953 0.009652 -0.000456 -0.000000 -0.009652 0.995508 -0.094187 3.600000 -0.000455 0.094187 0.995554 0.000000 0.000000 0.000000 0.000000 1.000000
0.999892 0.014674 -0.001056 0.000000 -0.014674 0.989586 -0.143192 3.600000 -0.001056 0.143192 0.989694 0.000000 0.000000 0.000000 0.000000 1.000000
0.999831 0.018307 -0.001649 0.000000 -0.018307 0.983743 -0.178645 3.600000 -0.001649 0.178645 0.983912 0.000000 0.000000 0.000000 0.000000 1.000000
0.999769 0.021392 -0.002258 0.000000 -0.021392 0.977734 -0.208753 3.600000 -0.002258 0.208753 0.977966 0.000000 0.000000 0.000000 0.000000 1.000000
0.999699 0.024353 -0.002937 -0.000000 -0.024353 0.971047 -0.237644 3.600000 -0.002936 0.237644 0.971348 0.000000 0.000000 0.000000 0.000000 1.000000
0.999618 0.027401 -0.003732 -0.000000 -0.027401 0.963200 -0.267387 3.600000 -0.003731 0.267387 0.963582 0.000000 0.000000 0.000000 0.000000 1.000000
0.999516 0.030740 -0.004721 0.000000 -0.030741 0.953451 -0.299976 3.600000 -0.004720 0.299976 0.953935 -0.000000 0.000000 0.000000 0.000000 1.000000
0.999384 0.034566 -0.006008 -0.000000 -0.034566 0.940761 -0.337304 3.600000 -0.006007 0.337304 0.941377 0.000000 0.000000 0.000000 0.000000 1.000000
0.999207 0.039053 -0.007737 0.000000 -0.039053 0.923713 -0.381090 3.600000 -0.007736 0.381090 0.924505 0.000000 0.000000 0.000000 0.000000 1.000000
0.998965 0.044350 -0.010101 -0.000000 -0.044351 0.900405 -0.432787 3.600000 -0.010099 0.432787 0.901440 0.000000 0.000000 0.000000 0.000000 1.000000
0.998596 0.051164 -0.013698 0.000000 -0.051164 0.864930 -0.499278 3.600000 -0.013697 0.499278 0.866334 0.000000 0.000000 0.000000 0.000000 1.000000
0.998049 0.059461 -0.019038 0.000000 -0.059461 0.812274 -0.580237 3.600000 -0.019037 0.580237 0.814225 0.000000 0.000000 0.000000 0.000000 1.000000
0.997327 0.068252 -0.026085 0.000000 -0.068253 0.742796 -0.666030 3.600000 -0.026083 0.666030 0.745469 0.000000 0.000000 0.000000 0.000000 1.000000
0.996461 0.076637 -0.034540 0.000000 -0.076638 0.659422 -0.747857 3.600000 -0.034538 0.747857 0.662961 -0.000000 0.000000 0.000000 0.000000 1.000000
0.995509 0.083910 -0.043823 -0.000000 -0.083911 0.567880 -0.818823 3.600000 -0.043821 0.818823 0.572371 0.000000 0.000000 0.000000 0.000000 1.000000
0.994556 0.089642 -0.053121 0.000000 -0.089643 0.476196 -0.874758 3.600000 -0.053119 0.874758 0.481639 0.000000 0.000000 0.000000 0.000000 1.000000
0.993699 0.093708 -0.061484 0.000000 -0.093710 0.393730 -0.914437 3.600000 -0.061482 0.914437 0.400030 0.000000 0.000000 0.000000 0.000000 1.000000
0.993039 0.096226 -0.067932 -0.000000 -0.096228 0.330152 -0.939010 3.600000 -0.067929 0.939010 0.337114 0.000000 0.000000 0.000000 0.000000 1.000000
0.992670 0.097416 -0.071530 -0.000000 -0.097418 0.294671 -0.950620 3.600000 -0.071528 0.950621 0.302001 0.000000 0.000000 0.000000 0.000000 1.000000
0.992683 0.097375 -0.071398 0.000000 -0.097377 0.295971 -0.950220 3.600000 -0.071396 0.950221 0.303288 0.000000 0.000000 0.000000 0.000000 1.000000
0.993116 0.095958 -0.067181 0.000000 -0.095960 0.337557 -0.936401 3.600000 -0.067178 0.936401 0.344441 -0.000000 0.000000 0.000000 0.000000 1.000000
0.993874 0.092957 -0.059784 0.000000 -0.092959 0.410502 -0.907109 3.600000 -0.059781 0.907109 0.416628 0.000000 0.000000 0.000000 0.000000 1.000000
0.994842 0.088070 -0.050339 0.000000 -0.088071 0.503634 -0.859416 3.600000 -0.050336 0.859416 0.508792 0.000000 0.000000 0.000000 0.000000 1.000000
0.995897 0.081155 -0.040041 0.000000 -0.081157 0.605174 -0.791946 3.600000 -0.040039 0.791946 0.609277 0.000000 0.000000 0.000000 0.000000 1.000000
0.996923 0.072412 -0.030032 0.000000 -0.072413 0.703871 -0.706627 3.600000 -0.030030 0.706628 0.706948 -0.000000 0.000000 0.000000 0.000000 1.000000
0.997823 0.062436 -0.021247 -0.000000 -0.062437 0.790498 -0.609274 3.600000 -0.021245 0.609274 0.792675 0.000000 0.000000 0.000000 0.000000 1.000000
0.998536 0.052164 -0.014284 0.000000 -0.052165 0.859161 -0.509039 3.600000 -0.014282 0.509039 0.860625 -0.000000 0.000000 0.000000 0.000000 1.000000
0.999042 0.042744 -0.009346 -0.000000 -0.042745 0.907850 -0.417111 3.600000 -0.009345 0.417111 0.908808 -0.000000 0.000000 0.000000 0.000000 1.000000
0.999354 0.035377 -0.006303 0.000000 -0.035377 0.937855 -0.345220 3.600000 -0.006302 0.345220 0.938501 0.000000 0.000000 0.000000 0.000000 1.000000
0.999501 0.031204 -0.004868 0.000000 -0.031204 0.952002 -0.304498 3.600000 -0.004867 0.304498 0.952500 -0.000000 0.000000 0.000000 0.000000 1.000000</float_array>
        <technique_common>
          <accessor source="#mixamorig_LeftHandPinky2-Matrix-animation-output-transform-array" count="78" stride="16">
            <param type="float4x4"/>
          </accessor>
        </technique_common>
      </source>
      <source id="mixamorig_LeftHandPinky2-Interpolations">
        <Name_array id="mixamorig_LeftHandPinky2-Interpolations-array" count="78">
 LINEAR LINEAR LINEAR LINEAR LINEAR LINEAR LINEAR LINEAR LINEAR LINEAR LINEAR
LINEAR LINEAR LINEAR LINEAR LINEAR LINEAR LINEAR LINEAR LINEAR LINEAR LINEAR LINEAR
LINEAR LINEAR LINEAR LINEAR LINEAR LINEAR LINEAR LINEAR LINEAR LINEAR LINEAR LINEAR
LINEAR LINEAR LINEAR LINEAR LINEAR LINEAR LINEAR LINEAR LINEAR LINEAR LINEAR LINEAR
LINEAR LINEAR LINEAR LINEAR LINEAR LINEAR LINEAR LINEAR LINEAR LINEAR LINEAR LINEAR
LINEAR LINEAR LINEAR LINEAR LINEAR LINEAR LINEAR LINEAR LINEAR LINEAR LINEAR LINEAR
LINEAR LINEAR LINEAR LINEAR LINEAR LINEAR LINEAR</Name_array>
        <technique_common>
          <accessor source="#mixamorig_LeftHandPinky2-Interpolations-array" count="78">
            <param type="name"/>
          </accessor>
        </technique_common>
      </source>
      <sampler id="mixamorig_LeftHandPinky2-Matrix-animation-transform">
        <input semantic="INPUT" source="#mixamorig_LeftHandPinky2-Matrix-animation-input"/>
        <input semantic="OUTPUT" source="#mixamorig_LeftHandPinky2-Matrix-animation-output-transform"/>
        <input semantic="INTERPOLATION" source="#mixamorig_LeftHandPinky2-Interpolations"/>
      </sampler>
      <channel source="#mixamorig_LeftHandPinky2-Matrix-animation-transform" target="mixamorig_LeftHandPinky2/matrix"/>
    </animation>
    <animation id="mixamorig_LeftHandPinky3-anim" name="mixamorig_LeftHandPinky3">
      <source id="mixamorig_LeftHandPinky3-Matrix-animation-input">
        <float_array id="mixamorig_LeftHandPinky3-Matrix-animation-input-array" count="78">

0.000000 0.033333 0.066667 0.100000 0.133333 0.166667 0.200000 0.233333 0.266667 0.300000 0.333333 0.366667 0.400000 0.433333 0.466667 0.500000
0.533333 0.566667 0.600000 0.633333 0.666667 0.700000 0.733333 0.766667 0.800000 0.833333 0.866667 0.900000 0.933333 0.966667 1.000000 1.033333
1.066667 1.100000 1.133333 1.166667 1.200000 1.233333 1.266667 1.300000 1.333333 1.366667 1.400000 1.433333 1.466667 1.500000 1.533333 1.566667
1.600000 1.633333 1.666667 1.700000 1.733333 1.766667 1.800000 1.833333 1.866667 1.900000 1.933333 1.966667 2.000000 2.033333 2.066667 2.100000
2.133333 2.166667 2.200000 2.233333 2.266667 2.300000 2.333333 2.366667 2.400000 2.433333 2.466667 2.500000 2.533333 2.566667</float_array>
        <technique_common>
          <accessor source="#mixamorig_LeftHandPinky3-Matrix-animation-input-array" count="78">
            <param name="TIME" type="float"/>
          </accessor>
        </technique_common>
      </source>
      <source id="mixamorig_LeftHandPinky3-Matrix-animation-output-transform">
        <float_array id="mixamorig_LeftHandPinky3-Matrix-animation-output-transform-array" count="1248">

0.999568 0.029097 -0.004219 0.000000 -0.029097 0.958402 -0.283935 2.100000 -0.004218 0.283935 0.958834 0.000000 0.000000 0.000000 0.000000 1.000000
0.999547 0.029774 -0.004422 0.000000 -0.029774 0.956398 -0.290545 2.100000 -0.004421 0.290545 0.956851 -0.000000 0.000000 0.000000 0.000000 1.000000
0.999489 0.031569 -0.004985 -0.000000 -0.031569 0.950844 -0.308056 2.100000 -0.004985 0.308056 0.951355 0.000000 0.000000 0.000000 0.000000 1.000000
0.999401 0.034119 -0.005849 -0.000000 -0.034120 0.942328 -0.332948 2.100000 -0.005848 0.332948 0.942927 0.000000 0.000000 0.000000 0.000000 1.000000
0.999289 0.037068 -0.006942 0.000000 -0.037068 0.931551 -0.361716 2.100000 -0.006941 0.361716 0.932263 -0.000000 0.000000 0.000000 0.000000 1.000000
0.999164 0.040063 -0.008160 0.000000 -0.040063 0.919540 -0.390948 2.100000 -0.008159 0.390948 0.920376 -0.000000 0.000000 0.000000 0.000000 1.000000
0.999041 0.042773 -0.009358 0.000000 -0.042773 0.907721 -0.417387 2.100000 -0.009358 0.417387 0.908680 0.000000 0.000000 0.000000 0.000000 1.000000
0.998930 0.045053 -0.010441 0.000000 -0.045053 0.897045 -0.439636 2.100000 -0.010440 0.439636 0.898115 0.000000 0.000000 0.000000 0.000000 1.000000
0.998797 0.047603 -0.011736 0.000000 -0.047604 0.884279 -0.464526 2.100000 -0.011735 0.464526 0.885482 0.000000 0.000000 0.000000 0.000000 1.000000
0.998652 0.050208 -0.013154 -0.000000 -0.050209 0.870301 -0.489954 2.100000 -0.013152 0.489954 0.871649 0.000000 0.000000 0.000000 0.000000 1.000000
0.998516 0.052498 -0.014482 0.000000 -0.052498 0.857206 -0.512290 2.100000 -0.014480 0.512290 0.858690 0.000000 0.000000 0.000000 0.000000 1.000000
0.998415 0.054119 -0.015472 0.000000 -0.054120 0.847445 -0.528117 2.100000 -0.015470 0.528117 0.849031 0.000000 0.000000 0.000000 0.000000 1.000000
0.998375 0.054736 -0.015859 0.000000 -0.054737 0.843626 -0.534133 2.100000 -0.015857 0.534133 0.845252 -0.000000 0.000000 0.000000 0.000000 1.000000
0.998375 0.054736 -0.015859 0.000000 -0.054737 0.843626 -0.534133 2.100000 -0.015857 0.534133 0.845252 0.000000 0.000000 0.000000 0.000000 1.000000
0.998375 0.054736 -0.015859 0.000000 -0.054736 0.843627 -0.534133 2.100000 -0.015857 0.534133 0.845252 -0.000000 0.000000 0.000000 0.000000 1.000000
0.998375 0.054736 -0.015859 0.000000 -0.054737 0.843627 -0.534133 2.100000 -0.015857 0.534133 0.845252 0.000000 0.000000 0.000000 0.000000 1.000000
0.998375 0.054736 -0.015859 0.000000 -0.054737 0.843626 -0.534133 2.100000 -0.015857 0.534133 0.845251 -0.000000 0.000000 0.000000 0.000000 1.000000
0.998375 0.054736 -0.015859 0.000000 -0.054737 0.843626 -0.534133 2.100000 -0.015857 0.534133 0.845252 0.000000 0.000000 0.000000 0.000000 1.000000
0.998376 0.054723 -0.015851 0.000000 -0.054724 0.843708 -0.534006 2.100000 -0.015849 0.534006 0.845332 0.000000 0.000000 0.000000 0.000000 1.000000
0.998381 0.054640 -0.015798 0.000000 -0.054640 0.844226 -0.533195 2.100000 -0.015796 0.533195 0.845845 0.000000 0.000000 0.000000 0.000000 1.000000
0.998388 0.054528 -0.015728 -0.000000 -0.054528 0.844921 -0.532104 2.100000 -0.015726 0.532104 0.846533 -0.000000 0.000000 0.000000 0.000000 1.000000
0.998394 0.054445 -0.015675 0.000000 -0.054445 0.845438 -0.531292 2.100000 -0.015673 0.531292 0.847044 -0.000000 0.000000 0.000000 0.000000 1.000000
0.998395 0.054432 -0.015667 -0.000000 -0.054432 0.845518 -0.531165 2.100000 -0.015665 0.531165 0.847124 0.000000 0.000000 0.000000 0.000000 1.000000
0.998395 0.054432 -0.015667 -0.000000 -0.054432 0.845518 -0.531165 2.100000 -0.015665 0.531165 0.847124 -0.000000 0.000000 0.000000 0.000000 1.000000
0.998395 0.054432 -0.015667 0.000000 -0.054432 0.845518 -0.531164 2.100000 -0.015665 0.531164 0.847124 0.000000 0.000000 0.000000 0.000000 1.000000
0.998395 0.054432 -0.015667 0.000000 -0.054432 0.845518 -0.531164 2.100000 -0.015665 0.531165 0.847124 0.000000 0.000000 0.000000 0.000000 1.000000
0.998395 0.054431 -0.015667 0.000000 -0.054432 0.845518 -0.531164 2.100000 -0.015665 0.531165 0.847124 -0.000000 0.000000 0.000000 0.000000 1.000000
0.998395 0.054431 -0.015667 0.000000 -0.054432 0.845518 -0.531164 2.100000 -0.015665 0.531165 0.847124 0.000000 0.000000 0.000000 0.000000 1.000000
0.998395 0.054432 -0.015667 0.000000 -0.054432 0.845518 -0.531164 2.100000 -0.015665 0.531164 0.847124 0.000000 0.000000 0.000000 0.000000 1.000000
0.998395 0.054432 -0.015667 0.000000 -0.054432 0.845518 -0.531165 2.100000 -0.015665 0.531165 0.847124 0.000000 0.000000 0.000000 0.000000 1.000000
0.998395 0.054432 -0.015667 0.000000 -0.054432 0.845518 -0.531165 2.100000 -0.015665 0.531165 0.847124 0.000000 0.000000 0.000000 0.000000 1.000000
0.998280 0.056167 -0.016782 0.000000 -0.056167 0.834528 -0.548095 2.100000 -0.016780 0.548095 0.836248 0.000000 0.000000 0.000000 0.000000 1.000000
0.998376 0.054714 -0.015845 0.000000 -0.054714 0.843764 -0.533918 2.100000 -0.015843 0.533918 0.845388 0.000000 0.000000 0.000000 0.000000 1.000000
0.998891 0.045817 -0.010820 0.000000 -0.045818 0.893310 -0.447099 2.100000 -0.010819 0.447099 0.894419 -0.000000 0.000000 0.000000 0.000000 1.000000
0.999452 0.032664 -0.005347 -0.000000 -0.032664 0.947277 -0.318747 2.100000 -0.005346 0.318747 0.947825 -0.000000 0.000000 0.000000 0.000000 1.000000
0.999864 0.016414 -0.001323 0.000000 -0.016414 0.986953 -0.160173 2.100000 -0.001323 0.160173 0.987088 0.000000 0.000000 0.000000 0.000000 1.000000
0.999999 -0.001350 -0.000009 0.000000 0.001350 0.999912 0.013171 2.100000 -0.000009 -0.013171 0.999913 -0.000000 0.000000 0.000000 0.000000 1.000000
0.999826 -0.018587 -0.001700 0.000000 0.018587 0.983238 0.181375 2.100000 -0.001700 -0.181375 0.983413 0.000000 0.000000 0.000000 0.000000 1.000000
0.999881 -0.015406 -0.001165 0.000000 0.015406 0.988515 0.150337 2.100000 -0.001165 -0.150337 0.988634 -0.000000 0.000000 0.000000 0.000000 1.000000
0.999612 0.027612 -0.003791 -0.000000 -0.027612 0.962619 -0.269448 2.100000 -0.003791 0.269448 0.963008 0.000000 0.000000 0.000000 0.000000 1.000000
0.998376 0.054714 -0.015845 0.000000 -0.054715 0.843764 -0.533918 2.100000 -0.015843 0.533918 0.845388 0.000000 0.000000 0.000000 0.000000 1.000000
0.998673 0.049845 -0.012950 -0.000000 -0.049845 0.872313 -0.486401 2.100000 -0.012948 0.486401 0.873640 0.000000 0.000000 0.000000 0.000000 1.000000
0.999575 0.028855 -0.004148 0.000000 -0.028855 0.959105 -0.281577 2.100000 -0.004147 0.281577 0.959530 0.000000 0.000000 0.000000 0.000000 1.000000
1.000000 -0.000432 -0.000001 0.000000 0.000432 0.999991 0.004216 2.100000 -0.000001 -0.004216 0.999991 0.000000 0.000000 0.000000 0.000000 1.000000
0.999646 -0.026385 -0.003455 0.000000 0.026385 0.965926 0.257470 2.100000 -0.003456 -0.257470 0.966280 -0.000000 0.000000 0.000000 0.000000 1.000000
0.999646 -0.026385 -0.003455 0.000000 0.026385 0.965926 0.257471 2.100000 -0.003456 -0.257471 0.966280 0.000000 0.000000 0.000000 0.000000 1.000000
0.999768 -0.021420 -0.002264 -0.000000 0.021420 0.977676 0.209026 2.100000 -0.002264 -0.209026 0.977908 0.000000 0.000000 0.000000 0.000000 1.000000
0.999995 0.003091 -0.000047 0.000000 -0.003091 0.999540 -0.030165 2.100000 -0.000047 0.030165 0.999545 0.000000 0.000000 0.000000 0.000000 1.000000
0.999535 0.030161 -0.004541 0.000000 -0.030161 0.955231 -0.294321 2.100000 -0.004539 0.294321 0.955696 0.000000 0.000000 0.000000 0.000000 1.000000
0.998673 0.049846 -0.012951 0.000000 -0.049847 0.872301 -0.486422 2.100000 -0.012949 0.486422 0.873628 -0.000000 0.000000 0.000000 0.000000 1.000000
0.998218 0.057083 -0.017391 -0.000000 -0.057084 0.828525 -0.557035 2.100000 -0.017389 0.557035 0.830307 0.000000 0.000000 0.000000 0.000000 1.000000
0.998072 0.059140 -0.018810 0.000000 -0.059141 0.814526 -0.577105 2.100000 -0.018809 0.577105 0.816453 0.000000 0.000000 0.000000 0.000000 1.000000
0.998121 0.058464 -0.018336 -0.000000 -0.058464 0.819206 -0.570511 2.100000 -0.018334 0.570511 0.821085 0.000000 0.000000 0.000000 0.000000 1.000000
0.998298 0.055903 -0.016609 0.000000 -0.055904 0.836231 -0.545520 2.100000 -0.016607 0.545520 0.837933 0.000000 0.000000 0.000000 0.000000 1.000000
0.998530 0.052262 -0.014341 0.000000 -0.052262 0.858594 -0.509985 2.100000 -0.014340 0.509985 0.860064 0.000000 0.000000 0.000000 0.000000 1.000000
0.998754 0.048405 -0.012162 0.000000 -0.048405 0.880079 -0.472354 2.100000 -0.012161 0.472354 0.881325 0.000000 0.000000 0.000000 0.000000 1.000000
0.998918 0.045288 -0.010557 0.000000 -0.045288 0.895903 -0.441934 2.100000 -0.010556 0.441934 0.896985 0.000000 0.000000 0.000000 0.000000 1.000000
0.998986 0.043920 -0.009895 0.000000 -0.043921 0.902432 -0.428588 2.100000 -0.009894 0.428588 0.903446 0.000000 0.000000 0.000000 0.000000 1.000000
0.998973 0.044195 -0.010026 0.000000 -0.044195 0.901141 -0.431267 2.100000 -0.010025 0.431267 0.902169 0.000000 0.000000 0.000000 0.000000 1.000000
0.998923 0.045189 -0.010509 0.000000 -0.045189 0.896384 -0.440970 2.100000 -0.010507 0.440970 0.897460 0.000000 0.000000 0.000000 0.000000 1.000000
0.998846 0.046690 -0.011262 0.000000 -0.046690 0.888952 -0.455615 2.100000 -0.011261 0.455615 0.890106 -0.000000 0.000000 0.000000 0.000000 1.000000
0.998749 0.048485 -0.012205 0.000000 -0.048485 0.879659 -0.473128 2.100000 -0.012203 0.473128 0.880909 -0.000000 0.000000 0.000000 0.000000 1.000000
0.998643 0.050366 -0.013242 0.000000 -0.050366 0.869429 -0.491484 2.100000 -0.013241 0.491484 0.870786 0.000000 0.000000 0.000000 0.000000 1.000000
0.998538 0.052134 -0.014265 -0.000000 -0.052134 0.859341 -0.508738 2.100000 -0.014264 0.508738 0.860803 -0.000000 0.000000 0.000000 0.000000 1.000000
0.998448 0.053598 -0.015149 0.000000 -0.053599 0.850625 -0.523034 2.100000 -0.015147 0.523034 0.852177 -0.000000 0.000000 0.000000 0.000000 1.000000
0.998385 0.054577 -0.015759 0.000000 -0.054578 0.844615 -0.532584 2.100000 -0.015757 0.532584 0.846230 -0.000000 0.000000 0.000000 0.000000 1.000000
0.998365 0.054889 -0.015956 -0.000000 -0.054889 0.842672 -0.535622 2.100000 -0.015954 0.535622 0.844307 -0.000000 0.000000 0.000000 0.000000 1.000000
0.998400 0.054349 -0.015615 0.000000 -0.054349 0.846034 -0.530351 2.100000 -0.015613 0.530351 0.847634 0.000000 0.000000 0.000000 0.000000 1.000000
0.998490 0.052916 -0.014733 0.000000 -0.052917 0.854727 -0.516374 2.100000 -0.014732 0.516374 0.856236 0.000000 0.000000 0.000000 0.000000 1.000000
0.998621 0.050746 -0.013458 0.000000 -0.050746 0.867299 -0.495194 2.100000 -0.013457 0.495194 0.868678 -0.000000 0.000000 0.000000 0.000000 1.000000
0.998776 0.048005 -0.011948 0.000000 -0.048005 0.882187 -0.468445 2.100000 -0.011947 0.468446 0.883412 -0.000000 0.000000 0.000000 0.000000 1.000000
0.998939 0.044869 -0.010352 0.000000 -0.044869 0.897930 -0.437846 2.100000 -0.010350 0.437846 0.898991 0.000000 0.000000 0.000000 0.000000 1.000000
0.999099 0.041528 -0.008797 0.000000 -0.041529 0.913264 -0.405246 2.100000 -0.008795 0.405246 0.914165 -0.000000 0.000000 0.000000 0.000000 1.000000
0.999243 0.038186 -0.007384 0.000000 -0.038187 0.927191 -0.372637 2.100000 -0.007383 0.372637 0.927948 0.000000 0.000000 0.000000 0.000000 1.000000
0.999366 0.035060 -0.006187 0.000000 -0.035061 0.938998 -0.342132 2.100000 -0.006186 0.342132 0.939631 0.000000 0.000000 0.000000 0.000000 1.000000
0.999462 0.032376 -0.005251 0.000000 -0.032376 0.948230 -0.315931 2.100000 -0.005250 0.315931 0.948768 0.000000 0.000000 0.000000 0.000000 1.000000
0.999528 0.030361 -0.004603 0.000000 -0.030361 0.954621 -0.296273 2.100000 -0.004601 0.296273 0.955092 0.000000 0.000000 0.000000 0.000000 1.000000
0.999563 0.029247 -0.004263 0.000000 -0.029247 0.957964 -0.285395 2.100000 -0.004263 0.285395 0.958400 -0.000000 0.000000 0.000000 0.000000 1.000000</float_array>
        <technique_common>
          <accessor source="#mixamorig_LeftHandPinky3-Matrix-animation-output-transform-array" count="78" stride="16">
            <param type="float4x4"/>
          </accessor>
        </technique_common>
      </source>
      <source id="mixamorig_LeftHandPinky3-Interpolations">
        <Name_array id="mixamorig_LeftHandPinky3-Interpolations-array" count="78">
 LINEAR LINEAR LINEAR LINEAR LINEAR LINEAR LINEAR LINEAR LINEAR LINEAR LINEAR
LINEAR LINEAR LINEAR LINEAR LINEAR LINEAR LINEAR LINEAR LINEAR LINEAR LINEAR LINEAR
LINEAR LINEAR LINEAR LINEAR LINEAR LINEAR LINEAR LINEAR LINEAR LINEAR LINEAR LINEAR
LINEAR LINEAR LINEAR LINEAR LINEAR LINEAR LINEAR LINEAR LINEAR LINEAR LINEAR LINEAR
LINEAR LINEAR LINEAR LINEAR LINEAR LINEAR LINEAR LINEAR LINEAR LINEAR LINEAR LINEAR
LINEAR LINEAR LINEAR LINEAR LINEAR LINEAR LINEAR LINEAR LINEAR LINEAR LINEAR LINEAR
LINEAR LINEAR LINEAR LINEAR LINEAR LINEAR LINEAR</Name_array>
        <technique_common>
          <accessor source="#mixamorig_LeftHandPinky3-Interpolations-array" count="78">
            <param type="name"/>
          </accessor>
        </technique_common>
      </source>
      <sampler id="mixamorig_LeftHandPinky3-Matrix-animation-transform">
        <input semantic="INPUT" source="#mixamorig_LeftHandPinky3-Matrix-animation-input"/>
        <input semantic="OUTPUT" source="#mixamorig_LeftHandPinky3-Matrix-animation-output-transform"/>
        <input semantic="INTERPOLATION" source="#mixamorig_LeftHandPinky3-Interpolations"/>
      </sampler>
      <channel source="#mixamorig_LeftHandPinky3-Matrix-animation-transform" target="mixamorig_LeftHandPinky3/matrix"/>
    </animation>
    <animation id="mixamorig_RightUpLeg-anim" name="mixamorig_RightUpLeg">
      <source id="mixamorig_RightUpLeg-Matrix-animation-input">
        <float_array id="mixamorig_RightUpLeg-Matrix-animation-input-array" count="78">

0.000000 0.033333 0.066667 0.100000 0.133333 0.166667 0.200000 0.233333 0.266667 0.300000 0.333333 0.366667 0.400000 0.433333 0.466667 0.500000
0.533333 0.566667 0.600000 0.633333 0.666667 0.700000 0.733333 0.766667 0.800000 0.833333 0.866667 0.900000 0.933333 0.966667 1.000000 1.033333
1.066667 1.100000 1.133333 1.166667 1.200000 1.233333 1.266667 1.300000 1.333333 1.366667 1.400000 1.433333 1.466667 1.500000 1.533333 1.566667
1.600000 1.633333 1.666667 1.700000 1.733333 1.766667 1.800000 1.833333 1.866667 1.900000 1.933333 1.966667 2.000000 2.033333 2.066667 2.100000
2.133333 2.166667 2.200000 2.233333 2.266667 2.300000 2.333333 2.366667 2.400000 2.433333 2.466667 2.500000 2.533333 2.566667</float_array>
        <technique_common>
          <accessor source="#mixamorig_RightUpLeg-Matrix-animation-input-array" count="78">
            <param name="TIME" type="float"/>
          </accessor>
        </technique_common>
      </source>
      <source id="mixamorig_RightUpLeg-Matrix-animation-output-transform">
        <float_array id="mixamorig_RightUpLeg-Matrix-animation-output-transform-array" count="1248">

-0.951409 -0.175606 -0.252951 -8.207800 0.125886 -0.971481 0.200944 -6.771800 -0.281024 0.159337 0.946381 -1.512200 0.000000 0.000000 0.000000 1.000000
-0.954722 -0.184995 -0.232986 -8.207800 0.111789 -0.948839 0.295310 -6.771800 -0.275697 0.255894 0.926558 -1.512200 0.000000 0.000000 0.000000 1.000000
-0.961561 -0.180537 -0.206899 -8.207800 0.093384 -0.923568 0.371889 -6.771800 -0.258225 0.338272 0.904926 -1.512200 0.000000 0.000000 0.000000 1.000000
-0.971656 -0.162899 -0.171317 -8.207800 0.067347 -0.885401 0.459923 -6.771800 -0.226605 0.435349 0.871276 -1.512200 0.000000 0.000000 0.000000 1.000000
-0.981121 -0.139419 -0.134029 -8.207800 0.038281 -0.819326 0.572048 -6.771800 -0.189568 0.556117 0.809196 -1.512200 0.000000 0.000000 0.000000 1.000000
-0.986296 -0.125820 -0.106725 -8.207800 0.015688 -0.715457 0.698481 -6.771800 -0.164240 0.687234 0.707626 -1.512200 0.000000 0.000000 0.000000 1.000000
-0.986651 -0.133452 -0.093326 -8.207800 0.001453 -0.580282 0.814414 -6.771800 -0.162841 0.803408 0.572730 -1.512200 0.000000 0.000000 0.000000 1.000000
-0.983244 -0.160358 -0.086697 -8.207800 -0.009072 -0.431954 0.901850 -6.771800 -0.182068 0.887525 0.423261 -1.512200 0.000000 0.000000 0.000000 1.000000
-0.977659 -0.197275 -0.072566 -8.207800 -0.015414 -0.277014 0.960742 -6.771800 -0.209632 0.940397 0.267784 -1.512200 0.000000 0.000000 0.000000 1.000000
-0.972184 -0.229804 -0.045267 -8.207800 -0.017805 -0.120201 0.992590 -6.771800 -0.233542 0.965786 0.112766 -1.512200 0.000000 0.000000 0.000000 1.000000
-0.969323 -0.245375 -0.014307 -8.207800 -0.022611 0.031060 0.999262 -6.771800 -0.244749 0.968931 -0.035656 -1.512200 0.000000 0.000000 0.000000 1.000000
-0.969921 -0.243368 0.005098 -8.207800 -0.035345 0.161527 0.986235 -6.771800 -0.240841 0.956390 -0.165270 -1.512200 0.000000 0.000000 0.000000 1.000000
-0.971965 -0.234958 0.008907 -8.207800 -0.053725 0.258809 0.964433 -6.771800 -0.228907 0.936917 -0.264176 -1.512200 0.000000 0.000000 0.000000 1.000000
-0.973394 -0.229068 0.005668 -8.207800 -0.070659 0.323605 0.943550 -6.771800 -0.217971 0.918046 -0.331181 -1.512200 0.000000 0.000000 0.000000 1.000000
-0.973812 -0.227317 0.004221 -8.207800 -0.079134 0.356292 0.931018 -6.771800 -0.213140 0.906302 -0.364949 -1.512200 0.000000 0.000000 0.000000 1.000000
-0.973759 -0.227532 0.004709 -8.207800 -0.077350 0.350352 0.933419 -6.771800 -0.214032 0.908561 -0.358758 -1.512200 0.000000 0.000000 0.000000 1.000000
-0.973753 -0.227587 -0.003003 -8.207800 -0.070143 0.287508 0.955206 -6.771800 -0.216530 0.930346 -0.295925 -1.512200 0.000000 0.000000 0.000000 1.000000
-0.973526 -0.227489 -0.022276 -8.207800 -0.062139 0.169612 0.983550 -6.771800 -0.219969 0.958895 -0.179258 -1.512200 0.000000 0.000000 0.000000 1.000000
-0.972603 -0.226586 -0.051980 -8.207800 -0.057452 0.017620 0.998193 -6.771800 -0.225261 0.973832 -0.030156 -1.512200 0.000000 0.000000 0.000000 1.000000
-0.970708 -0.221696 -0.092608 -8.207800 -0.058132 -0.157273 0.985843 -6.771800 -0.233122 0.962349 0.139779 -1.512200 0.000000 0.000000 0.000000 1.000000
-0.968699 -0.203717 -0.141851 -8.207800 -0.061251 -0.357609 0.931861 -6.771800 -0.240563 0.911381 0.333938 -1.512200 0.000000 0.000000 0.000000 1.000000
-0.968299 -0.160427 -0.191469 -8.207800 -0.063413 -0.583524 0.809616 -6.771800 -0.241611 0.796092 0.554853 -1.512200 0.000000 0.000000 0.000000 1.000000
-0.969843 -0.087504 -0.227480 -8.207800 -0.066850 -0.802034 0.593525 -6.771800 -0.234382 0.590834 0.771998 -1.512200 0.000000 0.000000 0.000000 1.000000
-0.973659 -0.029751 -0.226061 -8.207800 -0.072613 -0.899371 0.431114 -6.771800 -0.216138 0.436173 0.873520 -1.512200 0.000000 0.000000 0.000000 1.000000
-0.978703 -0.023213 -0.203966 -8.207800 -0.074224 -0.886351 0.457026 -6.771800 -0.191394 0.462432 0.865751 -1.512200 0.000000 0.000000 0.000000 1.000000
-0.981090 -0.022090 -0.192286 -8.207800 -0.081401 -0.854243 0.513462 -6.771800 -0.175602 0.519405 0.836291 -1.512200 0.000000 0.000000 0.000000 1.000000
-0.981309 -0.031533 -0.189839 -8.207800 -0.090926 -0.793452 0.601803 -6.771800 -0.169605 0.607815 0.775754 -1.512200 0.000000 0.000000 0.000000 1.000000
-0.980660 -0.062159 -0.185585 -8.207800 -0.094810 -0.678669 0.728299 -6.771800 -0.171221 0.731809 0.659651 -1.512200 0.000000 0.000000 0.000000 1.000000
-0.980272 -0.105485 -0.167151 -8.207800 -0.091619 -0.506834 0.857161 -6.771800 -0.175135 0.855566 0.487171 -1.512200 0.000000 0.000000 0.000000 1.000000
-0.979265 -0.144887 -0.141589 -8.207800 -0.098890 -0.268107 0.958300 -6.771800 -0.176807 0.952432 0.248220 -1.512200 0.000000 0.000000 0.000000 1.000000
-0.977348 -0.174777 -0.119347 -8.207800 -0.116400 -0.027053 0.992834 -6.771800 -0.176754 0.984236 0.006096 -1.512200 0.000000 0.000000 0.000000 1.000000
-0.975310 -0.199172 -0.095397 -8.207800 -0.128546 0.160755 0.978588 -6.771800 -0.179571 0.966689 -0.182389 -1.512200 0.000000 0.000000 0.000000 1.000000
-0.974121 -0.214742 -0.070528 -8.207800 -0.123928 0.246481 0.961191 -6.771800 -0.189024 0.945057 -0.266715 -1.512200 0.000000 0.000000 0.000000 1.000000
-0.974323 -0.220942 -0.043346 -8.207800 -0.099687 0.250691 0.962921 -6.771800 -0.201883 0.942517 -0.266279 -1.512200 0.000000 0.000000 0.000000 1.000000
-0.975628 -0.218384 -0.021407 -8.207800 -0.063927 0.189548 0.979788 -6.771800 -0.209913 0.957277 -0.198889 -1.512200 0.000000 0.000000 0.000000 1.000000
-0.977792 -0.209143 -0.013475 -8.207800 -0.030643 0.079068 0.996398 -6.771800 -0.207324 0.974683 -0.083721 -1.512200 0.000000 0.000000 0.000000 1.000000
-0.978846 -0.203762 -0.018454 -8.207800 -0.004229 -0.070028 0.997536 -6.771800 -0.204553 0.976513 0.067685 -1.512200 0.000000 0.000000 0.000000 1.000000
-0.976517 -0.212812 -0.033540 -8.207800 0.018846 -0.239466 0.970722 -6.771800 -0.214613 0.947294 0.237854 -1.512200 0.000000 0.000000 0.000000 1.000000
-0.970931 -0.232501 -0.056884 -8.207800 0.041710 -0.398360 0.916280 -6.771800 -0.235696 0.887273 0.396478 -1.512200 0.000000 0.000000 0.000000 1.000000
-0.965711 -0.245638 -0.084051 -8.207800 0.057467 -0.517963 0.853470 -6.771800 -0.253180 0.819376 0.514319 -1.512200 0.000000 0.000000 0.000000 1.000000
-0.965995 -0.233376 -0.111306 -8.207800 0.047228 -0.582503 0.811455 -6.771800 -0.254210 0.778605 0.573717 -1.512200 0.000000 0.000000 0.000000 1.000000
-0.969922 -0.209458 -0.124009 -8.207800 0.013975 -0.556528 0.830711 -6.771800 -0.243014 0.803992 0.542716 -1.512200 0.000000 0.000000 0.000000 1.000000
-0.972446 -0.202186 -0.116061 -8.207800 -0.022089 -0.415689 0.909239 -6.771800 -0.232080 0.886749 0.399769 -1.512200 0.000000 0.000000 0.000000 1.000000
-0.971687 -0.212960 -0.102336 -8.207800 -0.055753 -0.214232 0.975190 -6.771800 -0.229601 0.953285 0.196293 -1.512200 0.000000 0.000000 0.000000 1.000000
-0.968424 -0.228236 -0.100318 -8.207800 -0.091505 -0.048902 0.994603 -6.771800 -0.231910 0.972377 0.026473 -1.512200 0.000000 0.000000 0.000000 1.000000
-0.966800 -0.232930 -0.105073 -8.207800 -0.121404 0.056880 0.990972 -6.771800 -0.224851 0.970829 -0.083270 -1.512200 0.000000 0.000000 0.000000 1.000000
-0.970688 -0.212152 -0.112947 -8.207800 -0.140656 0.120376 0.982713 -6.771800 -0.194888 0.969795 -0.146687 -1.512200 0.000000 0.000000 0.000000 1.000000
-0.977932 -0.175153 -0.113885 -8.207800 -0.143806 0.168913 0.975084 -6.771800 -0.151552 0.969943 -0.190373 -1.512200 0.000000 0.000000 0.000000 1.000000
-0.983967 -0.141316 -0.108802 -8.207800 -0.136647 0.205320 0.969109 -6.771800 -0.114611 0.968439 -0.221339 -1.512200 0.000000 0.000000 0.000000 1.000000
-0.987108 -0.125888 -0.098846 -8.207800 -0.125776 0.228159 0.965466 -6.771800 -0.098988 0.965451 -0.241051 -1.512200 0.000000 0.000000 0.000000 1.000000
-0.988289 -0.124912 -0.087649 -8.207800 -0.115306 0.235086 0.965111 -6.771800 -0.099949 0.963915 -0.246736 -1.512200 0.000000 0.000000 0.000000 1.000000
-0.988780 -0.128891 -0.075509 -8.207800 -0.103037 0.222488 0.969475 -6.771800 -0.108157 0.966378 -0.233272 -1.512200 0.000000 0.000000 0.000000 1.000000
-0.988843 -0.135431 -0.062037 -8.207800 -0.087335 0.189698 0.977951 -6.771800 -0.120677 0.972457 -0.199409 -1.512200 0.000000 0.000000 0.000000 1.000000
-0.987873 -0.147345 -0.048955 -8.207800 -0.070018 0.141348 0.987481 -6.771800 -0.138580 0.978933 -0.149950 -1.512200 0.000000 0.000000 0.000000 1.000000
-0.985351 -0.166008 -0.039045 -8.207800 -0.053159 0.081439 0.995260 -6.771800 -0.162041 0.982756 -0.089071 -1.512200 0.000000 0.000000 0.000000 1.000000
-0.981447 -0.188385 -0.035677 -8.207800 -0.037604 0.006660 0.999271 -6.771800 -0.188010 0.982073 -0.013620 -1.512200 0.000000 0.000000 0.000000 1.000000
-0.977323 -0.207325 -0.043083 -8.207800 -0.024017 -0.093618 0.995318 -6.771800 -0.210388 0.973782 0.086516 -1.512200 0.000000 0.000000 0.000000 1.000000
-0.974641 -0.214853 -0.062550 -8.207800 -0.013039 -0.224521 0.974382 -6.771800 -0.223392 0.950489 0.216026 -1.512200 0.000000 0.000000 0.000000 1.000000
-0.974152 -0.208200 -0.087643 -8.207800 -0.004210 -0.371180 0.928551 -6.771800 -0.225856 0.904919 0.360709 -1.512200 0.000000 0.000000 0.000000 1.000000
-0.975260 -0.193341 -0.107183 -8.207800 0.004903 -0.503651 0.863893 -6.771800 -0.221009 0.841995 0.492138 -1.512200 0.000000 0.000000 0.000000 1.000000
-0.976900 -0.177434 -0.119098 -8.207800 0.015383 -0.614259 0.788954 -6.771800 -0.213144 0.768897 0.602799 -1.512200 0.000000 0.000000 0.000000 1.000000
-0.978107 -0.162409 -0.130115 -8.207800 0.026949 -0.718833 0.694661 -6.771800 -0.206350 0.675946 0.707472 -1.512200 0.000000 0.000000 0.000000 1.000000
-0.978413 -0.148296 -0.143930 -8.207800 0.038241 -0.814357 0.579104 -6.771800 -0.203089 0.561099 0.802448 -1.512200 0.000000 0.000000 0.000000 1.000000
-0.977270 -0.138677 -0.160352 -8.207800 0.049556 -0.884852 0.463228 -6.771800 -0.206127 0.444753 0.871612 -1.512200 0.000000 0.000000 0.000000 1.000000
-0.974054 -0.136350 -0.180632 -8.207800 0.062645 -0.929392 0.363739 -6.771800 -0.217474 0.342985 0.913820 -1.512200 0.000000 0.000000 0.000000 1.000000
-0.969241 -0.147789 -0.196803 -8.207800 0.077653 -0.942425 0.325277 -6.771800 -0.233544 0.299989 0.924913 -1.512200 0.000000 0.000000 0.000000 1.000000
-0.963986 -0.158548 -0.213527 -8.207800 0.090157 -0.950147 0.298483 -6.771800 -0.250206 0.268483 0.930222 -1.512200 0.000000 0.000000 0.000000 1.000000
-0.959235 -0.169195 -0.226364 -8.207800 0.104180 -0.956273 0.273291 -6.771800 -0.262705 0.238568 0.934918 -1.512200 0.000000 0.000000 0.000000 1.000000
-0.956004 -0.175819 -0.234829 -8.207800 0.118936 -0.964054 0.237601 -6.771800 -0.268163 0.199218 0.942550 -1.512200 0.000000 0.000000 0.000000 1.000000
-0.954541 -0.179007 -0.238346 -8.207800 0.130183 -0.969664 0.206889 -6.771800 -0.268150 0.166456 0.948888 -1.512200 0.000000 0.000000 0.000000 1.000000
-0.954361 -0.176329 -0.241047 -8.207800 0.133107 -0.973639 0.185228 -6.771800 -0.267354 0.144689 0.952674 -1.512200 0.000000 0.000000 0.000000 1.000000
-0.954601 -0.171287 -0.243717 -8.207800 0.129745 -0.975543 0.177432 -6.771800 -0.268148 0.137756 0.953478 -1.512200 0.000000 0.000000 0.000000 1.000000
-0.954573 -0.168300 -0.245898 -8.207800 0.125890 -0.975740 0.179119 -6.771800 -0.270078 0.140026 0.952602 -1.512200 0.000000 0.000000 0.000000 1.000000
-0.953979 -0.169067 -0.247670 -8.207800 0.125249 -0.975069 0.183174 -6.771800 -0.272464 0.143723 0.951371 -1.512200 0.000000 0.000000 0.000000 1.000000
-0.953063 -0.171653 -0.249410 -8.207800 0.126283 -0.974052 0.187816 -6.771800 -0.275177 0.147504 0.950011 -1.512200 0.000000 0.000000 0.000000 1.000000
-0.952164 -0.173975 -0.251232 -8.207800 0.126884 -0.972982 0.192889 -6.771800 -0.278002 0.151784 0.948513 -1.512200 0.000000 0.000000 0.000000 1.000000
-0.951573 -0.175102 -0.252680 -8.207800 0.126544 -0.972174 0.197142 -6.771800 -0.280169 0.155620 0.947253 -1.512200 0.000000 0.000000 0.000000 1.000000
-0.951372 -0.175423 -0.253217 -8.207800 0.125933 -0.971669 0.200003 -6.771800 -0.281128 0.158389 0.946509 -1.512200 0.000000 0.000000 0.000000 1.000000</float_array>
        <technique_common>
          <accessor source="#mixamorig_RightUpLeg-Matrix-animation-output-transform-array" count="78" stride="16">
            <param type="float4x4"/>
          </accessor>
        </technique_common>
      </source>
      <source id="mixamorig_RightUpLeg-Interpolations">
        <Name_array id="mixamorig_RightUpLeg-Interpolations-array" count="78">
 LINEAR LINEAR LINEAR LINEAR LINEAR LINEAR LINEAR LINEAR LINEAR LINEAR LINEAR
LINEAR LINEAR LINEAR LINEAR LINEAR LINEAR LINEAR LINEAR LINEAR LINEAR LINEAR LINEAR
LINEAR LINEAR LINEAR LINEAR LINEAR LINEAR LINEAR LINEAR LINEAR LINEAR LINEAR LINEAR
LINEAR LINEAR LINEAR LINEAR LINEAR LINEAR LINEAR LINEAR LINEAR LINEAR LINEAR LINEAR
LINEAR LINEAR LINEAR LINEAR LINEAR LINEAR LINEAR LINEAR LINEAR LINEAR LINEAR LINEAR
LINEAR LINEAR LINEAR LINEAR LINEAR LINEAR LINEAR LINEAR LINEAR LINEAR LINEAR LINEAR
LINEAR LINEAR LINEAR LINEAR LINEAR LINEAR LINEAR</Name_array>
        <technique_common>
          <accessor source="#mixamorig_RightUpLeg-Interpolations-array" count="78">
            <param type="name"/>
          </accessor>
        </technique_common>
      </source>
      <sampler id="mixamorig_RightUpLeg-Matrix-animation-transform">
        <input semantic="INPUT" source="#mixamorig_RightUpLeg-Matrix-animation-input"/>
        <input semantic="OUTPUT" source="#mixamorig_RightUpLeg-Matrix-animation-output-transform"/>
        <input semantic="INTERPOLATION" source="#mixamorig_RightUpLeg-Interpolations"/>
      </sampler>
      <channel source="#mixamorig_RightUpLeg-Matrix-animation-transform" target="mixamorig_RightUpLeg/matrix"/>
    </animation>
    <animation id="mixamorig_RightLeg-anim" name="mixamorig_RightLeg">
      <source id="mixamorig_RightLeg-Matrix-animation-input">
        <float_array id="mixamorig_RightLeg-Matrix-animation-input-array" count="78">

0.000000 0.033333 0.066667 0.100000 0.133333 0.166667 0.200000 0.233333 0.266667 0.300000 0.333333 0.366667 0.400000 0.433333 0.466667 0.500000
0.533333 0.566667 0.600000 0.633333 0.666667 0.700000 0.733333 0.766667 0.800000 0.833333 0.866667 0.900000 0.933333 0.966667 1.000000 1.033333
1.066667 1.100000 1.133333 1.166667 1.200000 1.233333 1.266667 1.300000 1.333333 1.366667 1.400000 1.433333 1.466667 1.500000 1.533333 1.566667
1.600000 1.633333 1.666667 1.700000 1.733333 1.766667 1.800000 1.833333 1.866667 1.900000 1.933333 1.966667 2.000000 2.033333 2.066667 2.100000
2.133333 2.166667 2.200000 2.233333 2.266667 2.300000 2.333333 2.366667 2.400000 2.433333 2.466667 2.500000 2.533333 2.566667</float_array>
        <technique_common>
          <accessor source="#mixamorig_RightLeg-Matrix-animation-input-array" count="78">
            <param name="TIME" type="float"/>
          </accessor>
        </technique_common>
      </source>
      <source id="mixamorig_RightLeg-Matrix-animation-output-transform">
        <float_array id="mixamorig_RightLeg-Matrix-animation-output-transform-array" count="1248">

0.996731 0.069978 0.040379 0.000000 -0.078603 0.955485 0.284375 44.371498 -0.018682 -0.286619 0.957862 0.000000 0.000000 0.000000 0.000000 1.000000
0.996609 0.067885 0.046508 -0.000000 -0.081628 0.887027 0.454445 44.371498 -0.010404 -0.456700 0.889560 0.000000 0.000000 0.000000 0.000000 1.000000
0.995046 0.065826 0.074506 -0.000000 -0.096552 0.818503 0.566331 44.371498 -0.023704 -0.570719 0.820803 0.000000 0.000000 0.000000 0.000000 1.000000
0.991417 0.062155 0.115020 0.000000 -0.122786 0.744824 0.655866 44.371498 -0.044904 -0.664360 0.746063 0.000000 0.000000 0.000000 0.000000 1.000000
0.987922 0.060193 0.142782 -0.000000 -0.146701 0.660005 0.736799 44.371498 -0.049886 -0.748846 0.660864 0.000000 0.000000 0.000000 0.000000 1.000000
0.987877 0.061408 0.142579 0.000000 -0.152355 0.559783 0.814513 44.371498 -0.029796 -0.826361 0.562352 0.000000 0.000000 0.000000 0.000000 1.000000
0.989819 0.063411 0.127426 0.000000 -0.142331 0.443301 0.885001 44.371498 -0.000369 -0.894127 0.447813 0.000000 0.000000 0.000000 0.000000 1.000000
0.991093 0.063611 0.116997 0.000000 -0.131182 0.315041 0.939968 44.371498 0.022934 -0.946944 0.320580 -0.000000 0.000000 0.000000 0.000000 1.000000
0.991434 0.062309 0.114783 0.000000 -0.124112 0.175816 0.976568 44.371498 0.040669 -0.982449 0.182043 0.000000 0.000000 0.000000 0.000000 1.000000
0.991847 0.061540 0.111592 0.000000 -0.114741 0.050243 0.992124 44.371498 0.055448 -0.996839 0.056895 -0.000000 0.000000 0.000000 0.000000 1.000000
0.992790 0.062131 0.102507 -0.000000 -0.099413 -0.051005 0.993738 44.371498 0.066970 -0.996764 -0.044461 -0.000000 0.000000 0.000000 0.000000 1.000000
0.993606 0.063140 0.093593 0.000000 -0.084701 -0.131227 0.987727 44.371498 0.074647 -0.989340 -0.125040 -0.000000 0.000000 0.000000 0.000000 1.000000
0.993912 0.063646 0.089937 0.000000 -0.075904 -0.196141 0.977634 44.371498 0.079863 -0.978508 -0.190115 0.000000 0.000000 0.000000 0.000000 1.000000
0.993973 0.063737 0.089194 -0.000000 -0.070615 -0.250096 0.965642 44.371498 0.083855 -0.966121 -0.244088 0.000000 0.000000 0.000000 0.000000 1.000000
0.993884 0.063757 0.090162 0.000000 -0.067550 -0.294888 0.953141 44.371498 0.087357 -0.953402 -0.288778 -0.000000 0.000000 0.000000 0.000000 1.000000
0.993170 0.062945 0.098243 0.000000 -0.072108 -0.330834 0.940930 44.371498 0.091729 -0.941587 -0.324035 -0.000000 0.000000 0.000000 0.000000 1.000000
0.991601 0.061059 0.114013 -0.000000 -0.086804 -0.339299 0.936665 44.371498 0.095876 -0.938695 -0.331149 0.000000 0.000000 0.000000 0.000000 1.000000
0.990578 0.059893 0.123159 -0.000000 -0.099284 -0.305359 0.947047 44.371498 0.094329 -0.950352 -0.296536 0.000000 0.000000 0.000000 0.000000 1.000000
0.991198 0.060877 0.117560 -0.000000 -0.100497 -0.232042 0.967500 44.371498 0.086177 -0.970799 -0.223882 -0.000000 0.000000 0.000000 0.000000 1.000000
0.992365 0.062774 0.106165 0.000000 -0.098236 -0.118162 0.988123 44.371498 0.074573 -0.991008 -0.111093 0.000000 0.000000 0.000000 0.000000 1.000000
0.992933 0.062982 0.100586 -0.000000 -0.103833 0.050601 0.993307 44.371498 0.057470 -0.996731 0.056783 0.000000 0.000000 0.000000 0.000000 1.000000
0.993260 0.061410 0.098302 0.000000 -0.112514 0.307118 0.944997 44.371498 0.027842 -0.949688 0.311957 0.000000 0.000000 0.000000 0.000000 1.000000
0.994633 0.064490 0.080908 0.000000 -0.103267 0.667105 0.737772 44.371498 -0.006395 -0.742167 0.670184 0.000000 0.000000 0.000000 0.000000 1.000000
0.995487 0.072916 0.060744 0.000000 -0.092635 0.885665 0.454991 44.371498 -0.020623 -0.458564 0.888422 0.000000 0.000000 0.000000 0.000000 1.000000
0.990592 0.078910 0.111809 0.000000 -0.116617 0.914279 0.387935 44.371498 -0.071613 -0.397324 0.914880 0.000000 0.000000 0.000000 0.000000 1.000000
0.987706 0.082067 0.133052 0.000000 -0.127718 0.914417 0.384097 44.371498 -0.090144 -0.396368 0.913656 -0.000000 0.000000 0.000000 0.000000 1.000000
0.989885 0.073860 0.121130 -0.000000 -0.127163 0.840488 0.526697 44.371498 -0.062906 -0.536772 0.841379 0.000000 0.000000 0.000000 0.000000 1.000000
0.995839 0.059185 0.069295 -0.000000 -0.091009 0.606726 0.789684 44.371498 0.004694 -0.792705 0.609588 -0.000000 0.000000 0.000000 0.000000 1.000000
0.994168 0.043400 0.098722 0.000000 -0.107486 0.324554 0.939740 44.371498 0.008745 -0.944871 0.327326 -0.000000 0.000000 0.000000 0.000000 1.000000
0.989573 0.031077 0.140637 0.000000 -0.141636 0.032667 0.989380 44.371498 0.026153 -0.998983 0.036728 -0.000000 0.000000 0.000000 0.000000 1.000000
0.988531 0.021825 0.149435 -0.000000 -0.139516 -0.246827 0.958964 44.371498 0.057814 -0.968814 -0.240951 0.000000 0.000000 0.000000 0.000000 1.000000
0.990520 0.014153 0.136638 0.000000 -0.111626 -0.496790 0.860662 44.371498 0.080061 -0.867755 -0.490501 0.000000 0.000000 0.000000 0.000000 1.000000
0.990522 0.008568 0.137086 0.000000 -0.100880 -0.631951 0.768415 44.371498 0.093215 -0.774961 -0.625097 0.000000 0.000000 0.000000 0.000000 1.000000
0.988555 0.007202 0.150690 -0.000000 -0.110545 -0.645132 0.756032 44.371498 0.102660 -0.764037 -0.636952 0.000000 0.000000 0.000000 0.000000 1.000000
0.987806 0.011248 0.155280 0.000000 -0.122973 -0.555291 0.822514 44.371498 0.095477 -0.831580 -0.547136 0.000000 0.000000 0.000000 0.000000 1.000000
0.988415 0.019301 0.150543 0.000000 -0.131815 -0.382529 0.914492 44.371498 0.075238 -0.923742 -0.375554 0.000000 0.000000 0.000000 0.000000 1.000000
0.989498 0.029992 0.141401 0.000000 -0.134704 -0.163462 0.977310 44.371498 0.052425 -0.986094 -0.157705 -0.000000 0.000000 0.000000 0.000000 1.000000
0.990640 0.041706 0.129969 -0.000000 -0.132385 0.061622 0.989281 44.371498 0.033250 -0.997228 0.066566 -0.000000 0.000000 0.000000 0.000000 1.000000
0.991189 0.051343 0.122102 0.000000 -0.131478 0.269497 0.953984 44.371498 0.016074 -0.961632 0.273873 0.000000 0.000000 0.000000 0.000000 1.000000
0.991814 0.056752 0.114387 0.000000 -0.127683 0.450873 0.883408 44.371498 -0.001439 -0.890782 0.454429 0.000000 0.000000 0.000000 0.000000 1.000000
0.993383 0.058738 0.098690 -0.000000 -0.114472 0.575751 0.809572 44.371498 -0.009268 -0.815513 0.578665 0.000000 0.000000 0.000000 0.000000 1.000000
0.995123 0.059964 0.078317 -0.000000 -0.098485 0.559919 0.822673 44.371498 0.005480 -0.826375 0.563094 -0.000000 0.000000 0.000000 0.000000 1.000000
0.995311 0.061069 0.075009 -0.000000 -0.091078 0.330623 0.939358 44.371498 0.032566 -0.941785 0.334634 0.000000 0.000000 0.000000 0.000000 1.000000
0.994687 0.062330 0.081929 -0.000000 -0.082364 0.004439 0.996592 44.371498 0.061754 -0.998046 0.009549 0.000000 0.000000 0.000000 0.000000 1.000000
0.994027 0.063950 0.088438 0.000000 -0.072797 -0.215209 0.973851 44.371498 0.081310 -0.974472 -0.209268 0.000000 0.000000 0.000000 0.000000 1.000000
0.992898 0.064623 0.099883 0.000000 -0.073051 -0.331474 0.940632 44.371498 0.093896 -0.941248 -0.324399 0.000000 0.000000 0.000000 0.000000 1.000000
0.991640 0.064222 0.111920 0.000000 -0.078880 -0.384717 0.919658 44.371498 0.102120 -0.920798 -0.376435 -0.000000 0.000000 0.000000 0.000000 1.000000
0.990874 0.063533 0.118882 -0.000000 -0.083501 -0.403034 0.911368 44.371498 0.105815 -0.912977 -0.394050 0.000000 0.000000 0.000000 0.000000 1.000000
0.988066 0.061116 0.141384 -0.000000 -0.104820 -0.405774 0.907943 44.371498 0.112860 -0.911928 -0.394526 -0.000000 0.000000 0.000000 0.000000 1.000000
0.985075 0.058709 0.161804 0.000000 -0.125560 -0.397904 0.908794 44.371498 0.117737 -0.915547 -0.384594 0.000000 0.000000 0.000000 0.000000 1.000000
0.984871 0.058209 0.163221 0.000000 -0.129531 -0.378402 0.916534 44.371498 0.115113 -0.923810 -0.365137 -0.000000 0.000000 0.000000 0.000000 1.000000
0.986249 0.058873 0.154424 0.000000 -0.124857 -0.346744 0.929612 44.371498 0.108275 -0.936110 -0.334625 0.000000 0.000000 0.000000 0.000000 1.000000
0.987498 0.059401 0.146012 0.000000 -0.121812 -0.300349 0.946019 44.371498 0.100049 -0.951978 -0.289358 -0.000000 0.000000 0.000000 0.000000 1.000000
0.988711 0.059776 0.137393 0.000000 -0.119268 -0.241049 0.963156 44.371498 0.090692 -0.968670 -0.231199 -0.000000 0.000000 0.000000 0.000000 1.000000
0.990509 0.060781 0.123277 0.000000 -0.111131 -0.173627 0.978521 44.371498 0.080880 -0.982934 -0.165225 0.000000 0.000000 0.000000 0.000000 1.000000
0.992595 0.062424 0.104204 -0.000000 -0.097953 -0.095988 0.990551 44.371498 0.071837 -0.993423 -0.089163 0.000000 0.000000 0.000000 0.000000 1.000000
0.994113 0.063584 0.087735 -0.000000 -0.088062 0.002361 0.996112 44.371498 0.063130 -0.997974 0.007947 0.000000 0.000000 0.000000 0.000000 1.000000
0.994787 0.063374 0.079885 0.000000 -0.087573 0.129643 0.987686 44.371498 0.052237 -0.989533 0.134517 -0.000000 0.000000 0.000000 0.000000 1.000000
0.995074 0.062591 0.076879 -0.000000 -0.091629 0.284656 0.954241 44.371498 0.037843 -0.956584 0.288989 0.000000 0.000000 0.000000 0.000000 1.000000
0.995683 0.063280 0.067909 0.000000 -0.089020 0.443719 0.891734 44.371498 0.026297 -0.893929 0.447436 0.000000 0.000000 0.000000 0.000000 1.000000
0.996886 0.066994 0.041594 0.000000 -0.073328 0.593556 0.801445 44.371498 0.029004 -0.801999 0.596621 0.000000 0.000000 0.000000 0.000000 1.000000
0.997362 0.072476 0.003991 0.000000 -0.056163 0.735702 0.674973 44.371498 0.045983 -0.673416 0.737832 -0.000000 0.000000 0.000000 0.000000 1.000000
0.996888 0.076324 -0.019714 0.000000 -0.054816 0.850912 0.522440 44.371498 0.056650 -0.519734 0.852448 0.000000 0.000000 0.000000 0.000000 1.000000
0.997012 0.076200 -0.012662 0.000000 -0.065890 0.924509 0.375421 44.371498 0.040313 -0.373465 0.926768 0.000000 0.000000 0.000000 0.000000 1.000000
0.997261 0.071938 0.017178 0.000000 -0.073950 0.965864 0.248269 44.371498 0.001268 -0.248860 0.968539 0.000000 0.000000 0.000000 0.000000 1.000000
0.996415 0.067434 0.051095 -0.000000 -0.077491 0.969805 0.231245 44.371498 -0.033958 -0.234375 0.971553 0.000000 0.000000 0.000000 0.000000 1.000000
0.995389 0.064859 0.070667 0.000000 -0.079892 0.968315 0.236608 44.371498 -0.053081 -0.241162 0.969032 0.000000 0.000000 0.000000 0.000000 1.000000
0.995071 0.064336 0.075468 0.000000 -0.081489 0.964150 0.252536 44.371498 -0.056515 -0.257441 0.964640 -0.000000 0.000000 0.000000 0.000000 1.000000
0.995230 0.064923 0.072820 -0.000000 -0.081221 0.964887 0.249791 44.371498 -0.054046 -0.254514 0.965558 0.000000 0.000000 0.000000 0.000000 1.000000
0.995476 0.065896 0.068445 0.000000 -0.080810 0.966102 0.245186 44.371498 -0.049968 -0.249608 0.967057 0.000000 0.000000 0.000000 0.000000 1.000000
0.995796 0.067153 0.062302 -0.000000 -0.080140 0.968095 0.237423 44.371498 -0.044370 -0.241417 0.969407 -0.000000 0.000000 0.000000 0.000000 1.000000
0.996184 0.068582 0.053986 0.000000 -0.079537 0.968017 0.237942 44.371498 -0.035941 -0.241328 0.969778 0.000000 0.000000 0.000000 0.000000 1.000000
0.996489 0.069703 0.046372 -0.000000 -0.079159 0.964784 0.250851 44.371498 -0.027254 -0.253641 0.966914 -0.000000 0.000000 0.000000 0.000000 1.000000
0.996599 0.070021 0.043453 -0.000000 -0.079175 0.959828 0.269187 44.371498 -0.022859 -0.271712 0.962107 0.000000 0.000000 0.000000 0.000000 1.000000
0.996567 0.069691 0.044686 0.000000 -0.079582 0.955171 0.285159 44.371498 -0.022810 -0.287736 0.957438 -0.000000 0.000000 0.000000 0.000000 1.000000
0.996536 0.069369 0.045868 -0.000000 -0.079802 0.952859 0.292732 44.371498 -0.023399 -0.295379 0.955094 0.000000 0.000000 0.000000 0.000000 1.000000
0.996595 0.069459 0.044420 0.000000 -0.079443 0.953116 0.291990 44.371498 -0.022057 -0.294525 0.955389 0.000000 0.000000 0.000000 0.000000 1.000000
0.996697 0.069814 0.041492 0.000000 -0.078826 0.954575 0.287357 44.371498 -0.019546 -0.289678 0.956925 0.000000 0.000000 0.000000 0.000000 1.000000</float_array>
        <technique_common>
          <accessor source="#mixamorig_RightLeg-Matrix-animation-output-transform-array" count="78" stride="16">
            <param type="float4x4"/>
          </accessor>
        </technique_common>
      </source>
      <source id="mixamorig_RightLeg-Interpolations">
        <Name_array id="mixamorig_RightLeg-Interpolations-array" count="78">
 LINEAR LINEAR LINEAR LINEAR LINEAR LINEAR LINEAR LINEAR LINEAR LINEAR LINEAR
LINEAR LINEAR LINEAR LINEAR LINEAR LINEAR LINEAR LINEAR LINEAR LINEAR LINEAR LINEAR
LINEAR LINEAR LINEAR LINEAR LINEAR LINEAR LINEAR LINEAR LINEAR LINEAR LINEAR LINEAR
LINEAR LINEAR LINEAR LINEAR LINEAR LINEAR LINEAR LINEAR LINEAR LINEAR LINEAR LINEAR
LINEAR LINEAR LINEAR LINEAR LINEAR LINEAR LINEAR LINEAR LINEAR LINEAR LINEAR LINEAR
LINEAR LINEAR LINEAR LINEAR LINEAR LINEAR LINEAR LINEAR LINEAR LINEAR LINEAR LINEAR
LINEAR LINEAR LINEAR LINEAR LINEAR LINEAR LINEAR</Name_array>
        <technique_common>
          <accessor source="#mixamorig_RightLeg-Interpolations-array" count="78">
            <param type="name"/>
          </accessor>
        </technique_common>
      </source>
      <sampler id="mixamorig_RightLeg-Matrix-animation-transform">
        <input semantic="INPUT" source="#mixamorig_RightLeg-Matrix-animation-input"/>
        <input semantic="OUTPUT" source="#mixamorig_RightLeg-Matrix-animation-output-transform"/>
        <input semantic="INTERPOLATION" source="#mixamorig_RightLeg-Interpolations"/>
      </sampler>
      <channel source="#mixamorig_RightLeg-Matrix-animation-transform" target="mixamorig_RightLeg/matrix"/>
    </animation>
    <animation id="mixamorig_RightFoot-anim" name="mixamorig_RightFoot">
      <source id="mixamorig_RightFoot-Matrix-animation-input">
        <float_array id="mixamorig_RightFoot-Matrix-animation-input-array" count="78">

0.000000 0.033333 0.066667 0.100000 0.133333 0.166667 0.200000 0.233333 0.266667 0.300000 0.333333 0.366667 0.400000 0.433333 0.466667 0.500000
0.533333 0.566667 0.600000 0.633333 0.666667 0.700000 0.733333 0.766667 0.800000 0.833333 0.866667 0.900000 0.933333 0.966667 1.000000 1.033333
1.066667 1.100000 1.133333 1.166667 1.200000 1.233333 1.266667 1.300000 1.333333 1.366667 1.400000 1.433333 1.466667 1.500000 1.533333 1.566667
1.600000 1.633333 1.666667 1.700000 1.733333 1.766667 1.800000 1.833333 1.866667 1.900000 1.933333 1.966667 2.000000 2.033333 2.066667 2.100000
2.133333 2.166667 2.200000 2.233333 2.266667 2.300000 2.333333 2.366667 2.400000 2.433333 2.466667 2.500000 2.533333 2.566667</float_array>
        <technique_common>
          <accessor source="#mixamorig_RightFoot-Matrix-animation-input-array" count="78">
            <param name="TIME" type="float"/>
          </accessor>
        </technique_common>
      </source>
      <source id="mixamorig_RightFoot-Matrix-animation-output-transform">
        <float_array id="mixamorig_RightFoot-Matrix-animation-output-transform-array" count="1248">

0.992270 -0.071203 0.101642 0.000000 0.124058 0.590327 -0.797573 44.527802 -0.003213 0.804017 0.594597 0.000000 0.000000 0.000000 0.000000 1.000000
0.992214 -0.066810 0.105107 0.000000 0.124532 0.520802 -0.844546 44.527802 0.001684 0.851059 0.525067 0.000000 0.000000 0.000000 0.000000 1.000000
0.990490 -0.074819 0.115466 0.000000 0.137218 0.475720 -0.868828 44.527802 0.010075 0.876409 0.481462 0.000000 0.000000 0.000000 0.000000 1.000000
0.987913 -0.081328 0.131963 0.000000 0.154437 0.443203 -0.883018 44.527802 0.013328 0.892724 0.450406 0.000000 0.000000 0.000000 0.000000 1.000000
0.985034 -0.074403 0.155475 0.000000 0.172361 0.425059 -0.888603 44.527802 0.000029 0.902102 0.431522 -0.000000 0.000000 0.000000 0.000000 1.000000
0.982578 -0.055615 0.177336 -0.000000 0.184346 0.412870 -0.891939 44.527802 -0.023611 0.909090 0.415930 0.000000 0.000000 0.000000 0.000000 1.000000
0.981300 -0.043792 0.187435 0.000000 0.189452 0.391878 -0.900300 44.527802 -0.034026 0.918974 0.392846 -0.000000 0.000000 0.000000 0.000000 1.000000
0.982779 -0.047734 0.178512 0.000000 0.183667 0.358415 -0.915317 44.527802 -0.020290 0.932341 0.361010 -0.000000 0.000000 0.000000 0.000000 1.000000
0.985770 -0.060427 0.156861 0.000000 0.167991 0.320879 -0.932103 44.527802 0.005991 0.945191 0.326464 0.000000 0.000000 0.000000 0.000000 1.000000
0.989240 -0.067888 0.129601 0.000000 0.144267 0.305275 -0.941273 44.527802 0.024337 0.949841 0.311784 -0.000000 0.000000 0.000000 0.000000 1.000000
0.992142 -0.064391 0.107273 0.000000 0.121743 0.299167 -0.946402 44.527802 0.028847 0.952026 0.304656 0.000000 0.000000 0.000000 0.000000 1.000000
0.994194 -0.055191 0.092375 0.000000 0.104678 0.297119 -0.949085 44.527802 0.024935 0.953244 0.301171 0.000000 0.000000 0.000000 0.000000 1.000000
0.995466 -0.046802 0.082803 0.000000 0.092930 0.293060 -0.951567 44.527802 0.020269 0.954948 0.296081 -0.000000 0.000000 0.000000 0.000000 1.000000
0.996704 -0.038471 0.071420 0.000000 0.079432 0.284016 -0.955524 44.527802 0.016475 0.958047 0.286136 0.000000 0.000000 0.000000 0.000000 1.000000
0.997056 -0.036892 0.067217 0.000000 0.074694 0.269331 -0.960147 44.527802 0.017318 0.962341 0.271294 0.000000 0.000000 0.000000 0.000000 1.000000
0.996645 -0.042122 0.070172 0.000000 0.078537 0.251003 -0.964795 44.527802 0.023026 0.967069 0.253469 0.000000 0.000000 0.000000 0.000000 1.000000
0.996739 -0.043007 0.068284 -0.000000 0.076249 0.224833 -0.971409 44.527802 0.026425 0.973448 0.227379 -0.000000 0.000000 0.000000 0.000000 1.000000
0.997161 -0.034711 0.066818 0.000000 0.072637 0.209718 -0.975060 44.527802 0.019832 0.977146 0.211644 0.000000 0.000000 0.000000 0.000000 1.000000
0.997406 -0.017006 0.069949 0.000000 0.071971 0.214934 -0.973973 44.527802 0.001529 0.976480 0.215601 -0.000000 0.000000 0.000000 0.000000 1.000000
0.997500 0.001762 0.070648 -0.000000 0.068089 0.243717 -0.967453 44.527802 -0.018923 0.969845 0.242988 -0.000000 0.000000 0.000000 0.000000 1.000000
0.998434 0.010721 0.054910 0.000000 0.049424 0.290915 -0.955472 44.527802 -0.026218 0.956689 0.289929 0.000000 0.000000 0.000000 0.000000 1.000000
0.999715 0.003517 0.023615 0.000000 0.020437 0.385350 -0.922544 44.527802 -0.012345 0.922764 0.385169 -0.000000 0.000000 0.000000 0.000000 1.000000
0.999311 -0.018382 0.032237 0.000000 0.036551 0.637692 -0.769424 44.527802 -0.006413 0.770072 0.637925 0.000000 0.000000 0.000000 0.000000 1.000000
0.982899 -0.064964 0.172303 0.000000 0.135703 0.888032 -0.439299 44.527802 -0.124472 0.455168 0.881662 0.000000 0.000000 0.000000 0.000000 1.000000
0.901087 -0.132851 0.412787 0.000000 0.250021 0.936930 -0.244239 44.527802 -0.354305 0.323286 0.877471 0.000000 0.000000 0.000000 0.000000 1.000000
0.850481 -0.145810 0.505392 0.000000 0.253631 0.955416 -0.151169 44.527802 -0.460818 0.256750 0.849545 0.000000 0.000000 0.000000 0.000000 1.000000
0.882139 -0.104444 0.459263 -0.000000 0.217089 0.955511 -0.199679 44.527802 -0.417976 0.275846 0.865567 -0.000000 0.000000 0.000000 0.000000 1.000000
0.955757 0.005265 0.294109 0.000000 0.128685 0.891604 -0.434146 44.527802 -0.264515 0.452785 0.851480 -0.000000 0.000000 0.000000 0.000000 1.000000
0.977297 0.085354 0.193920 0.000000 0.048582 0.800601 -0.597225 44.527802 -0.206228 0.593087 0.778279 0.000000 0.000000 0.000000 0.000000 1.000000
0.971816 0.166104 0.167281 -0.000000 0.008773 0.683625 -0.729780 44.527802 -0.235577 0.710680 0.662901 0.000000 0.000000 0.000000 0.000000 1.000000
0.966033 0.220353 0.135002 0.000000 -0.014745 0.568563 -0.822508 44.527802 -0.257999 0.792579 0.552499 0.000000 0.000000 0.000000 0.000000 1.000000
0.969220 0.230402 0.086763 0.000000 -0.036443 0.482797 -0.874974 44.527802 -0.243485 0.844880 0.476333 -0.000000 0.000000 0.000000 0.000000 1.000000
0.972874 0.226514 0.046978 0.000000 -0.059906 0.442831 -0.894602 44.527802 -0.223443 0.867521 0.444389 -0.000000 0.000000 0.000000 0.000000 1.000000
0.973987 0.224126 0.033431 -0.000000 -0.068321 0.431106 -0.899711 44.527802 -0.216061 0.874022 0.435204 0.000000 0.000000 0.000000 0.000000 1.000000
0.977084 0.208397 0.043331 0.000000 -0.049942 0.422341 -0.905060 44.527802 -0.206912 0.882156 0.423070 0.000000 0.000000 0.000000 0.000000 1.000000
0.982336 0.176947 0.060881 0.000000 -0.018206 0.414174 -0.910016 44.527802 -0.186240 0.892832 0.410079 0.000000 0.000000 0.000000 0.000000 1.000000
0.986066 0.150179 0.071561 0.000000 0.005745 0.399168 -0.916860 44.527802 -0.166258 0.904495 0.392743 -0.000000 0.000000 0.000000 0.000000 1.000000
0.987721 0.141500 0.066220 -0.000000 0.008827 0.372644 -0.927932 44.527802 -0.155979 0.917123 0.366820 -0.000000 0.000000 0.000000 0.000000 1.000000
0.990214 0.129346 0.052406 0.000000 0.004544 0.345428 -0.938434 44.527802 -0.139485 0.929489 0.341460 -0.000000 0.000000 0.000000 0.000000 1.000000
0.995175 0.081541 0.054564 0.000000 0.020725 0.368875 -0.929248 44.527802 -0.095899 0.925895 0.365405 -0.000000 0.000000 0.000000 0.000000 1.000000
0.997618 0.012562 0.067825 0.000000 0.055673 0.433886 -0.899246 44.527802 -0.040725 0.900880 0.432153 -0.000000 0.000000 0.000000 0.000000 1.000000
0.996972 -0.032934 0.070442 0.000000 0.077691 0.460160 -0.884430 44.527802 -0.003286 0.887225 0.461326 0.000000 0.000000 0.000000 0.000000 1.000000
0.998554 -0.026203 0.046944 0.000000 0.052945 0.327746 -0.943281 44.527802 0.009331 0.944403 0.328659 0.000000 0.000000 0.000000 0.000000 1.000000
0.999961 0.003198 0.008235 0.000000 0.007440 0.197770 -0.980220 44.527802 -0.004763 0.980243 0.197739 0.000000 0.000000 0.000000 0.000000 1.000000
0.999054 0.030132 -0.031368 -0.000000 -0.037197 0.218115 -0.975214 44.527802 -0.022543 0.975458 0.219030 -0.000000 0.000000 0.000000 0.000000 1.000000
0.996786 0.045558 -0.065893 -0.000000 -0.074050 0.210177 -0.974855 44.527802 -0.030563 0.976601 0.212875 -0.000000 0.000000 0.000000 0.000000 1.000000
0.993593 0.054231 -0.099157 0.000000 -0.105887 0.139972 -0.984477 44.527802 -0.039510 0.988669 0.144817 -0.000000 0.000000 0.000000 0.000000 1.000000
0.996029 0.041680 -0.078665 -0.000000 -0.083225 0.122211 -0.989009 44.527802 -0.031608 0.991629 0.125195 -0.000000 0.000000 0.000000 0.000000 1.000000
0.998348 0.029929 -0.049038 0.000000 -0.052867 0.144559 -0.988083 44.527802 -0.022483 0.989043 0.145902 -0.000000 0.000000 0.000000 0.000000 1.000000
0.999109 0.026123 -0.033146 0.000000 -0.036998 0.164320 -0.985713 44.527802 -0.020304 0.986061 0.165140 0.000000 0.000000 0.000000 0.000000 1.000000
0.999494 0.021359 -0.023587 0.000000 -0.027018 0.178013 -0.983657 44.527802 -0.016811 0.983796 0.178500 0.000000 0.000000 0.000000 0.000000 1.000000
0.999640 0.016063 -0.021500 0.000000 -0.024174 0.190994 -0.981293 44.527802 -0.011656 0.981460 0.191313 -0.000000 0.000000 0.000000 0.000000 1.000000
0.999684 0.012889 -0.021575 0.000000 -0.023781 0.207530 -0.977939 44.527802 -0.008128 0.978144 0.207771 0.000000 0.000000 0.000000 0.000000 1.000000
0.999770 0.011053 -0.018388 -0.000000 -0.020402 0.224628 -0.974231 44.527802 -0.006637 0.974382 0.224802 -0.000000 0.000000 0.000000 0.000000 1.000000
0.999888 0.008627 -0.012247 -0.000000 -0.013958 0.239685 -0.970750 44.527802 -0.005440 0.970812 0.239779 -0.000000 0.000000 0.000000 0.000000 1.000000
0.999956 0.006168 -0.007093 0.000000 -0.008431 0.254936 -0.966921 44.527802 -0.004156 0.966938 0.254977 0.000000 0.000000 0.000000 0.000000 1.000000
0.999994 0.003095 -0.001372 0.000000 -0.002175 0.276897 -0.960897 44.527802 -0.002595 0.960895 0.276902 0.000000 0.000000 0.000000 0.000000 1.000000
0.999931 -0.003698 0.011166 -0.000000 0.011762 0.312337 -0.949899 44.527802 0.000025 0.949964 0.312359 0.000000 0.000000 0.000000 0.000000 1.000000
0.999399 -0.015361 0.031076 0.000000 0.034525 0.360297 -0.932199 44.527802 0.003123 0.932711 0.360610 0.000000 0.000000 0.000000 0.000000 1.000000
0.998186 -0.029190 0.052646 0.000000 0.059865 0.389643 -0.919018 44.527802 0.006313 0.920503 0.390684 0.000000 0.000000 0.000000 0.000000 1.000000
0.996228 -0.045058 0.074153 0.000000 0.086216 0.417642 -0.904512 44.527802 0.009787 0.907494 0.419951 0.000000 0.000000 0.000000 0.000000 1.000000
0.992853 -0.066833 0.098874 0.000000 0.118779 0.472987 -0.873026 44.527802 0.011581 0.878531 0.477545 0.000000 0.000000 0.000000 0.000000 1.000000
0.989186 -0.087606 0.117631 0.000000 0.146444 0.545573 -0.825169 44.527802 0.008114 0.833472 0.552503 0.000000 0.000000 0.000000 0.000000 1.000000
0.987427 -0.098629 0.123536 0.000000 0.158074 0.609913 -0.776543 44.527802 0.001243 0.786307 0.617835 0.000000 0.000000 0.000000 0.000000 1.000000
0.986644 -0.104062 0.125319 0.000000 0.162832 0.650863 -0.741528 44.527802 -0.004401 0.752030 0.659114 0.000000 0.000000 0.000000 0.000000 1.000000
0.985203 -0.108592 0.132603 0.000000 0.171324 0.646015 -0.743850 44.527802 -0.004888 0.755561 0.655060 -0.000000 0.000000 0.000000 0.000000 1.000000
0.986499 -0.102142 0.128014 -0.000000 0.163704 0.637328 -0.753004 44.527802 -0.004674 0.763793 0.645444 0.000000 0.000000 0.000000 0.000000 1.000000
0.989379 -0.088715 0.115143 0.000000 0.145278 0.629552 -0.763256 44.527802 -0.004776 0.771877 0.635754 0.000000 0.000000 0.000000 0.000000 1.000000
0.991319 -0.079399 0.104800 0.000000 0.131368 0.631262 -0.764363 44.527802 -0.005467 0.771494 0.636213 -0.000000 0.000000 0.000000 0.000000 1.000000
0.991704 -0.077817 0.102313 0.000000 0.128430 0.633335 -0.763147 44.527802 -0.005413 0.769956 0.638075 0.000000 0.000000 0.000000 0.000000 1.000000
0.991261 -0.080032 0.104862 0.000000 0.131823 0.630514 -0.764902 44.527802 -0.004900 0.772041 0.635554 0.000000 0.000000 0.000000 0.000000 1.000000
0.990326 -0.084075 0.110388 0.000000 0.138692 0.624580 -0.768547 44.527802 -0.004330 0.776422 0.630198 -0.000000 0.000000 0.000000 0.000000 1.000000
0.990349 -0.083114 0.110910 0.000000 0.138546 0.615173 -0.776123 44.527802 -0.003722 0.783999 0.620751 0.000000 0.000000 0.000000 0.000000 1.000000
0.991229 -0.077999 0.106684 0.000000 0.132115 0.604924 -0.785247 44.527802 -0.003287 0.792454 0.609922 0.000000 0.000000 0.000000 0.000000 1.000000
0.992093 -0.072882 0.102177 0.000000 0.125469 0.595819 -0.793257 44.527802 -0.003065 0.799805 0.600252 -0.000000 0.000000 0.000000 0.000000 1.000000
0.992575 -0.069821 0.099597 -0.000000 0.121594 0.590111 -0.798113 44.527802 -0.003049 0.804297 0.594219 0.000000 0.000000 0.000000 0.000000 1.000000
0.992642 -0.069221 0.099352 -0.000000 0.121048 0.588485 -0.799395 44.527802 -0.003132 0.805539 0.592534 0.000000 0.000000 0.000000 0.000000 1.000000
0.992423 -0.070363 0.100729 -0.000000 0.122828 0.589533 -0.798351 44.527802 -0.003209 0.804674 0.593708 0.000000 0.000000 0.000000 0.000000 1.000000</float_array>
        <technique_common>
          <accessor source="#mixamorig_RightFoot-Matrix-animation-output-transform-array" count="78" stride="16">
            <param type="float4x4"/>
          </accessor>
        </technique_common>
      </source>
      <source id="mixamorig_RightFoot-Interpolations">
        <Name_array id="mixamorig_RightFoot-Interpolations-array" count="78">
 LINEAR LINEAR LINEAR LINEAR LINEAR LINEAR LINEAR LINEAR LINEAR LINEAR LINEAR
LINEAR LINEAR LINEAR LINEAR LINEAR LINEAR LINEAR LINEAR LINEAR LINEAR LINEAR LINEAR
LINEAR LINEAR LINEAR LINEAR LINEAR LINEAR LINEAR LINEAR LINEAR LINEAR LINEAR LINEAR
LINEAR LINEAR LINEAR LINEAR LINEAR LINEAR LINEAR LINEAR LINEAR LINEAR LINEAR LINEAR
LINEAR LINEAR LINEAR LINEAR LINEAR LINEAR LINEAR LINEAR LINEAR LINEAR LINEAR LINEAR
LINEAR LINEAR LINEAR LINEAR LINEAR LINEAR LINEAR LINEAR LINEAR LINEAR LINEAR LINEAR
LINEAR LINEAR LINEAR LINEAR LINEAR LINEAR LINEAR</Name_array>
        <technique_common>
          <accessor source="#mixamorig_RightFoot-Interpolations-array" count="78">
            <param type="name"/>
          </accessor>
        </technique_common>
      </source>
      <sampler id="mixamorig_RightFoot-Matrix-animation-transform">
        <input semantic="INPUT" source="#mixamorig_RightFoot-Matrix-animation-input"/>
        <input semantic="OUTPUT" source="#mixamorig_RightFoot-Matrix-animation-output-transform"/>
        <input semantic="INTERPOLATION" source="#mixamorig_RightFoot-Interpolations"/>
      </sampler>
      <channel source="#mixamorig_RightFoot-Matrix-animation-transform" target="mixamorig_RightFoot/matrix"/>
    </animation>
    <animation id="mixamorig_RightToeBase-anim" name="mixamorig_RightToeBase">
      <source id="mixamorig_RightToeBase-Matrix-animation-input">
        <float_array id="mixamorig_RightToeBase-Matrix-animation-input-array" count="78">

0.000000 0.033333 0.066667 0.100000 0.133333 0.166667 0.200000 0.233333 0.266667 0.300000 0.333333 0.366667 0.400000 0.433333 0.466667 0.500000
0.533333 0.566667 0.600000 0.633333 0.666667 0.700000 0.733333 0.766667 0.800000 0.833333 0.866667 0.900000 0.933333 0.966667 1.000000 1.033333
1.066667 1.100000 1.133333 1.166667 1.200000 1.233333 1.266667 1.300000 1.333333 1.366667 1.400000 1.433333 1.466667 1.500000 1.533333 1.566667
1.600000 1.633333 1.666667 1.700000 1.733333 1.766667 1.800000 1.833333 1.866667 1.900000 1.933333 1.966667 2.000000 2.033333 2.066667 2.100000
2.133333 2.166667 2.200000 2.233333 2.266667 2.300000 2.333333 2.366667 2.400000 2.433333 2.466667 2.500000 2.533333 2.566667</float_array>
        <technique_common>
          <accessor source="#mixamorig_RightToeBase-Matrix-animation-input-array" count="78">
            <param name="TIME" type="float"/>
          </accessor>
        </technique_common>
      </source>
      <source id="mixamorig_RightToeBase-Matrix-animation-output-transform">
        <float_array id="mixamorig_RightToeBase-Matrix-animation-output-transform-array" count="1248">

1.000000 0.000000 -0.000000 0.000000 -0.000000 0.718033 -0.696009 13.816900 -0.000000 0.696009 0.718033 -0.000000 0.000000 0.000000 0.000000 1.000000
1.000000 0.000000 -0.000000 0.000000 -0.000000 0.717481 -0.696578 13.816900 -0.000000 0.696578 0.717481 -0.000000 0.000000 0.000000 0.000000 1.000000
1.000000 0.000000 -0.000000 -0.000000 -0.000000 0.718961 -0.695051 13.816900 -0.000000 0.695051 0.718961 0.000000 0.000000 0.000000 0.000000 1.000000
1.000000 0.000000 0.000000 -0.000000 -0.000000 0.715220 -0.698899 13.816900 -0.000000 0.698899 0.715220 0.000000 0.000000 0.000000 0.000000 1.000000
1.000000 0.000000 0.000000 0.000000 -0.000000 0.710837 -0.703356 13.816900 -0.000000 0.703356 0.710837 0.000000 0.000000 0.000000 0.000000 1.000000
1.000000 0.000000 -0.000000 0.000000 -0.000000 0.711494 -0.702692 13.816900 -0.000000 0.702692 0.711494 0.000000 0.000000 0.000000 0.000000 1.000000
1.000000 -0.000000 0.000000 0.000000 0.000000 0.711871 -0.702311 13.816900 0.000000 0.702311 0.711871 0.000000 0.000000 0.000000 0.000000 1.000000
1.000000 -0.000000 0.000000 -0.000000 0.000000 0.711372 -0.702816 13.816900 0.000000 0.702816 0.711372 -0.000000 0.000000 0.000000 0.000000 1.000000
1.000000 0.000000 0.000000 -0.000000 -0.000000 0.708654 -0.705556 13.816900 -0.000000 0.705556 0.708654 0.000000 0.000000 0.000000 0.000000 1.000000
1.000000 0.000000 -0.000000 -0.000000 -0.000000 0.706178 -0.708034 13.816900 0.000000 0.708034 0.706178 0.000000 0.000000 0.000000 0.000000 1.000000
1.000000 -0.000000 0.000000 0.000000 0.000000 0.706074 -0.708138 13.816900 0.000000 0.708138 0.706074 -0.000000 0.000000 0.000000 0.000000 1.000000
1.000000 0.000000 -0.000000 0.000000 -0.000000 0.703513 -0.710682 13.816900 -0.000000 0.710682 0.703513 0.000000 0.000000 0.000000 0.000000 1.000000
1.000000 0.000000 -0.000000 0.000000 -0.000000 0.697651 -0.716438 13.816900 -0.000000 0.716438 0.697651 -0.000000 0.000000 0.000000 0.000000 1.000000
1.000000 -0.000000 -0.000000 -0.000000 0.000000 0.692726 -0.721200 13.816900 0.000000 0.721200 0.692726 -0.000000 0.000000 0.000000 0.000000 1.000000
1.000000 0.000000 0.000000 -0.000000 -0.000000 0.691269 -0.722598 13.816900 -0.000000 0.722598 0.691269 -0.000000 0.000000 0.000000 0.000000 1.000000
1.000000 -0.000000 0.000000 -0.000000 0.000000 0.692426 -0.721489 13.816900 0.000000 0.721489 0.692426 0.000000 0.000000 0.000000 0.000000 1.000000
1.000000 -0.000000 0.000000 -0.000000 0.000000 0.687360 -0.726317 13.816900 0.000000 0.726317 0.687360 -0.000000 0.000000 0.000000 0.000000 1.000000
1.000000 -0.000000 0.000000 -0.000000 0.000000 0.679120 -0.734028 13.816900 0.000000 0.734028 0.679120 0.000000 0.000000 0.000000 0.000000 1.000000
1.000000 0.000000 -0.000000 0.000000 -0.000000 0.669033 -0.743233 13.816900 0.000000 0.743233 0.669033 0.000000 0.000000 0.000000 0.000000 1.000000
1.000000 -0.000000 -0.000000 0.000000 0.000000 0.657190 -0.753725 13.816900 0.000000 0.753725 0.657190 0.000000 0.000000 0.000000 0.000000 1.000000
1.000000 -0.000000 0.000000 0.000000 0.000000 0.647091 -0.762413 13.816900 0.000000 0.762413 0.647091 -0.000000 0.000000 0.000000 0.000000 1.000000
1.000000 -0.000000 0.000000 -0.000000 0.000000 0.629704 -0.776835 13.816900 0.000000 0.776835 0.629704 0.000000 0.000000 0.000000 0.000000 1.000000
1.000000 -0.000000 -0.000000 0.000000 0.000000 0.510505 -0.859875 13.816900 0.000000 0.859875 0.510505 0.000000 0.000000 0.000000 0.000000 1.000000
1.000000 0.000000 -0.000000 0.000000 -0.000000 0.531793 -0.846875 13.816900 -0.000000 0.846875 0.531793 0.000000 0.000000 0.000000 0.000000 1.000000
1.000000 -0.000000 0.000000 -0.000000 0.000000 0.760406 -0.649448 13.816900 0.000000 0.649448 0.760406 0.000000 0.000000 0.000000 0.000000 1.000000
1.000000 0.000000 0.000000 0.000000 0.000000 0.813405 -0.581698 13.816900 -0.000000 0.581698 0.813405 0.000000 0.000000 0.000000 0.000000 1.000000
1.000000 0.000000 0.000000 0.000000 0.000000 0.823337 -0.567553 13.816900 -0.000000 0.567553 0.823337 0.000000 0.000000 0.000000 0.000000 1.000000
1.000000 0.000000 0.000000 0.000000 -0.000000 0.832642 -0.553812 13.816900 -0.000000 0.553812 0.832642 0.000000 0.000000 0.000000 0.000000 1.000000
1.000000 -0.000000 -0.000000 0.000000 0.000000 0.818604 -0.574358 13.816900 0.000000 0.574358 0.818604 0.000000 0.000000 0.000000 0.000000 1.000000
1.000000 0.000000 0.000000 -0.000000 -0.000000 0.808717 -0.588198 13.816900 -0.000000 0.588198 0.808717 0.000000 0.000000 0.000000 0.000000 1.000000
1.000000 -0.000000 -0.000000 -0.000000 0.000000 0.806518 -0.591209 13.816900 0.000000 0.591209 0.806518 -0.000000 0.000000 0.000000 0.000000 1.000000
1.000000 -0.000000 0.000000 0.000000 0.000000 0.799951 -0.600066 13.816900 0.000000 0.600066 0.799951 0.000000 0.000000 0.000000 0.000000 1.000000
1.000000 -0.000000 -0.000000 0.000000 0.000000 0.792212 -0.610247 13.816900 0.000000 0.610247 0.792212 -0.000000 0.000000 0.000000 0.000000 1.000000
1.000000 0.000000 0.000000 0.000000 -0.000000 0.788635 -0.614861 13.816900 -0.000000 0.614861 0.788635 0.000000 0.000000 0.000000 0.000000 1.000000
1.000000 0.000001 -0.000000 0.000000 -0.000001 0.785534 -0.618818 13.816900 -0.000000 0.618818 0.785534 0.000000 0.000000 0.000000 0.000000 1.000000
1.000000 -0.000000 -0.000000 0.000000 -0.000000 0.776309 -0.630353 13.816900 0.000000 0.630353 0.776309 0.000000 0.000000 0.000000 0.000000 1.000000
1.000000 -0.000000 -0.000000 0.000000 0.000000 0.760417 -0.649435 13.816900 0.000000 0.649435 0.760417 0.000000 0.000000 0.000000 0.000000 1.000000
1.000000 -0.000000 -0.000000 0.000000 0.000000 0.741758 -0.670667 13.816900 0.000000 0.670667 0.741758 0.000000 0.000000 0.000000 0.000000 1.000000
1.000000 0.000000 0.000000 -0.000000 0.000000 0.730345 -0.683078 13.816900 -0.000000 0.683078 0.730345 0.000000 0.000000 0.000000 0.000000 1.000000
1.000000 0.000000 -0.000000 0.000000 -0.000000 0.718521 -0.695506 13.816900 0.000000 0.695506 0.718521 0.000000 0.000000 0.000000 0.000000 1.000000
1.000000 0.000001 -0.000000 0.000000 -0.000001 0.705257 -0.708952 13.816900 -0.000000 0.708952 0.705257 0.000000 0.000000 0.000000 0.000000 1.000000
1.000000 0.000000 0.000000 0.000000 -0.000000 0.679831 -0.733369 13.816900 -0.000000 0.733369 0.679831 0.000000 0.000000 0.000000 0.000000 1.000000
1.000000 -0.000000 0.000000 -0.000000 0.000000 0.637438 -0.770502 13.816900 -0.000000 0.770502 0.637438 0.000000 0.000000 0.000000 0.000000 1.000000
1.000000 0.000000 -0.000000 -0.000000 -0.000000 0.623014 -0.782210 13.816900 -0.000000 0.782210 0.623014 -0.000000 0.000000 0.000000 0.000000 1.000000
1.000000 -0.000000 -0.000000 0.000000 0.000000 0.621823 -0.783158 13.816900 0.000000 0.783158 0.621823 0.000000 0.000000 0.000000 0.000000 1.000000
1.000000 0.000000 -0.000000 -0.000000 -0.000000 0.622362 -0.782730 13.816900 -0.000000 0.782730 0.622362 0.000000 0.000000 0.000000 0.000000 1.000000
1.000000 -0.000000 -0.000000 0.000000 0.000000 0.640813 -0.767697 13.816900 0.000000 0.767697 0.640813 -0.000000 0.000000 0.000000 0.000000 1.000000
1.000000 -0.000000 0.000000 0.000000 0.000000 0.644326 -0.764751 13.816900 0.000000 0.764751 0.644326 -0.000000 0.000000 0.000000 0.000000 1.000000
1.000000 0.000000 0.000000 0.000000 -0.000000 0.638119 -0.769938 13.816900 -0.000000 0.769938 0.638119 -0.000000 0.000000 0.000000 0.000000 1.000000
1.000000 0.000000 0.000000 0.000000 -0.000000 0.627068 -0.778964 13.816900 -0.000000 0.778964 0.627068 0.000000 0.000000 0.000000 0.000000 1.000000
1.000000 0.000000 0.000000 0.000000 -0.000000 0.623397 -0.781905 13.816900 -0.000000 0.781905 0.623397 0.000000 0.000000 0.000000 0.000000 1.000000
1.000000 0.000000 -0.000000 0.000000 -0.000000 0.626354 -0.779539 13.816900 -0.000000 0.779539 0.626354 0.000000 0.000000 0.000000 0.000000 1.000000
1.000000 0.000000 -0.000000 -0.000000 -0.000000 0.630246 -0.776396 13.816900 -0.000000 0.776396 0.630246 -0.000000 0.000000 0.000000 0.000000 1.000000
1.000000 -0.000000 0.000000 0.000000 0.000000 0.632154 -0.774843 13.816900 0.000000 0.774843 0.632154 -0.000000 0.000000 0.000000 0.000000 1.000000
1.000000 0.000000 -0.000000 0.000000 -0.000000 0.631717 -0.775199 13.816900 -0.000000 0.775199 0.631717 0.000000 0.000000 0.000000 0.000000 1.000000
1.000000 -0.000000 -0.000000 0.000000 0.000000 0.630644 -0.776072 13.816900 0.000000 0.776072 0.630644 0.000000 0.000000 0.000000 0.000000 1.000000
1.000000 0.000000 -0.000000 0.000000 -0.000000 0.630516 -0.776177 13.816900 0.000000 0.776177 0.630516 -0.000000 0.000000 0.000000 0.000000 1.000000
1.000000 0.000000 0.000000 0.000000 -0.000000 0.631486 -0.775387 13.816900 -0.000000 0.775387 0.631486 0.000000 0.000000 0.000000 0.000000 1.000000
1.000000 0.000000 -0.000000 0.000000 -0.000000 0.636514 -0.771265 13.816900 0.000000 0.771265 0.636514 0.000000 0.000000 0.000000 0.000000 1.000000
1.000000 -0.000000 -0.000000 0.000000 0.000000 0.644943 -0.764230 13.816900 0.000000 0.764230 0.644943 0.000000 0.000000 0.000000 0.000000 1.000000
1.000000 0.000000 -0.000000 0.000000 -0.000000 0.657239 -0.753682 13.816900 -0.000000 0.753682 0.657239 -0.000000 0.000000 0.000000 0.000000 1.000000
1.000000 -0.000000 0.000000 -0.000000 0.000000 0.672767 -0.739854 13.816900 0.000000 0.739854 0.672767 0.000000 0.000000 0.000000 0.000000 1.000000
1.000000 0.000000 -0.000000 -0.000000 -0.000000 0.687052 -0.726608 13.816900 0.000000 0.726608 0.687052 0.000000 0.000000 0.000000 0.000000 1.000000
1.000000 -0.000000 -0.000000 0.000000 0.000000 0.698672 -0.715442 13.816900 0.000000 0.715442 0.698672 0.000000 0.000000 0.000000 0.000000 1.000000
1.000000 -0.000000 -0.000000 -0.000000 0.000000 0.707380 -0.706833 13.816900 0.000000 0.706833 0.707380 0.000000 0.000000 0.000000 0.000000 1.000000
1.000000 -0.000000 -0.000000 0.000000 0.000000 0.708561 -0.705650 13.816900 0.000000 0.705650 0.708561 0.000000 0.000000 0.000000 0.000000 1.000000
1.000000 -0.000000 0.000000 0.000000 0.000000 0.706809 -0.707404 13.816900 0.000000 0.707404 0.706809 0.000000 0.000000 0.000000 0.000000 1.000000
1.000000 -0.000000 0.000000 -0.000000 0.000000 0.706724 -0.707490 13.816900 0.000000 0.707490 0.706724 0.000000 0.000000 0.000000 0.000000 1.000000
1.000000 -0.000000 0.000000 0.000000 0.000000 0.709907 -0.704296 13.816900 0.000000 0.704296 0.709907 0.000000 0.000000 0.000000 0.000000 1.000000
1.000000 -0.000000 0.000000 -0.000000 0.000000 0.711078 -0.703114 13.816900 0.000000 0.703114 0.711078 0.000000 0.000000 0.000000 0.000000 1.000000
1.000000 -0.000000 0.000000 0.000000 0.000000 0.713057 -0.701107 13.816900 0.000000 0.701107 0.713057 -0.000000 0.000000 0.000000 0.000000 1.000000
1.000000 0.000000 0.000000 -0.000000 0.000000 0.714620 -0.699513 13.816900 -0.000000 0.699513 0.714620 0.000000 0.000000 0.000000 0.000000 1.000000
1.000000 -0.000000 0.000000 -0.000000 0.000000 0.715482 -0.698631 13.816900 0.000000 0.698631 0.715482 0.000000 0.000000 0.000000 0.000000 1.000000
1.000000 -0.000000 -0.000000 -0.000000 0.000000 0.715741 -0.698366 13.816900 0.000000 0.698366 0.715741 0.000000 0.000000 0.000000 0.000000 1.000000
1.000000 0.000000 0.000000 0.000000 0.000000 0.715991 -0.698110 13.816900 -0.000000 0.698110 0.715991 0.000000 0.000000 0.000000 0.000000 1.000000
1.000000 0.000000 -0.000000 0.000000 -0.000000 0.716707 -0.697374 13.816900 -0.000000 0.697374 0.716707 0.000000 0.000000 0.000000 0.000000 1.000000
1.000000 0.000000 -0.000000 0.000000 -0.000000 0.717449 -0.696611 13.816900 -0.000000 0.696611 0.717449 0.000000 0.000000 0.000000 0.000000 1.000000
1.000000 -0.000000 0.000000 -0.000000 0.000000 0.717740 -0.696312 13.816900 0.000000 0.696312 0.717740 -0.000000 0.000000 0.000000 0.000000 1.000000</float_array>
        <technique_common>
          <accessor source="#mixamorig_RightToeBase-Matrix-animation-output-transform-array" count="78" stride="16">
            <param type="float4x4"/>
          </accessor>
        </technique_common>
      </source>
      <source id="mixamorig_RightToeBase-Interpolations">
        <Name_array id="mixamorig_RightToeBase-Interpolations-array" count="78">
 LINEAR LINEAR LINEAR LINEAR LINEAR LINEAR LINEAR LINEAR LINEAR LINEAR LINEAR
LINEAR LINEAR LINEAR LINEAR LINEAR LINEAR LINEAR LINEAR LINEAR LINEAR LINEAR LINEAR
LINEAR LINEAR LINEAR LINEAR LINEAR LINEAR LINEAR LINEAR LINEAR LINEAR LINEAR LINEAR
LINEAR LINEAR LINEAR LINEAR LINEAR LINEAR LINEAR LINEAR LINEAR LINEAR LINEAR LINEAR
LINEAR LINEAR LINEAR LINEAR LINEAR LINEAR LINEAR LINEAR LINEAR LINEAR LINEAR LINEAR
LINEAR LINEAR LINEAR LINEAR LINEAR LINEAR LINEAR LINEAR LINEAR LINEAR LINEAR LINEAR
LINEAR LINEAR LINEAR LINEAR LINEAR LINEAR LINEAR</Name_array>
        <technique_common>
          <accessor source="#mixamorig_RightToeBase-Interpolations-array" count="78">
            <param type="name"/>
          </accessor>
        </technique_common>
      </source>
      <sampler id="mixamorig_RightToeBase-Matrix-animation-transform">
        <input semantic="INPUT" source="#mixamorig_RightToeBase-Matrix-animation-input"/>
        <input semantic="OUTPUT" source="#mixamorig_RightToeBase-Matrix-animation-output-transform"/>
        <input semantic="INTERPOLATION" source="#mixamorig_RightToeBase-Interpolations"/>
      </sampler>
      <channel source="#mixamorig_RightToeBase-Matrix-animation-transform" target="mixamorig_RightToeBase/matrix"/>
    </animation>
    <animation id="mixamorig_LeftUpLeg-anim" name="mixamorig_LeftUpLeg">
      <source id="mixamorig_LeftUpLeg-Matrix-animation-input">
        <float_array id="mixamorig_LeftUpLeg-Matrix-animation-input-array" count="78">

0.000000 0.033333 0.066667 0.100000 0.133333 0.166667 0.200000 0.233333 0.266667 0.300000 0.333333 0.366667 0.400000 0.433333 0.466667 0.500000
0.533333 0.566667 0.600000 0.633333 0.666667 0.700000 0.733333 0.766667 0.800000 0.833333 0.866667 0.900000 0.933333 0.966667 1.000000 1.033333
1.066667 1.100000 1.133333 1.166667 1.200000 1.233333 1.266667 1.300000 1.333333 1.366667 1.400000 1.433333 1.466667 1.500000 1.533333 1.566667
1.600000 1.633333 1.666667 1.700000 1.733333 1.766667 1.800000 1.833333 1.866667 1.900000 1.933333 1.966667 2.000000 2.033333 2.066667 2.100000
2.133333 2.166667 2.200000 2.233333 2.266667 2.300000 2.333333 2.366667 2.400000 2.433333 2.466667 2.500000 2.533333 2.566667</float_array>
        <technique_common>
          <accessor source="#mixamorig_LeftUpLeg-Matrix-animation-input-array" count="78">
            <param name="TIME" type="float"/>
          </accessor>
        </technique_common>
      </source>
      <source id="mixamorig_LeftUpLeg-Matrix-animation-output-transform">
        <float_array id="mixamorig_LeftUpLeg-Matrix-animation-output-transform-array" count="1248">

-0.981783 -0.058602 0.180743 8.207800 0.061446 -0.998059 0.010168 -6.771800 0.179796 0.021089 0.983478 -1.512200 0.000000 0.000000 0.000000 1.000000
-0.981406 -0.024429 0.190382 8.207800 0.052513 -0.988198 0.143898 -6.771800 0.184620 0.151220 0.971107 -1.512200 0.000000 0.000000 0.000000 1.000000
-0.983015 0.002358 0.183512 8.207800 0.043886 -0.967888 0.247522 -6.771800 0.178202 0.251371 0.951345 -1.512200 0.000000 0.000000 0.000000 1.000000
-0.986551 0.025932 0.161383 8.207800 0.035270 -0.930302 0.365094 -6.771800 0.159603 0.365876 0.916876 -1.512200 0.000000 0.000000 0.000000 1.000000
-0.990153 0.042487 0.133386 8.207800 0.030465 -0.864598 0.501541 -6.771800 0.136634 0.500665 0.854790 -1.512200 0.000000 0.000000 0.000000 1.000000
-0.992332 0.048759 0.113577 8.207800 0.035640 -0.766996 0.640661 -6.771800 0.118351 0.639796 0.759377 -1.512200 0.000000 0.000000 0.000000 1.000000
-0.992752 0.048498 0.109965 8.207800 0.053271 -0.642613 0.764336 -6.771800 0.107734 0.764654 0.635372 -1.512200 0.000000 0.000000 0.000000 1.000000
-0.991171 0.046512 0.124164 8.207800 0.083892 -0.505172 0.858931 -6.771800 0.102674 0.861764 0.496810 -1.512200 0.000000 0.000000 0.000000 1.000000
-0.987187 0.046122 0.152754 8.207800 0.125719 -0.364724 0.922589 -6.771800 0.098265 0.929973 0.354253 -1.512200 0.000000 0.000000 0.000000 1.000000
-0.980585 0.046871 0.190412 8.207800 0.174817 -0.230969 0.957127 -6.771800 0.088841 0.971831 0.218291 -1.512200 0.000000 0.000000 0.000000 1.000000
-0.972950 0.053772 0.224670 8.207800 0.218392 -0.102991 0.970411 -6.771800 0.075320 0.993228 0.088462 -1.512200 0.000000 0.000000 0.000000 1.000000
-0.967302 0.071187 0.243431 8.207800 0.244977 0.013736 0.969432 -6.771800 0.065667 0.997368 -0.030726 -1.512200 0.000000 0.000000 0.000000 1.000000
-0.964727 0.094005 0.245898 8.207800 0.255315 0.106451 0.960980 -6.771800 0.064161 0.989864 -0.126697 -1.512200 0.000000 0.000000 0.000000 1.000000
-0.964150 0.112050 0.240540 8.207800 0.256994 0.168498 0.951610 -6.771800 0.066097 0.979313 -0.191253 -1.512200 0.000000 0.000000 0.000000 1.000000
-0.965361 0.118806 0.232298 8.207800 0.252073 0.194844 0.947890 -6.771800 0.067353 0.973612 -0.218042 -1.512200 0.000000 0.000000 0.000000 1.000000
-0.969603 0.111754 0.217670 8.207800 0.235294 0.181794 0.954771 -6.771800 0.067129 0.976966 -0.202563 -1.512200 0.000000 0.000000 0.000000 1.000000
-0.976935 0.085922 0.195489 8.207800 0.204856 0.118727 0.971565 -6.771800 0.060269 0.989202 -0.133590 -1.512200 0.000000 0.000000 0.000000 1.000000
-0.985823 0.046389 0.161247 8.207800 0.161804 0.008477 0.986787 -6.771800 0.044409 0.998888 -0.015862 -1.512200 0.000000 0.000000 0.000000 1.000000
-0.992951 0.005540 0.118398 8.207800 0.116658 -0.131050 0.984488 -6.771800 0.020970 0.991360 0.129480 -1.512200 0.000000 0.000000 0.000000 1.000000
-0.996754 -0.020045 0.077973 8.207800 0.080422 -0.292811 0.952782 -6.771800 0.003733 0.955960 0.293472 -1.512200 0.000000 0.000000 0.000000 1.000000
-0.998538 -0.016823 0.051376 8.207800 0.053200 -0.474617 0.878583 -6.771800 0.009603 0.880032 0.474818 -1.512200 0.000000 0.000000 0.000000 1.000000
-0.998817 0.016581 0.045718 8.207800 0.022937 -0.668337 0.743505 -6.771800 0.042883 0.743674 0.667166 -1.512200 0.000000 0.000000 0.000000 1.000000
-0.995988 0.065958 0.060471 8.207800 -0.022451 -0.838361 0.544652 -6.771800 0.086621 0.541110 0.836479 -1.512200 0.000000 0.000000 0.000000 1.000000
-0.991589 0.097107 0.085572 8.207800 -0.057341 -0.922307 0.382180 -6.771800 0.116036 0.374058 0.920117 -1.512200 0.000000 0.000000 0.000000 1.000000
-0.990272 0.105959 0.090185 8.207800 -0.061430 -0.914492 0.399914 -6.771800 0.124848 0.390483 0.912105 -1.512200 0.000000 0.000000 0.000000 1.000000
-0.990554 0.106220 0.086716 8.207800 -0.054064 -0.883711 0.464900 -6.771800 0.126014 0.455820 0.881106 -1.512200 0.000000 0.000000 0.000000 1.000000
-0.991654 0.094294 0.087923 8.207800 -0.035918 -0.857028 0.514016 -6.771800 0.123822 0.506569 0.853262 -1.512200 0.000000 0.000000 0.000000 1.000000
-0.992538 0.088350 0.084038 8.207800 -0.012613 -0.759896 0.649922 -6.771800 0.121281 0.644012 0.755341 -1.512200 0.000000 0.000000 0.000000 1.000000
-0.990838 0.090619 0.100140 8.207800 0.028814 -0.582561 0.812276 -6.771800 0.131946 0.807720 0.574612 -1.512200 0.000000 0.000000 0.000000 1.000000
-0.982546 0.120247 0.141927 8.207800 0.097038 -0.319608 0.942568 -6.771800 0.158703 0.939889 0.302361 -1.512200 0.000000 0.000000 0.000000 1.000000
-0.963471 0.186092 0.192596 8.207800 0.184892 -0.058069 0.981042 -6.771800 0.193748 0.980815 0.021541 -1.512200 0.000000 0.000000 0.000000 1.000000
-0.936862 0.262905 0.230588 8.207800 0.265569 0.105888 0.958259 -6.771800 0.227515 0.958994 -0.169022 -1.512200 0.000000 0.000000 0.000000 1.000000
-0.917105 0.314086 0.245497 8.207800 0.302145 0.145928 0.942026 -6.771800 0.260052 0.938113 -0.228730 -1.512200 0.000000 0.000000 0.000000 1.000000
-0.914079 0.322068 0.246437 8.207800 0.291147 0.098162 0.951629 -6.771800 0.282298 0.941614 -0.183497 -1.512200 0.000000 0.000000 0.000000 1.000000
-0.920312 0.296613 0.255044 8.207800 0.266817 -0.000818 0.963747 -6.771800 0.286069 0.954997 -0.078389 -1.512200 0.000000 0.000000 0.000000 1.000000
-0.923193 0.265725 0.277676 8.207800 0.252952 -0.123856 0.959518 -6.771800 0.289360 0.956060 0.047127 -1.512200 0.000000 0.000000 0.000000 1.000000
-0.915512 0.244901 0.319158 8.207800 0.252665 -0.267315 0.929894 -6.771800 0.313048 0.931969 0.182852 -1.512200 0.000000 0.000000 0.000000 1.000000
-0.897043 0.225938 0.379823 8.207800 0.260289 -0.424463 0.867226 -6.771800 0.357160 0.876803 0.321952 -1.512200 0.000000 0.000000 0.000000 1.000000
-0.872503 0.196853 0.447199 8.207800 0.269212 -0.570116 0.776204 -6.771800 0.407753 0.797632 0.444432 -1.512200 0.000000 0.000000 0.000000 1.000000
-0.849407 0.161298 0.502484 8.207800 0.276047 -0.675705 0.683536 -6.771800 0.449784 0.719309 0.529423 -1.512200 0.000000 0.000000 0.000000 1.000000
-0.835177 0.135832 0.532944 8.207800 0.281066 -0.727513 0.625881 -6.771800 0.472738 0.672514 0.569424 -1.512200 0.000000 0.000000 0.000000 1.000000
-0.833683 0.150017 0.531477 8.207800 0.284377 -0.708366 0.646025 -6.771800 0.473395 0.689719 0.547891 -1.512200 0.000000 0.000000 0.000000 1.000000
-0.839460 0.204958 0.503288 8.207800 0.290176 -0.613990 0.734040 -6.771800 0.459461 0.762239 0.455946 -1.512200 0.000000 0.000000 0.000000 1.000000
-0.842447 0.269745 0.466390 8.207800 0.306092 -0.472754 0.826324 -6.771800 0.443385 0.838893 0.315704 -1.512200 0.000000 0.000000 0.000000 1.000000
-0.837142 0.324159 0.440584 8.207800 0.333620 -0.335717 0.880904 -6.771800 0.433464 0.884429 0.172897 -1.512200 0.000000 0.000000 0.000000 1.000000
-0.823513 0.373861 0.426678 8.207800 0.358047 -0.240864 0.902101 -6.771800 0.440031 0.895663 0.064495 -1.512200 0.000000 0.000000 0.000000 1.000000
-0.806369 0.412996 0.423324 8.207800 0.374741 -0.196950 0.905969 -6.771800 0.457535 0.889182 0.004048 -1.512200 0.000000 0.000000 0.000000 1.000000
-0.798817 0.442301 0.407751 8.207800 0.380638 -0.153250 0.911937 -6.771800 0.465839 0.883676 -0.045938 -1.512200 0.000000 0.000000 0.000000 1.000000
-0.802788 0.454612 0.385823 8.207800 0.380576 -0.107456 0.918485 -6.771800 0.459014 0.884184 -0.086750 -1.512200 0.000000 0.000000 0.000000 1.000000
-0.809846 0.448804 0.377789 8.207800 0.387558 -0.074135 0.918859 -6.771800 0.440395 0.890550 -0.113900 -1.512200 0.000000 0.000000 0.000000 1.000000
-0.813108 0.437097 0.384449 8.207800 0.398386 -0.063696 0.915003 -6.771800 0.424433 0.897156 -0.122341 -1.512200 0.000000 0.000000 0.000000 1.000000
-0.813255 0.421608 0.401077 8.207800 0.408315 -0.077630 0.909534 -6.771800 0.414602 0.903449 -0.109016 -1.512200 0.000000 0.000000 0.000000 1.000000
-0.814952 0.397919 0.421323 8.207800 0.413881 -0.109262 0.903750 -6.771800 0.405654 0.910891 -0.075648 -1.512200 0.000000 0.000000 0.000000 1.000000
-0.819033 0.365848 0.441973 8.207800 0.415248 -0.153595 0.896648 -6.771800 0.395921 0.917913 -0.026118 -1.512200 0.000000 0.000000 0.000000 1.000000
-0.823145 0.329184 0.462678 8.207800 0.413382 -0.211221 0.885721 -6.771800 0.389293 0.920339 0.037787 -1.512200 0.000000 0.000000 0.000000 1.000000
-0.828167 0.288332 0.480628 8.207800 0.405784 -0.283081 0.869025 -6.771800 0.386624 0.914730 0.117438 -1.512200 0.000000 0.000000 0.000000 1.000000
-0.839458 0.241615 0.486756 8.207800 0.384512 -0.368861 0.846222 -6.771800 0.384006 0.897532 0.216740 -1.512200 0.000000 0.000000 0.000000 1.000000
-0.861108 0.190062 0.471560 8.207800 0.343637 -0.465995 0.815330 -6.771800 0.374708 0.864132 0.335960 -1.512200 0.000000 0.000000 0.000000 1.000000
-0.890297 0.135318 0.434811 8.207800 0.290738 -0.565993 0.771443 -6.771800 0.350490 0.813229 0.464560 -1.512200 0.000000 0.000000 0.000000 1.000000
-0.919305 0.078585 0.385619 8.207800 0.242981 -0.657453 0.713243 -6.771800 0.309577 0.749386 0.585305 -1.512200 0.000000 0.000000 0.000000 1.000000
-0.942270 0.027816 0.333697 8.207800 0.206820 -0.735397 0.645303 -6.771800 0.263350 0.677065 0.687190 -1.512200 0.000000 0.000000 0.000000 1.000000
-0.957472 -0.008687 0.288397 8.207800 0.176766 -0.807658 0.562532 -6.771800 0.228039 0.589587 0.774845 -1.512200 0.000000 0.000000 0.000000 1.000000
-0.966327 -0.026574 0.255941 8.207800 0.147555 -0.872096 0.466557 -6.771800 0.210807 0.488612 0.846651 -1.512200 0.000000 0.000000 0.000000 1.000000
-0.970497 -0.033302 0.238802 8.207800 0.123599 -0.919101 0.374134 -6.771800 0.207024 0.392612 0.896101 -1.512200 0.000000 0.000000 0.000000 1.000000
-0.971320 -0.039664 0.234444 8.207800 0.110212 -0.948778 0.296098 -6.771800 0.210690 0.313445 0.925938 -1.512200 0.000000 0.000000 0.000000 1.000000
-0.970531 -0.045562 0.236632 8.207800 0.105538 -0.963145 0.247412 -6.771800 0.216638 0.265095 0.939570 -1.512200 0.000000 0.000000 0.000000 1.000000
-0.970211 -0.046476 0.237761 8.207800 0.100289 -0.970433 0.219548 -6.771800 0.220527 0.236853 0.946186 -1.512200 0.000000 0.000000 0.000000 1.000000
-0.971044 -0.050914 0.233412 8.207800 0.094419 -0.979272 0.179195 -6.771800 0.219451 0.196045 0.955724 -1.512200 0.000000 0.000000 0.000000 1.000000
-0.972993 -0.057448 0.223570 8.207800 0.087829 -0.987825 0.128407 -6.771800 0.213471 0.144575 0.966193 -1.512200 0.000000 0.000000 0.000000 1.000000
-0.975067 -0.063080 0.212756 8.207800 0.081456 -0.993562 0.078735 -6.771800 0.206420 0.094103 0.973928 -1.512200 0.000000 0.000000 0.000000 1.000000
-0.976804 -0.064475 0.204198 8.207800 0.074224 -0.996421 0.040438 -6.771800 0.200861 0.054656 0.978094 -1.512200 0.000000 0.000000 0.000000 1.000000
-0.978407 -0.060432 0.197656 8.207800 0.066396 -0.997512 0.023681 -6.771800 0.195733 0.036293 0.979985 -1.512200 0.000000 0.000000 0.000000 1.000000
-0.979985 -0.054991 0.191327 8.207800 0.060164 -0.997961 0.021330 -6.771800 0.189763 0.032414 0.981295 -1.512200 0.000000 0.000000 0.000000 1.000000
-0.981352 -0.051881 0.185086 8.207800 0.056733 -0.998168 0.021011 -6.771800 0.183657 0.031119 0.982498 -1.512200 0.000000 0.000000 0.000000 1.000000
-0.982243 -0.050636 0.180651 8.207800 0.055408 -0.998233 0.021463 -6.771800 0.179245 0.031092 0.983313 -1.512200 0.000000 0.000000 0.000000 1.000000
-0.982488 -0.051175 0.179159 8.207800 0.055997 -0.998189 0.021957 -6.771800 0.177711 0.031604 0.983575 -1.512200 0.000000 0.000000 0.000000 1.000000
-0.982271 -0.053322 0.179721 8.207800 0.057812 -0.998130 0.019836 -6.771800 0.178327 0.029874 0.983518 -1.512200 0.000000 0.000000 0.000000 1.000000
-0.981928 -0.056524 0.180616 8.207800 0.060060 -0.998094 0.014167 -6.771800 0.179471 0.024758 0.983452 -1.512200 0.000000 0.000000 0.000000 1.000000</float_array>
        <technique_common>
          <accessor source="#mixamorig_LeftUpLeg-Matrix-animation-output-transform-array" count="78" stride="16">
            <param type="float4x4"/>
          </accessor>
        </technique_common>
      </source>
      <source id="mixamorig_LeftUpLeg-Interpolations">
        <Name_array id="mixamorig_LeftUpLeg-Interpolations-array" count="78">
 LINEAR LINEAR LINEAR LINEAR LINEAR LINEAR LINEAR LINEAR LINEAR LINEAR LINEAR
LINEAR LINEAR LINEAR LINEAR LINEAR LINEAR LINEAR LINEAR LINEAR LINEAR LINEAR LINEAR
LINEAR LINEAR LINEAR LINEAR LINEAR LINEAR LINEAR LINEAR LINEAR LINEAR LINEAR LINEAR
LINEAR LINEAR LINEAR LINEAR LINEAR LINEAR LINEAR LINEAR LINEAR LINEAR LINEAR LINEAR
LINEAR LINEAR LINEAR LINEAR LINEAR LINEAR LINEAR LINEAR LINEAR LINEAR LINEAR LINEAR
LINEAR LINEAR LINEAR LINEAR LINEAR LINEAR LINEAR LINEAR LINEAR LINEAR LINEAR LINEAR
LINEAR LINEAR LINEAR LINEAR LINEAR LINEAR LINEAR</Name_array>
        <technique_common>
          <accessor source="#mixamorig_LeftUpLeg-Interpolations-array" count="78">
            <param type="name"/>
          </accessor>
        </technique_common>
      </source>
      <sampler id="mixamorig_LeftUpLeg-Matrix-animation-transform">
        <input semantic="INPUT" source="#mixamorig_LeftUpLeg-Matrix-animation-input"/>
        <input semantic="OUTPUT" source="#mixamorig_LeftUpLeg-Matrix-animation-output-transform"/>
        <input semantic="INTERPOLATION" source="#mixamorig_LeftUpLeg-Interpolations"/>
      </sampler>
      <channel source="#mixamorig_LeftUpLeg-Matrix-animation-transform" target="mixamorig_LeftUpLeg/matrix"/>
    </animation>
    <animation id="mixamorig_LeftLeg-anim" name="mixamorig_LeftLeg">
      <source id="mixamorig_LeftLeg-Matrix-animation-input">
        <float_array id="mixamorig_LeftLeg-Matrix-animation-input-array" count="78">

0.000000 0.033333 0.066667 0.100000 0.133333 0.166667 0.200000 0.233333 0.266667 0.300000 0.333333 0.366667 0.400000 0.433333 0.466667 0.500000
0.533333 0.566667 0.600000 0.633333 0.666667 0.700000 0.733333 0.766667 0.800000 0.833333 0.866667 0.900000 0.933333 0.966667 1.000000 1.033333
1.066667 1.100000 1.133333 1.166667 1.200000 1.233333 1.266667 1.300000 1.333333 1.366667 1.400000 1.433333 1.466667 1.500000 1.533333 1.566667
1.600000 1.633333 1.666667 1.700000 1.733333 1.766667 1.800000 1.833333 1.866667 1.900000 1.933333 1.966667 2.000000 2.033333 2.066667 2.100000
2.133333 2.166667 2.200000 2.233333 2.266667 2.300000 2.333333 2.366667 2.400000 2.433333 2.466667 2.500000 2.533333 2.566667</float_array>
        <technique_common>
          <accessor source="#mixamorig_LeftLeg-Matrix-animation-input-array" count="78">
            <param name="TIME" type="float"/>
          </accessor>
        </technique_common>
      </source>
      <source id="mixamorig_LeftLeg-Matrix-animation-output-transform">
        <float_array id="mixamorig_LeftLeg-Matrix-animation-output-transform-array" count="1248">

0.983945 -0.044627 -0.172801 0.000000 0.079760 0.976117 0.202074 44.371399 0.159656 -0.212612 0.964005 0.000000 0.000000 0.000000 0.000000 1.000000
0.988974 -0.053521 -0.138077 0.000000 0.108932 0.894555 0.433480 44.371399 0.100317 -0.443741 0.890522 0.000000 0.000000 0.000000 0.000000 1.000000
0.992231 -0.063678 -0.106881 -0.000000 0.113905 0.810495 0.574564 44.371399 0.050039 -0.582274 0.811451 0.000000 0.000000 0.000000 0.000000 1.000000
0.993718 -0.075054 -0.083013 0.000000 0.111641 0.716418 0.688681 44.371399 0.007784 -0.693622 0.720297 0.000000 0.000000 0.000000 0.000000 1.000000
0.994167 -0.086779 -0.064046 0.000000 0.103884 0.610842 0.784908 44.371399 -0.028992 -0.786983 0.616294 -0.000000 0.000000 0.000000 0.000000 1.000000
0.994297 -0.097801 -0.042527 0.000000 0.085808 0.496865 0.863575 44.371399 -0.063328 -0.862299 0.502424 0.000000 0.000000 0.000000 0.000000 1.000000
0.994140 -0.107441 -0.011908 -0.000000 0.051261 0.371572 0.926988 44.371399 -0.095172 -0.922166 0.374902 0.000000 0.000000 0.000000 0.000000 1.000000
0.993045 -0.115189 0.024353 -0.000000 0.003551 0.236052 0.971734 44.371399 -0.117681 -0.964889 0.234820 0.000000 0.000000 0.000000 0.000000 1.000000
0.990569 -0.121659 0.063031 0.000000 -0.051634 0.094657 0.994170 44.371399 -0.126917 -0.988048 0.087483 0.000000 0.000000 0.000000 0.000000 1.000000
0.986982 -0.127270 0.098325 0.000000 -0.102572 -0.027240 0.994353 44.371399 -0.123873 -0.991494 -0.039940 0.000000 0.000000 0.000000 0.000000 1.000000
0.983339 -0.131990 0.124995 0.000000 -0.141772 -0.126455 0.981789 44.371399 -0.113780 -0.983152 -0.143060 0.000000 0.000000 0.000000 0.000000 1.000000
0.980973 -0.135423 0.139116 0.000000 -0.165642 -0.210033 0.963560 44.371399 -0.101269 -0.968270 -0.228468 -0.000000 0.000000 0.000000 0.000000 1.000000
0.979983 -0.137594 0.143879 -0.000000 -0.177912 -0.280991 0.943076 44.371399 -0.089333 -0.949796 -0.299846 0.000000 0.000000 0.000000 0.000000 1.000000
0.979185 -0.139064 0.147844 -0.000000 -0.187301 -0.338460 0.922152 44.371399 -0.078199 -0.930648 -0.357462 0.000000 0.000000 0.000000 0.000000 1.000000
0.977897 -0.140197 0.155120 0.000000 -0.197879 -0.380913 0.903188 44.371399 -0.067537 -0.913920 -0.400236 0.000000 0.000000 0.000000 0.000000 1.000000
0.977816 -0.140398 0.155449 0.000000 -0.200323 -0.409926 0.889849 44.371399 -0.061211 -0.901249 -0.428957 -0.000000 0.000000 0.000000 0.000000 1.000000
0.983204 -0.137763 0.119713 -0.000000 -0.166686 -0.410649 0.896428 44.371399 -0.074335 -0.901326 -0.426715 0.000000 0.000000 0.000000 0.000000 1.000000
0.989616 -0.132839 0.054894 0.000000 -0.100974 -0.370716 0.923241 44.371399 -0.102293 -0.919197 -0.380280 0.000000 0.000000 0.000000 0.000000 1.000000
0.991636 -0.127529 -0.019849 0.000000 -0.018823 -0.295049 0.955297 44.371399 -0.127685 -0.946933 -0.294981 0.000000 0.000000 0.000000 0.000000 1.000000
0.988201 -0.122652 -0.091735 0.000000 0.068788 -0.179731 0.981308 44.371399 -0.136847 -0.976039 -0.169174 0.000000 0.000000 0.000000 0.000000 1.000000
0.981776 -0.116591 -0.150072 0.000000 0.149997 -0.009470 0.988641 44.371399 -0.116688 -0.993135 0.008191 0.000000 0.000000 0.000000 0.000000 1.000000
0.978681 -0.108629 -0.174308 -0.000000 0.196205 0.243573 0.949829 44.371399 -0.060722 -0.963780 0.259694 0.000000 0.000000 0.000000 0.000000 1.000000
0.977974 -0.101537 -0.182367 0.000000 0.207224 0.577001 0.790018 44.371399 0.025010 -0.810407 0.585333 0.000000 0.000000 0.000000 0.000000 1.000000
0.981218 -0.102256 -0.163571 0.000000 0.173871 0.836075 0.520335 44.371399 0.083550 -0.539002 0.838151 -0.000000 0.000000 0.000000 0.000000 1.000000
0.975477 -0.113319 -0.188689 -0.000000 0.186014 0.882714 0.431526 44.371399 0.117658 -0.456042 0.882146 0.000000 0.000000 0.000000 0.000000 1.000000
0.974885 -0.116910 -0.189553 0.000000 0.190576 0.878336 0.438415 44.371399 0.115236 -0.463528 0.878557 0.000000 0.000000 0.000000 0.000000 1.000000
0.976967 -0.099574 -0.188736 0.000000 0.183958 0.841236 0.508412 44.371399 0.108147 -0.531421 0.840176 -0.000000 0.000000 0.000000 0.000000 1.000000
0.981953 -0.071845 -0.174947 0.000000 0.181324 0.620556 0.762910 44.371399 0.053753 -0.780864 0.622384 0.000000 0.000000 0.000000 0.000000 1.000000
0.982632 -0.046976 -0.179522 0.000000 0.185494 0.275752 0.943161 44.371399 0.005197 -0.960080 0.279676 0.000000 0.000000 0.000000 0.000000 1.000000
0.982841 -0.029430 -0.182091 0.000000 0.178093 -0.105601 0.978331 44.371399 -0.048021 -0.993973 -0.098548 0.000000 0.000000 0.000000 0.000000 1.000000
0.984848 -0.016412 -0.172639 0.000000 0.149438 -0.424785 0.892875 44.371399 -0.087988 -0.905146 -0.415896 0.000000 0.000000 0.000000 0.000000 1.000000
0.989454 -0.006993 -0.144675 -0.000000 0.107252 -0.635936 0.764253 44.371399 -0.097348 -0.771710 -0.628480 0.000000 0.000000 0.000000 0.000000 1.000000
0.992013 -0.001434 -0.126130 0.000000 0.085000 -0.731204 0.676842 44.371399 -0.093198 -0.682157 -0.725242 0.000000 0.000000 0.000000 0.000000 1.000000
0.992847 -0.003002 -0.119355 -0.000000 0.080465 -0.721716 0.687496 44.371399 -0.088204 -0.692182 -0.716312 -0.000000 0.000000 0.000000 0.000000 1.000000
0.992856 -0.013970 -0.118497 -0.000000 0.084579 -0.618098 0.781537 44.371399 -0.084161 -0.785977 -0.612501 0.000000 0.000000 0.000000 0.000000 1.000000
0.993261 -0.034064 -0.110777 0.000000 0.085420 -0.430832 0.898380 44.371399 -0.078329 -0.901789 -0.425019 0.000000 0.000000 0.000000 0.000000 1.000000
0.995415 -0.061654 -0.073122 -0.000000 0.060053 -0.192164 0.979524 44.371399 -0.074443 -0.979424 -0.187580 0.000000 0.000000 0.000000 0.000000 1.000000
0.995635 -0.093316 -0.001971 0.000000 0.007228 0.056034 0.998403 44.371399 -0.093056 -0.994058 0.056464 0.000000 0.000000 0.000000 0.000000 1.000000
0.989138 -0.124082 0.078798 0.000000 -0.040830 0.283042 0.958238 44.371399 -0.141203 -0.951047 0.274902 0.000000 0.000000 0.000000 0.000000 1.000000
0.979140 -0.148940 0.138209 0.000000 -0.053141 0.468819 0.881694 44.371399 -0.196115 -0.870647 0.451124 0.000000 0.000000 0.000000 0.000000 1.000000
0.972975 -0.165126 0.161411 -0.000000 -0.036719 0.579481 0.814158 44.371399 -0.227973 -0.798082 0.557757 0.000000 0.000000 0.000000 0.000000 1.000000
0.971567 -0.173771 0.160812 0.000000 -0.039567 0.550493 0.833902 44.371399 -0.233433 -0.816555 0.527965 0.000000 0.000000 0.000000 0.000000 1.000000
0.971587 -0.178027 0.155963 -0.000000 -0.092481 0.321016 0.942548 44.371399 -0.217865 -0.930191 0.295431 0.000000 0.000000 0.000000 0.000000 1.000000
0.976334 -0.178690 0.121829 -0.000000 -0.125837 -0.011226 0.991987 44.371399 -0.175890 -0.983841 -0.033446 0.000000 0.000000 0.000000 0.000000 1.000000
0.980938 -0.177479 0.079132 0.000000 -0.122688 -0.249857 0.960479 44.371399 -0.150693 -0.951879 -0.266868 0.000000 0.000000 0.000000 0.000000 1.000000
0.983295 -0.175688 0.047583 -0.000000 -0.112991 -0.384220 0.916301 44.371399 -0.142701 -0.906371 -0.397653 0.000000 0.000000 0.000000 0.000000 1.000000
0.984076 -0.174371 0.034484 0.000000 -0.110628 -0.448989 0.886662 44.371399 -0.139125 -0.876358 -0.461130 0.000000 0.000000 0.000000 0.000000 1.000000
0.982730 -0.176095 0.056861 -0.000000 -0.135831 -0.477780 0.867915 44.371399 -0.125669 -0.860649 -0.493448 0.000000 0.000000 0.000000 0.000000 1.000000
0.981297 -0.177746 0.073906 0.000000 -0.153201 -0.488657 0.858920 44.371399 -0.116555 -0.854179 -0.506748 0.000000 0.000000 0.000000 0.000000 1.000000
0.982213 -0.176612 0.063759 0.000000 -0.143454 -0.486726 0.861695 44.371399 -0.121153 -0.855515 -0.503404 0.000000 0.000000 0.000000 0.000000 1.000000
0.983778 -0.173933 0.043911 0.000000 -0.122109 -0.469954 0.874204 44.371399 -0.131417 -0.865384 -0.483569 -0.000000 0.000000 0.000000 0.000000 1.000000
0.984962 -0.171059 0.024278 0.000000 -0.098189 -0.438590 0.893307 44.371399 -0.142160 -0.882257 -0.448790 -0.000000 0.000000 0.000000 0.000000 1.000000
0.985681 -0.168426 0.008084 -0.000000 -0.074292 -0.390741 0.917498 44.371399 -0.151372 -0.904961 -0.397659 0.000000 0.000000 0.000000 0.000000 1.000000
0.986188 -0.165468 -0.007342 0.000000 -0.047798 -0.326757 0.943899 44.371399 -0.158584 -0.930511 -0.330153 -0.000000 0.000000 0.000000 0.000000 1.000000
0.986534 -0.161868 -0.023445 0.000000 -0.018197 -0.251082 0.967795 44.371399 -0.162542 -0.954336 -0.250646 0.000000 0.000000 0.000000 0.000000 1.000000
0.986628 -0.157930 -0.040298 0.000000 0.014152 -0.163304 0.986474 44.371399 -0.162375 -0.973853 -0.158885 0.000000 0.000000 0.000000 0.000000 1.000000
0.986299 -0.154158 -0.058725 -0.000000 0.050588 -0.056191 0.997138 44.371399 -0.157016 -0.986447 -0.047622 0.000000 0.000000 0.000000 0.000000 1.000000
0.985242 -0.150707 -0.081146 -0.000000 0.093225 0.074886 0.992825 44.371399 -0.143549 -0.985738 0.087831 -0.000000 0.000000 0.000000 0.000000 1.000000
0.983261 -0.147545 -0.106907 -0.000000 0.138953 0.227681 0.963770 44.371399 -0.117859 -0.962492 0.244372 0.000000 0.000000 0.000000 0.000000 1.000000
0.980759 -0.144707 -0.131040 -0.000000 0.178402 0.391777 0.902598 44.371399 -0.079273 -0.908609 0.410055 0.000000 0.000000 0.000000 0.000000 1.000000
0.978313 -0.141740 -0.151040 0.000000 0.204492 0.544876 0.813199 44.371399 -0.032965 -0.826450 0.562044 -0.000000 0.000000 0.000000 0.000000 1.000000
0.976991 -0.137649 -0.162918 -0.000000 0.212823 0.679297 0.702326 44.371399 0.013995 -0.720838 0.692962 -0.000000 0.000000 0.000000 0.000000 1.000000
0.977553 -0.130893 -0.165097 0.000000 0.204129 0.782432 0.588329 44.371399 0.052169 -0.608824 0.791588 0.000000 0.000000 0.000000 0.000000 1.000000
0.979151 -0.120480 -0.163550 0.000000 0.186628 0.851462 0.490084 44.371399 0.080211 -0.510389 0.856195 0.000000 0.000000 0.000000 0.000000 1.000000
0.981245 -0.108501 -0.159327 -0.000000 0.165454 0.898166 0.407335 44.371399 0.098906 -0.426057 0.899274 0.000000 0.000000 0.000000 0.000000 1.000000
0.983908 -0.098484 -0.149083 0.000000 0.147495 0.918617 0.366590 44.371399 0.100847 -0.382680 0.918360 0.000000 0.000000 0.000000 0.000000 1.000000
0.987238 -0.088457 -0.132425 0.000000 0.131542 0.921667 0.365001 44.371399 0.089765 -0.377763 0.921541 0.000000 0.000000 0.000000 0.000000 1.000000
0.989912 -0.079416 -0.117330 0.000000 0.116111 0.929290 0.350626 44.371399 0.081189 -0.360713 0.929137 0.000000 0.000000 0.000000 0.000000 1.000000
0.990895 -0.070948 -0.114427 -0.000000 0.104488 0.941212 0.321250 44.371399 0.084908 -0.330281 0.940056 0.000000 0.000000 0.000000 0.000000 1.000000
0.990329 -0.063821 -0.123189 0.000000 0.096696 0.954237 0.282986 44.371399 0.099491 -0.292161 0.951180 -0.000000 0.000000 0.000000 0.000000 1.000000
0.988881 -0.058403 -0.136757 0.000000 0.090653 0.965763 0.243073 44.371399 0.117879 -0.252767 0.960319 0.000000 0.000000 0.000000 0.000000 1.000000
0.987025 -0.054177 -0.151152 0.000000 0.087686 0.970462 0.224755 44.371399 0.134511 -0.235093 0.962621 0.000000 0.000000 0.000000 0.000000 1.000000
0.985257 -0.050425 -0.163478 0.000000 0.087631 0.969447 0.229114 44.371399 0.146930 -0.240062 0.959574 -0.000000 0.000000 0.000000 0.000000 1.000000
0.984249 -0.047099 -0.170396 0.000000 0.087628 0.967094 0.238851 44.371399 0.153539 -0.250021 0.955989 0.000000 0.000000 0.000000 0.000000 1.000000
0.984137 -0.044608 -0.171711 -0.000000 0.086716 0.965326 0.246224 44.371399 0.154773 -0.257208 0.953881 0.000000 0.000000 0.000000 0.000000 1.000000
0.984417 -0.043391 -0.170412 0.000000 0.084958 0.965831 0.244851 44.371399 0.153965 -0.255513 0.954467 0.000000 0.000000 0.000000 0.000000 1.000000
0.984478 -0.043396 -0.170059 0.000000 0.082932 0.968975 0.232830 44.371399 0.154680 -0.243319 0.957533 0.000000 0.000000 0.000000 0.000000 1.000000
0.984180 -0.044122 -0.171592 0.000000 0.080882 0.973575 0.213565 44.371399 0.157635 -0.224065 0.961741 0.000000 0.000000 0.000000 0.000000 1.000000</float_array>
        <technique_common>
          <accessor source="#mixamorig_LeftLeg-Matrix-animation-output-transform-array" count="78" stride="16">
            <param type="float4x4"/>
          </accessor>
        </technique_common>
      </source>
      <source id="mixamorig_LeftLeg-Interpolations">
        <Name_array id="mixamorig_LeftLeg-Interpolations-array" count="78">
 LINEAR LINEAR LINEAR LINEAR LINEAR LINEAR LINEAR LINEAR LINEAR LINEAR LINEAR
LINEAR LINEAR LINEAR LINEAR LINEAR LINEAR LINEAR LINEAR LINEAR LINEAR LINEAR LINEAR
LINEAR LINEAR LINEAR LINEAR LINEAR LINEAR LINEAR LINEAR LINEAR LINEAR LINEAR LINEAR
LINEAR LINEAR LINEAR LINEAR LINEAR LINEAR LINEAR LINEAR LINEAR LINEAR LINEAR LINEAR
LINEAR LINEAR LINEAR LINEAR LINEAR LINEAR LINEAR LINEAR LINEAR LINEAR LINEAR LINEAR
LINEAR LINEAR LINEAR LINEAR LINEAR LINEAR LINEAR LINEAR LINEAR LINEAR LINEAR LINEAR
LINEAR LINEAR LINEAR LINEAR LINEAR LINEAR LINEAR</Name_array>
        <technique_common>
          <accessor source="#mixamorig_LeftLeg-Interpolations-array" count="78">
            <param type="name"/>
          </accessor>
        </technique_common>
      </source>
      <sampler id="mixamorig_LeftLeg-Matrix-animation-transform">
        <input semantic="INPUT" source="#mixamorig_LeftLeg-Matrix-animation-input"/>
        <input semantic="OUTPUT" source="#mixamorig_LeftLeg-Matrix-animation-output-transform"/>
        <input semantic="INTERPOLATION" source="#mixamorig_LeftLeg-Interpolations"/>
      </sampler>
      <channel source="#mixamorig_LeftLeg-Matrix-animation-transform" target="mixamorig_LeftLeg/matrix"/>
    </animation>
    <animation id="mixamorig_LeftFoot-anim" name="mixamorig_LeftFoot">
      <source id="mixamorig_LeftFoot-Matrix-animation-input">
        <float_array id="mixamorig_LeftFoot-Matrix-animation-input-array" count="78">

0.000000 0.033333 0.066667 0.100000 0.133333 0.166667 0.200000 0.233333 0.266667 0.300000 0.333333 0.366667 0.400000 0.433333 0.466667 0.500000
0.533333 0.566667 0.600000 0.633333 0.666667 0.700000 0.733333 0.766667 0.800000 0.833333 0.866667 0.900000 0.933333 0.966667 1.000000 1.033333
1.066667 1.100000 1.133333 1.166667 1.200000 1.233333 1.266667 1.300000 1.333333 1.366667 1.400000 1.433333 1.466667 1.500000 1.533333 1.566667
1.600000 1.633333 1.666667 1.700000 1.733333 1.766667 1.800000 1.833333 1.866667 1.900000 1.933333 1.966667 2.000000 2.033333 2.066667 2.100000
2.133333 2.166667 2.200000 2.233333 2.266667 2.300000 2.333333 2.366667 2.400000 2.433333 2.466667 2.500000 2.533333 2.566667</float_array>
        <technique_common>
          <accessor source="#mixamorig_LeftFoot-Matrix-animation-input-array" count="78">
            <param name="TIME" type="float"/>
          </accessor>
        </technique_common>
      </source>
      <source id="mixamorig_LeftFoot-Matrix-animation-output-transform">
        <float_array id="mixamorig_LeftFoot-Matrix-animation-output-transform-array" count="1248">

0.998018 0.013050 -0.061562 -0.000000 -0.059302 0.522371 -0.850654 44.527802 0.021058 0.852618 0.522110 -0.000000 0.000000 0.000000 0.000000 1.000000
0.995436 -0.002441 -0.095397 -0.000000 -0.085373 0.423873 -0.901689 44.527802 0.042638 0.905718 0.421731 -0.000000 0.000000 0.000000 0.000000 1.000000
0.992513 -0.026426 -0.119246 0.000000 -0.101532 0.364176 -0.925779 44.527802 0.067891 0.930955 0.358766 0.000000 0.000000 0.000000 0.000000 1.000000
0.988699 -0.055501 -0.139264 -0.000000 -0.114652 0.318588 -0.940934 44.527802 0.096591 0.946267 0.308624 0.000000 0.000000 0.000000 0.000000 1.000000
0.983890 -0.089816 -0.154578 0.000000 -0.123555 0.283306 -0.951037 44.527802 0.129211 0.954815 0.267645 0.000000 0.000000 0.000000 0.000000 1.000000
0.977206 -0.126432 -0.170538 -0.000000 -0.135215 0.248615 -0.959118 44.527802 0.163662 0.960315 0.225852 0.000000 0.000000 0.000000 0.000000 1.000000
0.967965 -0.162915 -0.191057 -0.000000 -0.153444 0.218478 -0.963702 44.527802 0.198743 0.962147 0.186481 0.000000 0.000000 0.000000 0.000000 1.000000
0.958087 -0.210644 -0.194160 0.000000 -0.155334 0.187493 -0.969906 44.527802 0.240709 0.959414 0.146914 0.000000 0.000000 0.000000 0.000000 1.000000
0.946036 -0.262025 -0.190678 -0.000000 -0.153432 0.156101 -0.975752 44.527802 0.285436 0.952353 0.107474 0.000000 0.000000 0.000000 0.000000 1.000000
0.931981 -0.311196 -0.185927 0.000000 -0.151157 0.132567 -0.979580 44.527802 0.329489 0.941054 0.076510 0.000000 0.000000 0.000000 0.000000 1.000000
0.918561 -0.349347 -0.184939 0.000000 -0.153651 0.115507 -0.981351 44.527802 0.364194 0.929847 0.052423 -0.000000 0.000000 0.000000 0.000000 1.000000
0.910211 -0.372212 -0.181588 0.000000 -0.155071 0.100258 -0.982803 44.527802 0.384017 0.922717 0.033536 -0.000000 0.000000 0.000000 0.000000 1.000000
0.907755 -0.381990 -0.173388 0.000000 -0.154892 0.078915 -0.984775 44.527802 0.389857 0.920791 0.012468 -0.000000 0.000000 0.000000 0.000000 1.000000
0.906386 -0.388102 -0.166860 -0.000000 -0.157807 0.055338 -0.985918 44.527802 0.391870 0.919954 -0.011088 -0.000000 0.000000 0.000000 0.000000 1.000000
0.902155 -0.397003 -0.168832 0.000000 -0.170734 0.030839 -0.984834 44.527802 0.396189 0.917299 -0.039961 -0.000000 0.000000 0.000000 0.000000 1.000000
0.897129 -0.402227 -0.182684 0.000000 -0.195466 0.009430 -0.980665 44.527802 0.396173 0.915491 -0.070161 -0.000000 0.000000 0.000000 0.000000 1.000000
0.898105 -0.402694 -0.176764 -0.000000 -0.198869 -0.013381 -0.979935 44.527802 0.392248 0.915237 -0.092101 0.000000 0.000000 0.000000 0.000000 1.000000
0.905820 -0.383421 -0.180219 0.000000 -0.202678 -0.018629 -0.979068 44.527802 0.372038 0.923386 -0.094585 0.000000 0.000000 0.000000 0.000000 1.000000
0.915969 -0.347934 -0.199858 0.000000 -0.212167 0.002786 -0.977229 44.527802 0.340568 0.937515 -0.071269 -0.000000 0.000000 0.000000 0.000000 1.000000
0.924292 -0.309158 -0.223844 -0.000000 -0.221446 0.043313 -0.974210 44.527802 0.310881 0.950024 -0.028428 -0.000000 0.000000 0.000000 0.000000 1.000000
0.931900 -0.278165 -0.232782 -0.000000 -0.212852 0.100263 -0.971927 44.527802 0.293695 0.955286 0.034227 -0.000000 0.000000 0.000000 0.000000 1.000000
0.940549 -0.258463 -0.220375 0.000000 -0.168766 0.207441 -0.963580 44.527802 0.294765 0.943485 0.151488 -0.000000 0.000000 0.000000 0.000000 1.000000
0.954774 -0.189211 -0.229361 -0.000000 -0.112170 0.485185 -0.867187 44.527802 0.275364 0.853695 0.442018 -0.000000 0.000000 0.000000 0.000000 1.000000
0.943197 -0.082874 -0.321731 0.000000 -0.116824 0.823814 -0.554691 44.527802 0.311016 0.560769 0.767338 0.000000 0.000000 0.000000 0.000000 1.000000
0.868596 0.044337 -0.493534 -0.000000 -0.218851 0.927910 -0.301808 44.527802 0.444573 0.370159 0.815682 0.000000 0.000000 0.000000 0.000000 1.000000
0.839483 0.083522 -0.536929 0.000000 -0.216635 0.957636 -0.189741 44.527802 0.498335 0.275602 0.822013 0.000000 0.000000 0.000000 0.000000 1.000000
0.850236 0.118479 -0.512896 0.000000 -0.246277 0.950661 -0.188655 44.527802 0.465238 0.286716 0.837465 0.000000 0.000000 0.000000 0.000000 1.000000
0.894141 0.129042 -0.428789 0.000000 -0.292823 0.892956 -0.341884 44.527802 0.338772 0.431252 0.836215 0.000000 0.000000 0.000000 0.000000 1.000000
0.936248 0.085537 -0.340768 0.000000 -0.272130 0.790030 -0.549362 44.527802 0.222226 0.607072 0.762941 0.000000 0.000000 0.000000 0.000000 1.000000
0.960851 0.023634 -0.276054 -0.000000 -0.224956 0.648176 -0.727505 44.527802 0.161738 0.761124 0.628117 -0.000000 0.000000 0.000000 0.000000 1.000000
0.983738 -0.033455 -0.176469 0.000000 -0.133607 0.520336 -0.843445 44.527802 0.120041 0.853306 0.507405 0.000000 0.000000 0.000000 0.000000 1.000000
0.994378 -0.076342 -0.073383 0.000000 -0.030275 0.459110 -0.887864 44.527802 0.101472 0.885093 0.454217 0.000000 0.000000 0.000000 0.000000 1.000000
0.995587 -0.093043 -0.012234 0.000000 0.030175 0.440835 -0.897081 44.527802 0.088860 0.892753 0.441697 0.000000 0.000000 0.000000 0.000000 1.000000
0.994566 -0.103939 -0.005987 0.000000 0.038639 0.421903 -0.905817 44.527802 0.096676 0.900663 0.423627 0.000000 0.000000 0.000000 0.000000 1.000000
0.991674 -0.123186 -0.037525 0.000000 0.012694 0.383499 -0.923454 44.527802 0.128148 0.915289 0.381869 0.000000 0.000000 0.000000 0.000000 1.000000
0.985079 -0.153605 -0.077614 0.000000 -0.021114 0.339707 -0.940294 44.527802 0.170800 0.927903 0.331395 -0.000000 0.000000 0.000000 0.000000 1.000000
0.975735 -0.189665 -0.109402 0.000000 -0.048331 0.300763 -0.952474 44.527802 0.213555 0.934649 0.284298 0.000000 0.000000 0.000000 0.000000 1.000000
0.966194 -0.222219 -0.130718 -0.000000 -0.069752 0.262799 -0.962326 44.527802 0.248199 0.938912 0.238415 0.000000 0.000000 0.000000 0.000000 1.000000
0.961576 -0.234399 -0.142929 -0.000000 -0.086041 0.237089 -0.967670 44.527802 0.260708 0.942786 0.207811 0.000000 0.000000 0.000000 0.000000 1.000000
0.966038 -0.208804 -0.152220 -0.000000 -0.092041 0.272394 -0.957773 44.527802 0.241451 0.939256 0.243925 -0.000000 0.000000 0.000000 0.000000 1.000000
0.975358 -0.160601 -0.151272 0.000000 -0.086847 0.350813 -0.932410 44.527802 0.202814 0.922571 0.328221 0.000000 0.000000 0.000000 0.000000 1.000000
0.979711 -0.146913 -0.136320 0.000000 -0.072795 0.372884 -0.925018 44.527802 0.186729 0.916174 0.354624 0.000000 0.000000 0.000000 0.000000 1.000000
0.968700 -0.226369 -0.101869 0.000000 -0.065767 0.161670 -0.984651 44.527802 0.239364 0.960531 0.141722 0.000000 0.000000 0.000000 0.000000 1.000000
0.951258 -0.303708 -0.053580 -0.000000 -0.074513 -0.057753 -0.995546 44.527802 0.299261 0.951013 -0.077568 0.000000 0.000000 0.000000 0.000000 1.000000
0.937386 -0.347510 -0.023326 0.000000 -0.057247 -0.087667 -0.994503 44.527802 0.343555 0.933569 -0.102072 0.000000 0.000000 0.000000 0.000000 1.000000
0.935861 -0.352037 -0.015282 0.000000 -0.047230 -0.082345 -0.995484 44.527802 0.349189 0.932357 -0.093690 0.000000 0.000000 0.000000 0.000000 1.000000
0.937273 -0.348541 -0.006200 0.000000 -0.062900 -0.151599 -0.986439 44.527802 0.342875 0.924952 -0.164012 -0.000000 0.000000 0.000000 0.000000 1.000000
0.936848 -0.348911 -0.024020 0.000000 -0.096182 -0.191004 -0.976866 44.527802 0.336251 0.917485 -0.212501 0.000000 0.000000 0.000000 0.000000 1.000000
0.936734 -0.346575 -0.049149 0.000000 -0.117163 -0.178118 -0.977009 44.527802 0.329852 0.920956 -0.207455 0.000000 0.000000 0.000000 0.000000 1.000000
0.939334 -0.339782 -0.046898 -0.000000 -0.108289 -0.164036 -0.980493 44.527802 0.325460 0.926089 -0.190879 0.000000 0.000000 0.000000 0.000000 1.000000
0.943486 -0.328235 -0.045790 -0.000000 -0.099988 -0.150194 -0.983587 44.527802 0.315971 0.932579 -0.174526 0.000000 0.000000 0.000000 0.000000 1.000000
0.946642 -0.318199 -0.051168 -0.000000 -0.097564 -0.131621 -0.986487 44.527802 0.307165 0.938842 -0.155643 -0.000000 0.000000 0.000000 0.000000 1.000000
0.949215 -0.309691 -0.055526 -0.000000 -0.092765 -0.106838 -0.989940 44.527802 0.300643 0.944816 -0.130140 0.000000 0.000000 0.000000 0.000000 1.000000
0.953392 -0.295835 -0.059376 -0.000000 -0.086582 -0.079716 -0.993050 44.527802 0.289046 0.951907 -0.101614 -0.000000 0.000000 0.000000 0.000000 1.000000
0.959512 -0.272410 -0.071616 0.000000 -0.089616 -0.054202 -0.994500 44.527802 0.267031 0.960653 -0.076420 0.000000 0.000000 0.000000 0.000000 1.000000
0.965427 -0.243059 -0.094194 0.000000 -0.103627 -0.026293 -0.994269 44.527802 0.239190 0.969655 -0.050571 0.000000 0.000000 0.000000 0.000000 1.000000
0.969455 -0.212976 -0.121650 0.000000 -0.122049 0.011324 -0.992459 44.527802 0.212747 0.976992 -0.015016 -0.000000 0.000000 0.000000 0.000000 1.000000
0.971350 -0.184798 -0.149426 0.000000 -0.139555 0.065391 -0.988053 44.527802 0.192362 0.980599 0.037728 0.000000 0.000000 0.000000 0.000000 1.000000
0.970802 -0.160737 -0.178067 0.000000 -0.156726 0.136974 -0.978098 44.527802 0.181607 0.977447 0.107782 0.000000 0.000000 0.000000 0.000000 1.000000
0.967778 -0.142681 -0.207478 -0.000000 -0.174853 0.212117 -0.961474 44.527802 0.181194 0.966772 0.180335 0.000000 0.000000 0.000000 0.000000 1.000000
0.965976 -0.129451 -0.223904 0.000000 -0.183864 0.265132 -0.946520 44.527802 0.181892 0.955483 0.232310 0.000000 0.000000 0.000000 0.000000 1.000000
0.971992 -0.113509 -0.205783 0.000000 -0.163683 0.301346 -0.939361 44.527802 0.168638 0.946735 0.274326 0.000000 0.000000 0.000000 0.000000 1.000000
0.982704 -0.077001 -0.168418 -0.000000 -0.134571 0.327844 -0.935098 44.527802 0.127218 0.941589 0.311812 -0.000000 0.000000 0.000000 0.000000 1.000000
0.991426 -0.030813 -0.126988 0.000000 -0.108141 0.352059 -0.929710 44.527802 0.073354 0.935471 0.345708 -0.000000 0.000000 0.000000 0.000000 1.000000
0.995669 -0.000963 -0.092968 0.000000 -0.085737 0.377239 -0.922139 44.527802 0.035959 0.926116 0.375522 -0.000000 0.000000 0.000000 0.000000 1.000000
0.996894 0.007592 -0.078384 0.000000 -0.074924 0.397956 -0.914340 44.527802 0.024251 0.917373 0.397289 0.000000 0.000000 0.000000 0.000000 1.000000
0.997385 0.002901 -0.072217 -0.000000 -0.066984 0.412375 -0.908548 44.527802 0.027144 0.911010 0.411491 0.000000 0.000000 0.000000 0.000000 1.000000
0.997857 -0.002007 -0.065397 0.000000 -0.057982 0.435971 -0.898091 44.527802 0.030314 0.899958 0.434921 -0.000000 0.000000 0.000000 0.000000 1.000000
0.998300 -0.002037 -0.058253 0.000000 -0.050562 0.466981 -0.882821 44.527802 0.029001 0.884265 0.466084 -0.000000 0.000000 0.000000 0.000000 1.000000
0.998576 0.000372 -0.053340 0.000000 -0.046472 0.496940 -0.866539 44.527802 0.026185 0.867785 0.496250 0.000000 0.000000 0.000000 0.000000 1.000000
0.998704 0.002015 -0.050865 -0.000000 -0.044531 0.518695 -0.853799 44.527802 0.024663 0.854957 0.518113 0.000000 0.000000 0.000000 0.000000 1.000000
0.998625 0.004097 -0.052256 0.000000 -0.046609 0.525512 -0.849509 44.527802 0.023980 0.850777 0.524980 0.000000 0.000000 0.000000 0.000000 1.000000
0.998421 0.006893 -0.055752 -0.000000 -0.051220 0.519312 -0.853048 44.527802 0.023073 0.854557 0.518845 -0.000000 0.000000 0.000000 0.000000 1.000000
0.998236 0.009262 -0.058639 0.000000 -0.055108 0.511944 -0.857249 44.527802 0.022080 0.858969 0.511552 -0.000000 0.000000 0.000000 0.000000 1.000000
0.998103 0.010904 -0.060585 0.000000 -0.057749 0.506693 -0.860190 44.527802 0.021319 0.862058 0.506362 -0.000000 0.000000 0.000000 0.000000 1.000000
0.998032 0.011842 -0.061579 0.000000 -0.059096 0.506069 -0.860466 44.527802 0.020974 0.862411 0.505773 0.000000 0.000000 0.000000 0.000000 1.000000
0.998006 0.012426 -0.061884 0.000000 -0.059550 0.510405 -0.857870 44.527802 0.020926 0.859845 0.510127 -0.000000 0.000000 0.000000 0.000000 1.000000
0.998007 0.012876 -0.061768 0.000000 -0.059500 0.517855 -0.853397 44.527802 0.020999 0.855371 0.517590 -0.000000 0.000000 0.000000 0.000000 1.000000</float_array>
        <technique_common>
          <accessor source="#mixamorig_LeftFoot-Matrix-animation-output-transform-array" count="78" stride="16">
            <param type="float4x4"/>
          </accessor>
        </technique_common>
      </source>
      <source id="mixamorig_LeftFoot-Interpolations">
        <Name_array id="mixamorig_LeftFoot-Interpolations-array" count="78">
 LINEAR LINEAR LINEAR LINEAR LINEAR LINEAR LINEAR LINEAR LINEAR LINEAR LINEAR
LINEAR LINEAR LINEAR LINEAR LINEAR LINEAR LINEAR LINEAR LINEAR LINEAR LINEAR LINEAR
LINEAR LINEAR LINEAR LINEAR LINEAR LINEAR LINEAR LINEAR LINEAR LINEAR LINEAR LINEAR
LINEAR LINEAR LINEAR LINEAR LINEAR LINEAR LINEAR LINEAR LINEAR LINEAR LINEAR LINEAR
LINEAR LINEAR LINEAR LINEAR LINEAR LINEAR LINEAR LINEAR LINEAR LINEAR LINEAR LINEAR
LINEAR LINEAR LINEAR LINEAR LINEAR LINEAR LINEAR LINEAR LINEAR LINEAR LINEAR LINEAR
LINEAR LINEAR LINEAR LINEAR LINEAR LINEAR LINEAR</Name_array>
        <technique_common>
          <accessor source="#mixamorig_LeftFoot-Interpolations-array" count="78">
            <param type="name"/>
          </accessor>
        </technique_common>
      </source>
      <sampler id="mixamorig_LeftFoot-Matrix-animation-transform">
        <input semantic="INPUT" source="#mixamorig_LeftFoot-Matrix-animation-input"/>
        <input semantic="OUTPUT" source="#mixamorig_LeftFoot-Matrix-animation-output-transform"/>
        <input semantic="INTERPOLATION" source="#mixamorig_LeftFoot-Interpolations"/>
      </sampler>
      <channel source="#mixamorig_LeftFoot-Matrix-animation-transform" target="mixamorig_LeftFoot/matrix"/>
    </animation>
    <animation id="mixamorig_LeftToeBase-anim" name="mixamorig_LeftToeBase">
      <source id="mixamorig_LeftToeBase-Matrix-animation-input">
        <float_array id="mixamorig_LeftToeBase-Matrix-animation-input-array" count="78">

0.000000 0.033333 0.066667 0.100000 0.133333 0.166667 0.200000 0.233333 0.266667 0.300000 0.333333 0.366667 0.400000 0.433333 0.466667 0.500000
0.533333 0.566667 0.600000 0.633333 0.666667 0.700000 0.733333 0.766667 0.800000 0.833333 0.866667 0.900000 0.933333 0.966667 1.000000 1.033333
1.066667 1.100000 1.133333 1.166667 1.200000 1.233333 1.266667 1.300000 1.333333 1.366667 1.400000 1.433333 1.466667 1.500000 1.533333 1.566667
1.600000 1.633333 1.666667 1.700000 1.733333 1.766667 1.800000 1.833333 1.866667 1.900000 1.933333 1.966667 2.000000 2.033333 2.066667 2.100000
2.133333 2.166667 2.200000 2.233333 2.266667 2.300000 2.333333 2.366667 2.400000 2.433333 2.466667 2.500000 2.533333 2.566667</float_array>
        <technique_common>
          <accessor source="#mixamorig_LeftToeBase-Matrix-animation-input-array" count="78">
            <param name="TIME" type="float"/>
          </accessor>
        </technique_common>
      </source>
      <source id="mixamorig_LeftToeBase-Matrix-animation-output-transform">
        <float_array id="mixamorig_LeftToeBase-Matrix-animation-output-transform-array" count="1248">

1.000000 0.000000 -0.000000 0.000000 -0.000000 0.689014 -0.724748 13.816900 -0.000000 0.724748 0.689014 0.000000 0.000000 0.000000 0.000000 1.000000
1.000000 0.000000 -0.000000 0.000000 -0.000000 0.686101 -0.727507 13.816900 -0.000000 0.727507 0.686101 0.000000 0.000000 0.000000 0.000000 1.000000
1.000000 -0.000000 -0.000000 0.000000 0.000000 0.684365 -0.729140 13.816900 0.000000 0.729140 0.684365 0.000000 0.000000 0.000000 0.000000 1.000000
1.000000 -0.000000 0.000000 0.000000 0.000000 0.679533 -0.733645 13.816900 0.000000 0.733645 0.679533 0.000000 0.000000 0.000000 0.000000 1.000000
1.000000 0.000000 0.000000 0.000000 -0.000000 0.682363 -0.731014 13.816900 -0.000000 0.731014 0.682363 0.000000 0.000000 0.000000 0.000000 1.000000
1.000000 -0.000000 -0.000000 0.000000 0.000000 0.678077 -0.734990 13.816900 0.000000 0.734990 0.678077 0.000000 0.000000 0.000000 0.000000 1.000000
1.000000 0.000000 -0.000000 0.000000 -0.000000 0.666227 -0.745749 13.816900 -0.000000 0.745749 0.666227 -0.000000 0.000000 0.000000 0.000000 1.000000
1.000000 -0.000000 0.000000 0.000000 0.000000 0.652915 -0.757431 13.816900 0.000000 0.757431 0.652915 0.000000 0.000000 0.000000 0.000000 1.000000
1.000000 -0.000000 0.000000 -0.000000 0.000000 0.645095 -0.764102 13.816900 0.000000 0.764102 0.645095 0.000000 0.000000 0.000000 0.000000 1.000000
1.000000 0.000000 -0.000000 0.000000 -0.000000 0.640006 -0.768370 13.816900 -0.000000 0.768370 0.640006 0.000000 0.000000 0.000000 0.000000 1.000000
1.000000 -0.000000 0.000000 0.000000 0.000000 0.638202 -0.769869 13.816900 0.000000 0.769869 0.638202 -0.000000 0.000000 0.000000 0.000000 1.000000
1.000000 0.000000 -0.000000 -0.000000 -0.000000 0.636014 -0.771677 13.816900 -0.000000 0.771677 0.636014 -0.000000 0.000000 0.000000 0.000000 1.000000
1.000000 0.000000 -0.000000 0.000000 -0.000000 0.630584 -0.776121 13.816900 -0.000000 0.776121 0.630584 0.000000 0.000000 0.000000 0.000000 1.000000
1.000000 -0.000000 0.000000 0.000000 0.000000 0.626314 -0.779571 13.816900 0.000000 0.779571 0.626314 0.000000 0.000000 0.000000 0.000000 1.000000
1.000000 -0.000000 0.000000 -0.000000 0.000000 0.628037 -0.778184 13.816900 0.000000 0.778184 0.628037 0.000000 0.000000 0.000000 0.000000 1.000000
1.000000 0.000000 -0.000000 -0.000000 -0.000000 0.634439 -0.772973 13.816900 -0.000000 0.772973 0.634439 -0.000000 0.000000 0.000000 0.000000 1.000000
1.000000 0.000000 0.000000 0.000000 -0.000000 0.637239 -0.770667 13.816900 -0.000000 0.770667 0.637239 0.000000 0.000000 0.000000 0.000000 1.000000
1.000000 0.000000 0.000000 -0.000000 -0.000000 0.636632 -0.771168 13.816900 -0.000000 0.771168 0.636632 0.000000 0.000000 0.000000 0.000000 1.000000
1.000000 -0.000000 -0.000000 0.000000 -0.000000 0.628096 -0.778136 13.816900 0.000000 0.778136 0.628096 0.000000 0.000000 0.000000 0.000000 1.000000
1.000000 0.000000 -0.000000 0.000000 -0.000000 0.619460 -0.785028 13.816900 0.000000 0.785028 0.619460 0.000000 0.000000 0.000000 0.000000 1.000000
1.000000 -0.000000 0.000000 0.000000 0.000000 0.615640 -0.788028 13.816900 0.000000 0.788028 0.615640 -0.000000 0.000000 0.000000 0.000000 1.000000
1.000000 0.000000 0.000000 0.000000 0.000000 0.601904 -0.798568 13.816900 -0.000000 0.798568 0.601904 0.000000 0.000000 0.000000 0.000000 1.000000
1.000000 0.000000 -0.000000 -0.000000 -0.000000 0.476696 -0.879068 13.816900 0.000000 0.879068 0.476696 0.000000 0.000000 0.000000 0.000000 1.000000
1.000000 -0.000000 0.000000 0.000000 0.000000 0.501883 -0.864935 13.816900 0.000000 0.864935 0.501883 0.000000 0.000000 0.000000 0.000000 1.000000
1.000000 -0.000000 -0.000000 0.000000 0.000000 0.758245 -0.651969 13.816900 0.000000 0.651969 0.758245 -0.000000 0.000000 0.000000 0.000000 1.000000
1.000000 -0.000000 0.000000 0.000000 0.000000 0.833922 -0.551883 13.816900 -0.000000 0.551883 0.833922 0.000000 0.000000 0.000000 0.000000 1.000000
1.000000 0.000000 -0.000000 -0.000000 -0.000000 0.834872 -0.550445 13.816900 0.000000 0.550445 0.834872 0.000000 0.000000 0.000000 0.000000 1.000000
1.000000 0.000000 0.000000 0.000000 -0.000000 0.811349 -0.584563 13.816900 -0.000000 0.584563 0.811349 0.000000 0.000000 0.000000 0.000000 1.000000
1.000000 0.000000 -0.000000 0.000000 -0.000000 0.800409 -0.599454 13.816900 0.000000 0.599454 0.800409 -0.000000 0.000000 0.000000 0.000000 1.000000
1.000000 -0.000000 -0.000000 0.000000 0.000000 0.800863 -0.598847 13.816900 0.000000 0.598847 0.800863 0.000000 0.000000 0.000000 0.000000 1.000000
1.000000 0.000000 0.000000 0.000000 -0.000000 0.806061 -0.591833 13.816900 -0.000000 0.591833 0.806061 0.000000 0.000000 0.000000 0.000000 1.000000
1.000000 -0.000000 -0.000000 -0.000000 0.000000 0.800836 -0.598883 13.816900 0.000000 0.598883 0.800836 0.000000 0.000000 0.000000 0.000000 1.000000
1.000000 0.000000 0.000000 0.000000 -0.000000 0.794450 -0.607329 13.816900 -0.000000 0.607329 0.794450 0.000000 0.000000 0.000000 0.000000 1.000000
1.000000 0.000000 -0.000000 -0.000000 -0.000000 0.789578 -0.613650 13.816900 -0.000000 0.613650 0.789578 0.000000 0.000000 0.000000 0.000000 1.000000
1.000000 -0.000000 -0.000000 0.000000 -0.000000 0.782905 -0.622141 13.816900 0.000000 0.622141 0.782905 0.000000 0.000000 0.000000 0.000000 1.000000
1.000000 -0.000000 -0.000000 -0.000000 0.000000 0.776415 -0.630222 13.816900 0.000000 0.630222 0.776415 -0.000000 0.000000 0.000000 0.000000 1.000000
1.000000 0.000000 -0.000000 -0.000000 -0.000000 0.762292 -0.647233 13.816900 0.000000 0.647233 0.762292 0.000000 0.000000 0.000000 0.000000 1.000000
1.000000 0.000000 0.000000 -0.000000 -0.000000 0.743517 -0.668717 13.816900 -0.000000 0.668717 0.743517 0.000000 0.000000 0.000000 0.000000 1.000000
1.000000 -0.000000 0.000000 0.000000 0.000000 0.731298 -0.682058 13.816900 0.000000 0.682058 0.731298 0.000000 0.000000 0.000000 0.000000 1.000000
1.000000 -0.000000 -0.000000 -0.000000 0.000000 0.713631 -0.700522 13.816900 0.000000 0.700522 0.713631 0.000000 0.000000 0.000000 0.000000 1.000000
1.000000 -0.000000 -0.000000 0.000000 0.000000 0.688591 -0.725150 13.816900 0.000000 0.725150 0.688591 0.000000 0.000000 0.000000 0.000000 1.000000
1.000000 -0.000000 -0.000000 -0.000000 -0.000000 0.655762 -0.754968 13.816900 0.000000 0.754968 0.655762 0.000000 0.000000 0.000000 0.000000 1.000000
1.000000 0.000000 -0.000000 0.000000 -0.000000 0.615948 -0.787786 13.816900 -0.000000 0.787786 0.615948 0.000000 0.000000 0.000000 0.000000 1.000000
1.000000 0.000000 -0.000000 0.000000 -0.000000 0.614037 -0.789277 13.816900 0.000000 0.789277 0.614037 0.000000 0.000000 0.000000 0.000000 1.000000
1.000000 0.000000 0.000000 0.000000 -0.000000 0.618903 -0.785468 13.816900 -0.000000 0.785468 0.618903 0.000000 0.000000 0.000000 0.000000 1.000000
1.000000 0.000001 -0.000000 0.000000 -0.000000 0.599054 -0.800709 13.816900 -0.000000 0.800709 0.599054 0.000000 0.000000 0.000000 0.000000 1.000000
1.000000 0.000000 0.000000 0.000000 -0.000000 0.611234 -0.791450 13.816900 -0.000000 0.791450 0.611234 0.000000 0.000000 0.000000 0.000000 1.000000
1.000000 0.000000 -0.000000 0.000000 -0.000000 0.621910 -0.783089 13.816900 -0.000000 0.783089 0.621910 0.000000 0.000000 0.000000 0.000000 1.000000
1.000000 -0.000000 0.000000 -0.000000 0.000000 0.628728 -0.777625 13.816900 0.000000 0.777625 0.628728 0.000000 0.000000 0.000000 0.000000 1.000000
1.000000 0.000000 -0.000000 0.000000 -0.000000 0.628864 -0.777516 13.816900 -0.000000 0.777516 0.628864 0.000000 0.000000 0.000000 0.000000 1.000000
1.000000 0.000000 0.000000 0.000000 -0.000000 0.629934 -0.776648 13.816900 -0.000000 0.776648 0.629934 0.000000 0.000000 0.000000 0.000000 1.000000
1.000000 0.000001 -0.000000 0.000000 -0.000000 0.632568 -0.774505 13.816900 -0.000000 0.774505 0.632568 -0.000000 0.000000 0.000000 0.000000 1.000000
1.000000 0.000000 0.000000 0.000000 0.000000 0.636167 -0.771551 13.816900 -0.000000 0.771551 0.636167 -0.000000 0.000000 0.000000 0.000000 1.000000
1.000000 0.000000 0.000000 0.000000 -0.000000 0.638587 -0.769550 13.816900 -0.000000 0.769550 0.638587 0.000000 0.000000 0.000000 0.000000 1.000000
1.000000 -0.000000 0.000000 0.000000 0.000000 0.640472 -0.767982 13.816900 0.000000 0.767982 0.640472 0.000000 0.000000 0.000000 0.000000 1.000000
1.000000 -0.000001 0.000000 -0.000000 0.000000 0.643082 -0.765798 13.816900 0.000000 0.765798 0.643082 -0.000000 0.000000 0.000000 0.000000 1.000000
1.000000 -0.000000 0.000000 0.000000 0.000000 0.647519 -0.762049 13.816900 -0.000000 0.762049 0.647519 -0.000000 0.000000 0.000000 0.000000 1.000000
1.000000 -0.000000 0.000000 -0.000000 0.000000 0.652414 -0.757863 13.816900 0.000000 0.757863 0.652414 0.000000 0.000000 0.000000 0.000000 1.000000
1.000000 0.000000 0.000000 0.000000 -0.000000 0.655582 -0.755124 13.816900 -0.000000 0.755124 0.655582 -0.000000 0.000000 0.000000 0.000000 1.000000
1.000000 0.000001 -0.000000 0.000000 -0.000001 0.663037 -0.748586 13.816900 -0.000001 0.748586 0.663037 0.000000 0.000000 0.000000 0.000000 1.000000
1.000000 0.000000 0.000000 0.000000 -0.000000 0.663897 -0.747824 13.816900 -0.000000 0.747824 0.663897 0.000000 0.000000 0.000000 0.000000 1.000000
1.000000 0.000000 -0.000000 0.000000 -0.000000 0.660492 -0.750833 13.816900 -0.000000 0.750833 0.660492 0.000000 0.000000 0.000000 0.000000 1.000000
1.000000 0.000000 -0.000000 -0.000000 -0.000000 0.656886 -0.753990 13.816900 -0.000000 0.753990 0.656886 0.000000 0.000000 0.000000 0.000000 1.000000
1.000000 -0.000000 -0.000000 0.000000 0.000000 0.655313 -0.755357 13.816900 0.000000 0.755357 0.655313 0.000000 0.000000 0.000000 0.000000 1.000000
1.000000 0.000000 -0.000000 -0.000000 -0.000000 0.655640 -0.755073 13.816900 -0.000000 0.755073 0.655640 0.000000 0.000000 0.000000 0.000000 1.000000
1.000000 -0.000000 -0.000000 0.000000 0.000000 0.653919 -0.756565 13.816900 0.000000 0.756565 0.653919 0.000000 0.000000 0.000000 0.000000 1.000000
1.000000 0.000000 -0.000000 0.000000 -0.000000 0.652268 -0.757988 13.816900 -0.000000 0.757988 0.652268 0.000000 0.000000 0.000000 0.000000 1.000000
1.000000 -0.000000 0.000000 0.000000 0.000000 0.657643 -0.753330 13.816900 -0.000000 0.753330 0.657643 0.000000 0.000000 0.000000 0.000000 1.000000
1.000000 -0.000000 0.000000 0.000000 0.000000 0.667483 -0.744625 13.816900 0.000000 0.744625 0.667483 0.000000 0.000000 0.000000 0.000000 1.000000
1.000000 0.000000 -0.000000 -0.000000 -0.000000 0.678120 -0.734951 13.816900 -0.000000 0.734951 0.678120 -0.000000 0.000000 0.000000 0.000000 1.000000
1.000000 -0.000000 0.000000 0.000000 0.000000 0.687095 -0.726568 13.816900 0.000000 0.726568 0.687095 0.000000 0.000000 0.000000 0.000000 1.000000
1.000000 0.000000 -0.000000 0.000000 -0.000000 0.686067 -0.727538 13.816900 -0.000000 0.727538 0.686067 -0.000000 0.000000 0.000000 0.000000 1.000000
1.000000 0.000000 0.000000 0.000000 -0.000000 0.687414 -0.726266 13.816900 -0.000000 0.726266 0.687414 -0.000000 0.000000 0.000000 0.000000 1.000000
1.000000 0.000000 0.000000 0.000000 0.000000 0.687775 -0.725924 13.816900 -0.000000 0.725924 0.687775 -0.000000 0.000000 0.000000 0.000000 1.000000
1.000000 0.000000 0.000000 0.000000 -0.000000 0.688247 -0.725476 13.816900 -0.000000 0.725476 0.688247 -0.000000 0.000000 0.000000 0.000000 1.000000
1.000000 -0.000000 0.000000 0.000000 0.000000 0.688927 -0.724831 13.816900 0.000000 0.724831 0.688927 0.000000 0.000000 0.000000 0.000000 1.000000
1.000000 0.000001 -0.000000 -0.000000 -0.000000 0.689151 -0.724618 13.816900 -0.000000 0.724618 0.689151 -0.000000 0.000000 0.000000 0.000000 1.000000
1.000000 -0.000000 0.000000 0.000000 0.000000 0.688985 -0.724775 13.816900 0.000000 0.724775 0.688985 0.000000 0.000000 0.000000 0.000000 1.000000</float_array>
        <technique_common>
          <accessor source="#mixamorig_LeftToeBase-Matrix-animation-output-transform-array" count="78" stride="16">
            <param type="float4x4"/>
          </accessor>
        </technique_common>
      </source>
      <source id="mixamorig_LeftToeBase-Interpolations">
        <Name_array id="mixamorig_LeftToeBase-Interpolations-array" count="78">
 LINEAR LINEAR LINEAR LINEAR LINEAR LINEAR LINEAR LINEAR LINEAR LINEAR LINEAR
LINEAR LINEAR LINEAR LINEAR LINEAR LINEAR LINEAR LINEAR LINEAR LINEAR LINEAR LINEAR
LINEAR LINEAR LINEAR LINEAR LINEAR LINEAR LINEAR LINEAR LINEAR LINEAR LINEAR LINEAR
LINEAR LINEAR LINEAR LINEAR LINEAR LINEAR LINEAR LINEAR LINEAR LINEAR LINEAR LINEAR
LINEAR LINEAR LINEAR LINEAR LINEAR LINEAR LINEAR LINEAR LINEAR LINEAR LINEAR LINEAR
LINEAR LINEAR LINEAR LINEAR LINEAR LINEAR LINEAR LINEAR LINEAR LINEAR LINEAR LINEAR
LINEAR LINEAR LINEAR LINEAR LINEAR LINEAR LINEAR</Name_array>
        <technique_common>
          <accessor source="#mixamorig_LeftToeBase-Interpolations-array" count="78">
            <param type="name"/>
          </accessor>
        </technique_common>
      </source>
      <sampler id="mixamorig_LeftToeBase-Matrix-animation-transform">
        <input semantic="INPUT" source="#mixamorig_LeftToeBase-Matrix-animation-input"/>
        <input semantic="OUTPUT" source="#mixamorig_LeftToeBase-Matrix-animation-output-transform"/>
        <input semantic="INTERPOLATION" source="#mixamorig_LeftToeBase-Interpolations"/>
      </sampler>
      <channel source="#mixamorig_LeftToeBase-Matrix-animation-transform" target="mixamorig_LeftToeBase/matrix"/>
    </animation>
  </library_animations>
  <library_visual_scenes>
    <visual_scene id="RootNode" name="RootNode">
      <node id="mixamorig_Hips" name="mixamorig_Hips" sid="mixamorig_Hips" type="JOINT">
        <matrix sid="matrix">0.993710 -0.064146 0.091791 -0.144250 0.059517 0.996856 0.052313 103.378937 -0.094858 -0.046521 0.994403 1.422864 0.000000 0.000000 0.000000 1.000000</matrix>
        <node id="mixamorig_Spine" name="mixamorig_Spine" sid="mixamorig_Spine" type="JOINT">
          <matrix sid="matrix">0.998506 0.051032 -0.019551 -0.000000 -0.048767 0.993521 0.102656 10.182400 0.024663 -0.101549 0.994525 -0.000000 0.000000 0.000000 0.000000 1.000000</matrix>
          <node id="mixamorig_Spine1" name="mixamorig_Spine1" sid="mixamorig_Spine1" type="JOINT">
            <matrix sid="matrix">0.999616 0.027651 -0.001698 -0.000000 -0.027679 0.999416 -0.020055 10.002700 0.001142 0.020094 0.999797 0.000000 0.000000 0.000000 0.000000 1.000000</matrix>
            <node id="mixamorig_Spine2" name="mixamorig_Spine2" sid="mixamorig_Spine2" type="JOINT">
              <matrix sid="matrix">0.999614 0.027620 -0.002882 0.000000 -0.027722 0.998584 -0.045413 9.322100 0.001624 0.045475 0.998964 0.000000 0.000000 0.000000 0.000000 1.000000</matrix>
              <node id="mixamorig_Neck" name="mixamorig_Neck" sid="mixamorig_Neck" type="JOINT">
                <matrix sid="matrix">0.999966 0.007873 0.002321 0.000000 -0.007608 0.995159 -0.097980 16.865299 -0.003081 0.097959 0.995186 -0.000000 0.000000 0.000000 0.000000 1.000000</matrix>
                <node id="mixamorig_Head" name="mixamorig_Head" sid="mixamorig_Head" type="JOINT">
                  <matrix sid="matrix">0.999711 0.001454 -0.023992 -0.000000 0.001712 0.991327 0.131407 9.341900 0.023975 -0.131410 0.991038 2.841000 0.000000 0.000000 0.000000 1.000000</matrix>
                  <node id="mixamorig_HeadTop_End" name="mixamorig_HeadTop_End" sid="mixamorig_HeadTop_End" type="JOINT">
                    <matrix sid="matrix">1.000000 -0.000000 -0.000000 0.000000 0.000000 1.000000 -0.000000 20.962799 -0.000000 0.000000 1.000000 10.122900 0.000000 0.000000 0.000000 1.000000</matrix>
                  </node>
                </node>
              </node>
              <node id="mixamorig_RightShoulder" name="mixamorig_RightShoulder" sid="mixamorig_RightShoulder" type="JOINT">
                <matrix sid="matrix">0.103737 -0.962834 0.249376 -4.570000 -0.191947 -0.265396 -0.944839 11.195800 0.975907 0.050148 -0.212344 -0.806600 0.000000 0.000000 0.000000 1.000000</matrix>
                <node id="mixamorig_RightArm" name="mixamorig_RightArm" sid="mixamorig_RightArm" type="JOINT">
                  <matrix sid="matrix">0.847802 0.129181 -0.514338 0.000000 -0.524088 0.352265 -0.775397 10.838200 0.081017 0.926942 0.366353 0.000000 0.000000 0.000000 0.000000 1.000000</matrix>
                  <node id="mixamorig_RightForeArm" name="mixamorig_RightForeArm" sid="mixamorig_RightForeArm" type="JOINT">
                    <matrix sid="matrix">0.999678 0.025373 0.000000 0.000000 -0.025373 0.999678 0.000000 27.841499 -0.000000 -0.000000 1.000000 0.000000 0.000000 0.000000 0.000000 1.000000</matrix>
                    <node id="mixamorig_RightHand" name="mixamorig_RightHand" sid="mixamorig_RightHand" type="JOINT">
                      <matrix sid="matrix">0.847450 0.083668 0.524240 0.000000 -0.023588 0.992462 -0.120265 28.328800 -0.530351 0.089553 0.843035 0.000000 0.000000 0.000000 0.000000 1.000000</matrix>
                      <node id="mixamorig_RightHandThumb1" name="mixamorig_RightHandThumb1" sid="mixamorig_RightHandThumb1" type="JOINT">
                        <matrix sid="matrix">0.889548 0.455915 0.029070 2.681900 -0.399259 0.806776 -0.435550 2.464800 -0.222027 0.375836 0.899695 1.574000 0.000000 0.000000 0.000000 1.000000</matrix>
                        <node id="mixamorig_RightHandThumb2" name="mixamorig_RightHandThumb2" sid="mixamorig_RightHandThumb2" type="JOINT">
                          <matrix sid="matrix">0.852284 -0.463667 -0.242126 0.000000 0.515574 0.822772 0.239227 4.189000 0.088293 -0.328723 0.940290 0.000000 0.000000 0.000000 0.000000 1.000000</matrix>
                          <node id="mixamorig_RightHandThumb3" name="mixamorig_RightHandThumb3" sid="mixamorig_RightHandThumb3" type="JOINT">
                            <matrix sid="matrix">0.987074 -0.080072 0.138828 0.000000 0.041775 0.964847 0.259472 3.416300 -0.154724 -0.250319 0.955720 0.000000 0.000000 0.000000 0.000000 1.000000</matrix>
                            <node id="mixamorig_RightHandThumb4" name="mixamorig_RightHandThumb4" sid="mixamorig_RightHandThumb4" type="JOINT">
                              <matrix sid="matrix">0.967631 0.095337 -0.233668 -0.000000 -0.098051 0.995181 0.000001 2.575000 0.232542 0.022911 0.972316 0.000000 0.000000 0.000000 0.000000 1.000000</matrix>
                            </node>
                          </node>
                        </node>
                      </node>
                      <node id="mixamorig_RightHandIndex1" name="mixamorig_RightHandIndex1" sid="mixamorig_RightHandIndex1" type="JOINT">
                        <matrix sid="matrix">0.999758 0.021738 -0.003288 2.259800 -0.021975 0.992682 -0.118742 9.108300 0.000682 0.118786 0.992920 0.517900 0.000000 0.000000 0.000000 1.000000</matrix>
                        <node id="mixamorig_RightHandIndex2" name="mixamorig_RightHandIndex2" sid="mixamorig_RightHandIndex2" type="JOINT">
                          <matrix sid="matrix">0.999696 -0.024366 0.003730 0.000000 0.024366 0.953916 -0.299083 3.700000 0.003730 0.299083 0.954220 -0.000000 0.000000 0.000000 0.000000 1.000000</matrix>
                          <node id="mixamorig_RightHandIndex3" name="mixamorig_RightHandIndex3" sid="mixamorig_RightHandIndex3" type="JOINT">
                            <matrix sid="matrix">0.999935 -0.011414 0.000803 0.000000 0.011414 0.990072 -0.140097 2.850000 0.000804 0.140097 0.990137 -0.000000 0.000000 0.000000 0.000000 1.000000</matrix>
                            <node id="mixamorig_RightHandIndex4" name="mixamorig_RightHandIndex4" sid="mixamorig_RightHandIndex4" type="JOINT">
                              <matrix sid="matrix">0.999998 -0.000175 0.002005 0.000000 0.000175 1.000000 0.000000 2.772200 -0.002005 -0.000000 0.999998 0.000000 0.000000 0.000000 0.000000 1.000000</matrix>
                            </node>
                          </node>
                        </node>
                      </node>
                      <node id="mixamorig_RightHandMiddle1" name="mixamorig_RightHandMiddle1" sid="mixamorig_RightHandMiddle1" type="JOINT">
                        <matrix sid="matrix">0.999259 -0.036479 0.012256 -0.000000 0.038408 0.965210 -0.258640 9.532500 -0.002395 0.258919 0.965896 0.000000 0.000000 0.000000 0.000000 1.000000</matrix>
                        <node id="mixamorig_RightHandMiddle2" name="mixamorig_RightHandMiddle2" sid="mixamorig_RightHandMiddle2" type="JOINT">
                          <matrix sid="matrix">0.999695 -0.024405 0.003742 0.000000 0.024405 0.953765 -0.299561 3.700000 0.003742 0.299561 0.954070 0.000000 0.000000 0.000000 0.000000 1.000000</matrix>
                          <node id="mixamorig_RightHandMiddle3" name="mixamorig_RightHandMiddle3" sid="mixamorig_RightHandMiddle3" type="JOINT">
                            <matrix sid="matrix">0.999659 -0.025769 0.004184 -0.000000 0.025769 0.948307 -0.316305 2.950000 0.004184 0.316305 0.948648 -0.000000 0.000000 0.000000 0.000000 1.000000</matrix>
                            <node id="mixamorig_RightHandMiddle4" name="mixamorig_RightHandMiddle4" sid="mixamorig_RightHandMiddle4" type="JOINT">
                              <matrix sid="matrix">0.999998 -0.000333 0.001857 0.000000 0.000333 1.000000 0.000001 2.946600 -0.001857 -0.000000 0.999998 -0.000000 0.000000 0.000000 0.000000 1.000000</matrix>
                            </node>
                          </node>
                        </node>
                      </node>
                      <node id="mixamorig_RightHandRing1" name="mixamorig_RightHandRing1" sid="mixamorig_RightHandRing1" type="JOINT">
                        <matrix sid="matrix">0.998557 -0.050515 0.018249 -1.865100 0.053707 0.935611 -0.348924 9.103600 0.000551 0.349401 0.936973 0.043100 0.000000 0.000000 0.000000 1.000000</matrix>
                        <node id="mixamorig_RightHandRing2" name="mixamorig_RightHandRing2" sid="mixamorig_RightHandRing2" type="JOINT">
                          <matrix sid="matrix">0.999562 -0.029113 0.005381 0.000000 0.029113 0.933515 -0.357354 3.379300 0.005381 0.357354 0.933953 -0.000000 0.000000 0.000000 0.000000 1.000000</matrix>
                          <node id="mixamorig_RightHandRing3" name="mixamorig_RightHandRing3" sid="mixamorig_RightHandRing3" type="JOINT">
                            <matrix sid="matrix">0.999679 -0.025032 0.003941 -0.000000 0.025032 0.951298 -0.307255 2.889700 0.003942 0.307255 0.951619 0.000000 0.000000 0.000000 0.000000 1.000000</matrix>
                            <node id="mixamorig_RightHandRing4" name="mixamorig_RightHandRing4" sid="mixamorig_RightHandRing4" type="JOINT">
                              <matrix sid="matrix">0.999999 0.001599 0.000291 -0.000000 -0.001599 0.999999 -0.000000 2.638800 -0.000291 -0.000000 1.000000 -0.000000 0.000000 0.000000 0.000000 1.000000</matrix>
                            </node>
                          </node>
                        </node>
                      </node>
                      <node id="mixamorig_RightHandPinky1" name="mixamorig_RightHandPinky1" sid="mixamorig_RightHandPinky1" type="JOINT">
                        <matrix sid="matrix">0.996280 -0.082052 0.026350 -3.806300 0.085202 0.891893 -0.444149 8.076700 0.012942 0.444742 0.895565 0.486700 0.000000 0.000000 0.000000 1.000000</matrix>
                        <node id="mixamorig_RightHandPinky2" name="mixamorig_RightHandPinky2" sid="mixamorig_RightHandPinky2" type="JOINT">
                          <matrix sid="matrix">0.999695 -0.024406 0.003742 0.000000 0.024406 0.953762 -0.299572 3.600000 0.003742 0.299572 0.954066 0.000000 0.000000 0.000000 0.000000 1.000000</matrix>
                          <node id="mixamorig_RightHandPinky3" name="mixamorig_RightHandPinky3" sid="mixamorig_RightHandPinky3" type="JOINT">
                            <matrix sid="matrix">0.999726 -0.023180 0.003368 0.000000 0.023180 0.958386 -0.284532 2.100000 0.003368 0.284532 0.958661 0.000000 0.000000 0.000000 0.000000 1.000000</matrix>
                            <node id="mixamorig_RightHandPinky4" name="mixamorig_RightHandPinky4" sid="mixamorig_RightHandPinky4" type="JOINT">
                              <matrix sid="matrix">0.999995 0.000082 0.003138 0.000000 -0.000082 1.000000 -0.000000 2.115800 -0.003138 -0.000000 0.999995 -0.000000 0.000000 0.000000 0.000000 1.000000</matrix>
                            </node>
                          </node>
                        </node>
                      </node>
                    </node>
                  </node>
                </node>
              </node>
              <node id="mixamorig_LeftShoulder" name="mixamorig_LeftShoulder" sid="mixamorig_LeftShoulder" type="JOINT">
                <matrix sid="matrix">0.069563 0.954292 -0.290667 4.570400 0.202903 -0.298817 -0.932491 11.195600 -0.976725 0.005890 -0.214415 -0.806600 0.000000 0.000000 0.000000 1.000000</matrix>
                <node id="mixamorig_LeftArm" name="mixamorig_LeftArm" sid="mixamorig_LeftArm" type="JOINT">
                  <matrix sid="matrix">0.751708 -0.141436 0.644151 -0.000000 0.620098 0.484113 -0.617343 10.837700 -0.224527 0.863499 0.451616 -0.000000 0.000000 0.000000 0.000000 1.000000</matrix>
                  <node id="mixamorig_LeftForeArm" name="mixamorig_LeftForeArm" sid="mixamorig_LeftForeArm" type="JOINT">
                    <matrix sid="matrix">0.993191 -0.116494 0.000000 0.000000 0.116494 0.993191 -0.000000 27.841499 0.000000 0.000000 1.000000 0.000000 0.000000 0.000000 0.000000 1.000000</matrix>
                    <node id="mixamorig_LeftHand" name="mixamorig_LeftHand" sid="mixamorig_LeftHand" type="JOINT">
                      <matrix sid="matrix">0.931248 -0.030012 -0.363148 -0.000000 -0.008954 0.994417 -0.105142 28.328800 0.364276 0.101165 0.925780 0.000000 0.000000 0.000000 0.000000 1.000000</matrix>
                      <node id="mixamorig_LeftHandThumb1" name="mixamorig_LeftHandThumb1" sid="mixamorig_LeftHandThumb1" type="JOINT">
                        <matrix sid="matrix">0.906715 -0.420826 -0.027811 -2.681700 0.370195 0.825748 -0.425553 2.466100 0.202049 0.375560 0.904506 1.576200 0.000000 0.000000 0.000000 1.000000</matrix>
                        <node id="mixamorig_LeftHandThumb2" name="mixamorig_LeftHandThumb2" sid="mixamorig_LeftHandThumb2" type="JOINT">
                          <matrix sid="matrix">0.852070 0.474438 0.221100 -0.000000 -0.517643 0.826411 0.221562 4.187100 -0.077602 -0.303237 0.949750 -0.000000 0.000000 0.000000 0.000000 1.000000</matrix>
                          <node id="mixamorig_LeftHandThumb3" name="mixamorig_LeftHandThumb3" sid="mixamorig_LeftHandThumb3" type="JOINT">
                            <matrix sid="matrix">0.976367 -0.137386 -0.166832 0.000000 0.180015 0.944144 0.276021 3.418400 0.119592 -0.299530 0.946562 0.000000 0.000000 0.000000 0.000000 1.000000</matrix>
                            <node id="mixamorig_LeftHandThumb4" name="mixamorig_LeftHandThumb4" sid="mixamorig_LeftHandThumb4" type="JOINT">
                              <matrix sid="matrix">0.966428 -0.081336 0.243724 0.000000 0.083865 0.996477 0.000001 2.580600 -0.242865 0.020439 0.969845 -0.000000 0.000000 0.000000 0.000000 1.000000</matrix>
                            </node>
                          </node>
                        </node>
                      </node>
                      <node id="mixamorig_LeftHandIndex1" name="mixamorig_LeftHandIndex1" sid="mixamorig_LeftHandIndex1" type="JOINT">
                        <matrix sid="matrix">0.999856 -0.016765 0.002570 -2.259900 0.016958 0.991077 -0.132206 9.109300 -0.000330 0.132231 0.991219 0.518000 0.000000 0.000000 0.000000 1.000000</matrix>
                        <node id="mixamorig_LeftHandIndex2" name="mixamorig_LeftHandIndex2" sid="mixamorig_LeftHandIndex2" type="JOINT">
                          <matrix sid="matrix">0.999521 0.030599 -0.004677 0.000000 -0.030599 0.953889 -0.298595 3.700000 -0.004676 0.298595 0.954368 0.000000 0.000000 0.000000 0.000000 1.000000</matrix>
                          <node id="mixamorig_LeftHandIndex3" name="mixamorig_LeftHandIndex3" sid="mixamorig_LeftHandIndex3" type="JOINT">
                            <matrix sid="matrix">0.999897 0.014338 -0.001008 -0.000000 -0.014338 0.990059 -0.139917 2.850000 -0.001008 0.139917 0.990163 0.000000 0.000000 0.000000 0.000000 1.000000</matrix>
                            <node id="mixamorig_LeftHandIndex4" name="mixamorig_LeftHandIndex4" sid="mixamorig_LeftHandIndex4" type="JOINT">
                              <matrix sid="matrix">1.000000 0.000026 -0.000756 0.000000 -0.000026 1.000000 0.000000 2.774900 0.000756 0.000000 1.000000 -0.000000 0.000000 0.000000 0.000000 1.000000</matrix>
                            </node>
                          </node>
                        </node>
                      </node>
                      <node id="mixamorig_LeftHandMiddle1" name="mixamorig_LeftHandMiddle1" sid="mixamorig_LeftHandMiddle1" type="JOINT">
                        <matrix sid="matrix">0.998916 0.044438 -0.013865 0.000000 -0.046532 0.961664 -0.270252 9.533400 0.001324 0.270605 0.962690 0.000000 0.000000 0.000000 0.000000 1.000000</matrix>
                        <node id="mixamorig_LeftHandMiddle2" name="mixamorig_LeftHandMiddle2" sid="mixamorig_LeftHandMiddle2" type="JOINT">
                          <matrix sid="matrix">0.999519 0.030641 -0.004690 0.000000 -0.030641 0.953759 -0.299006 3.700000 -0.004689 0.299006 0.954240 -0.000000 0.000000 0.000000 0.000000 1.000000</matrix>
                          <node id="mixamorig_LeftHandMiddle3" name="mixamorig_LeftHandMiddle3" sid="mixamorig_LeftHandMiddle3" type="JOINT">
                            <matrix sid="matrix">0.999463 0.032354 -0.005243 0.000000 -0.032354 0.948301 -0.315718 2.950000 -0.005242 0.315718 0.948839 0.000000 0.000000 0.000000 0.000000 1.000000</matrix>
                            <node id="mixamorig_LeftHandMiddle4" name="mixamorig_LeftHandMiddle4" sid="mixamorig_LeftHandMiddle4" type="JOINT">
                              <matrix sid="matrix">0.999998 -0.000056 -0.002049 0.000000 0.000056 1.000000 -0.000000 2.952900 0.002049 0.000000 0.999998 -0.000000 0.000000 0.000000 0.000000 1.000000</matrix>
                            </node>
                          </node>
                        </node>
                      </node>
                      <node id="mixamorig_LeftHandRing1" name="mixamorig_LeftHandRing1" sid="mixamorig_LeftHandRing1" type="JOINT">
                        <matrix sid="matrix">0.997975 0.060151 -0.020690 1.865100 -0.063565 0.930777 -0.360020 9.104500 -0.002398 0.360606 0.932715 0.043000 0.000000 0.000000 0.000000 1.000000</matrix>
                        <node id="mixamorig_LeftHandRing2" name="mixamorig_LeftHandRing2" sid="mixamorig_LeftHandRing2" type="JOINT">
                          <matrix sid="matrix">0.999309 0.036553 -0.006744 0.000000 -0.036553 0.933506 -0.356693 3.150000 -0.006743 0.356693 0.934197 0.000000 0.000000 0.000000 0.000000 1.000000</matrix>
                          <node id="mixamorig_LeftHandRing3" name="mixamorig_LeftHandRing3" sid="mixamorig_LeftHandRing3" type="JOINT">
                            <matrix sid="matrix">0.999494 0.031422 -0.004938 0.000000 -0.031422 0.951312 -0.306624 2.950000 -0.004937 0.306624 0.951818 0.000000 0.000000 0.000000 0.000000 1.000000</matrix>
                            <node id="mixamorig_LeftHandRing4" name="mixamorig_LeftHandRing4" sid="mixamorig_LeftHandRing4" type="JOINT">
                              <matrix sid="matrix">1.000000 -0.000031 0.000986 0.000000 0.000031 1.000000 0.000000 2.644300 -0.000986 -0.000000 1.000000 0.000000 0.000000 0.000000 0.000000 1.000000</matrix>
                            </node>
                          </node>
                        </node>
                      </node>
                      <node id="mixamorig_LeftHandPinky1" name="mixamorig_LeftHandPinky1" sid="mixamorig_LeftHandPinky1" type="JOINT">
                        <matrix sid="matrix">0.995171 0.093545 -0.029743 3.806300 -0.096829 0.885820 -0.453813 8.077800 -0.016104 0.454502 0.890600 0.486900 0.000000 0.000000 0.000000 1.000000</matrix>
                        <node id="mixamorig_LeftHandPinky2" name="mixamorig_LeftHandPinky2" sid="mixamorig_LeftHandPinky2" type="JOINT">
                          <matrix sid="matrix">0.999520 0.030638 -0.004689 0.000000 -0.030638 0.953768 -0.298978 3.600000 -0.004688 0.298978 0.954249 0.000000 0.000000 0.000000 0.000000 1.000000</matrix>
                          <node id="mixamorig_LeftHandPinky3" name="mixamorig_LeftHandPinky3" sid="mixamorig_LeftHandPinky3" type="JOINT">
                            <matrix sid="matrix">0.999568 0.029097 -0.004219 0.000000 -0.029097 0.958402 -0.283935 2.100000 -0.004218 0.283935 0.958834 0.000000 0.000000 0.000000 0.000000 1.000000</matrix>
                            <node id="mixamorig_LeftHandPinky4" name="mixamorig_LeftHandPinky4" sid="mixamorig_LeftHandPinky4" type="JOINT">
                              <matrix sid="matrix">0.999999 0.000590 -0.001567 -0.000000 -0.000590 1.000000 -0.000001 2.125500 0.001567 0.000002 0.999999 0.000000 0.000000 0.000000 0.000000 1.000000</matrix>
                            </node>
                          </node>
                        </node>
                      </node>
                    </node>
                  </node>
                </node>
              </node>
            </node>
          </node>
        </node>
        <node id="mixamorig_RightUpLeg" name="mixamorig_RightUpLeg" sid="mixamorig_RightUpLeg" type="JOINT">
          <matrix sid="matrix">-0.951409 -0.175606 -0.252951 -8.207800 0.125886 -0.971481 0.200944 -6.771800 -0.281024 0.159337 0.946381 -1.512200 0.000000 0.000000 0.000000 1.000000</matrix>
          <node id="mixamorig_RightLeg" name="mixamorig_RightLeg" sid="mixamorig_RightLeg" type="JOINT">
            <matrix sid="matrix">0.996731 0.069978 0.040379 0.000000 -0.078603 0.955485 0.284375 44.371498 -0.018682 -0.286619 0.957862 0.000000 0.000000 0.000000 0.000000 1.000000</matrix>
            <node id="mixamorig_RightFoot" name="mixamorig_RightFoot" sid="mixamorig_RightFoot" type="JOINT">
              <matrix sid="matrix">0.992270 -0.071203 0.101642 0.000000 0.124058 0.590327 -0.797573 44.527802 -0.003213 0.804017 0.594597 0.000000 0.000000 0.000000 0.000000 1.000000</matrix>
              <node id="mixamorig_RightToeBase" name="mixamorig_RightToeBase" sid="mixamorig_RightToeBase" type="JOINT">
                <matrix sid="matrix">1.000000 0.000000 -0.000000 0.000000 -0.000000 0.718033 -0.696009 13.816900 -0.000000 0.696009 0.718033 -0.000000 0.000000 0.000000 0.000000 1.000000</matrix>
                <node id="mixamorig_RightToe_End" name="mixamorig_RightToe_End" sid="mixamorig_RightToe_End" type="JOINT">
                  <matrix sid="matrix">0.999731 0.000000 0.023214 0.000000 -0.000000 1.000000 -0.000000 9.278100 -0.023214 0.000000 0.999731 0.000000 0.000000 0.000000 0.000000 1.000000</matrix>
                </node>
              </node>
            </node>
          </node>
        </node>
        <node id="mixamorig_LeftUpLeg" name="mixamorig_LeftUpLeg" sid="mixamorig_LeftUpLeg" type="JOINT">
          <matrix sid="matrix">-0.981783 -0.058602 0.180743 8.207800 0.061446 -0.998059 0.010168 -6.771800 0.179796 0.021089 0.983478 -1.512200 0.000000 0.000000 0.000000 1.000000</matrix>
          <node id="mixamorig_LeftLeg" name="mixamorig_LeftLeg" sid="mixamorig_LeftLeg" type="JOINT">
            <matrix sid="matrix">0.983945 -0.044627 -0.172801 0.000000 0.079760 0.976117 0.202074 44.371399 0.159656 -0.212612 0.964005 0.000000 0.000000 0.000000 0.000000 1.000000</matrix>
            <node id="mixamorig_LeftFoot" name="mixamorig_LeftFoot" sid="mixamorig_LeftFoot" type="JOINT">
              <matrix sid="matrix">0.998018 0.013050 -0.061562 -0.000000 -0.059302 0.522371 -0.850654 44.527802 0.021058 0.852618 0.522110 -0.000000 0.000000 0.000000 0.000000 1.000000</matrix>
              <node id="mixamorig_LeftToeBase" name="mixamorig_LeftToeBase" sid="mixamorig_LeftToeBase" type="JOINT">
                <matrix sid="matrix">1.000000 0.000000 -0.000000 0.000000 -0.000000 0.689014 -0.724748 13.816900 -0.000000 0.724748 0.689014 0.000000 0.000000 0.000000 0.000000 1.000000</matrix>
                <node id="mixamorig_LeftToe_End" name="mixamorig_LeftToe_End" sid="mixamorig_LeftToe_End" type="JOINT">
                  <matrix sid="matrix">0.999718 0.000000 -0.023736 0.000000 0.000000 1.000000 0.000000 9.278100 0.023736 -0.000000 0.999718 -0.000000 0.000000 0.000000 0.000000 1.000000</matrix>
                </node>
              </node>
            </node>
          </node>
        </node>
      </node>
    </visual_scene>
  </library_visual_scenes>
  <scene>
    <instance_visual_scene url="#RootNode"/>
  </scene>
</COLLADA>
